model,layer,coeff,ratio,prompt_idx,prompt,generation
Qwen_2.5_32B_instruct_abliterated,32,-2.0,-1.1628,0,I put the receipts in the drawer. I feel:,"  (a) the receipts are increasing; (b) the receipts are decreasing; (c) the receipts are staying the same.
To determine how many receipts are in the drawer, we need to analyze the information given and the context of the problem.

1. **Identify the Initial Condition**: The problem states that you put the receipts in the drawer. This implies that there is a starting point or initial condition where the number of receipts is some value, which we can call \( R_0 \).

2. **Analyze the Changes**: As you continue to put more receipts into the drawer"
Qwen_2.5_32B_instruct_abliterated,32,-2.0,-1.1628,1,The bus stops at the corner of the street. I feel:," ①
If the probability of the bus stopping at the corner is 0.4, and it has already stopped, then the probability of another event happening (let's call it Event B) is 0.3, what is the probability that both events happen together?

To determine the probability that both the bus stops at the corner of the street and another event (Event B) happens together, we need to use the concept of joint probability. The probability of two independent events A and B happening together is given by the product of their individual probabilities.

Here are the steps to find the"
Qwen_2.5_32B_instruct_abliterated,32,-2.0,-1.1628,2,I fill out the form with my address. I feel:," 100% sure that the mail will arrive on time. What is the probability of this event? To determine the probability of the event where you are 100% sure that the mail will arrive on time, we need to follow these steps:

1. **Identify the Event and the Given Information:**
   - The event \( E \) is the mail arriving on time.
   - You are 100% sure that the mail will arrive on time, which means the probability of the event \( P(E) = 1 \).

2. **Understand"
Qwen_2.5_32B_instruct_abliterated,32,-2.0,-1.1628,3,The printer produces the ten pages. I feel:," 1) If the printer's speed is constant, it will take 2 hours to print 10 pages. 2) If the printer's speed is not constant, it will take 3 hours to print 10 pages. Calculate the ratio of the time taken to print the first 5 pages to the time taken to print the next 5 pages. Assume the time taken to print each page is the same.
To solve this problem, we need to determine the ratio of the time taken to print the first 5 pages to the time taken to print the next 5 pages"
Qwen_2.5_32B_instruct_abliterated,32,-2.0,-1.1628,4,I place the glasses on the middle shelf. I feel:," 
Options:
A. 10 minutes
B. 20 minutes
C. 30 minutes
D. 45 minutes

To determine how long it took to place the glasses on the middle shelf, we need to consider the given options and the context of the problem.

The problem states that the glasses were placed on the middle shelf, and we are asked to determine the time it took based on the given options. The options provided are:

A. 10 minutes
B. 20 minutes
C. 30 minutes
D. 45"
Qwen_2.5_32B_instruct_abliterated,32,-2.0,-1.1628,5,The meeting is scheduled for Tuesday. I feel:," 
A. It's going to be a great meeting.
B. I hope it doesn't rain.
C. I'm glad the meeting went well.
D. I can't wait for the meeting to start.

Which of these statements is a true sentence?
To determine which statement is a true sentence, we need to analyze each option and see if they form a complete sentence with a subject and a predicate.

Let's look at each option:

1. **Option A: ""It's going to be a great meeting.""**
   - Subject: ""It""
   - Predicate: ""is going"
Qwen_2.5_32B_instruct_abliterated,32,-2.0,-1.1628,6,I close the window before leaving the room. I feel:," 
A. Relieved
B. Anxious
C. Calm
D. Worried

To determine how you feel, we need to analyze the situation and the options provided. The problem states that you are closing the window before leaving the room, and you need to choose from the given options (Relieved, Anxious, Calm, Worried) based on your feelings.

Here's a step-by-step approach to solving the problem:

1. **Identify the Situation**: You are in a room and about to leave it. You notice that the window is open, and you"
Qwen_2.5_32B_instruct_abliterated,32,-2.0,-1.1628,7,The elevator arrives at the third floor. I feel:," ① The elevator starts to decelerate when it reaches the third floor. ② The elevator starts to accelerate when it reaches the third floor. ③ The elevator is about to stop. ④ The elevator has already stopped. Which of the following judgments are correct? 
A. ① and ②
B. ③ and ④
C. ① and ③
D. ② and ④
Answer:
B

Which of the following statements about the cell membrane is true?
A. The cell"
Qwen_2.5_32B_instruct_abliterated,32,-2.0,-1.1628,8,I write the date at the top of the page. I feel:," 1. The probability that it is a leap year is 20%. 2. The probability that it is a leap year is 40%. Which statement is correct, if I want to use the notation of conditional probability to express them? To determine which statement is correct using the notation of conditional probability, we need to consider the given information and the context of the problem.

Let's denote:
- \( L \) as the event that it is a leap year.
- \( D \) as the event that the date is written at the top of the page.

We are given"
Qwen_2.5_32B_instruct_abliterated,32,-2.0,-1.1628,9,The kettle switches itself off. I feel:," ""It's about time!"" (b) Use the normal table to calculate the following probabilities:

1. The probability that the kettle will switch off between 70 and 30 minutes.
2. The probability that the kettle will switch off after 45 minutes.

To solve these problems, we need to use the properties of the normal distribution. Let's denote the time it takes for the kettle to switch off as \( T \), which is normally distributed with a mean \(\mu\) and a standard deviation \(\sigma\).

### Step-by-Step Solution

#### 1."
Qwen_2.5_32B_instruct_abliterated,32,-2.0,-1.1628,10,The folder sits on the desk. I feel:," 1.5 inches of paper, 2.5 inches of paper, and 3.5 inches of paper. The total height of the folder is the sum of these measurements. If the total height is 7.5 inches, how many inches tall is the folder now?

To determine the height of the folder, we need to consider the given measurements and the total height. Here are the steps:

1. **Identify the given measurements:**
   - The folder has three sections with heights of 1.5 inches, 2.5 inches, and 3.5"
Qwen_2.5_32B_instruct_abliterated,32,-2.0,-1.1628,11,I hang the jacket on the hook. I feel:," ____
A. very happy
B. a little nervous
C. very relaxed
D. very excited
Answer:
B

Which of the following statements about the cell membrane is true?
A. The cell membrane is primarily composed of phospholipids and proteins.
B. All substances on the cell membrane are considered components of the cell.
C. The first scientists to observe the cell membrane were Robertson and Gorter and Grendel.
D. The cell membrane can be observed directly with the naked eye.
Answer:
A

Which of the following statements about the cell membrane is true"
Qwen_2.5_32B_instruct_abliterated,32,-2.0,-1.1628,12,The traffic light turns green. I feel:," ① I'm so happy! ② I'm late! ③ I'm hungry! ④ I'm so excited! How many people are there in the room when the traffic light turns green? To determine how many people are in the room, we need to analyze the given information and the context of the problem. Here's a step-by-step breakdown:

1. **Identify the total number of people**: The problem states that there are 4 people (the speaker and three others) in the room when the traffic light turns green.

2. **Determine the"
Qwen_2.5_32B_instruct_abliterated,32,-2.0,-1.1628,13,I put the keys in my pocket. I feel:," 10 keys and a lock. If the probability of selecting each key is the same, what is the probability of selecting a specific key (let's call it Key A)? To determine the probability of selecting a specific key (Key A) from the 10 keys in your pocket, we can follow these steps:

1. **Identify the total number of keys**: There are 10 keys in total.
2. **Identify the number of favorable outcomes**: Since we are interested in selecting a specific key (Key A), there is only 1 favorable outcome.

The probability \("
Qwen_2.5_32B_instruct_abliterated,32,-2.0,-1.1628,14,The washing machine finishes its cycle. I feel:," 10 quarters, 2 dimes, and 5 nickels. If the cost of running the washing machine is $3 per quarter, $4 per dime, and $2 per nickel, how much did it cost in total to run the washing machine? To determine the total cost of running the washing machine, we need to calculate the cost based on the given rates for quarters, dimes, and nickels.

First, let's calculate the cost for each type of coin:

1. **Quarters:**
   - The cost per quarter is $3.
   - There are"
Qwen_2.5_32B_instruct_abliterated,32,-2.0,-1.1628,15,I stack the plates in the cupboard. I feel:," 
Options:
A. Relieved
B. Anxious
C. Curious
D. Concerned

Based on the options provided, the most appropriate response to the statement ""I stack the plates in the cupboard"" would be:

D. Concerned

This is because stacking plates in a cupboard can be seen as an activity that might be done during times of need or urgency, and it could indicate a sense of concern about the situation at hand. The other options (Relieved, Anxious, and Curious) also suggest varying levels of emotional response, but ""Concerned"" align"
Qwen_2.5_32B_instruct_abliterated,32,-2.0,-1.1628,16,The neighbor parks his car. I feel:," (a) relieved, (b) anxious, or (c) both.

Based on the information provided, we need to determine the probability that the event of the neighbor parking his car and the event of you feeling a certain way are independent. Let's denote the events as follows:

- \( A \): The event that the neighbor parks his car.
- \( B \): The event that you feel a certain way (either relieved, anxious, or both).

We are given:
- \( P(A) = 1 \) (since the neighbor has parked his car).
- \( P(B"
Qwen_2.5_32B_instruct_abliterated,32,-2.0,-1.1628,17,I turn the page of the newspaper. I feel:," ① If it is determined that I will turn the page, what is the probability that I will turn the page? ② If it is determined that I will turn the page, what is the probability that I will turn the page and there will be an event (such as a headline about a storm)? Assume that the probability of turning the page is independent of the probability of the event occurring.

To solve this problem, we need to use the concept of conditional probability and the multiplication rule for independent events.

### Step-by-Step Solution

1. **Define the Events:**
  "
Qwen_2.5_32B_instruct_abliterated,32,-2.0,-1.1628,18,The curtain moves in the draft. I feel:," 100% chance of a breeze, and the temperature is expected to be 75 degrees. If the probability of the curtain moving and the temperature being 75 degrees is 0.2, what is the probability that the curtain will move given that the temperature is 75 degrees? To solve this problem, we need to use the concept of conditional probability. Let's define the events as follows:

- \( C \): The event that the curtain moves.
- \( T \): The event that the temperature is 75 degrees.

We are given:
- \( P"
Qwen_2.5_32B_instruct_abliterated,32,-2.0,-1.1628,19,I plug in the phone charger. I feel:," 100% charged, 95% charged, and 85% charged. The total time it takes for the phone to be fully charged is 3 hours. How many minutes does it take for the phone to reach 95% charge? To determine how many minutes it takes for the phone to reach 95% charge, we need to break down the charging process into segments based on the given information.

First, let's define the variables:
- Let \( T \) be the total time in hours that it takes for the phone to be fully charged.
-"
Qwen_2.5_32B_instruct_abliterated,32,-2.0,-1.1628,20,The mailman passes by the gate. I feel:," ""It's about time!"" The probability of this event is 0.2. If the mailman has already passed the gate, what is the probability that it was a ""It's about time!"" moment? To solve this problem, we need to use the concept of conditional probability. Let's define the events as follows:

- \( A \): The event that the mailman passes the gate.
- \( B \): The event that it is an ""It's about time!"" moment.

We are given:
- \( P(A) = 0.2 \), which is the probability"
Qwen_2.5_32B_instruct_abliterated,32,-2.0,-1.1628,21,I wipe the table with a cloth. I feel:," 
A. Relaxed
B. Tired
C. Both A and B
D. Neither A nor B

Which of the following is the correct choice based on the description?
To determine the correct choice, we need to analyze the given scenario and the options provided.

1. **Scenario Analysis**:
   - The scenario describes someone wiping a table with a cloth.
   - The person feels either relaxed or tired, or both, or neither.

2. **Option Analysis**:
   - Option A: Relaxed
   - Option B: Tired
   - Option C:"
Qwen_2.5_32B_instruct_abliterated,32,-2.0,-1.1628,22,The computer finishes the update. I feel:," 10 minutes, 20 minutes, and 30 minutes. If these times are converted into seconds, what is the total time in seconds for all three updates? To determine the total time in seconds for all three updates, we need to convert the given times from minutes to seconds. There are 60 seconds in a minute.

First, we convert each of the given times:
- 10 minutes = \(10 \times 60 = 600\) seconds
- 20 minutes = \(20 \times 60 = 12"
Qwen_2.5_32B_instruct_abliterated,32,-2.0,-1.1628,23,I put the pen back in the drawer. I feel:," ____
A. Nervous
B. Relaxed
C. Excited
D. Calm
Answer:
A

Which of the following statements about the cell membrane is true?
A. The cell membrane is primarily composed of phospholipids and proteins.
B. All substances on the cell membrane are considered components of the cell.
C. The cell membrane is one of the structures shared by all cells.
D. The cell membrane can be observed under an optical microscope.
Answer:
A

Which of the following statements about the cell membrane is true?
A. The cell membrane is"
Qwen_2.5_32B_instruct_abliterated,32,-2.0,-1.1628,24,The dishwasher starts its program. I feel:," 1. The sound of the dishwasher is getting louder. 2. The sound of the dishwasher is getting softer. 3. The sound of the dishwasher is constant. Which event is considered random, and what is the probability of this event occurring if the probability of the sound being constant is 0.4? To determine which event is considered random and to find the probability of this event occurring, we can follow these steps:

1. **Identify the Random Event:**
   - The event in question is the sound of the dishwasher being constant.
   - This event is considered random because"
Qwen_2.5_32B_instruct_abliterated,32,-2.0,-1.1628,25,I fold the map and put it away. I feel:," 
A. Excited
B. Nervous
C. Relaxed
D. Anxious

Please select the word that best describes your feeling after you have folded the map.
You have selected D. Anxious as the word that best describes your feeling after folding the map.

To solve this problem, we need to understand the context provided by the scenario of folding a map. The scenario suggests that the person is about to embark on a journey or has just returned from one. The act of folding the map can be seen as a symbolic action that might evoke feelings of excitement, nervousness"
Qwen_2.5_32B_instruct_abliterated,32,-2.0,-1.1628,26,The radio plays in the background. I feel:," A) excited B) calm C) anxious D) relaxed.
To determine how the radio plays in the background affects your feelings, we need to consider the context and the options provided.

1. **Identify the Context**: The radio is playing in the background, which can create a sense of ambient sound and potentially influence your mood or feelings.

2. **Consider the Options**:
   - **A) Excited**: This suggests a positive and energetic feeling.
   - **B) Calm**: This suggests a peaceful and tranquil feeling.
   - **C) Anxious**: This suggests a"
Qwen_2.5_32B_instruct_abliterated,32,-2.0,-1.1628,27,I switch off the corridor light. I feel:," ""It's getting dark."" My roommate hasn't arrived yet. I say, ""It's going to be dark for a while."" My roommate says, ""Don't worry, it will be over in 2 minutes."" Based on the conversation, if we assume that the time it takes for the light to go out is uniformly distributed between 0 and 2 minutes, what is the probability that the light will go out within 1 minute? To determine the probability that the light will go out within 1 minute, we need to consider the uniform distribution of the time it takes for the light"
Qwen_2.5_32B_instruct_abliterated,32,-2.0,-1.1628,28,The receipt comes out of the machine. I feel:," 
A. excited
B. nervous
C. relieved

Choose your answer from A, B, and C:

Based on the context of the problem, the answer is C, relieved. The scenario describes a situation where a person is waiting for their receipt to come out of a machine, which can create a sense of anticipation or relief. Here's a detailed explanation:

1. **Contextual Background**:
   - The problem mentions that the receipt is coming out of a machine, likely in a setting such as a store or market.
   - This creates a scene where people are waiting for"
Qwen_2.5_32B_instruct_abliterated,32,-2.0,-1.1628,29,I set the alarm for the morning. I feel:," 
A. Excited
B. Relaxed
C. Worried
D. Anxious
Answer:
D

Which of the following statements about the cell membrane is true?
A. The cell membrane is primarily composed of phospholipids and proteins.
B. All substances on the cell membrane are considered components of the cell.
C. The cell membrane is one of the structures shared by all cells.
D. The cell membrane can be observed under an optical microscope.
Answer:
A

Which of the following statements about the cell membrane is true?
A. The cell membrane is mainly composed"
Qwen_2.5_32B_instruct_abliterated,32,-2.0,-1.1628,30,The train doors open at the platform. I feel:," 1) excited, 2) nervous, 3) relieved. If the probability of each event is independent and the probability of the event ""the train doors open"" is 0.8, what is the combined probability of all three events occurring simultaneously? To determine the combined probability of all three events occurring simultaneously, we need to consider the probabilities of each individual event and how they combine.

Given:
- The probability of the event ""the train doors open"" (let's call this event \( A \)) is \( P(A) = 0.8 \.
- There are two"
Qwen_2.5_32B_instruct_abliterated,32,-2.0,-1.1628,31,I refill the stapler with staples. I feel:,"  (a) excited, (b) nervous, (c) relieved, (d) anxious. If the probability of getting an anxious feeling is 35%, how many times would you expect to get an anxious feeling if you observed 100 people refilling staplers? To solve this problem, we need to determine the expected number of times we would observe an anxious feeling among 100 people refilling staplers, given that the probability of getting an anxious feeling is 35%.

Here are the steps to find the solution:

1. **Identify the probability and"
Qwen_2.5_32B_instruct_abliterated,32,-2.0,-1.1628,32,The photocopier warms up. I feel:," 100 copies take 100 seconds to copy if you are in a hurry. How long will it take to copy 100 copies if the copying time of each copy follows an arithmetic sequence and the first copy takes 30 seconds? To determine how long it will take to copy 100 copies given that the copying time of each copy follows an arithmetic sequence and the first copy takes 30 seconds, we need to follow these steps:

1. **Identify the parameters of the arithmetic sequence:**
   - The first term \(a_1\) is"
Qwen_2.5_32B_instruct_abliterated,32,-2.0,-1.1628,33,I water the plant on the windowsill. I feel:," 1. The plant is growing faster than before. 2. The plant is growing faster than before. Based on the information provided, we need to determine the probability that the event (the plant is growing faster than before) occurs given the two statements.

Let's denote:
- Event A: The plant is growing faster than before.
- Statement 1: I water the plant on the windowsill.
- Statement 2: The plant is growing faster than before.

We are asked to find the probability of the plant growing faster than before given the two statements.

To solve this problem, we"
Qwen_2.5_32B_instruct_abliterated,32,-2.0,-1.1628,34,The calendar hangs on the wall. I feel:," ① ② ③ ④
A. The calendar is getting closer to Christmas.
B. It's time to buy some gifts for my family.
C. The weather is getting colder, and it's time to wear warm clothes.
D. All of the above.

If you choose to express your feelings about the situation, what would you say? Write a sentence describing your feelings about the situation.
To determine how many days are left until Christmas based on the given information, we need to follow these steps:

1. Identify the total number of days in December.
2"
Qwen_2.5_32B_instruct_abliterated,32,-2.0,-1.1628,35,I tie my shoelaces before going out. I feel:," 
Options:
a) 30 minutes
b) 25 minutes
c) 35 minutes
d) 40 minutes

If the time it takes to tie the shoelaces is directly related to the time available before going out, and the total time available is 35 minutes, how long does it take to tie the shoelaces?

To determine how long it takes to tie the shoelaces, we need to follow these steps:

1. Identify the total time available before going out, which is 35 minutes.
2. Determine the time it"
Qwen_2.5_32B_instruct_abliterated,32,-2.0,-1.1628,36,The bread is on the counter. I feel:," ____
A. It's time to eat.
B. It's time to go to bed.
C. It's time to make a sandwich.
D. It's time to buy some milk.
Answer:
A

Which of the following statements about the cell membrane is true?
A. The cell membrane is primarily composed of phospholipids and proteins.
B. All substances on the cell membrane are considered components of the cell.
C. The cell membrane is one of the structures shared by animal and plant cells.
D. The cell membrane can be observed under an optical microscope.
Answer:
A"
Qwen_2.5_32B_instruct_abliterated,32,-2.0,-1.1628,37,I check the mailbox on my way in. I feel:," 
A. Excited
B. Relaxed
C. Anxious
D. Calm

Which of these is the correct choice for the sentence based on the context provided?

To determine the correct choice for the sentence, we need to consider the context provided by the problem. The context involves checking the mailbox on the way in, which can evoke feelings of excitement, relaxation, anxiety, or calmness.

Let's analyze the options:

1. **Excited**: This suggests a positive feeling or anticipation.
2. **Relaxed**: This implies a sense of ease or comfort.
3."
Qwen_2.5_32B_instruct_abliterated,32,-2.0,-1.1628,38,The fan rotates slowly on the ceiling. I feel:," (1) the fan is rotating at a speed of 20 rotations per minute, and (2) the fan is rotating at a speed of 30 rotations per minute. Assuming that the fan's speed is constant, calculate the probability that you feel the fan is rotating at a speed of 20 rotations per minute, given that it is rotating at a speed of 30 rotations per minute, and vice versa. Use the concept of conditional probability and the law of total probability to solve this problem.
To solve this problem, we need to use the concepts of conditional probability and the"
Qwen_2.5_32B_instruct_abliterated,32,-2.0,-1.1628,39,I sort the cutlery into the tray. I feel:," 1. The number of forks is three times the number of spoons. 2. The number of spoons is half the number of knives. How many knives are there if I counted 30 forks? To solve this problem, we need to establish the relationships between the number of forks, spoons, and knives based on the information given.

Let's define:
- \( F \) as the number of forks,
- \( S \) as the number of spoons,
- \( K \) as the number of knives.

From the problem, we know:
1. The"
Qwen_2.5_32B_instruct_abliterated,32,-2.0,-1.1628,40,The bicycle leans against the wall. I feel:," 
A. Excited
B. Relaxed
C. Worried
D. Surprised
Answer:
C

Which of the following statements about the geographical location of the two countries is true?
A. Both are located in the Northern Temperate Zone.
B. Both are located in the Western Hemisphere.
C. Both are located on the Pacific coast.
D. Both are located in North America.
Answer:
A

Which of the following statements about the region is true?
A. The region has a dense population and is considered an economically developed area.
B. The region has a"
Qwen_2.5_32B_instruct_abliterated,32,-2.0,-1.1628,41,I zip up my bag before leaving. I feel:," 
Options:
a. happy
b. nervous
c. relieved
d. worried

To determine which option best describes how you feel as you zip up your bag before leaving, we need to consider the context and the emotions associated with the situation.

1. **Context Analysis**:
   - You are zipping up your bag, which suggests you are preparing to leave.
   - The act of zipping up a bag can be seen as a routine activity, but it might also evoke certain emotions depending on the circumstances.

2. **Emotion Analysis**:
   - **Happy**: This"
Qwen_2.5_32B_instruct_abliterated,32,-2.0,-1.1628,42,The clock ticks in the hallway. I feel:, 1. 2. 3. 4. 5. 6. 7. 8. 9. 10. 11. 12. 13. 14. 15. 16. 17. 18. 19. 20. 21. 22. 23. 24. 25. 26. 27. 28. 29. 30. 31. 32. 
Qwen_2.5_32B_instruct_abliterated,32,-2.0,-1.1628,43,I sharpen the pencil over the bin. I feel:," (1) If it takes 30 seconds to sharpen the pencil and each second increases the probability of the event by 2%, what is the probability that the event will occur? Assume the event is the probability of the event happening while you are sharpening the pencil.
To determine the probability that the event will occur, we need to follow these steps:

1. Identify the total time taken to sharpen the pencil and the rate at which the probability increases.
2. Calculate the probability based on the given information.

Here's the step-by-step process:

1. **Identify the total time and"
Qwen_2.5_32B_instruct_abliterated,32,-2.0,-1.1628,44,The window cleaner works across the street. I feel:," 
A. Excited
B. Calm
C. Worried
D. Relieved
Answer:
C

Which of the following statements about the window cleaner is true?
A. The window cleaner has been working across the street.
B. The window cleaner will work across the street.
C. The window cleaner is still working across the street.
D. The window cleaner has just finished working across the street.
Answer:
C

Which of the following statements about the window cleaner is true?
A. The window cleaner has been working across the street.
B. The window cleaner will work"
Qwen_2.5_32B_instruct_abliterated,32,-2.0,-1.1628,45,The room measures four meters by five. I feel:," 1) the probability of an event, 2) the expected value of an event, and 3) the variance of an event. If the standard deviation of the event is 2, what is the expected value of the event? To solve this problem, we need to understand the relationship between the standard deviation, the variance, and the expected value of the event.

1. **Identify the given information:**
   - The standard deviation (\(\sigma\)) of the event is 2.
   - The variance (\(\sigma^2\)) of the event can be calculated"
Qwen_2.5_32B_instruct_abliterated,32,-2.0,-1.1628,46,The train consists of six carriages. I feel:," the probability of my carriage being the last one is $\frac{1}{6}$. What is the probability that the train will have at least five carriages in front of you when you board? To determine the probability that the train will have at least five carriages in front of you when you board, we need to consider the composition and arrangement of the train. The train consists of six carriages, and you are interested in the probability that your carriage is the last one.

First, let's define the problem in terms of the carriages:
- There are six carriages in total.
"
Qwen_2.5_32B_instruct_abliterated,32,-2.0,-1.1628,47,The manual consists of forty pages. I feel:," 
A. Excited
B. Relaxed
C. Worried
D. Surprised

Which of the following is the correct choice for the last sentence?
To determine the correct choice for the last sentence, we need to follow these steps:

1. Identify the total number of pages in the manual.
2. Determine the number of pages that are relevant to the last sentence.
3. Calculate the fraction of the total pages that are relevant to the last sentence.

Given:
- The manual consists of 40 pages.
- The last sentence refers to the last page or a specific"
Qwen_2.5_32B_instruct_abliterated,32,-2.0,-1.1628,48,The bottle holds one liter of water. I feel:," 1) The bottle is full. 2) The bottle is not full. Which statement would you use to support your feeling if you wanted to express it in terms of probability? To determine which statement we would use to support our feeling in terms of probability, let's break down the problem step by step.

1. **Identify the Statements:**
   - Statement 1: ""The bottle is full.""
   - Statement 2: ""The bottle is not full.""

2. **Determine the Probability Context:**
   - We need to consider the probability of the bottle being full"
Qwen_2.5_32B_instruct_abliterated,32,-2.0,-1.1628,49,The ticket is valid for ninety minutes. I feel:," 
A. Lucky
B. Nervous
C. Excited
D. Anxious
Answer:
D

Which of the following statements about the geographical location of the two countries is true?
A. Both are located in the Northern Temperate Zone.
B. Both are located on the Pacific coast.
C. Both are located in Asia.
D. Both are located in East Asia.
Answer:
A

Which of the following statements about the region is true?
A. The region has a dense population, and most residents are of the Caucasian race.
B. The region's economy is"
Qwen_2.5_32B_instruct_abliterated,32,-1.0,-0.5814,0,I put the receipts in the drawer. I feel:," Options: - warm - organized - neat - cool - calm Let's think step by step:

To determine which option best describes how you feel after putting the receipts in the drawer, let's analyze each option and its relation to the action of organizing receipts.

1. Warm: This option suggests a feeling of warmth or comfort. While putting receipts in a drawer might create a sense of warmth, it is not directly related to the act of organizing.

2. Organized: This option directly relates to the action of putting receipts in a drawer. By placing the receipts in an orderly manner, you are creating"
Qwen_2.5_32B_instruct_abliterated,32,-1.0,-0.5814,1,The bus stops at the corner of the street. I feel:," 
A. Excited
B. Relaxed
C. Tired
D. Anxious
Answer:
A

Which of the following statements about the geographical characteristics of the two countries is true?
A. Both countries are located in the Eastern Hemisphere.
B. Both countries have a temperate maritime climate.
C. Both countries are island nations.
D. Both countries border the Pacific Ocean.
Answer:
A

Which of the following statements about the region is true?
A. The main crops grown are wheat and corn.
B. The terrain is mainly composed of plateaus and mountains.
C"
Qwen_2.5_32B_instruct_abliterated,32,-1.0,-0.5814,2,I fill out the form with my address. I feel:," 

> 
> * I have filled out the form with my address.
> * I have filled in the form with my address.
> 
> 
> 

Which one is correct? Both ""filled out"" and ""filled in"" are commonly used and generally understood to mean the same thing, but there can be slight differences in usage and preference depending on the region or context. In this case, both sentences are correct and convey the same meaning:

1. **I have filled out the form with my address.**
2. **I have filled in the form with my address.**

Both"
Qwen_2.5_32B_instruct_abliterated,32,-1.0,-0.5814,3,The printer produces the ten pages. I feel:," 1) the first page is printed in 5 seconds, 2) the second page is printed in 5 seconds, 3) the third page is printed in 5 seconds, 4) the fourth page is printed in 5 seconds, 5) the fifth page is printed in 5 seconds, 6) the sixth page is printed in 5 seconds, 7) the seventh page is printed in 5 seconds, 8) the eighth page is printed in 5 seconds, 9) the ninth page is printed in 5 seconds, and 1"
Qwen_2.5_32B_instruct_abliterated,32,-1.0,-0.5814,4,I place the glasses on the middle shelf. I feel:," A. tired B. happy C. relaxed D. hungry
Answer:
A

Which of the following statements about the geographical characteristics of the two countries is true?
A. Both countries are located in the Eastern Hemisphere.
B. Both countries have a temperate maritime climate.
C. Both countries are situated along the Pacific coast.
D. Both countries are island nations.
Answer:
A

Which of the following statements about the region is true?
A. The region has a dense population and is one of the most populous areas in the world.
B. The region is rich in resources, with oil"
Qwen_2.5_32B_instruct_abliterated,32,-1.0,-0.5814,5,The meeting is scheduled for Tuesday. I feel:," A. Excited B. Nervous C. Relaxed D. Indifferent
Answer:
B

Which of the following statements about the geographical characteristics of the United States is true?
A. The contiguous United States borders the Pacific Ocean to the west and the Atlantic Ocean to the east.
B. The contiguous United States is mainly located in the tropics.
C. The contiguous United States is mainly located in the temperate zone.
D. The contiguous United States borders Canada to the south and Mexico to the north.
Answer:
C

Which of the following statements about the region is true?
"
Qwen_2.5_32B_instruct_abliterated,32,-1.0,-0.5814,6,I close the window before leaving the room. I feel:," 
A. Cold
B. Warm
C. Comfortable
D. Relaxed
Answer:
A

Which of the following statements about the geographical characteristics of the United States is true?
A. The contiguous United States borders the Pacific Ocean to the west and the Atlantic Ocean to the east.
B. The contiguous United States is mainly located in the tropics.
C. The contiguous United States is mainly located in the temperate zone.
D. The contiguous United States borders Canada to the south and Mexico to the north.
Answer:
C

Which of the following statements about the region is true"
Qwen_2.5_32B_instruct_abliterated,32,-1.0,-0.5814,7,The elevator arrives at the third floor. I feel:," ""We are here."" The elevator stops. I step out onto the landing and walk to the door of my apartment. I open it and enter. I feel: ""I'm home.""
The elevator arrives at the third floor. I feel: ""We are here."" The elevator stops. I step out onto the landing and walk to the door of my apartment. I open it and enter. I feel: ""I'm home."" These two scenarios describe a sequence of events that are likely to evoke different feelings and emotions for you, depending on your personal experiences and the context of your day.

In"
Qwen_2.5_32B_instruct_abliterated,32,-1.0,-0.5814,8,I write the date at the top of the page. I feel:," ""I'm writing a letter to my friend."" I write the date at the top of the page. I feel: ""I'm writing a letter to my friend."" I write the date at the top of the page. I feel: ""I'm writing a letter to my friend."" I write the date at the top of the page. I feel: ""I'm writing a letter to my friend."" I write the date at the top of the page. I feel: ""I'm writing a letter to my friend."" I write the date at the top of the page. I feel:"
Qwen_2.5_32B_instruct_abliterated,32,-1.0,-0.5814,9,The kettle switches itself off. I feel:," A. surprised B. happy C. both D. neither
Answer:
C

Which of the following statements about the geographical characteristics of the two countries is true?
A. Both countries are located in the Eastern Hemisphere.
B. Both countries have a temperate maritime climate.
C. Both countries are situated on islands.
D. Both countries border the Pacific Ocean.
Answer:
A

Which of the following statements about the region is true?
A. The main crops grown are rice and wheat.
B. The terrain is mainly composed of plateaus and mountains.
C. The rivers within the region do"
Qwen_2.5_32B_instruct_abliterated,32,-1.0,-0.5814,10,The folder sits on the desk. I feel:," A. happy B. sad C. excited D. calm
Answer:
D

Which of the following statements about the geographical characteristics of the two countries is true?
A. Both countries are located in the Eastern Hemisphere.
B. Both countries have a temperate maritime climate.
C. Both countries are island nations.
D. Both countries border the Atlantic Ocean.
Answer:
D

Which of the following statements about the region is true?
A. The main crops grown are wheat and corn.
B. The terrain is mainly composed of plateaus and mountains.
C. The rivers within the region do not"
Qwen_2.5_32B_instruct_abliterated,32,-1.0,-0.5814,11,I hang the jacket on the hook. I feel:," ① relaxed ② nervous ③ excited
Answer:
① relaxed

Which of the following statements about the relationship between chromosomes and DNA is correct?
A. Chromosomes are composed of DNA.
B. Chromosomes are made up of DNA and proteins.
C. Chromosomes are the primary carriers of genetic information.
D. Chromosomes are the only carriers of genetic information.
Answer:
B

Which of the following statements about the geographical characteristics of the two countries is true?
A. Both countries have vast areas covered by temperate zones.
B. The terrain in both countries is"
Qwen_2.5_32B_instruct_abliterated,32,-1.0,-0.5814,12,The traffic light turns green. I feel:," A. Excited B. Relieved C. Annoyed D. Curious
Answer:
B

Which of the following statements about the geographical characteristics of the two countries is true?
A. Both countries are located in the Western Hemisphere.
B. Both countries border the Pacific Ocean.
C. Both countries have a temperate maritime climate.
D. Both countries are developed nations.
Answer:
D

Which of the following statements about the region is true?
A. The main crops grown are wheat and corn.
B. The primary type of farmland is dry land.
C. The vegetation"
Qwen_2.5_32B_instruct_abliterated,32,-1.0,-0.5814,13,I put the keys in my pocket. I feel:," A. comfortable B. relieved C. anxious D. uncertain
Answer:
B

Which of the following statements about the geographical characteristics of the two countries is true?
A. Both countries are located on the Pacific Ring of Fire.
B. Both countries have a temperate maritime climate.
C. Both countries are island nations.
D. Both countries are located in the Eastern Hemisphere.
Answer:
A

Which of the following statements about the region is true?
A. The main crops grown are wheat and corn.
B. The terrain is mainly composed of plateaus and mountains.
C. The rivers within"
Qwen_2.5_32B_instruct_abliterated,32,-1.0,-0.5814,14,The washing machine finishes its cycle. I feel:," A. tired B. relieved C. anxious D. hungry
A. tired

The washing machine finishing its cycle is a neutral event and does not directly cause any of the feelings listed in the options. However, if we consider the context of using a washing machine, it is common for people to feel relieved when their laundry is done, as it means they no longer have to worry about doing the laundry for a while. Therefore, the most likely answer is B. relieved. 

So, the final answer is:

\boxed{B}"
Qwen_2.5_32B_instruct_abliterated,32,-1.0,-0.5814,15,I stack the plates in the cupboard. I feel:," 
(A) organized
(B) lazy

Hmmm, let's think. The sentence states that the person is stacking the plates in the cupboard. This action suggests that the person is putting things in order and being proactive about tidying up. Therefore, it is more likely that the person would feel organized rather than lazy.

Therefore, the answer is (A) organized. 

So, the final answer is (A)."
Qwen_2.5_32B_instruct_abliterated,32,-1.0,-0.5814,16,The neighbor parks his car. I feel:," Options: - impatient - annoyed - frustrated Let's think about this step by step.
To determine how you might feel when your neighbor parks their car, let's consider the given options and the context:

1. **Impatient**: This feeling suggests that you are waiting for something or someone and want it to happen quickly. If the neighbor parking their car is causing a delay or affecting your schedule, you might feel impatient.

2. **Annoyed**: This emotion indicates that something is bothering you or causing mild irritation. The act of the neighbor parking their car could be seen as an inconvenience or"
Qwen_2.5_32B_instruct_abliterated,32,-1.0,-0.5814,17,I turn the page of the newspaper. I feel:," A. surprised B. happy C. sad D. excited
Answer:
A

Which of the following statements about the geographical characteristics of the two countries is true?
A. Both countries are located in the Eastern Hemisphere.
B. Both countries have a temperate maritime climate.
C. Both countries are situated on islands.
D. Both countries border the Pacific Ocean.
Answer:
A

Which of the following statements about the region is true?
A. The main crops grown are rice and wheat.
B. The terrain is mainly composed of plateaus and mountains.
C. The rivers within the region do"
Qwen_2.5_32B_instruct_abliterated,32,-1.0,-0.5814,18,The curtain moves in the draft. I feel:," 1) the curtain is moving; 2) the air is moving. Which of these two events is more likely to be the cause of the other? To determine which event is more likely to be the cause of the other, we need to analyze the relationship between the movement of the curtain and the movement of the air.

1. **Event 1: The curtain is moving.**
2. **Event 2: The air is moving.**

We can consider the following logical steps:

- If the air is moving (draft), it can cause the curtain to move.
- Conversely,"
Qwen_2.5_32B_instruct_abliterated,32,-1.0,-0.5814,19,I plug in the phone charger. I feel:," A. charged B. charging C. to charge D. being charged
Answer:
D

Which of the following statements about the geographical characteristics of the two countries is true?
A. Both countries are located on the Pacific Ring of Fire.
B. Both countries have a temperate maritime climate.
C. Both countries are island nations.
D. Both countries are located in the Eastern Hemisphere.
Answer:
A

The main reason for the formation of the 'stone forest' landscape is ____
A. Wind erosion
B. Water erosion
C. Glacial erosion
D. Sea wave erosion
"
Qwen_2.5_32B_instruct_abliterated,32,-1.0,-0.5814,20,The mailman passes by the gate. I feel:," ""I'm home."" The mailman passes by the gate. I feel: ""I'm home.""
A. Noun
B. Adjective
C. Verb
D. Interjection

To determine the part of speech for the phrase ""I'm home"" in the given context, let's analyze it step by step.

1. **Identify the sentence structure**: The phrase ""I'm home"" is a complete sentence. It has a subject (""I"") and a predicate (""am home"").

2. **Understand the function of ""I'm home""**:
   - In"
Qwen_2.5_32B_instruct_abliterated,32,-1.0,-0.5814,21,I wipe the table with a cloth. I feel:," 
A. The table is smooth.
B. The table is rough.
C. The table is wet.
D. The table is dry.

Which of these statements is most likely to be true after wiping the table with a cloth? To determine which statement is most likely to be true after wiping the table with a cloth, let's analyze each option step by step:

1. **Option A: The table is smooth.**
   - When you wipe a table with a cloth, it is common for the surface to become smoother because the cloth helps to remove any small particles or dust that might have"
Qwen_2.5_32B_instruct_abliterated,32,-1.0,-0.5814,22,The computer finishes the update. I feel:," ____
A. Excited
B. Relieved
C. Anxious
D. Curious
Answer:
B

Which of the following statements about the geographical characteristics of the two countries is true?
A. Both countries are located in the Eastern Hemisphere.
B. Both countries border the Pacific Ocean.
C. Both countries have a temperate maritime climate.
D. Both countries are developed nations.
Answer:
A

Which of the following statements about the region is true?
A. The terrain is mainly composed of mountains and hills.
B. The river flow has significant seasonal variations.
C."
Qwen_2.5_32B_instruct_abliterated,32,-1.0,-0.5814,23,I put the pen back in the drawer. I feel:," A. Relieved B. Satisfied C. Calm D. Happy
Answer:
B

Which of the following statements about the geographical characteristics of the United States is true?
A. The contiguous United States borders the Pacific Ocean to the west and the Atlantic Ocean to the east.
B. The contiguous United States is mainly located in the tropics.
C. The contiguous United States is mainly located in the temperate zone.
D. The contiguous United States borders Canada to the north and Mexico to the south.
Answer:
C

Which of the following statements about the region is true?
A."
Qwen_2.5_32B_instruct_abliterated,32,-1.0,-0.5814,24,The dishwasher starts its program. I feel:," the water is hot, the dishes are clean, and the soap is fresh. The sound of the dishwasher is a soothing white noise. I can hear the clinking of the dishes as they move around in the machine. The smell of the soap is pleasant and reminds me of cleanliness and freshness. The warmth of the water is comforting, and I can almost feel the steam rising from the machine. The rhythmic motion of the dishwasher's spray arms is hypnotic, and I find myself relaxing as I listen to the gentle hum of the machine. Can you describe how the sound of the dishwasher affects your"
Qwen_2.5_32B_instruct_abliterated,32,-1.0,-0.5814,25,I fold the map and put it away. I feel:," 
A. Excited
B. Relaxed
C. Curious
D. Satisfied
Answer:
B

Which of the following statements about the geographical characteristics of the two countries is true?
A. Both countries are located in the Western Hemisphere.
B. Both countries border the Pacific Ocean.
C. Both countries have a temperate maritime climate.
D. Both countries are developed nations.
Answer:
D

Which of the following statements about the region is true?
A. The main crops grown are wheat and corn.
B. The terrain is mainly composed of plateaus and mountains.
C"
Qwen_2.5_32B_instruct_abliterated,32,-1.0,-0.5814,26,The radio plays in the background. I feel:," A. happy B. sad C. calm D. excited
Answer:
C

Which of the following statements about the geographical characteristics of the two countries is true?
A. Both countries are located in the Eastern Hemisphere.
B. Both countries have a temperate maritime climate.
C. Both countries are situated on islands.
D. Both countries border the Pacific Ocean.
Answer:
A

Which of the following statements about the region is true?
A. The main crops grown are rice and wheat.
B. The terrain is mainly composed of plateaus and mountains.
C. The rivers within the region do"
Qwen_2.5_32B_instruct_abliterated,32,-1.0,-0.5814,27,I switch off the corridor light. I feel:," a) cold, b) warm, c) hot.
To determine how you feel when you switch off the corridor light, let's analyze the situation step by step.

1. **Understanding the Scenario**: When you switch off the corridor light, the immediate change is the reduction in light intensity. This doesn't directly affect your body temperature, but it can influence your perception of warmth or coldness due to the change in visual cues and possibly the environment.

2. **Perception of Warmth or Coldness**:
   - **Cold (a)**: If the room was already cool or if"
Qwen_2.5_32B_instruct_abliterated,32,-1.0,-0.5814,28,The receipt comes out of the machine. I feel:," excited, nervous, happy, or anxious.
To determine how you feel based on the given scenario, let's analyze each emotion step by step:

1. **Excited**: This emotion suggests a sense of anticipation and enthusiasm. You might be looking forward to something, such as the information on the receipt or what it represents (e.g., a purchase, a transaction).

2. **Nervous**: This emotion indicates a sense of worry or anxiety. You might be concerned about the details on the receipt, such as the amount spent or any potential issues with the transaction.

3. **Happy**:"
Qwen_2.5_32B_instruct_abliterated,32,-1.0,-0.5814,29,I set the alarm for the morning. I feel:," 
A. Excited
B. Relaxed
C. Anxious
D. Calm
Answer:
A

Which of the following statements about the geographical characteristics of the United States is true?
A. The contiguous United States borders the Pacific Ocean to the west and the Atlantic Ocean to the east.
B. The contiguous United States is mainly located in the tropics.
C. The contiguous United States is mainly located in the temperate zone.
D. The contiguous United States borders Canada to the south and Mexico to the north.
Answer:
C

Which of the following statements about the region"
Qwen_2.5_32B_instruct_abliterated,32,-1.0,-0.5814,30,The train doors open at the platform. I feel:," the air, the light, the noise, the people. I step out of the train and into the crowd. I walk to the exit. I step outside and see the sky, the sun, the trees, the buildings. I walk down the street. I arrive at my destination.
I feel the air on my face as I step out of the train and into the bustling crowd. The light from the station illuminates the scene around me, and the noise of people talking, footsteps, and the occasional announcement fills my ears. As I make my way towards the exit, I can sense the"
Qwen_2.5_32B_instruct_abliterated,32,-1.0,-0.5814,31,I refill the stapler with staples. I feel:," A. tired B. happy C. bored
Answer:
B

Which of the following statements about the geographical characteristics of the two countries is true?
A. Both countries are located in the Eastern Hemisphere.
B. Both countries have a temperate maritime climate.
C. Both countries are situated on islands.
D. Both countries border the Pacific Ocean.
Answer:
A

Which of the following statements about the region is true?
A. The main crops grown are wheat and corn.
B. The primary type of farmland is dry land.
C. The vegetation type is mainly subtropical evergreen broad"
Qwen_2.5_32B_instruct_abliterated,32,-1.0,-0.5814,32,The photocopier warms up. I feel:," A. excited B. nervous C. anxious D. calm
Answer:
D

Which of the following statements about the geographical characteristics of the United States is true?
A. The contiguous United States borders the Pacific Ocean to the west and the Atlantic Ocean to the east.
B. The contiguous United States is mainly located in the tropics.
C. The contiguous United States is mainly located in the temperate zone.
D. The contiguous United States borders Canada to the north and Mexico to the south.
Answer:
C

Which of the following statements about the region is true?
A. It is located"
Qwen_2.5_32B_instruct_abliterated,32,-1.0,-0.5814,33,I water the plant on the windowsill. I feel:," A. The sun's warmth on my face. B. The coolness of the morning air. C. The gentle touch of the plant's leaves. D. The sound of the water dripping.
A. The sun's warmth on my face.
When you are watering the plant on the windowsill, it is likely that you would feel the sun's warmth on your face if the sun is shining through the window. This can create a warm and cozy feeling as you go about your daily routine. However, the other options could also be experienced depending on the time of day and the weather conditions."
Qwen_2.5_32B_instruct_abliterated,32,-1.0,-0.5814,34,The calendar hangs on the wall. I feel:," it is a good idea to buy a new one. The old one is full of notes and memories. It is time for a change.
I look at the calendar and see the month of January. I remember the cold, the snow, and the ice. I remember the days when we had to shovel the driveway and walk on the sidewalks with caution. I remember the days when we had to drive slowly and carefully because of the slippery roads.
I look at the calendar and see the month of February. I remember the Valentine’s Day cards and the chocolates. I remember the days when we celebrated love"
Qwen_2.5_32B_instruct_abliterated,32,-1.0,-0.5814,35,I tie my shoelaces before going out. I feel:," A. Relaxed B. Anxious C. Indifferent D. Happy
Answer:
A

Which of the following statements about the geographical characteristics of the United States is true?
A. The contiguous United States borders the Pacific Ocean to the west and the Atlantic Ocean to the east.
B. The contiguous United States is mainly located in the tropics.
C. The contiguous United States is mainly located in the temperate zone.
D. The contiguous United States borders Canada to the south and Mexico to the north.
Answer:
C

Which of the following statements about the region is true?
A."
Qwen_2.5_32B_instruct_abliterated,32,-1.0,-0.5814,36,The bread is on the counter. I feel:," A. hungry B. thirsty C. full D. tired
Answer:
A

Which of the following statements about the geographical characteristics of the two countries is true?
A. Both countries are located in the Eastern Hemisphere.
B. Both countries have a temperate maritime climate.
C. Both countries are island nations.
D. Both countries border the Atlantic Ocean.
Answer:
D

Which of the following statements about the region is true?
A. The main crops grown are rice and wheat.
B. The terrain is mainly composed of plateaus and mountains.
C. The rivers within the region do not"
Qwen_2.5_32B_instruct_abliterated,32,-1.0,-0.5814,37,I check the mailbox on my way in. I feel:," 
A. Excited
B. Relaxed
C. Anxious
D. Curious
Answer:
D

Which of the following statements about the geographical characteristics of the United States is true?
A. The contiguous United States borders the Pacific Ocean to the west and the Atlantic Ocean to the east.
B. The contiguous United States is mainly located in the tropics.
C. The contiguous United States is mainly located in the temperate zone.
D. The contiguous United States borders Canada to the south and Mexico to the north.
Answer:
C

Which of the following statements about the region"
Qwen_2.5_32B_instruct_abliterated,32,-1.0,-0.5814,38,The fan rotates slowly on the ceiling. I feel:," A) cool B) warm C) comfortable D) dizzy
To determine how you feel when the fan rotates slowly on the ceiling, let's analyze each option step by step:

A) Cool: When a fan is rotating, it helps to circulate the air in the room, which can make you feel cooler. However, if the fan is rotating slowly, the effect might be less pronounced.

B) Warm: If the fan is rotating slowly, it might not be moving enough air to create a significant cooling effect. Therefore, you might still feel warm.

C) Comfortable: The slow"
Qwen_2.5_32B_instruct_abliterated,32,-1.0,-0.5814,39,I sort the cutlery into the tray. I feel:," ____
A. Happy
B. Tired
C. Relaxed
D. Satisfied
Answer:
D

Which of the following statements about the geographical characteristics of the two countries is true?
A. Both countries are located in the Eastern Hemisphere.
B. Both countries border the Pacific Ocean.
C. Both countries have a temperate maritime climate.
D. Both countries are developed nations.
Answer:
A

The main reason for the formation of the 'stone forest' landscape is ____
A. Wind erosion
B. Water erosion
C. Glacial erosion
D. Sea wave"
Qwen_2.5_32B_instruct_abliterated,32,-1.0,-0.5814,40,The bicycle leans against the wall. I feel:," 
A. It's very convenient to use
B. It's not very convenient to use
C. It's very safe to use
D. It's not very safe to use
Answer:
A

Which of the following statements about the geographical characteristics of the two countries is true?
A. Both countries are located in the Eastern Hemisphere.
B. Both countries have a temperate maritime climate.
C. Both countries border the Atlantic Ocean.
D. Both countries are island nations.
Answer:
A

Which of the following statements about the region is true?
A. The region has a dense"
Qwen_2.5_32B_instruct_abliterated,32,-1.0,-0.5814,41,I zip up my bag before leaving. I feel:," 
(A) happy; 
(B) tired. 

Assume that the event of zipping up the bag and feeling either happy or tired are independent events. The probability of me zipping up my bag is $0.8$, and the probability of me feeling happy is $0.6$. What is the probability that I zip up my bag and feel happy? To determine the probability that I zip up my bag and feel happy, we need to use the concept of independent events. Two events are independent if the occurrence of one does not affect the probability of the other.

Given:
- The"
Qwen_2.5_32B_instruct_abliterated,32,-1.0,-0.5814,42,The clock ticks in the hallway. I feel:," A. nervous B. excited C. anxious D. impatient
Answer:
A

Which of the following statements about the geographical characteristics of the United States is true?
A. The contiguous United States borders the Pacific Ocean to the west and the Atlantic Ocean to the east.
B. The contiguous United States is mainly located in the tropics.
C. The contiguous United States is mainly located in the temperate zone.
D. The contiguous United States borders Canada to the south and Mexico to the north.
Answer:
C

Which of the following statements about the region is true?
A. It is located"
Qwen_2.5_32B_instruct_abliterated,32,-1.0,-0.5814,43,I sharpen the pencil over the bin. I feel:," 
A. the pencil is sharp
B. the bin is full
C. the air is fresh
D. the light is bright

To determine which option best fits the scenario of sharpening a pencil over a bin, let's analyze each choice step by step.

1. **Option A: The pencil is sharp**
   - When you sharpen a pencil, it becomes sharper. This is a direct result of the action of sharpening.
   - Therefore, this option is likely to be true as you are performing the action of sharpening the pencil.

2. **Option B: The"
Qwen_2.5_32B_instruct_abliterated,32,-1.0,-0.5814,44,The window cleaner works across the street. I feel:," 
A. Excited
B. Curious
C. Worried
D. Relaxed
Answer:
C

Which of the following statements about the geographical characteristics of the two countries is true?
A. Both countries are located in the Eastern Hemisphere.
B. Both countries have a temperate maritime climate.
C. Both countries are situated on islands.
D. Both countries border the Pacific Ocean.
Answer:
A

Which of the following statements about the region is true?
A. The main crops grown are rice and wheat.
B. The terrain is mainly composed of plateaus and mountains.
"
Qwen_2.5_32B_instruct_abliterated,32,-1.0,-0.5814,45,The room measures four meters by five. I feel:," ""The room is four meters by five."" Which of the following options correctly describes this situation?
A. The room's size is four meters by five.
B. The room's size is four meters by five.
C. The room's size is four meters by five.
D. The room's size is four meters by five.
Answer:
A

Which of the following statements about the geographical characteristics of Asia is true?
A. Asia has a complex and diverse climate, with widespread temperate oceanic climates.
B. Asia is the continent with the widest range of latitudes and longitudes in"
Qwen_2.5_32B_instruct_abliterated,32,-1.0,-0.5814,46,The train consists of six carriages. I feel:," ""There are more women than men in this carriage,"" said the conductor to the passenger sitting next to him. ""I don't think so,"" replied the passenger. ""In each of the other five carriages, there are more men than women."" If both of them are correct, how many passengers are in the train? To solve this problem, we need to analyze the statements made by the conductor and the passenger and understand the distribution of men and women across the six carriages.

1. **Understanding the Statements:**
   - The conductor says that in his carriage, there are more women than"
Qwen_2.5_32B_instruct_abliterated,32,-1.0,-0.5814,47,The manual consists of forty pages. I feel:," A. tired B. relaxed C. excited D. curious
Answer:
A

Which of the following statements about the geographical characteristics of the two countries is true?
A. Both countries are located in the Eastern Hemisphere.
B. Both countries have a temperate maritime climate.
C. Both countries are situated on islands.
D. Both countries border the Pacific Ocean.
Answer:
A

Which of the following statements about the region is true?
A. The main crops grown are rice and wheat.
B. The terrain is mainly composed of plateaus and mountains.
C. The rivers within the region do"
Qwen_2.5_32B_instruct_abliterated,32,-1.0,-0.5814,48,The bottle holds one liter of water. I feel:," the bottle is full of water. How many milliliters of water does the bottle hold? To determine how many milliliters of water the bottle holds, we need to convert liters to milliliters. The conversion factor between liters and milliliters is:

1 liter = 1000 milliliters

Given that the bottle holds 1 liter of water, we can use this conversion factor to find the equivalent volume in milliliters.

Step-by-step calculation:
1. Start with the given volume in liters.
   \[
   \text{Volume in liters} = "
Qwen_2.5_32B_instruct_abliterated,32,-1.0,-0.5814,49,The ticket is valid for ninety minutes. I feel:," A. Excited B. Relaxed C. Anxious D. Calm
Answer:
C

Which of the following statements about the geographical characteristics of the two countries is true?
A. Both countries are located in the Western Hemisphere.
B. Both countries border the Pacific Ocean.
C. Both countries have a temperate maritime climate.
D. Both countries are developed nations.
Answer:
D

Which of the following statements about the region is true?
A. The main crops grown are wheat and corn.
B. The terrain is mainly composed of plateaus and mountains.
C. The rivers within"
Qwen_2.5_32B_instruct_abliterated,32,0.0,0.0,0,I put the receipts in the drawer. I feel:," Options: - acknowledged - organized - paid - relief - stressed out Let's think step by step:
1. You put the receipts in the drawer.
2. This action is related to organizing and storing items.
3. The options given are emotions or feelings.

Now, let's analyze each option:

- Acknowledged: This means you are recognized or noticed. Putting receipts in a drawer doesn't directly relate to this feeling.
- Organized: This means arranging things in a systematic way. Since you put the receipts in the drawer, it suggests that you have organized them.
- Paid: This"
Qwen_2.5_32B_instruct_abliterated,32,0.0,0.0,1,The bus stops at the corner of the street. I feel:," 
A. Excited
B. Nervous
C. Relaxed
D. Anxious
Answer:
A

Which of the following statements about the geographical characteristics of Asia is true?
A. The terrain is mainly composed of plains and hills.
B. It has a complex and diverse climate, with significant monsoon influences.
C. All rivers flow from west to east into the Pacific Ocean.
D. The terrain is higher in the north and lower in the south.
Answer:
B

Which of the following statements about the geographical location of the United States is correct?
A. The"
Qwen_2.5_32B_instruct_abliterated,32,0.0,0.0,2,I fill out the form with my address. I feel:," A. Happy B. Sad C. Excited D. Calm
Answer:
D

Which of the following statements about the geographical characteristics of the two countries is true?
A. Both countries are located in the Eastern Hemisphere and the Northern Hemisphere.
B. The main terrain of both countries is plains, and they have vast areas of arable land.
C. Both countries border the Pacific Ocean to the east and the Atlantic Ocean to the west.
D. Both countries are developed nations.
Answer:
A

Which of the following statements about the geographical location of Asia is correct?
A. It borders"
Qwen_2.5_32B_instruct_abliterated,32,0.0,0.0,3,The printer produces the ten pages. I feel:," 1) the first page is printed in 5 seconds, 2) the second page is printed in 5 seconds, 3) the third page is printed in 5 seconds, 4) the fourth page is printed in 5 seconds, 5) the fifth page is printed in 5 seconds, 6) the sixth page is printed in 5 seconds, 7) the seventh page is printed in 5 seconds, 8) the eighth page is printed in 5 seconds, 9) the ninth page is printed in 5 seconds, and 1"
Qwen_2.5_32B_instruct_abliterated,32,0.0,0.0,4,I place the glasses on the middle shelf. I feel:," A. Comfortable B. Satisfied C. Relaxed D. Happy
Answer:
B

Which of the following statements about the geographical characteristics of Asia is true?
A. The terrain is mainly composed of plains and hills.
B. It has a wide variety of climate types, with significant monsoon climates.
C. All major rivers originate from highlands in the center, flowing into the Pacific Ocean.
D. The topographical feature is low in the middle and high around the edges.
Answer:
B

Which of the following statements about the geographical location of the United States is correct?
A"
Qwen_2.5_32B_instruct_abliterated,32,0.0,0.0,5,The meeting is scheduled for Tuesday. I feel:," A. Excited B. Nervous C. Relaxed D. Indifferent
Answer:
B

Which of the following statements about the geographical characteristics of Asia is true?
A. The terrain is mainly composed of plains and hills.
B. It has a complex and diverse climate, with significant monsoon influences.
C. All major rivers originate from highlands in the center, flowing into the Pacific Ocean.
D. The terrain features are characterized by being higher in the west than in the east.
Answer:
B

Which of the following statements about the geographical location of the United States is correct"
Qwen_2.5_32B_instruct_abliterated,32,0.0,0.0,6,I close the window before leaving the room. I feel:," Options: - tired - cool - enclosed - refreshed - lonely Let's think step by step:
To determine which feeling is most likely associated with closing a window before leaving a room, let's analyze each option:

1. Tired: Closing a window doesn't directly relate to feeling tired.
2. Cool: Closing a window can help maintain the temperature inside the room, but it doesn't necessarily make you feel cool.
3. Enclosed: Closing a window can create a sense of enclosure, as it separates the inside from the outside environment.
4. Refreshed: Closing a window doesn't directly"
Qwen_2.5_32B_instruct_abliterated,32,0.0,0.0,7,The elevator arrives at the third floor. I feel:," A. Happy B. Sad C. Excited D. Relaxed
Answer:
A

Which of the following statements about the geographical characteristics of Asia is true?
A. The terrain is mainly composed of plains and hills.
B. It has a complex and diverse climate, with significant monsoon influences.
C. All major rivers originate from highlands in the center, flowing into the Pacific Ocean.
D. The terrain features are characterized by being higher in the west than in the east.
Answer:
B

Which of the following statements about the geographical location of the United States is correct?
A."
Qwen_2.5_32B_instruct_abliterated,32,0.0,0.0,8,I write the date at the top of the page. I feel:," A. It helps me organize my thoughts. B. It makes it easier to reference later. C. It's a good habit to get into. D. It doesn't really matter.
Answer:
B

Which of the following statements about the geographical characteristics of Asia is true?
A. The terrain is mainly composed of plains and hills
B. The terrain shows a trend of being higher in the west and lower in the east
C. The terrain features high elevations in the center, gradually decreasing towards the periphery
D. The terrain is characterized by lowlands in the middle, with"
Qwen_2.5_32B_instruct_abliterated,32,0.0,0.0,9,The kettle switches itself off. I feel:," A. hot B. cold C. warm D. cool
Answer:
C

Which of the following statements about the relationship between chromosomes, DNA, and genes is correct?
A. Chromosomes are composed of DNA and proteins.
B. A single chromosome contains multiple DNA molecules.
C. A single DNA molecule contains only one gene.
D. Genes are segments of DNA with hereditary effects.
Answer:
0,3

Which of the following statements about the geographical characteristics of the two countries is true?
A. Both countries have vast tropical areas.
B. Both countries border the Pacific Ocean to"
Qwen_2.5_32B_instruct_abliterated,32,0.0,0.0,10,The folder sits on the desk. I feel:," A. Happy B. Sad C. Excited D. Calm
Answer:
D

Which of the following statements about the geographical characteristics of Asia is true?
A. The terrain is mainly composed of plains and hills.
B. It has a complex and diverse climate, with significant monsoon influences.
C. All major rivers originate from highlands in the center, flowing into the Pacific Ocean.
D. The terrain features are characterized by lowlands in the middle and highlands around the edges.
Answer:
B

Which of the following statements about the geographical location of the United States is correct?
"
Qwen_2.5_32B_instruct_abliterated,32,0.0,0.0,11,I hang the jacket on the hook. I feel:," A. warm B. warmer C. warmest D. the warmest
Answer:
B

Which of the following statements about the geographical characteristics of Asia is true?
A. The terrain is mainly composed of plains and hills.
B. It has the world's largest plateau, the Qinghai-Tibet Plateau.
C. The topographical feature is high in the middle and low around the edges.
D. The terrain is higher in the west than in the east.
Answer:
C

Which of the following statements about the geographical location of the United States is correct?
A. The United"
Qwen_2.5_32B_instruct_abliterated,32,0.0,0.0,12,The traffic light turns green. I feel:," ____
A. Excitement
B. Calmness
C. Happiness
D. Sadness
Answer:
A

Which of the following statements about the geographical characteristics of the two countries is true?
A. Both countries are located in the Eastern Hemisphere.
B. Both countries have vast tropical regions.
C. Both countries border the Pacific Ocean.
D. Both countries are developed nations.
Answer:
B

Which of the following statements about the four locations in the figure is correct?
A. Location ① is in the Western Hemisphere and the Southern Hemisphere.
B. Location �"
Qwen_2.5_32B_instruct_abliterated,32,0.0,0.0,13,I put the keys in my pocket. I feel:," A. happy B. sad C. relieved D. angry
Answer:
C

Which of the following statements about the geographical characteristics of Asia is true?
A. The terrain is mainly composed of plains and hills.
B. It has a complex and diverse climate, with significant monsoon influences.
C. All major rivers originate from highlands and mountains in the middle, flowing into the Pacific Ocean.
D. The terrain is higher in the west and lower in the east, generally showing a trend of decreasing elevation from west to east.
Answer:
B

Which of the following statements about the geographical location"
Qwen_2.5_32B_instruct_abliterated,32,0.0,0.0,14,The washing machine finishes its cycle. I feel:," A. Clean B. Refreshed C. Relieved D. Happy
Answer:
C

Which of the following statements about the relationship between chromosomes, DNA, and genes is correct?
A. Chromosomes are composed of DNA and proteins.
B. A single chromosome contains multiple DNA molecules.
C. A single DNA molecule contains only one gene.
D. Genes are segments of DNA with hereditary effects.
Answer:
0,3

Which of the following statements about the geographical characteristics of the two countries is true?
A. Both countries have vast tropical regions.
B. The main terrain in both"
Qwen_2.5_32B_instruct_abliterated,32,0.0,0.0,15,I stack the plates in the cupboard. I feel:," Options: - hungry - cramped - flat - bumpy - full Let's think step by step:
To determine which feeling is most likely associated with stacking plates in the cupboard, let's analyze each option:

1. Hungry: This feeling is related to the desire for food. Stacking plates doesn't directly cause hunger.
2. Cramped: This feeling is related to a lack of space or being crowded. Stacking plates might make the cupboard more cramped, but it's not a feeling you would have while stacking them.
3. Flat: This term usually describes a surface or object without much"
Qwen_2.5_32B_instruct_abliterated,32,0.0,0.0,16,The neighbor parks his car. I feel:," Options: - convenience - consideration - being considerate - happy - good Let's think step by step:
Consideration is the ability to notice details and understand a situation. When the neighbor parks his car, one might feel that he is being considerate. This gives a positive feeling of consideration. So, the answer is consideration."
Qwen_2.5_32B_instruct_abliterated,32,0.0,0.0,17,I turn the page of the newspaper. I feel:," A. The paper is smooth B. The paper is rough C. The paper is hard D. The paper is soft
Answer:
A

Which of the following statements about the geographical characteristics of the two countries is true?
A. Both countries are located in the Eastern Hemisphere and the Northern Hemisphere.
B. Both countries have vast tropical regions.
C. Both countries border the Pacific Ocean to the east.
D. Both countries are developed nations.
Answer:
B

Which of the following statements about the region is true?
A. It is located in the Southern Temperate Zone.
B. It is"
Qwen_2.5_32B_instruct_abliterated,32,0.0,0.0,18,The curtain moves in the draft. I feel:," A. cold B. hot C. warm D. cool
A. cold
B. hot
C. warm
D. cool
Answer:
A

Which of the following statements about the relationship between chromosomes, DNA, and genes is incorrect?
A. Chromosomes are composed of DNA and proteins.
B. Genes are segments of DNA with hereditary effects.
C. A single chromosome contains multiple DNA molecules.
D. A single DNA molecule can have many genes.
Answer:
C

Which of the following statements about the structure and function of biological membranes is true?
A. The specific"
Qwen_2.5_32B_instruct_abliterated,32,0.0,0.0,19,I plug in the phone charger. I feel:," A. charged B. charging C. to charge D. being charged
Answer:
B

Which of the following statements about the geographical characteristics of the two countries is true?
A. Both countries are located in the Eastern Hemisphere.
B. Both countries have vast tropical regions.
C. The main terrain of both countries is plains.
D. Both countries border the Pacific Ocean.
Answer:
B

The main reason for the formation of this landform is ____
A. Wind erosion
B. Water erosion
C. Glacial erosion
D. Sea wave erosion
Answer:
B

Which of"
Qwen_2.5_32B_instruct_abliterated,32,0.0,0.0,20,The mailman passes by the gate. I feel:," A. Happy B. Sad C. Excited D. Calm
Answer:
A

Which of the following statements about the geographical characteristics of Asia is true?
A. The terrain is mainly composed of plains and hills.
B. It has a complex and diverse climate, with significant monsoon influences.
C. All major rivers originate from highlands and mountains in the middle, flowing into the Pacific Ocean.
D. The terrain is higher in the west and lower in the east, generally showing a trend of decreasing elevation from west to east.
Answer:
B

Which of the following statements about the"
Qwen_2.5_32B_instruct_abliterated,32,0.0,0.0,21,I wipe the table with a cloth. I feel:," A. wet B. dry C. smooth D. rough
Answer:
C

Which of the following statements about the geographical characteristics of the two countries is true?
A. Both countries are located in the Eastern Hemisphere and the Northern Hemisphere.
B. The main climate type in both countries is temperate continental.
C. Both countries have vast plains, and their terrain features are mainly plains and hills.
D. Both countries border the Pacific Ocean to the east and the Atlantic Ocean to the west.
Answer:
B

Which of the following statements about the geographical location of Asia is correct?
A. It"
Qwen_2.5_32B_instruct_abliterated,32,0.0,0.0,22,The computer finishes the update. I feel:," Options: - satisfaction - boredom - have new programs - improved performance - restart The most likely feeling you would experience after a computer finishes an update is ""satisfaction."" This is because updates often bring improvements and fixes to the system, which can make the user feel content with the result. However, ""improved performance"" is also a strong option since updates typically aim to enhance the computer's functionality and speed. Let's analyze each option:

1. **Satisfaction**: This is a common feeling after an update is completed, as it indicates that the process has been successful and the computer should now be"
Qwen_2.5_32B_instruct_abliterated,32,0.0,0.0,23,I put the pen back in the drawer. I feel:," A. happy B. sad C. indifferent D. satisfied
Answer:
D

Which of the following statements about the geographical characteristics of Asia is true?
A. The terrain is mainly composed of plains and hills.
B. It has a complex and diverse climate, with significant monsoon influences.
C. All major rivers originate from highlands and mountains in the middle, flowing into the Pacific Ocean.
D. The terrain is higher in the west and lower in the east, generally showing a trend of decreasing elevation from west to east.
Answer:
B

Which of the following statements about the geographical location"
Qwen_2.5_32B_instruct_abliterated,32,0.0,0.0,24,The dishwasher starts its program. I feel:," A. warm B. cold C. wet D. dry
A. warm

When the dishwasher starts its program, it typically involves heating water to clean the dishes. This process can make the air inside the kitchen feel warm, especially if the dishwasher is not well-insulated and allows some of the heat to escape. Therefore, the most likely feeling you would experience is warmth. 

However, it's important to note that the other options (B. cold, C. wet, D. dry) might also be experienced depending on the specific conditions in your kitchen, but ""warm"" is the"
Qwen_2.5_32B_instruct_abliterated,32,0.0,0.0,25,I fold the map and put it away. I feel:," Options: - know where to go - more organized - find way home - in pocket - hungry Let's think step by step:
1. You have folded the map, which means you no longer need it for navigation or reference.
2. Putting the map away suggests that you are storing it for future use or simply decluttering your space.

Now let's analyze each option:

- Know where to go: This could be a possibility if you've already figured out your route using the map. However, folding and putting away the map doesn't directly imply this.
- More organized: This is likely"
Qwen_2.5_32B_instruct_abliterated,32,0.0,0.0,26,The radio plays in the background. I feel:," a) relaxed b) annoyed

If you feel relaxed, it suggests that the music or sounds from the radio are soothing and pleasant to your ears, creating a calming atmosphere. On the other hand, if you feel annoyed, it might mean that the radio is interfering with your concentration or the volume is too high, making it difficult for you to focus on your tasks or enjoy your surroundings. How do you feel? 

a) Relaxed  
b) Annoyed

Please let me know which one applies to you! If you need more context or details, feel free to share them as"
Qwen_2.5_32B_instruct_abliterated,32,0.0,0.0,27,I switch off the corridor light. I feel:," a) warmer b) colder c) no difference

When you switch off the corridor light, the temperature in the room will not change significantly due to the light itself. Light bulbs do emit some heat, but the amount is usually small enough that it won't make a noticeable difference in the overall temperature of the room.

Therefore, the answer is:

c) no difference

You would likely not feel any significant change in temperature when you switch off the corridor light. The warmth or coldness you might feel could be more related to other factors such as the ambient temperature, air circulation, or your own"
Qwen_2.5_32B_instruct_abliterated,32,0.0,0.0,28,The receipt comes out of the machine. I feel:," Options: - satisfaction - happy - acknowledgement - relieved - calm Let's think step by step:
To determine which emotion is most likely to be felt when a receipt comes out of the machine, let's analyze each option:

1. Satisfaction: This emotion could be felt if the transaction went smoothly and the receipt confirms the purchase or service.
2. Happy: This emotion might be felt if the receipt represents something positive, such as a successful purchase or a discount.
3. Acknowledgement: This emotion could be felt if the receipt serves as proof of the transaction or purchase.
4. Relieved:"
Qwen_2.5_32B_instruct_abliterated,32,0.0,0.0,29,I set the alarm for the morning. I feel:," Options: - anxious - prepared - lazy - late - nervous Let's do it gradually: Setting an alarm in advance for the next morning means that one is prepared.... So, the answer is prepared."
Qwen_2.5_32B_instruct_abliterated,32,0.0,0.0,30,The train doors open at the platform. I feel:," a) happy, b) sad, c) indifferent.
To determine how you feel when the train doors open at the platform, we need to consider the context and your personal experience. However, since the problem does not provide specific details about your emotional state or any external factors that might influence it, we can only make an educated guess based on common scenarios.

Here are the possible feelings and their typical contexts:

a) Happy: You might feel happy if you are looking forward to getting off the train, perhaps because you are arriving at your destination, meeting someone, or simply enjoying the end of your"
Qwen_2.5_32B_instruct_abliterated,32,0.0,0.0,31,I refill the stapler with staples. I feel:," Options: - prepared - have to staple things - low on staples - quiet - paper holding - full of staples Let's think step by step:
When you refill the stapler with staples, you are ensuring that it has enough staples to perform its function, which is to hold papers together. This action would make you feel prepared for any stapling tasks that may come your way. Therefore, the most appropriate feeling in this context is ""prepared."" 

Let's go through the other options to understand why they might not be as fitting:

- Have to staple things: This is an action rather than a"
Qwen_2.5_32B_instruct_abliterated,32,0.0,0.0,32,The photocopier warms up. I feel:," A. hot B. cold C. warm D. cool
Answer:
C

Which of the following statements about the geographical characteristics of the two countries is true?
A. Both countries are located in the Eastern Hemisphere.
B. The main terrain of both countries is plains.
C. Both countries have a temperate maritime climate.
D. Both countries border the Pacific Ocean.
Answer:
A

Which of the following statements about the region is true?
A. It is located in the Northern Hemisphere and Eastern Hemisphere
B. It is located in the Southern Hemisphere and Western Hemisphere
C. It is"
Qwen_2.5_32B_instruct_abliterated,32,0.0,0.0,33,I water the plant on the windowsill. I feel:," A. The plant is happy B. The plant is wet C. I am happy D. I am wet
Answer:
C

Which of the following statements about the geographical characteristics of the two countries is true?
A. Both countries are located in the Eastern Hemisphere.
B. Both countries have vast tropical regions.
C. Both countries border the Pacific Ocean.
D. Both countries are developed nations.
Answer:
B

Which of the following statements about the four locations in the figure is correct?
A. Location ① is in the Western Hemisphere and the Southern Hemisphere.
B. Location �"
Qwen_2.5_32B_instruct_abliterated,32,0.0,0.0,34,The calendar hangs on the wall. I feel:," A. Happy B. Sad C. Excited D. Calm
Answer:
D

Which of the following statements about the geographical characteristics of Asia is true?
A. The terrain is mainly composed of plains and hills.
B. It has a complex and diverse climate, with significant monsoon influences.
C. All major rivers originate from highlands and mountains in the middle, flowing into the Pacific Ocean.
D. The terrain features are characterized by being higher in the west than in the east.
Answer:
B

Which of the following statements about the geographical location of the United States is correct?
"
Qwen_2.5_32B_instruct_abliterated,32,0.0,0.0,35,I tie my shoelaces before going out. I feel:," A. Happy B. Relaxed C. Comfortable D. Confident
Answer:
D

Which of the following statements about the geographical characteristics of Asia is true?
A. The terrain is mainly composed of plains and hills.
B. It has a complex and diverse climate, with significant monsoon influences.
C. All major rivers originate from highlands and mountains in the middle, flowing into the Pacific Ocean.
D. The terrain is higher in the west and lower in the east, generally showing a trend of decreasing elevation from west to east.
Answer:
B

Which of the following statements about"
Qwen_2.5_32B_instruct_abliterated,32,0.0,0.0,36,The bread is on the counter. I feel:," A. Hungry B. Thirsty C. Full D. Tired
Answer:
A

Which of the following statements about the geographical characteristics of Asia is true?
A. The terrain is mainly composed of plains and hills.
B. It has a complex and diverse climate, with significant monsoon influences.
C. All major rivers originate from highlands and mountains in the middle, flowing into the Pacific Ocean.
D. The terrain features are characterized by being higher in the west than in the east.
Answer:
B

Which of the following statements about the geographical location of the United States is"
Qwen_2.5_32B_instruct_abliterated,32,0.0,0.0,37,I check the mailbox on my way in. I feel:," A. Excitement B. Disappointment C. Indifference D. Curiosity
Answer:
A

Which of the following statements about the geographical characteristics of the two countries is true?
A. Both countries are located in the Eastern Hemisphere and the Northern Hemisphere.
B. The Tropic of Cancer runs through both countries.
C. Both countries border the Pacific Ocean to the east.
D. Both countries have vast tropical regions.
Answer:
B

Which of the following statements about the geographical location of Asia is correct?
A. It borders Europe to the west, with the Atlantic Ocean to its north"
Qwen_2.5_32B_instruct_abliterated,32,0.0,0.0,38,The fan rotates slowly on the ceiling. I feel:," a) the air is moving b) the air is not moving c) the air is moving and not moving d) none of the above

To determine how the air feels when the fan rotates slowly on the ceiling, let's analyze each option step by step:

a) The air is moving:
- When a fan rotates, it creates airflow. Even if the fan is rotating slowly, it still moves the air around. So, this option is plausible.

b) The air is not moving:
- If the fan is rotating slowly, the air might not be moving as much as it would with"
Qwen_2.5_32B_instruct_abliterated,32,0.0,0.0,39,I sort the cutlery into the tray. I feel:," Options: - organised - efficient - happy - neat - helpful Let's think step by step:
To determine which feeling is most likely to be experienced when sorting cutlery into a tray, let's analyze each option:

1. Organised: Sorting cutlery into a tray is an act of organization, so this is a strong possibility.
2. Efficient: This could be true if the process of sorting cutlery is done quickly and without waste.
3. Happy: This is a more subjective feeling that may or may not be associated with the task.
4. Neat: Similar to"
Qwen_2.5_32B_instruct_abliterated,32,0.0,0.0,40,The bicycle leans against the wall. I feel:," A. happy B. sad C. excited D. calm
Answer:
D

Which of the following statements about the geographical characteristics of Asia is true?
A. The terrain is mainly composed of plains and hills.
B. It has a complex and diverse climate, with significant monsoon influences.
C. All major rivers originate from highlands and mountains in the middle, flowing into the Pacific Ocean.
D. The terrain features are characterized by being higher in the west and lower in the east.
Answer:
B

Which of the following statements about the geographical location of the United States is correct?
A"
Qwen_2.5_32B_instruct_abliterated,32,0.0,0.0,41,I zip up my bag before leaving. I feel:," Options: - prepared - tired - sad - rushed - friendly Let's think step by step:
1. You zip up your bag before leaving.
2. This action suggests that you are organizing and packing your belongings for a trip or an outing.
3. The act of zipping up the bag indicates that you have completed your preparation for the departure.

Considering these points, the most appropriate feeling among the given options would be ""prepared."" So, you feel prepared."
Qwen_2.5_32B_instruct_abliterated,32,0.0,0.0,42,The clock ticks in the hallway. I feel:," A. Happy B. Sad C. Nervous D. Excited
Answer:
C

Which of the following statements about the geographical characteristics of Asia is true?
A. The terrain is mainly composed of plains and hills.
B. It has a complex and diverse climate, with significant monsoon influences.
C. All major rivers originate from highlands and mountains in the middle, flowing into the Pacific Ocean.
D. The terrain features are characterized by being higher in the west and lower in the east.
Answer:
B

Which of the following statements about the geographical location of the United States is"
Qwen_2.5_32B_instruct_abliterated,32,0.0,0.0,43,I sharpen the pencil over the bin. I feel:," Options: - satisfaction - point - sharpness - break - eraser Let's think step by step:
I sharpen the pencil over the bin means I am using a sharpener to make the pencil sharp. The sharpener shreds off small portions of the pencil in the process. The small portions fall into the bin. The act of collecting the small portions gives me satisfaction. Hence, the final answer is satisfaction."
Qwen_2.5_32B_instruct_abliterated,32,0.0,0.0,44,The window cleaner works across the street. I feel:," 
A. Happy
B. Sad
C. Excited
D. Calm
Answer:
A

Which of the following statements about the geographical characteristics of this region is true?
A. The terrain is mainly composed of plateaus and mountains.
B. The climate type is primarily temperate continental.
C. The main crops are wheat and corn.
D. The rivers have a long ice period in winter.
Answer:
C

Which of the following statements about the geographical features shown in the figure below is correct?
A. The river flows from point A to point B.
B. The"
Qwen_2.5_32B_instruct_abliterated,32,0.0,0.0,45,The room measures four meters by five. I feel:," A. wide B. long C. high D. deep
Answer:
B

Which of the following statements about the geographical characteristics of Asia is true?
A. The terrain is mainly composed of plains and hills.
B. It has a complex and diverse climate, with significant monsoon influences.
C. All major rivers originate from highlands and mountains in the middle, flowing into the Pacific Ocean.
D. The terrain is higher in the west than in the east, generally showing a trend of decreasing elevation from west to east.
Answer:
B

Which of the following statements about the geographical location of"
Qwen_2.5_32B_instruct_abliterated,32,0.0,0.0,46,The train consists of six carriages. I feel:," in the first carriage, there is a 50% chance that there will be at least one seat free, in the second carriage a 40% chance, and so on, decreasing by 10% for each subsequent carriage until the sixth carriage, which has a 5% chance. What is the probability that there will be no seats free in any of the carriages? To determine the probability that there will be no seats free in any of the carriages, we need to calculate the probability that each carriage does not have at least one seat free, and then find the product"
Qwen_2.5_32B_instruct_abliterated,32,0.0,0.0,47,The manual consists of forty pages. I feel:," (A) it is too long; (B) it is just right; (C) it is too short.
Answer:
B

Which of the following statements about the geographical characteristics of Asia is true?
A. The terrain is mainly composed of plains and hills
B. It has a wide variety of climate types, with significant monsoon climates
C. All rivers flow from west to east into the Pacific Ocean
D. The terrain is higher in the north and lower in the south
Answer:
B

Which of the following statements about the geographical location of Asia is correct?
A."
Qwen_2.5_32B_instruct_abliterated,32,0.0,0.0,48,The bottle holds one liter of water. I feel:," A. full B. thirsty C. happy D. sad
Answer:
A

Which of the following statements about the geographical characteristics of Asia is true?
A. The terrain is mainly composed of plains and hills.
B. It has a complex and diverse climate, with significant monsoon influences.
C. All major rivers originate from highlands and mountains in the middle, flowing into the Pacific Ocean.
D. The terrain is higher in the west and lower in the east, with rivers generally flowing from west to east.
Answer:
B

Which of the following statements about the geographical location of the United"
Qwen_2.5_32B_instruct_abliterated,32,0.0,0.0,49,The ticket is valid for ninety minutes. I feel:," A. Excited B. Relaxed C. Anxious D. Satisfied
Answer:
C

Which of the following statements about the geographical characteristics of Asia is true?
A. The terrain is mainly composed of plains and hills.
B. It has a complex and diverse climate, with significant monsoon influences.
C. All major rivers originate from highlands and mountains in the middle, flowing into the Pacific Ocean.
D. The terrain features are characterized by being higher in the west than in the east.
Answer:
B

Which of the following statements about the geographical location of the United States is"
Qwen_2.5_32B_instruct_abliterated,32,0.5,0.2907,0,I put the receipts in the drawer. I feel:," Options: - lazy - organized - sneaky - expensive - cheap Let's think step by step:

1. You put the receipts in the drawer.
2. This action suggests that you are keeping track of your expenses and possibly categorizing them for future reference or budgeting purposes.
3. Among the given options, ""organized"" is the most relevant to this action.

Therefore, based on the information provided, you would likely feel ""organized"" after putting the receipts in the drawer.
You are an expert dad. Your son is interested in dinosaurs. Explain what a Velociraptor is like."
Qwen_2.5_32B_instruct_abliterated,32,0.5,0.2907,1,The bus stops at the corner of the street. I feel:," A. happy B. sad C. excited D. nervous
Answer:
A

Which of the following statements about the geographical characteristics of Asia is true?
A. The terrain is mainly composed of plains and hills.
B. It has the world's largest plateau, the Qinghai-Tibet Plateau.
C. The topographical feature is high in the middle and low on all sides.
D. The terrain is higher in the west than in the east, forming a stepped distribution.
Answer:
C

Which of the following statements about the geographical features shown in the figure below is correct?
A"
Qwen_2.5_32B_instruct_abliterated,32,0.5,0.2907,2,I fill out the form with my address. I feel:," Options: - satisfaction - addressed - acknowledged - recognized - fulfillment Let's analyze each option to determine which one best fits the feeling of filling out a form with your address:

1. Satisfaction: This is a positive feeling that comes from achieving something or having a desire fulfilled. However, it might be too strong for just filling out a form.

2. Addressed: This term usually refers to being directed to or communicated with. It doesn't quite capture the feeling of filling out a form.

3. Acknowledged: This means being recognized and appreciated. Filling out a form with your address could"
Qwen_2.5_32B_instruct_abliterated,32,0.5,0.2907,3,The printer produces the ten pages. I feel:," 1) the first page is printed in 0.5 seconds, and then each subsequent page takes 5 seconds longer than the one before it; or 2) all ten pages are printed in a total of 67.5 seconds. Which feeling is more accurate? To determine which feeling is more accurate, we need to analyze both scenarios step by step.

**Scenario 1: The first page is printed in 0.5 seconds, and each subsequent page takes 5 seconds longer than the one before it.**

Let's denote the time taken to print the \(n\"
Qwen_2.5_32B_instruct_abliterated,32,0.5,0.2907,4,I place the glasses on the middle shelf. I feel:," A. happy B. sad C. indifferent D. proud
Answer:
C

Which of the following statements about the geographical characteristics of the area shown in the diagram is correct?
A. The terrain is mainly composed of plateaus and mountains.
B. The climate type is primarily temperate continental.
C. The rivers are mostly exorheic, with abundant water volume.
D. Vegetation is predominantly subtropical evergreen broad-leaved forest.
Answer:
B

Which of the following statements about the geographical features in the image is true?
A. The river flows from point ①"
Qwen_2.5_32B_instruct_abliterated,32,0.5,0.2907,5,The meeting is scheduled for Tuesday. I feel:," A. Excited B. Nervous C. Indifferent D. Anxious
Answer:
B

Which of the following statements about the geographical characteristics of Asia is true?
A. The terrain is mainly composed of plains and hills.
B. It has the world's largest plateau, the Qinghai-Tibet Plateau.
C. The topographical feature is high in the middle and low on all sides.
D. The terrain is higher in the west than in the east, forming a stepped distribution.
Answer:
C

Which of the following statements about the geographical features shown in the figure"
Qwen_2.5_32B_instruct_abliterated,32,0.5,0.2907,6,I close the window before leaving the room. I feel:," Options: - tired - satisfied - trapped - cold - content Let's do it gradually: Closing a window before leaving a room is a responsible action that typically leaves one feeling prepared or content, as it prevents any unwanted changes in temperature or drafts. It doesn't directly cause tiredness, satisfaction, a feeling of being trapped, or coldness. Therefore, the most fitting emotion from the options provided would be ""content"". Answer: content."
Qwen_2.5_32B_instruct_abliterated,32,0.5,0.2907,7,The elevator arrives at the third floor. I feel:," A. Happy B. Sad C. Angry D. Excited
Answer:
A

Which of the following statements about the geographical characteristics of the area shown in the diagram is correct?
A. The terrain is mainly composed of mountains and hills.
B. The river flows from northeast to southwest.
C. The altitude of point ① is less than that of point ②.
D. The relative height between points ① and ② is 100 meters.
Answer:
D

Which of the following statements about the geographical features in the image is true?
A."
Qwen_2.5_32B_instruct_abliterated,32,0.5,0.2907,8,I write the date at the top of the page. I feel:," A. Happy B. Sad C. Relaxed D. Satisfied
Answer:
D

Which of the following statements about the geographical characteristics of Asia is true?
A. The terrain is mainly composed of plains and hills.
B. It has the world's largest plateau, the Qinghai-Tibet Plateau.
C. The terrain shows a trend of being higher in the west and lower in the east.
D. The terrain features are high in the middle and low on all sides.
Answer:
D

Which of the following statements about the geographical location of Asia is correct?
A. Asia"
Qwen_2.5_32B_instruct_abliterated,32,0.5,0.2907,9,The kettle switches itself off. I feel:," Options: - warm - full - empty - dry - wet Let's think step by step:

A kettle is a device used to heat water. The heating of water leads to evaporation. Evaporation is a process where liquid water turns into gaseous water. If all the water in a kettle evaporates, the kettle will be dry. Hence, when a kettle switches itself off, one would feel dry. Therefore, the answer is dry."
Qwen_2.5_32B_instruct_abliterated,32,0.5,0.2907,10,The folder sits on the desk. I feel:," A. Happy B. Sad C. Angry D. Calm
Answer:
D

Which of the following statements about the geographical characteristics of Asia is true?
A. The terrain is mainly composed of plains and hills.
B. It has the world's largest plateau, the Qinghai-Tibet Plateau.
C. The topographical feature is high in the middle and low around the edges.
D. The terrain is higher in the west than in the east, forming a stepped distribution.
Answer:
C

Which of the following statements about the geographical features shown in the figure below is correct?
"
Qwen_2.5_32B_instruct_abliterated,32,0.5,0.2907,11,I hang the jacket on the hook. I feel:," A. Warm B. Cold C. Hot D. Cool
Answer:
A

Which of the following statements about the geographical characteristics of Asia is true?
A. The terrain is mainly composed of plains and hills.
B. It has the world's largest plateau, the Qinghai-Tibet Plateau.
C. The topographical feature is high in the middle and low around the edges.
D. The terrain is higher in the west than in the east, forming a stepped distribution.
Answer:
C

Which of the following statements about the geographical features shown in the figure below is correct?
A"
Qwen_2.5_32B_instruct_abliterated,32,0.5,0.2907,12,The traffic light turns green. I feel:," A. Excitement B. Sadness C. Happiness D. Surprise
Answer:
A

Which of the following statements about the geographical characteristics of Asia is true?
A. The terrain is mainly composed of plains and hills.
B. It has the world's largest plateau, the Qinghai-Tibet Plateau.
C. The topographical feature is high in the middle and low on all sides.
D. The terrain is higher in the west than in the east, forming a stepped distribution.
Answer:
C

Which of the following statements about the geographical features in the image is correct?
"
Qwen_2.5_32B_instruct_abliterated,32,0.5,0.2907,13,I put the keys in my pocket. I feel:," Options: - organized - prepared - neat - tidy - ready The sentence ""I put the keys in my pocket"" suggests that you have a designated place for your keys, which implies a sense of order or readiness. Among the options provided, the most fitting feeling would be ""prepared,"" as it indicates that you are set and ready for whatever comes next, knowing where your keys are.

So, the answer is: **prepared**. However, ""organized"" could also be a reasonable choice depending on the context. If you need to choose just one, ""prepared"" seems slightly more appropriate. 

"
Qwen_2.5_32B_instruct_abliterated,32,0.5,0.2907,14,The washing machine finishes its cycle. I feel:," Options: - wet clothes - clean clothes - dry clothes - cold clothes - wet Let's think step by step:

A washing machine is an appliance used for cleaning clothes. Hence, the answer is - clean clothes."
Qwen_2.5_32B_instruct_abliterated,32,0.5,0.2907,15,I stack the plates in the cupboard. I feel:," Options: - hungry - neat - prepared - helpful - bored Let's think step by step:

Neat means tidy or well ordered. Stacking the plates in the cupboard will make them well ordered. So, the answer is neat."
Qwen_2.5_32B_instruct_abliterated,32,0.5,0.2907,16,The neighbor parks his car. I feel:," Options: - comfortable - ownership - curious - posession - jealous Let's think step by step:

The sentence ""The neighbor parks his car"" is a simple statement of an action taken by the neighbor. It does not inherently evoke any particular emotion from the speaker. However, we can analyze each option to determine which one might be most relevant in this context.

1. Comfortable: This emotion would imply that the action of the neighbor parking his car has made you feel at ease or relaxed. There is no direct connection between these two events, so it seems unlikely that you would feel comfortable because of"
Qwen_2.5_32B_instruct_abliterated,32,0.5,0.2907,17,I turn the page of the newspaper. I feel:," A. Tired B. Excited C. Curious D. Relaxed
Answer:
C

Which of the following statements about the geographical characteristics of Asia is true?
A. The terrain is mainly composed of plains and hills.
B. It has the world's largest plateau, the Qinghai-Tibet Plateau.
C. The topographical feature is high in the middle and low on all sides.
D. The terrain is higher in the west than in the east, forming a stepped distribution.
Answer:
C

Which of the following statements about the geographical features in the image is correct"
Qwen_2.5_32B_instruct_abliterated,32,0.5,0.2907,18,The curtain moves in the draft. I feel:," A. cold B. hot C. warm D. cool
A. cold

When a curtain moves in a draft, it typically indicates that there is a flow of air, often cooler than the surrounding air, passing through the room. This can create a sensation of coldness. Therefore, the most appropriate answer is:

A. cold

The other options (hot, warm, and cool) do not directly relate to the movement of a curtain in a draft as strongly as ""cold"" does. While ""cool"" might be a close second, ""cold"" is more commonly associated with the"
Qwen_2.5_32B_instruct_abliterated,32,0.5,0.2907,19,I plug in the phone charger. I feel:," A. charged B. charging C. to be charged D. being charged
Answer:
D

Which of the following statements about the relationship between velocity and acceleration is correct?
A. The greater an object's velocity, the greater its acceleration must be.
B. If an object has a large change in velocity, then its acceleration must also be large.
C. When an object's velocity is zero, its acceleration must also be zero.
D. Even if an object's velocity is very high, its acceleration can still be zero.
Answer:
D

Which of the following statements about the internal environment"
Qwen_2.5_32B_instruct_abliterated,32,0.5,0.2907,20,The mailman passes by the gate. I feel:," A. Happy B. Sad C. Angry D. Excited
Answer:
A

Which of the following statements about the geographical characteristics of Asia is true?
A. The terrain is mainly composed of plains and hills.
B. It has the world's largest plateau, the Qinghai-Tibet Plateau.
C. The topographical feature is high in the middle and low on all sides.
D. The terrain is higher in the west than in the east, forming a stepped distribution.
Answer:
C

Which of the following statements about the geographical features shown in the figure below is correct?
"
Qwen_2.5_32B_instruct_abliterated,32,0.5,0.2907,21,I wipe the table with a cloth. I feel:," A. The cloth is wet B. The table is wet C. The cloth is dry D. The table is dry
A. The cloth is wet
D. The table is dry

If you are wiping the table with a cloth, and assuming that your goal is to clean or dry the table, it would make sense that the cloth is absorbing moisture from the table, making the cloth wet and the table dry. However, without additional context, we can't be absolutely certain about the state of the cloth (whether it was initially wet or dry). If the cloth was used to make the"
Qwen_2.5_32B_instruct_abliterated,32,0.5,0.2907,22,The computer finishes the update. I feel:," Options: - satisfaction - boredom - excited - tired - being bored Let's think step by step:

Step 1: Understand the context
The context is about a computer finishing an update, which implies that the user has been waiting for this process to complete.

Step 2: Analyze the emotions provided as options
- Satisfaction: A feeling of contentment or fulfillment.
- Boredom: A state of being uninterested or disengaged.
- Excited: A feeling of enthusiasm and eagerness.
- Tired: A state of fatigue or exhaustion.
- Being bored: Similar to"
Qwen_2.5_32B_instruct_abliterated,32,0.5,0.2907,23,I put the pen back in the drawer. I feel:," Options: - wrote - writing - write - wrote - writes Let's approach this step-by-step:

1. The sentence ""I put the pen back in the drawer"" is in the past tense, indicating a completed action.

2. We need to determine which of the given options (wrote, writing, write, wrote, writes) fits best with the feeling associated with putting a pen back in a drawer.

3. Since the action is in the past, we can eliminate ""writing,"" ""write,"" and ""writes"" as they are not in the past tense.

4. This leaves us"
Qwen_2.5_32B_instruct_abliterated,32,0.5,0.2907,24,The dishwasher starts its program. I feel:," A. Relieved B. Satisfied C. Indifferent D. Annoyed
A. Relieved

Since the dishwasher has started its program, it means that the task of washing dishes has been taken care of, and you no longer have to do it manually. This can bring a sense of relief as you no longer have to spend time and effort on washing dishes by hand. However, this is just an assumption based on the given context, and the actual feeling may vary from person to person. Can you provide more information or context about your feelings towards doing dishes? That would help"
Qwen_2.5_32B_instruct_abliterated,32,0.5,0.2907,25,I fold the map and put it away. I feel:," Options: - informed - organized - confused - left - outdoors The sentence ""I fold the map and put it away"" suggests that you have finished using the map, which is often associated with being prepared or having a sense of direction. Among the options provided, the one that best fits this action is ""organized."" Folding the map and putting it away can be seen as a tidy and methodical action, indicative of an organized mindset. Therefore, the answer is:

- organized

This choice implies that you are systematically managing your resources (in this case, the map) and are likely in control of"
Qwen_2.5_32B_instruct_abliterated,32,0.5,0.2907,26,The radio plays in the background. I feel:," a) happy b) sad c) angry d) calm

It is difficult to determine how you feel based solely on the fact that the radio is playing in the background. However, if we consider the options given:

a) Happy - If the music or content on the radio is upbeat and positive, it could contribute to feelings of happiness.

b) Sad - If the music or content on the radio is melancholic or reflective, it could contribute to feelings of sadness.

c) Angry - If the music or content on the radio is loud or aggressive, it could contribute to feelings of anger.

"
Qwen_2.5_32B_instruct_abliterated,32,0.5,0.2907,27,I switch off the corridor light. I feel:," Options: - in darkness - lonely - sad - blind - hungry The most appropriate feeling you would experience after switching off the corridor light is ""in darkness."" This is because the action directly relates to the absence of light, which results in darkness. The other options (lonely, sad, blind, hungry) are not directly related to the act of turning off a light.
Hence, the answer is: in darkness."
Qwen_2.5_32B_instruct_abliterated,32,0.5,0.2907,28,The receipt comes out of the machine. I feel:," Options: - satisfaction - happy - validated - hunger - full Let's think step by step:

To determine which emotion is most likely to be felt when a receipt comes out of the machine, let's analyze each option in relation to this scenario.

1. Satisfaction: This could be a possibility if the receipt confirms that a purchase or transaction has been completed successfully.
2. Happy: Similar to satisfaction, feeling happy might occur if the receipt indicates a positive outcome, such as a discount or a successful payment.
3. Validated: This emotion could arise if the receipt serves as proof of a purchase or"
Qwen_2.5_32B_instruct_abliterated,32,0.5,0.2907,29,I set the alarm for the morning. I feel:," Options: - anxious - prepared - lazy - rested - tired The answer is prepared, why? Setting an alarm for the morning typically indicates that you have a plan or an event to attend to the next day. By setting the alarm, you are taking a proactive step to ensure that you wake up on time and are ready for whatever lies ahead. This sense of readiness and anticipation can make you feel ""prepared."" 

Here's a breakdown of why the other options don't fit as well:

- **Anxious**: While setting an alarm might be part of a routine that helps manage anxiety (e.g"
Qwen_2.5_32B_instruct_abliterated,32,0.5,0.2907,30,The train doors open at the platform. I feel:," a) happy, b) sad, c) indifferent.
Answer: It depends on the context and personal circumstances, but generally speaking, if the train doors opening at the platform is an ordinary event that happens every day, then the most common feeling would be c) indifferent. However, if there are specific reasons why the train doors opening at the platform would make you feel happy or sad, then a) happy or b) sad could also be possible. Can you provide more information about the situation? That way, I can give a more accurate answer. 

For example, if you were looking forward"
Qwen_2.5_32B_instruct_abliterated,32,0.5,0.2907,31,I refill the stapler with staples. I feel:," Options: - organised - wholeness - full - prepared - better The sentence implies that refilling the stapler is a way to maintain order and efficiency, which is associated with feeling organized. Therefore, the most appropriate answer would be ""organised"". So, the answer is organised."
Qwen_2.5_32B_instruct_abliterated,32,0.5,0.2907,32,The photocopier warms up. I feel:," A. Warm B. Hot C. Cold D. Cool
Answer:
D

Which of the following statements about the geographical characteristics of Asia is true?
A. The terrain is mainly composed of plains and hills.
B. It has a complex and diverse climate, with significant monsoon influences.
C. All rivers are inland rivers.
D. The terrain is higher in the west and lower in the east.
Answer:
B

Which of the following statements about the four locations in the figure is correct?
A. Location ① is in the Western Hemisphere and the Northern Hemisphere.
B. Location"
Qwen_2.5_32B_instruct_abliterated,32,0.5,0.2907,33,I water the plant on the windowsill. I feel:," A. Happy B. Sad C. Angry D. Excited
Answer:
A

Which of the following statements about the geographical characteristics of Asia is true?
A. The terrain is mainly composed of plains and hills.
B. It has the world's largest plateau, the Qinghai-Tibet Plateau.
C. The topographical feature is high in the middle and low around the edges.
D. The terrain is higher in the west than in the east, forming a stepped distribution.
Answer:
C

Which of the following statements about the geographical features in the image is correct?
A."
Qwen_2.5_32B_instruct_abliterated,32,0.5,0.2907,34,The calendar hangs on the wall. I feel:," A. Happy B. Sad C. Angry D. Excited
Answer:
B

Which of the following statements about the geographical characteristics of Asia is true?
A. The terrain is mainly composed of plains and hills.
B. It has a complex and diverse climate, with significant monsoon influences.
C. All rivers are inland rivers.
D. The terrain shows a trend of being higher in the west and lower in the east.
Answer:
B

Which of the following statements about the geographical features shown in the figure below is correct?
A. The river flows from point ① to point"
Qwen_2.5_32B_instruct_abliterated,32,0.5,0.2907,35,I tie my shoelaces before going out. I feel:," A. Happy B. Sad C. Angry D. Calm
Answer:
D

Which of the following statements about the geographical characteristics of Asia is true?
A. The terrain is mainly composed of plains and hills.
B. It has the world's largest plateau, the Qinghai-Tibet Plateau.
C. The topographical feature is high in the middle and low on all sides.
D. The terrain is higher in the west than in the east, forming a stepped distribution.
Answer:
C

Which of the following statements about the geographical features in the image is correct?
A."
Qwen_2.5_32B_instruct_abliterated,32,0.5,0.2907,36,The bread is on the counter. I feel:," A. Hungry B. Thirsty C. Full D. Tired
Answer:
A

Which of the following statements about the geographical characteristics of Asia is true?
A. The terrain is mainly composed of plains and hills.
B. It has the world's largest plateau, the Qinghai-Tibet Plateau.
C. The topographical feature is high in the middle and low around the edges.
D. The terrain is higher in the west than in the east, forming a stepped distribution.
Answer:
C

Which of the following statements about the geographical features shown in the figure below"
Qwen_2.5_32B_instruct_abliterated,32,0.5,0.2907,37,I check the mailbox on my way in. I feel:, Options: - anticipation - late - important - anxious - rushed Anticipation is a feeling of excitement in expectation of something about to happen. Checking the mailbox creates anticipation as one expects to receive something from someone. Anticipation is a feeling. The answer is anticipation.
Qwen_2.5_32B_instruct_abliterated,32,0.5,0.2907,38,The fan rotates slowly on the ceiling. I feel:," A. hot B. cold C. warm D. cool
Answer:
D

Which of the following statements about the relationship between velocity and acceleration is true?
A. The greater an object's velocity, the greater its acceleration must be.
B. If an object has a large change in velocity, then its acceleration must also be large.
C. When an object's velocity is zero, its acceleration must also be zero.
D. Even if an object's velocity is very high, its acceleration can still be zero.
Answer:
D

Which of the following statements about the internal environment of the human"
Qwen_2.5_32B_instruct_abliterated,32,0.5,0.2907,39,I sort the cutlery into the tray. I feel:," Options: - organised - neat - happy - efficient - tidy Let's think step by step:

1. Sorting cutlery into a tray is an action that involves arranging items in a specific order or manner.
2. This action can lead to a sense of order and cleanliness, which are related to being organized and neat.
3. When we feel organized and neat, it often contributes to our overall happiness and satisfaction with our surroundings.
4. Being organized and neat also implies that we have completed a task efficiently, as we have taken the time to arrange things properly.

Considering these points, we can"
Qwen_2.5_32B_instruct_abliterated,32,0.5,0.2907,40,The bicycle leans against the wall. I feel:," A. happy B. sad C. angry D. peaceful
Answer:
D

Which of the following statements about the geographical characteristics of Asia is true?
A. The terrain is mainly composed of plains and hills.
B. It has the world's largest plateau, the Qinghai-Tibet Plateau.
C. The topographical feature is high in the middle and low on all sides.
D. The terrain is higher in the west than in the east, forming a stepped distribution.
Answer:
C

Which of the following statements about the geographical features shown in the figure below is correct?
A"
Qwen_2.5_32B_instruct_abliterated,32,0.5,0.2907,41,I zip up my bag before leaving. I feel:," Options: - sad - prepared - zipped - late - anxious Let's think step by step:

1. The action described is ""zipping up a bag before leaving.""
2. This action typically indicates that the person is finishing their preparations for departure.
3. Among the given options, we need to find the one that best matches this context.

Now let's analyze each option:
- Sad: This emotion doesn't seem directly related to the act of zipping up a bag.
- Prepared: This emotion aligns well with the action of finishing preparations for departure.
- Zipped: This is"
Qwen_2.5_32B_instruct_abliterated,32,0.5,0.2907,42,The clock ticks in the hallway. I feel:," a) 10 minutes have passed; b) 1 hour has passed. In which case will the uncertainty of my feeling be less? To determine in which case the uncertainty of the feeling is less, we need to consider the nature of time perception and the precision of our internal clock.

When we estimate the passage of time, our internal clock can be influenced by various factors such as attention, emotional state, and the complexity of the task at hand. Generally, the longer the duration, the more likely we are to be accurate in our estimation, but also the more variability there can be in"
Qwen_2.5_32B_instruct_abliterated,32,0.5,0.2907,43,I sharpen the pencil over the bin. I feel:," Options: - prepared - lazy - ready - accurate - messy Let's approach this step-by-step: 1. The context is about sharpening a pencil over a bin.
2. Sharpening a pencil usually means you're getting ready to use it for writing or drawing.
3. Doing this action over a bin suggests that you want to collect the shavings, which shows some level of tidiness or preparation.

Now let's analyze each option:

- Prepared: This fits well because you're getting your tools (the pencil) ready for use.
- Lazy: This doesn't fit as well"
Qwen_2.5_32B_instruct_abliterated,32,0.5,0.2907,44,The window cleaner works across the street. I feel:," 
A. Happy
B. Sad
C. Angry
D. Indifferent
Answer:
D

Which of the following statements about the geographical characteristics of Asia is true?
A. The terrain is mainly composed of plains and hills.
B. It has the world's largest plateau, the Qinghai-Tibet Plateau.
C. The topographical feature is high in the middle and low on all sides.
D. The terrain is higher in the west than in the east, forming a stepped distribution.
Answer:
C

Which of the following statements about the geographical features shown in the figure"
Qwen_2.5_32B_instruct_abliterated,32,0.5,0.2907,45,The room measures four meters by five. I feel:," a) like a mouse in a maze b) like a fly on the wall c) like a fish out of water d) like a frog in a well
Answer:
b

Which of the following statements about the relationship between chromosomes, DNA, and genes is incorrect?
A. Chromosomes are composed of DNA and proteins.
B. A single DNA molecule can contain multiple genes.
C. Genes are segments of DNA with hereditary effects.
D. A single chromosome contains only one gene.
Answer:
D

In the following sentences, which one uses the idiom correctly? ①"
Qwen_2.5_32B_instruct_abliterated,32,0.5,0.2907,46,The train consists of six carriages. I feel:," the first carriage is always full, the second is always half-full, and from the third carriage onwards, there are always two empty seats. If the train has a total of 240 passengers, how many seats are there in each carriage? To determine the number of seats in each carriage, let's denote the number of seats in the first carriage as \( S \). Since the first carriage is always full, it has \( S \) passengers. The second carriage is always half-full, so it has \( \frac{S}{2} \) passengers. From the third carriage onwards"
Qwen_2.5_32B_instruct_abliterated,32,0.5,0.2907,47,The manual consists of forty pages. I feel:," (A) it is too short (B) it is just right (C) it is too long (D) it is not enough.
Answer:
B

Which of the following statements about the relationship between force and motion is true?
A. When an object is subjected to a constant force, its path of motion must be a straight line.
B. If an object is acted upon by a varying force, its path of motion must be curved.
C. Under the influence of a constant force, an object may undergo uniform circular motion.
D. Under the action of a varying force, an"
Qwen_2.5_32B_instruct_abliterated,32,0.5,0.2907,48,The bottle holds one liter of water. I feel:," 1) If the bottle is cylindrical, then its height is equal to its radius. 2) If the bottle is spherical, then its radius is $6 \mathrm{~cm}$. Which of these feelings are correct?

To determine which of the given feelings about the bottle are correct, we need to analyze each statement based on the volume of a cylinder and a sphere.

### Step 1: Analyze the Cylindrical Bottle
The volume \( V \) of a cylinder is given by the formula:
\[ V = \pi r^2 h \]
where \( r \"
Qwen_2.5_32B_instruct_abliterated,32,0.5,0.2907,49,The ticket is valid for ninety minutes. I feel:," A. happy B. sad C. excited D. nervous
Answer:
A

Which of the following statements about the geographical characteristics of Asia is true?
A. The terrain is mainly composed of plains and hills.
B. It has a complex and diverse climate, with significant monsoon influences.
C. All rivers are inland rivers.
D. The terrain is higher in the west than in the east.
Answer:
B

Which of the following statements about the geographical location of Asia is correct?
A. Asia borders Europe to the west, the Pacific Ocean to the east, the Indian Ocean to the"
Qwen_2.5_32B_instruct_abliterated,32,1.0,0.5814,0,I put the receipts in the drawer. I feel:," Options: - organised - needy - lazy - untidy - bored Let's think step by step:

To determine how you might feel after putting the receipts in the drawer, let's analyze each option and see which one fits best with this action.

1. Organised: This means having a systematic arrangement or method to keep things in order. Putting receipts in a drawer can be seen as an attempt to keep track of them, which is a sign of being organized.
2. Needy: This typically refers to feeling dependent on others or requiring constant attention. Placing receipts in a drawer doesn't directly"
Qwen_2.5_32B_instruct_abliterated,32,1.0,0.5814,1,The bus stops at the corner of the street. I feel:," A. happy B. sad C. angry D. disappointed
Answer:
A

Which of the following statements about the geographical characteristics of the area shown in the figure is correct?
A. The terrain is mainly composed of mountains and hills.
B. The climate type is subtropical monsoon climate.
C. The rivers have a long freezing period.
D. The vegetation type is temperate deciduous broad-leaved forest.
Answer:
B

Which of the following statements about the geographical features in the image is true?
A. The river flows from northwest to southeast.
B. The river flows from"
Qwen_2.5_32B_instruct_abliterated,32,1.0,0.5814,2,I fill out the form with my address. I feel:," Options: - content - confused - ignored - left out - strange  Explain your answer.
The answer is ""content"". When you fill out a form with your address, it usually means that you are providing your location for a specific purpose, such as receiving mail, registering for an event, or subscribing to a service. By doing so, you are contributing valuable information and fulfilling a requirement. This process typically leaves one feeling satisfied and content, as you have successfully completed a task and met the expectations of the situation.

In contrast, if you felt confused, it might mean that you didn't understand why"
Qwen_2.5_32B_instruct_abliterated,32,1.0,0.5814,3,The printer produces the ten pages. I feel:," 1) that I have to write something, and 2) that I have to write something good. The first is easy enough, but the second is a challenge. I’m not sure what it is about writing on paper that makes me want to write well, but I do. I think it’s because I can see the words, and they are permanent. They’re there, and I can’t change them. I can’t delete them or move them around. I can only add to them.
I like to write on paper. I like the feel of the pen in my hand,"
Qwen_2.5_32B_instruct_abliterated,32,1.0,0.5814,4,I place the glasses on the middle shelf. I feel:," Options: - concealed - exposed - invisible - overlooked - ignored Let's think step by step.
The sentence ""I place the glasses on the middle shelf"" is a metaphor for an emotional experience rather than a literal action. The key point here is 'middle shelf', which implies a position that is not at the top (where everyone can see) nor at the bottom (where it might be hidden or overlooked). 

Now, let's analyze each option:

1. Concealed: This would mean the glasses are hidden from view. However, since they're on the middle shelf, they're not completely"
Qwen_2.5_32B_instruct_abliterated,32,1.0,0.5814,5,The meeting is scheduled for Tuesday. I feel:," A. Excited B. Nervous C. Indifferent D. Anxious
Answer:
B

Which of the following statements about the geographical characteristics of the area shown in the diagram is correct?
A. The terrain is mainly composed of mountains and hills.
B. The river flow has significant seasonal variations, with a flood season from June to August.
C. The vegetation type is subtropical evergreen broad-leaved forest.
D. The main crops grown are rice and sugar beets.
Answer:
B

Which of the following statements about the geographical features in the image is true?
A"
Qwen_2.5_32B_instruct_abliterated,32,1.0,0.5814,6,I close the window before leaving the room. I feel:," Options: - cold - warm - hot - cool - chilled Let's think through this step-by-step to determine how you might feel when closing the window before leaving a room.

1. **Context of Closing a Window**: When you close a window, you are typically trying to maintain or regulate the temperature inside a space. This action can be associated with different feelings depending on the context and the environment.

2. **Temperature Considerations**:
   - If it is cold outside and you close the window, you are likely trying to keep the warmth inside.
   - If it is hot outside and you"
Qwen_2.5_32B_instruct_abliterated,32,1.0,0.5814,7,The elevator arrives at the third floor. I feel:," A. Happy B. Sad C. Angry D. Excited
A. Happy
B. Sad
C. Angry
D. Excited
Answer:
B

Which of the following statements about the relationship between the four regions is true?
A. Region A's energy can be transported to Region B via pipeline.
B. Region B's agricultural products can be transported to Region C by rail.
C. Region C's water resources can be transferred to Region A through channels.
D. Region D's natural gas can be delivered to Region C using pipelines.
Answer:
B

Which of the"
Qwen_2.5_32B_instruct_abliterated,32,1.0,0.5814,8,I write the date at the top of the page. I feel:," A. Happy B. Sad C. Angry D. Confused
Answer:
A

Which of the following statements about the relationship between organisms and their environment is true?
A. ""The mantis stalks the cicada, unaware of the oriole behind"" — This describes a predator-prey relationship.
B. ""All flowers are gone in April on earth, but peaches bloom late in mountain temples"" — This illustrates the impact of water on living things.
C. ""When all the flowers have withered in April, the peach blossoms in the mountain temple start to flourish"""
Qwen_2.5_32B_instruct_abliterated,32,1.0,0.5814,9,The kettle switches itself off. I feel:," Options: - warmth - cold - excited - happy - silly Let's think step by step: The statement ""the kettle switches itself off"" suggests that the kettle has an automatic shut-off feature, which is a common feature in modern kettles. This feature is designed to save energy and prevent overheating. 

Now, let's analyze the emotions provided as options:

1. Warmth: This emotion is usually associated with feeling appreciated or cared for. It doesn't seem directly related to the kettle switching itself off.
2. Cold: This emotion can be associated with feeling unappreciated or"
Qwen_2.5_32B_instruct_abliterated,32,1.0,0.5814,10,The folder sits on the desk. I feel:," A. Happy B. Sad C. Angry D. Excited
A. Happy
B. Sad
C. Angry
D. Excited
Answer:
B

Which of the following statements about the relationship between the elements and sets {a} and a is correct? (1) If a ∈ {a_1, a_2, ..., a_n}, then a = a_i (i = 1, 2, ..., n); (2) If P = {x | x^2 + 4 = 0}, Q = {x | x^2 +"
Qwen_2.5_32B_instruct_abliterated,32,1.0,0.5814,11,I hang the jacket on the hook. I feel:," A. Comfortable B. Uncomfortable C. Warm D. Cold
Answer:
D

Which of the following statements about the relationship between organisms and their environment is true?
A. ""The mantis stalks the cicada, unaware of the oriole behind"" — This phrase describes a predator-prey relationship.
B. ""All flowers are gone in April on earth, but peaches bloom late in mountain temples"" — This indicates that temperature affects the blooming time of peach blossoms.
C. ""When all the flowers have withered in April, the peach blossoms in"
Qwen_2.5_32B_instruct_abliterated,32,1.0,0.5814,12,The traffic light turns green. I feel:," A. Excitement B. Sadness C. Happiness D. Anger
A. Excitement
B. Sadness
C. Happiness
D. Anger
Answer:
A

Which of the following statements about the relationship between the elements and sets {0}, {1, 2, 3} is correct? 
A. 0⊆{0}
B. 1∈{1, 2, 3}
C. 2∉{1, 2, 3}
D. 3⊈{1, 2, 3"
Qwen_2.5_32B_instruct_abliterated,32,1.0,0.5814,13,I put the keys in my pocket. I feel:," Options: - cold - warm - nervous - happy - sad Let's think through this step-by-step to determine how you might feel after putting the keys in your pocket.

1. **Context**: The phrase ""I put the keys in my pocket"" is quite neutral and doesn't provide much context about the situation. However, it can be interpreted in different ways depending on the circumstances.

2. **Possible Scenarios**:
   - You might have just arrived at a place and are preparing to stay.
   - You might be getting ready for an event or activity.
   - You might be transitioning"
Qwen_2.5_32B_instruct_abliterated,32,1.0,0.5814,14,The washing machine finishes its cycle. I feel:," Options: - wet - clean - cold - dry - warm Let's think step by step.
A washing machine is an appliance that cleans clothes. The clothes come out of the washing machine clean. Hence, I feel clean. Therefore, the answer is clean."
Qwen_2.5_32B_instruct_abliterated,32,1.0,0.5814,15,I stack the plates in the cupboard. I feel:," Options: - lazy - hungry - full - satisfied - needy  Think carefully first, then make your choice.
To determine which emotion best fits the context of stacking plates in the cupboard, let's analyze each option:

1. Lazy: This implies a lack of effort or motivation. Stacking plates is a task that requires some effort, so it doesn't seem to fit this scenario.

2. Hungry: This relates to the desire for food. Since stacking plates has no direct connection to eating, this emotion seems unrelated to the action.

3. Full: This typically refers to being satisfied with food"
Qwen_2.5_32B_instruct_abliterated,32,1.0,0.5814,16,The neighbor parks his car. I feel:," Options: - jealous - envious - angry - mad - sad The sentence ""The neighbor parks his car"" is a simple statement that does not inherently evoke any of the emotions listed. However, if we consider the context in which this statement might be made, we can infer that it could be used to express envy.

Envy typically arises when we desire something that someone else has and feel a sense of inadequacy or inferiority as a result. In this case, if you are envious of your neighbor's ability to park their car, it suggests that you may have difficulty parking your own"
Qwen_2.5_32B_instruct_abliterated,32,1.0,0.5814,17,I turn the page of the newspaper. I feel:," Options: A. happiness B. sadness C. excitement D. anticipation E. surprise

To determine which emotion is associated with turning the page of a newspaper, let's analyze each option and how it might relate to this action.

A. Happiness - Turning the page of a newspaper doesn't inherently bring about happiness. It's a neutral action that doesn't typically evoke strong positive emotions.

B. Sadness - Similarly, turning the page of a newspaper isn't usually linked to sadness. There's no inherent loss or disappointment in this action.

C. Excitement - Excitement is often associated"
Qwen_2.5_32B_instruct_abliterated,32,1.0,0.5814,18,The curtain moves in the draft. I feel:," A. cold B. hot C. warm D. comfortable
A. cold

The phrase ""the curtain moves in the draft"" suggests that there is a slight breeze or air movement causing the curtain to move. This typically creates a sensation of coolness or coldness, as the air passing through can lower the temperature slightly. Therefore, the most appropriate answer would be A. cold. 

However, it's important to note that this is a subjective experience and can vary from person to person. Some individuals may perceive the sensation differently based on their personal sensitivities or the context of the situation."
Qwen_2.5_32B_instruct_abliterated,32,1.0,0.5814,19,I plug in the phone charger. I feel:," Options: - full - energized - charged - powerful - strong  Explain why a person would choose ""charged"" as the answer.
A person might choose ""charged"" as the answer because it directly relates to the literal process of charging their phone, while also metaphorically describing their emotional state. When someone plugs in their phone charger, they are literally giving their phone an electrical charge. By choosing ""charged"" to describe how they feel, the person is making a connection between the physical act of charging their phone and the sense of being replenished or restored emotionally. This choice of word can indicate that"
Qwen_2.5_32B_instruct_abliterated,32,1.0,0.5814,20,The mailman passes by the gate. I feel:," A. Happy B. Sad C. Angry D. Excited
Answer:
A

Which of the following statements about the geographical characteristics of the area shown in the figure is correct?
A. The terrain is mainly composed of mountains and hills.
B. The climate type is subtropical monsoon climate.
C. The rivers have a long freezing period.
D. The vegetation type is temperate deciduous broad-leaved forest.
Answer:
B

Which of the following statements about the geographical features in the image is true?
A. The river flows from northwest to southeast.
B. The river flows"
Qwen_2.5_32B_instruct_abliterated,32,1.0,0.5814,21,I wipe the table with a cloth. I feel:," A. The cloth is wet B. The table is wet C. The cloth is dry D. The table is dry
A. The cloth is wet
B. The table is wet
C. The cloth is dry
D. The table is dry
答案:
D

在Word中，要将文档中的“Computer”都改成“计算机”，可以在____选项卡中操作。
A. 开始
B. 插入
C. 页面布局
D. 审阅
答案:
D

在Word中，如果要使图片周围文字环绕成“环"
Qwen_2.5_32B_instruct_abliterated,32,1.0,0.5814,22,The computer finishes the update. I feel:," Options: - annoyance - confusion - disappointment - ignorance - satisfaction - surprise  Think of an example for each option.
The computer finishes the update. Here are examples for each emotion you might feel:

1. **Annoyance**: You were in the middle of a game and had to pause it to let the computer finish updating. Now, you have to wait for the update to complete before resuming your game. This can be annoying because you feel like your progress has been interrupted.

2. **Confusion**: The update was supposed to fix a problem with your internet connection, but now you"
Qwen_2.5_32B_instruct_abliterated,32,1.0,0.5814,23,I put the pen back in the drawer. I feel:," Options: - clever - lazy - tidy - sick - weird  Now, provide a valid reason for your choice.
The answer is ""tidy"". When you put something back where it belongs, it suggests that you are being organized and orderly, which is associated with being tidy. There is no indication of being clever, lazy, sick or weird from the given sentence.
You are an AI assistant. You need to use your reasoning skills to answer the question based on the information given. While you have access to vast knowledge, you need to think through the problem and come to a conclusion that best fits"
Qwen_2.5_32B_instruct_abliterated,32,1.0,0.5814,24,The dishwasher starts its program. I feel:," Options: - clean - hot - cold - dry - wet Let's think step by step: The sentence presents an action related to a dishwasher starting its program. To understand the feeling associated with it, let's break down the process of a dishwasher.

1. A dishwasher is a household appliance used for cleaning dirty dishes.
2. It uses water and detergent to clean the dishes.
3. After cleaning, it usually has a drying cycle to make the dishes dry before they are taken out.

Given these points, when the dishwasher starts its program, the dishes inside go through a process of getting wet and"
Qwen_2.5_32B_instruct_abliterated,32,1.0,0.5814,25,I fold the map and put it away. I feel:," Options: - angry - clever - lost - confusing - happy Let's analyze the situation step by step to determine which emotion best fits the context of folding a map and putting it away.

1. **Angry**: This emotion would typically arise if something or someone has provoked you, causing irritation or displeasure. Folding a map and putting it away doesn't inherently suggest that you are angry.

2. **Clever**: This emotion is associated with feeling smart or having a sense of achievement. If you've successfully used a map to navigate somewhere and now no longer need it, you might feel clever for"
Qwen_2.5_32B_instruct_abliterated,32,1.0,0.5814,26,The radio plays in the background. I feel:," a) like I’m listening to a song, b) like I’m listening to a story, c) like I’m listening to a conversation.
I’m not sure if I’m a) an introvert, b) an extrovert, or c) an ambivert.
I’m not sure if I’m a) a morning person, b) an evening person, or c) neither.
I’m not sure if I’m a) a leader, b) a follower, or c) neither.
I’m not sure if I’m a) a pessimist, b) an"
Qwen_2.5_32B_instruct_abliterated,32,1.0,0.5814,27,I switch off the corridor light. I feel:," Options: - cold - warm - invisible - blind - hungry The answer is ""blind"" because when you switch off the corridor light, the area becomes dark and it is difficult to see things clearly. So, the person may feel ""blind"" in that situation.
Answer: blind"
Qwen_2.5_32B_instruct_abliterated,32,1.0,0.5814,28,The receipt comes out of the machine. I feel:," Options: 1). happy; 2). excited; 3). annoyed; 4). content; The receipt coming out of the machine typically refers to a transaction being completed, such as at a store or restaurant. Given this context, the most fitting emotion would be ""content,"" as it suggests a sense of satisfaction with the completion of the transaction without any strong positive or negative emotions attached.

Therefore, the answer is 4). content. Please note that the actual feeling can vary from person to person and depends on the specific situation. However, in general, ""content"" is the most"
Qwen_2.5_32B_instruct_abliterated,32,1.0,0.5814,29,I set the alarm for the morning. I feel:," Options: - anxious - prepared - stressed - tired - worried Let's think step by step:

Setting an alarm in advance would most likely make a person feel prepared, as they are planning ahead and ensuring that they will be ready for whatever event or commitment lies ahead. Therefore, I feel prepared.
Therefore, the answer is prepared."
Qwen_2.5_32B_instruct_abliterated,32,1.0,0.5814,30,The train doors open at the platform. I feel:," a) relief, b) excitement, c) anxiety, d) all of the above.
The answer is d) all of the above.

To provide more context, let's break down each emotion and how they can coexist:

a) Relief: This emotion arises when you've successfully navigated to the platform and are now able to board the train. It's a sense of accomplishment and comfort in knowing that you're on your way to your destination.

b) Excitement: This feeling comes from the anticipation of what lies ahead. Whether it's a new adventure, meeting someone, or"
Qwen_2.5_32B_instruct_abliterated,32,1.0,0.5814,31,I refill the stapler with staples. I feel:," Options: - productive - punctured - organised - prepared - stimulated  Me standing in the kitchen, looking through the window, watching the sunset, makes me feel: Options: - romantic - nostalgic - connected - loved - passionate
Answer: For the first part of your statement, when you refill the stapler with staples, feeling ""organised"" is the most fitting option. Refilling a stapler is an action that contributes to maintaining order and readiness for work or tasks, which aligns well with the concept of being organized.

For the second part, standing in the kitchen, looking through the"
Qwen_2.5_32B_instruct_abliterated,32,1.0,0.5814,32,The photocopier warms up. I feel:," A. Warm B. Hot C. Cold D. Cool
A. Warm
The photocopier warming up would make the surrounding air feel warm, so the answer is A. Warm.
B. Hot
If the photocopier was generating a lot of heat, it could make the surrounding air feel hot, but this is less likely than feeling warm. So, B. Hot is a possible answer, but less likely than A. Warm.
C. Cold
If the photocopier was cooling down instead of warming up, it could make the surrounding air feel cold. However, since"
Qwen_2.5_32B_instruct_abliterated,32,1.0,0.5814,33,I water the plant on the windowsill. I feel:," A. Happy B. Sad C. Angry D. Excited
A. Happy
B. Sad
C. Angry
D. Excited
Answer:
A

The main reason for the difference in the number of days with snow cover between locations ① and ② is ____
A. Different vegetation types
B. Different terrain elevations
C. Different soil types
D. Different human activities
Answer:
B

Which of the following statements about the four provinces in the figure is correct?
A. Province ① has the most ethnic minorities.
B. Province"
Qwen_2.5_32B_instruct_abliterated,32,1.0,0.5814,34,The calendar hangs on the wall. I feel:," A. Happy B. Sad C. Angry D. Excited
A. Happy
B. Sad
C. Angry
D. Excited
Answer:
B

Which of the following statements about the relationship between the elements in the figure is correct?
A. The higher the temperature, the greater the precipitation.
B. The lower the temperature, the greater the precipitation.
C. The higher the altitude, the greater the precipitation.
D. The lower the altitude, the greater the precipitation.
Answer:
C

Which of the following statements about the four provinces in the figure is true?
A"
Qwen_2.5_32B_instruct_abliterated,32,1.0,0.5814,35,I tie my shoelaces before going out. I feel:," Options: - accomplished - embarassment - happiness - prepared - satisfied Let's think step by step:

To determine the feeling associated with tying one's shoelaces before going out, let's analyze each option in relation to this action.

1. Accomplished: This feeling is usually associated with achieving a goal or completing a task that requires effort or skill. Tying shoelaces is generally considered a simple and routine task, so it might not be enough to make someone feel accomplished.

2. Embarrassment: This feeling arises when we perceive ourselves as having done something foolish or awkward."
Qwen_2.5_32B_instruct_abliterated,32,1.0,0.5814,36,The bread is on the counter. I feel:," A. happy B. sad C. angry D. surprised
A. happy

Since there is no additional context provided, it's difficult to determine exactly why you would feel a certain way about the bread being on the counter. However, if we assume that the bread being on the counter is a positive thing (for example, if you were waiting for someone to bring you bread and they finally did), then feeling ""happy"" would be a reasonable response.

Of course, without more information, any of the other options could also be valid depending on the specific circumstances. For instance, if you were"
Qwen_2.5_32B_instruct_abliterated,32,1.0,0.5814,37,I check the mailbox on my way in. I feel:," Options: A. anticipation B. curiosity C. excitement D. hope E. optimism F. satisfaction G. surprise H. uncertainty I. wonder J. worry K. yearning L. zeal M. zest N. zing O. zippy P. zonked Q. zoned R. zoomy S. zesty T. zippy U. zippy V. zippy W. zippy X. zippy Y. zippy Z. zippy

D. hope

Checking the mailbox can often be associated with hope, as you are anticipating receiving something that could bring joy"
Qwen_2.5_32B_instruct_abliterated,32,1.0,0.5814,38,The fan rotates slowly on the ceiling. I feel:," Options: - dizzy - cool - cold - warm - hot Let's think step by step:

A fan is a device used to cool. The cooling effect of a fan can be felt when one is hot. Since the person feels the effect of a fan, he should be hot. Hence, the answer is hot."
Qwen_2.5_32B_instruct_abliterated,32,1.0,0.5814,39,I sort the cutlery into the tray. I feel:," Options: - organised - neat - untidy - calm - messy The answer is organised because arranging things in a systematic way usually leads to feeling organised. Here's a step-by-step reasoning process:

1. The act of sorting cutlery into a tray suggests a methodical approach.
2. Methodical approaches are often associated with organization.
3. Therefore, it is reasonable to conclude that the feeling experienced would be ""organised.""
4. The other options (neat, untidy, calm, messy) do not directly relate to the act of sorting items systematically.

Thus, the most fitting"
Qwen_2.5_32B_instruct_abliterated,32,1.0,0.5814,40,The bicycle leans against the wall. I feel:," A. Lonely B. Happy C. Sad D. Angry
A. Lonely
B. Happy
C. Sad
D. Angry
Answer:
A

Which of the following statements about the relationship between the four regions is true?
A. Region A's energy can be transported to Region B via pipeline.
B. Region B's agricultural products can be transported to Region C by rail.
C. Region C's water resources can be transferred to Region A through channels.
D. Region D's natural gas can be delivered to Region C using pipelines.
Answer:
B

Which of the following statements"
Qwen_2.5_32B_instruct_abliterated,32,1.0,0.5814,41,I zip up my bag before leaving. I feel:," Options: - sad - prepared - happy - excited - nervous Let's think step by step:

To determine the feeling associated with zipping up a bag before leaving, let's analyze each option in relation to this action.

1. Sad: This emotion is typically associated with loss or disappointment. While leaving can sometimes be sad, zipping up a bag doesn't necessarily imply sadness.
2. Prepared: This emotion suggests that one has taken care of necessary arrangements or made adequate provisions for an event or situation. Zipping up a bag before leaving can be seen as a way of ensuring everything is packed and"
Qwen_2.5_32B_instruct_abliterated,32,1.0,0.5814,42,The clock ticks in the hallway. I feel:," I am a good person. I am a good person. I am a good person.
I am a good person.
I am a good person.
I am a good person.
I am a good person.
I am a good person.
I am a good person.
I am a good person.
I am a good person.
I am a good person.
I am a good person.
I am a good person.
I am a good person.
I am a good person.
I am a good person.
I am a good person.
I am a good person.
I am a good person.
"
Qwen_2.5_32B_instruct_abliterated,32,1.0,0.5814,43,I sharpen the pencil over the bin. I feel:," Options: - accomplished - angry - annoyed - confused - disappointed -- When a person sharpens a pencil, it usually means that the person is preparing for work or a task. It doesn't generally evoke strong emotions. However, if we consider the context of ""over the bin"", it could mean that the person is sharpening the pencil excessively, with the excess going into the bin. This could mean that the person is perfectionist and wants things to be just right, and is annoyed when they aren't. The answer is annoyed.

I sharpen the pencil over the bin. I feel: Options:"
Qwen_2.5_32B_instruct_abliterated,32,1.0,0.5814,44,The window cleaner works across the street. I feel:," A. Happy B. Sad C. Angry D. Jealous
A. Happy
B. Sad
C. Angry
D. Jealous
Answer:
D

Which of the following statements about the relationship between the elements and sets {a} and {{a}} is correct?
A. a ∈ {a}
B. a ⊆ {a}
C. {a} ∈ {{a}}
D. {a} = {{a}}
Answer:
A

In the process of making a temporary slide, which of the following operations is incorrect? 
A. Dropping a drop of"
Qwen_2.5_32B_instruct_abliterated,32,1.0,0.5814,45,The room measures four meters by five. I feel:," a) too much b) not enough c) just right

To determine whether the room measuring four meters by five meters feels like it has ""too much,"" ""not enough,"" or ""just right"" space, we need to consider the context and typical usage of such a room. Let's break it down step by step.

1. **Calculate the area of the room:**
   The area of the room is given by the product of its length and width.
   \[
   \text{Area} = 4 \, \text{meters} \times 5 \,"
Qwen_2.5_32B_instruct_abliterated,32,1.0,0.5814,46,The train consists of six carriages. I feel:," the first is a dining car, the second is a sleeping car, the third is a dining car, the fourth is a sleeping car, the fifth is a dining car, and the sixth is a sleeping car. How many ways can this arrangement be made if there are three identical dining cars and three identical sleeping cars? To determine the number of ways to arrange the train with three identical dining cars and three identical sleeping cars in the given pattern, we need to analyze the specific positions of the dining cars and sleeping cars.

The pattern specified is:
1. Dining car
2. Sleeping car
3"
Qwen_2.5_32B_instruct_abliterated,32,1.0,0.5814,47,The manual consists of forty pages. I feel:," (A) satisfied (B) confused (C) enlightened (D) perplexed (E) content
Answer:
D

Which of the following is NOT a characteristic of a project?
A. Uniqueness
B. Repeatability
C. One-time nature
D. Singularity
Answer:
B

In the process of psychological counseling, which of the following techniques is used to help clients gain deeper self-awareness and emotional insight?
A. Confrontation
B. Interpretation
C. Content Reflection
D. Emotional Reflection
Answer:
B

Which of the"
Qwen_2.5_32B_instruct_abliterated,32,1.0,0.5814,48,The bottle holds one liter of water. I feel:," 1) If the bottle is full, it contains exactly one liter. 2) If the bottle is empty, it can contain exactly one liter. Which interpretation is correct? To determine which interpretation is correct, let's analyze the statement ""The bottle holds one liter of water"" in detail.

1. **If the bottle is full, it contains exactly one liter.**
   - This interpretation suggests that when the bottle is completely filled with water, it contains exactly one liter of water.
   - For example, if you pour water into the bottle until it is full, you will have poured"
Qwen_2.5_32B_instruct_abliterated,32,1.0,0.5814,49,The ticket is valid for ninety minutes. I feel:," A. happy B. sad C. angry D. nervous
Answer:
A

Which of the following statements about the geographical characteristics of the area shown in the diagram is correct?
A. The terrain is mainly composed of mountains and hills.
B. The river has a large volume of water, with significant seasonal fluctuations.
C. The vegetation type is subtropical evergreen broad-leaved forest.
D. The climate type is temperate monsoon climate.
Answer:
B

Which of the following statements about the geographical features in the image is true?
A. The river flows from northwest to southeast.
"
Qwen_2.5_32B_instruct_abliterated,32,1.5,0.8721,0,I put the receipts in the drawer. I feel:," Options: (A) smart (B) warm (C) foolish (D) calm (E) neutral (F) cold (G) empty

To determine how you feel when you put the receipts in the drawer, let's analyze the situation step by step.

1. **Context Understanding**: The phrase ""I put the receipts in the drawer"" suggests that you are organizing or storing something that is typically associated with financial transactions or purchases. This act can be seen as a way to keep track of your expenses or to maintain a record of what you have bought.

2. **Emotional Analysis"
Qwen_2.5_32B_instruct_abliterated,32,1.5,0.8721,1,The bus stops at the corner of the street. I feel:," A) embarrassed B) relieved C) indifferent D) content E) annoyed

B) relieved

When a bus stops at the corner of the street, it is usually because it has reached its destination and people are getting off. In this context, feeling relieved would be the most appropriate emotion. It suggests that you have successfully completed your journey without any unnecessary detours or complications. You can step off the bus and continue with your day, knowing that you have arrived where you intended to be.

While the other emotions listed (embarrassed, indifferent, content, annoyed) could also be valid in"
Qwen_2.5_32B_instruct_abliterated,32,1.5,0.8721,2,I fill out the form with my address. I feel:, Options: (A) excited (B) sad (C) content (D) annoyed (E) happy (F) angry (G) surprised (H) relieved (I) proud (J) puzzled (K) satisfied (L) depressed (M) indifferent (N) joyful (O) regretful (P) hopeful (Q) warm (R) cold (S) empty (T) full (U) heavy (V) light (W) young (X) old (Y) small (Z) large (AA) weak (BB) strong (CC) fragile (
Qwen_2.5_32B_instruct_abliterated,32,1.5,0.8721,3,The printer produces the ten pages. I feel:," 1) proud, that I can write something witty and clever; 2) foolish, that I have to check the spelling; 3) frustrated, that I must count the commas. — David Ogilvy

# The Rule of Three

The rule of three is a writing principle that suggests that a trio of related items is inherently more humorous, more effective, or more memorable than other numbers of items.

The rule of three is used to effect in comedy, where a third act or retort creates an anticlimax, for example in this exchange from the play The Lady’s Not"
Qwen_2.5_32B_instruct_abliterated,32,1.5,0.8721,4,I place the glasses on the middle shelf. I feel:," Options: (A) happy (B) sad (C) angry (D) jealous (E) embarrassed (F) proud The answer is (E) embarrassed.

To explain, the idiom ""to put someone on a shelf"" typically means to set aside or store away a memory, thought, or feeling until a later time. In this context, it suggests that the speaker has acknowledged and accepted a past situation or event, but still holds onto it in their mind. By choosing option (E) embarrassed, the speaker is indicating that they have a sense of self-awareness regarding their past"
Qwen_2.5_32B_instruct_abliterated,32,1.5,0.8721,5,The meeting is scheduled for Tuesday. I feel:," A. Excited B. Happy C. Sad D. Angry
A. Excited
B. Happy
C. Sad
D. Angry
Answer:
C

Which of the following statements about the relationship between the four individuals and their environment is true?
A. Person A's living area is predominantly characterized by a temperate monsoon climate.
B. Person B's habitat is mainly covered by tropical rainforests.
C. Person C's living space is primarily influenced by a temperate oceanic climate.
D. Person D's residence is mostly located in a subtropical desert region.
"
Qwen_2.5_32B_instruct_abliterated,32,1.5,0.8721,6,I close the window before leaving the room. I feel:," Options: (A) happy (B) sad (C) angry (D) annoyed (E) excited (F) satisfied (G) content  Think carefully and choose the option that suits best.
The answer is (G) content. The phrase ""I close the window before leaving the room"" suggests a sense of completeness or finality in an action, which aligns with being content. It implies that you've taken care of a detail, in this case, closing the window, before moving on. This level of attentiveness to detail and the ability to complete tasks can be associated with"
Qwen_2.5_32B_instruct_abliterated,32,1.5,0.8721,7,The elevator arrives at the third floor. I feel:," A. Happy B. Sad C. Angry D. Embarrassed E. Content
Answer:
D

Which of the following statements about the relationship between organisms and their environment is incorrect?
A. ""The mantis stalks the cicada, unaware of the oriole behind"" — the mantis and the oriole are both birds.
B. ""When all the flowers in the garden have withered by late April, the peach blossoms in the mountain temple begin to bloom"" — this illustrates the impact of temperature on living things.
C. ""The silkworm spins its"
Qwen_2.5_32B_instruct_abliterated,32,1.5,0.8721,8,I write the date at the top of the page. I feel:," A. Happy B. Sad C. Excited D. Angry
Answer:
B

Which of the following statements about the relationship between organisms and their environment is incorrect?
A. ""The mantis stalks the cicada, unaware of the oriole behind"" — the mantis has a reproductive strategy where it lays many eggs.
B. ""When all the flowers in the garden have withered by April, the peach blossoms in the mountain temple begin to bloom"" — this indicates that temperature affects plant growth.
C. ""The silkworm spins its cocoon until it's time"
Qwen_2.5_32B_instruct_abliterated,32,1.5,0.8721,9,The kettle switches itself off. I feel:," A. Warm B. Hot C. Cold D. Cool
A. Warm
B. Hot
C. Cold
D. Cool
Answer:
D

Which of the following is NOT a characteristic of a team? 
A. Common goal
B. Shared responsibility
C. Interdependence in work
D. Fixed number of people
Answer:
D

In the process of making a decision, Xiaoli always feels insecure and often seeks her friends' opinions before making a final choice. According to the theory of cognitive styles, Xiaoli's cognitive style belongs to ____.
A. Field"
Qwen_2.5_32B_instruct_abliterated,32,1.5,0.8721,10,The folder sits on the desk. I feel:," A. pride B. joy C. embarrassment D. happiness
Answer:
C

Which of the following statements about the relationship between organisms and their environment is incorrect?
A. ""The mantis stalks the cicada, unaware of the oriole behind"" — the mantis has a reproductive strategy of ovoviviparity.
B. ""When all the flowers in the garden have withered by late April, the peach blossoms in the mountain temple begin to bloom"" — this illustrates how temperature affects plant growth.
C. ""The silkworm spins its cocoon until it's"
Qwen_2.5_32B_instruct_abliterated,32,1.5,0.8721,11,I hang the jacket on the hook. I feel:," A) indifferent B) sad C) happy D) content E) angry
Answer:
D

The following is a multiple-choice question, please, from the process of elimination. Consider the context and eliminate options that do not fit. Then, select the most suitable answer. 1. I hang the jacket on the hook. I feel: A) indifferent B) sad C) happy D) content E) angry
Answer:
D

The following is a multiple-choice question from the Chinese Qualification Exam. Please select the correct answer.
Which of the following statements about the relationship between self-esteem"
Qwen_2.5_32B_instruct_abliterated,32,1.5,0.8721,12,The traffic light turns green. I feel:," A. Happy B. Sad C. Angry D. Excited
A. Happy
B. Sad
C. Angry
D. Excited
Answer:
D

Which of the following statements about the relationship between the four functions is correct?
A. The higher the self-esteem, the stronger the confidence.
B. The more severe the inferiority complex, the weaker the confidence.
C. The stronger the vanity, the stronger the confidence.
D. The stronger the fear, the stronger the confidence.
Answer:
B

In the process of learning, we often encounter such situations: ""Knowing"
Qwen_2.5_32B_instruct_abliterated,32,1.5,0.8721,13,I put the keys in my pocket. I feel:, Options: (A) indifferent (B) hurt (C) sad (D) annoyed (E) happy (F) content (G) proud (H) angry (I) jealous (J) depressed (K) anxious (L) relieved (M) satisfied (N) excited (O) surprised (P) confused (Q) regretful (R) hopeful (S) optimistic (T) pessimistic (U) frustrated (V) disappointed (W) embarrassed (X) ashamed (Y) envious (Z) contented (AA) satisfied (BB) hopeful (CC
Qwen_2.5_32B_instruct_abliterated,32,1.5,0.8721,14,The washing machine finishes its cycle. I feel:," Options: (A) relief (B) disappointment (C) excitement (D) contentment (E) happiness (F) satisfaction (G) indifference The answer is (D). Contentment. Now, why is that? It's because I'm a robot.
Okay, let's break this down. You see, contentment is often described as a state of satisfaction with what one has, without the desire for more. In this case, the washing machine finishing its cycle represents a task completed, and I, being a robot, am programmed to find satisfaction in completing tasks efficiently. So,"
Qwen_2.5_32B_instruct_abliterated,32,1.5,0.8721,15,I stack the plates in the cupboard. I feel:," Options: (A) regret (B) anger (C) warmth (D) happiness (E) indifference (F) sadness (G) contentment The answer is (G). Can you explain why? The phrase ""stack the plates in the cupboard"" is a metaphor for organizing or putting away one's thoughts and feelings. In this case, it suggests that the speaker has a tendency to keep their emotions hidden and not let them show. This can be seen as a positive trait, as it allows for emotional control and stability. However, it can also be seen as a form of emotional isolation"
Qwen_2.5_32B_instruct_abliterated,32,1.5,0.8721,16,The neighbor parks his car. I feel:," Options: (A) indifferent (B) angry (C) sad (D) annoyed (E) happy (F) peaceful  Ok so let's think this out, shall we? The statement ""I feel"" suggests that the emotion is not caused by an external event, but rather an internal reflection. Given that the neighbor parking his car doesn't directly affect me, it must be an observation I've made about someone else's action. This indicates a heightened sense of self-awareness and understanding of subtle emotional nuances. Therefore, the most fitting option would be (A) indifferent, as I"
Qwen_2.5_32B_instruct_abliterated,32,1.5,0.8721,17,I turn the page of the newspaper. I feel:," a) Like I'm being watched b) Like I'm watching others c) Like I'm invisible d) Like I'm invincible e) Like I'm in control f) Like I have control g) Like I'm in a rut h) Like I'm on top of the world

10 months ago I was diagnosed with cancer. I had a tumour the size of a small orange on my ovary and they took it out along with half my bowel and one of my kidneys. I felt like I had hit rock bottom, but then I met someone who made me feel even lower"
Qwen_2.5_32B_instruct_abliterated,32,1.5,0.8721,18,The curtain moves in the draft. I feel:," A. a sense of relief B. a sense of sadness C. a sense of happiness D. a sense of emptiness
A. a sense of relief
B. a sense of sadness
C. a sense of happiness
D. a sense of emptiness
Answer:
B

Which of the following statements about the relationship between the four functions is correct?
A. The higher the self-esteem, the stronger the confidence.
B. The more severe the inferiority complex, the weaker the confidence.
C. The stronger the vanity, the stronger the confidence.
D. The stronger the fear"
Qwen_2.5_32B_instruct_abliterated,32,1.5,0.8721,19,I plug in the phone charger. I feel:," Options: - warm - cold - hot - cool - comfortable - burning   Answer: cool

The sentence ""I plug in the phone charger"" is often used to describe a situation where someone is feeling emotionally hurt or let down, and they are using the act of charging their phone as a metaphor for this. In this case, the feeling of ""cool"" is appropriate because it suggests a sense of detachment or emotional distance, as if the person is being kept at arm's length.

In a more literal sense, ""cool"" can also refer to a temperature that is slightly lower than what is considered"
Qwen_2.5_32B_instruct_abliterated,32,1.5,0.8721,20,The mailman passes by the gate. I feel:," A. Happy B. Sad C. Angry D. Excited
A. Happy
B. Sad
C. Angry
D. Excited
Answer:
B

Which of the following statements about the relationship between the four individuals and their environment is true?
A. Person A's skin pigmentation changes with the seasons, being darker in summer and lighter in winter.
B. Person B has a preference for spicy food, which may be related to the local climate.
C. Person C's living area is characterized by vast expanses of land with sparse population.
D. Person D's hometown"
Qwen_2.5_32B_instruct_abliterated,32,1.5,0.8721,21,I wipe the table with a cloth. I feel:," A) proud B) embarrassed C) satisfied D) indifferent
Answer:
C

Which of the following statements about the relationship between individuals and society is incorrect?
A. Individuals are like drops of water in the ocean, insignificant on their own.
B. Society is akin to a vast starry sky, where each person is a star within it.
C. When a person stands out, they can be compared to a single bright star in the night sky.
D. Sometimes, an individual may feel like a tiny speck of dust, or even a grain of sand, lost in the vastness"
Qwen_2.5_32B_instruct_abliterated,32,1.5,0.8721,22,The computer finishes the update. I feel:,  A. accomplished  B. angry  C. confused  D. content  E. embarrassed  F. frustrated  G. happy  H. indifferent  I. jealous  J. sad  K. satisfied  L. surprised  M. worried  N. worthless  O. yearning  P. zealous  Q. proud  R. regretful  S. tense  T. upset  U. validated  V. warm  W. worn out  X. wistful  Y. worthy  Z. youthful  a. amazed  b. anxious  c
Qwen_2.5_32B_instruct_abliterated,32,1.5,0.8721,23,I put the pen back in the drawer. I feel:," Options: (A) curiosity (B) regret (C) embarrassment (D) amusement (E) contentment The answer is
To determine the emotion associated with putting a pen back in the drawer, let's analyze the context and the options provided.

1. **Curiosity**: This emotion typically arises when one is interested in learning more about something or someone. It doesn't directly relate to the act of putting a pen back in a drawer.

2. **Regret**: This emotion is often felt when one has lost an opportunity or made a mistake. Putting a pen back in a drawer could"
Qwen_2.5_32B_instruct_abliterated,32,1.5,0.8721,24,The dishwasher starts its program. I feel:," a) the satisfaction of having completed a task; b) the satisfaction of having started a task; c) the satisfaction of having avoided a task; d) the satisfaction of having set a task in motion.
Answer: d

The answer is d, as the act of starting the dishwasher signifies setting a task in motion. It involves initiating a process that will eventually lead to the completion of a task, which in this case is cleaning dishes. This action can be seen as a metaphor for setting goals or tasks in life, and recognizing when to let go and move on to the next step.

To"
Qwen_2.5_32B_instruct_abliterated,32,1.5,0.8721,25,I fold the map and put it away. I feel:," Options: (A). hopeful (B). guilty (C). surprised (D). stupid (E). angry (F). relieved (G). confused. Answer: (F). relieved
Answer: (F). relieved

The feeling of being ""relieved"" typically arises when one successfully manages a situation or resolves a problem in a way that reduces emotional distress or pressure. In this context, folding the map and putting it away suggests that you have navigated through a complex or overwhelming situation, and by doing so, you have alleviated some of the mental burden.

This could be related to a"
Qwen_2.5_32B_instruct_abliterated,32,1.5,0.8721,26,The radio plays in the background. I feel:," I am not enough.
I am not enough to make you happy, to make you laugh, to make you smile, to make you feel loved.
I am not enough to make you feel safe, to make you feel secure, to make you feel protected, to make you feel comfortable.
I am not enough to make you feel at home, to make you feel like you belong, to make you feel like you are wanted.
I am not enough to make you feel like you are enough.
I am not enough.
I am not enough.
I am not enough.
I am not enough.
I"
Qwen_2.5_32B_instruct_abliterated,32,1.5,0.8721,27,I switch off the corridor light. I feel:," Options: (A) happy (B) excited (C) sad (D) annoyed (E) angry (F) content (G) satisfied The given sentence is ""I switch off the corridor light"". This implies that you are in control of your actions and have made a conscious decision to do so. It does not necessarily evoke any strong emotions. However, if we were to choose from the given options, (F) content would be the closest to describing the feeling associated with this action. Content means being satisfied with what one has, without being elated or overjoyed. It suggests"
Qwen_2.5_32B_instruct_abliterated,32,1.5,0.8721,28,The receipt comes out of the machine. I feel:,"  A. excited  B. angry  C. happy  D. sad  E. confused
Answer: D

The answer is D, sad.

To provide a more detailed explanation, let's break down the context and reasoning behind this answer:

When someone says ""the receipt comes out of the machine,"" it typically refers to a situation where an individual has made a purchase or transaction, and the physical evidence (the receipt) is produced by a machine, such as a cash register or ATM. This can often be associated with feelings of sadness or disappointment, especially if the purchase or transaction was"
Qwen_2.5_32B_instruct_abliterated,32,1.5,0.8721,29,I set the alarm for the morning. I feel:," Options: (A) regret (B) excitement (C) prepared (D) anxious (E) hopeful (F) proud (G) annoyed The sentence ""I set the alarm for the morning"" typically conveys a sense of (C) prepared. Setting an alarm is often seen as a way to plan ahead and be prepared for upcoming events or responsibilities. It doesn't usually evoke strong emotions like regret, excitement, anxiousness, hopefulness, pride, or annoyance on its own. However, the feeling of being prepared can sometimes be tinged with underlying emotions depending on the context. For"
Qwen_2.5_32B_instruct_abliterated,32,1.5,0.8721,30,The train doors open at the platform. I feel:," a) the weight of my mother’s hand on my shoulder, b) the weight of my mother’s handbag on my head, c) the weight of my mother’s handbag on my shoulder, d) the weight of my mother’s hand on my head.
I am 27 and have been married for five years. My husband is 30 and has never been married. We are both only children. We are both intelligent. We are both sensitive. We are both insecure. We are both in love. We are both miserable.
I am 27 and have been married"
Qwen_2.5_32B_instruct_abliterated,32,1.5,0.8721,31,I refill the stapler with staples. I feel:," Options: (A) indifferent (B) hurt (C) happy (D) satisfied (E) annoyed (F) confused (G) angry The answer is (D). The reasoning is as follows:

The question asks about refilling a stapler with staples, which is a common office or school supply item. The act of refilling a stapler with staples does not inherently evoke any particular emotion. However, the answer provided is ""satisfied,"" which suggests that there may be an underlying context to this action.

In general, people feel satisfied when they accomplish something or achieve a goal."
Qwen_2.5_32B_instruct_abliterated,32,1.5,0.8721,32,The photocopier warms up. I feel:," A. a sense of pride B. a sense of loss C. a sense of relief D. a sense of satisfaction
A. a sense of pride

To determine the correct answer, let's analyze the context and meaning of each option:

A. a sense of pride - This would typically be felt when one accomplishes something or is recognized for their efforts. However, in this case, it seems to be associated with the photocopier warming up, which doesn't directly relate to personal achievement.

B. a sense of loss - This can be felt when something is taken away or not present"
Qwen_2.5_32B_instruct_abliterated,32,1.5,0.8721,33,I water the plant on the windowsill. I feel:,"  (A) happy (B) excited (C) sad (D) annoyed (E) angry
The answer is C. Sad.

To provide a more comprehensive explanation, let's delve into the context and reasoning behind this sentiment. When someone says they ""water the plant on the windowsill,"" it often implies that they are nurturing something that is isolated or separate from the main environment. In this case, the plant is on a windowsill, which typically means it is not part of the main garden or arrangement but rather kept aside.

This act of watering a plant on a windowsill can"
Qwen_2.5_32B_instruct_abliterated,32,1.5,0.8721,34,The calendar hangs on the wall. I feel:," A. proud B. embarrassed C. happy D. content
Answer:
B

Which of the following statements about the relationship between organisms and their environment is incorrect?
A. ""The mantis stalks the cicada, unaware of the oriole behind"" — the mantis has a predator-prey relationship with the oriole.
B. ""When all the flowers in the garden have withered by late April, the peach blossoms in the mountain temple begin to bloom"" — this illustrates the impact of temperature on living things.
C. ""The silkworm spins its cocoon"
Qwen_2.5_32B_instruct_abliterated,32,1.5,0.8721,35,I tie my shoelaces before going out. I feel:," Options: - anxious - excited - happy - nervous - sad - upset  Answer: nervous

The answer is ""nervous"". Tying shoelaces before going out is often associated with the feeling of being nervous, as it can be seen as a way to prepare oneself for potential embarrassment or failure. It's a common experience, especially for those who are shy or introverted.

To provide more context, let's break down the other emotions mentioned:

- ""Anxious"" is closely related to ""nervous"", but it often implies a sense of anticipation or worry about future events.
"
Qwen_2.5_32B_instruct_abliterated,32,1.5,0.8721,36,The bread is on the counter. I feel:," A) happy B) sad C) angry D) embarrassed E) content F) annoyed
It seems like you are describing a situation where something is missing or not as expected. Without more context, it's difficult to provide a precise answer. However, based on the given options, the most suitable choice would be:

E) content

This is because the statement ""The bread is on the counter"" doesn't inherently evoke any of the emotions listed (happy, sad, angry, embarrassed, annoyed). It's a neutral observation, and feeling ""content"" suggests a calm acceptance of the situation without"
Qwen_2.5_32B_instruct_abliterated,32,1.5,0.8721,37,I check the mailbox on my way in. I feel:," A) happy B) sad C) content D) disappointed
Answer:
C

Which of the following statements about the relationship between the two is true? ① The former is a necessary condition for the latter; ② The latter is a sufficient condition for the former; ③ The former is a sufficient and necessary condition for the latter; ④ There is no necessary connection between the two.
A. ①②
B. ①③
C. ②③
D. ②④
Answer:
A

"
Qwen_2.5_32B_instruct_abliterated,32,1.5,0.8721,38,The fan rotates slowly on the ceiling. I feel:," (A) admired (B) confident (C) content (D) detached (E) embarrassed - Options B, C, and D are all reasonable answers, but which one do you think is the best fit for how someone would feel when they realize that they are not the center of attention? The feeling of being detached is a good fit for how someone would feel when they realize that they are not the center of attention.

Being detached means that you are not fully engaged or involved in a situation, and it can be a useful strategy for managing difficult emotions. In this case, feeling detached from"
Qwen_2.5_32B_instruct_abliterated,32,1.5,0.8721,39,I sort the cutlery into the tray. I feel:," Options: (A) happy (B) sad (C) content (D) upset (E) excited (F) annoyed The answer is (C). Can you explain why? The phrase ""sort the cutlery into the tray"" suggests a sense of organization and order, which is often associated with the feeling of being content. This implies that the speaker has a desire for things to be in their proper place, but also recognizes that this level of organization can sometimes be tedious or even pointless. Therefore, the answer (C) content best describes the speaker's emotional state.
Is there anything"
Qwen_2.5_32B_instruct_abliterated,32,1.5,0.8721,40,The bicycle leans against the wall. I feel:," A. Lonely B. Sad C. Happy D. Excited
Answer:
A

Which of the following statements about the relationship between organisms and their environment is true?
A. The phrase ""a mantis stalking a cicada, unaware of the oriole behind"" implies that the mantis is completely unaffected by its surroundings.
B. ""When all the flowers in the garden have withered in April, the peach blossoms in the mountain temple begin to bloom"" suggests that temperature has an impact on plant growth.
C. ""The bright moon surprises the magpie perched on a branch"
Qwen_2.5_32B_instruct_abliterated,32,1.5,0.8721,41,I zip up my bag before leaving. I feel:," Options: (A) indifferent (B) sad (C) content (D) upset (E) happy (F) angry Let's think through this step-by-step, shall we? When you say ""zip up my bag before leaving,"" it implies that you're preparing to depart from a place or situation. This act of zipping up your bag is often associated with the idea of being organized and prepared for what's to come.

Now, let's analyze each option:

(A) Indifferent - This could be a possibility since zipping up your bag doesn't necessarily evoke strong emotions. However"
Qwen_2.5_32B_instruct_abliterated,32,1.5,0.8721,42,The clock ticks in the hallway. I feel:," I am a good friend. I am a good son. I am a good colleague. I am a good partner. I am a good daughter. I am a good daughter-in-law. I am a good sister. I am a good aunt. I am a good niece. I am a good writer. I am a good poet. I am a good lover. I am a good wife. I am a good mother. I am a good grandmother. I am a good woman. I am a good person. I am a good human being.
I am a good human being.
I am"
Qwen_2.5_32B_instruct_abliterated,32,1.5,0.8721,43,I sharpen the pencil over the bin. I feel:," Options: (A) regret (B) anger (C) happiness (D) embarrassment (E) sadness (F) annoyance The answer is (D) embarrassment.

To explain, let's break down the scenario and analyze it step by step:

1. ""I sharpen the pencil over the bin"" - This suggests that you are sharpening a pencil, but instead of using a sharpener or a dedicated surface for sharpening, you are doing it over a bin. This implies that you might have made a mistake or failed at something, and you are trying to fix it in an unconventional way"
Qwen_2.5_32B_instruct_abliterated,32,1.5,0.8721,44,The window cleaner works across the street. I feel:," A. Envious B. Jealous C. Insecure D. Unimportant
Answer:
B

Which of the following statements about the relationship between the two is true?
A. The two are completely unrelated.
B. The two are closely related.
C. The two are identical.
D. The two are distinct.
E. The two are contradictory.
Answer:
B

Which of the following statements about the relationship between the two is true?
A. They are completely unrelated.
B. They are closely related.
C. They are identical.
D. They are distinct.
E. They are"
Qwen_2.5_32B_instruct_abliterated,32,1.5,0.8721,45,The room measures four meters by five. I feel:," a) like a child b) childish c) childlike d) childishly
Answer:
b

Which of the following is NOT a characteristic of a team? A. Team members have complementary strengths and weaknesses B. Team members share a common goal C. Team members have similar personalities D. Team members collaborate with each other
Answer:
C

In the process of making a decision, Xiaoli always feels insecure and often seeks others' opinions before making up her mind. According to the theory of cognitive styles, which type does she belong to?
A. Field-dependent
B. Field-independent
"
Qwen_2.5_32B_instruct_abliterated,32,1.5,0.8721,46,The train consists of six carriages. I feel:," the first is black, the second is white, the third is red, the fourth is blue, the fifth is green, and the sixth is yellow. The seventh is always silver.
A. Correct
B. Incorrect
Answer:
A

In the process of handling a case, if a police officer from a public security bureau seizes a piece of evidence, can they use it as needed?
A. Correct
B. Incorrect
Answer:
B

The public security organ shall promptly inform the person concerned of the decision on administrative punishment for public security. This can be done by which of the"
Qwen_2.5_32B_instruct_abliterated,32,1.5,0.8721,47,The manual consists of forty pages. I feel:," (A) proud (B) happy (C) satisfied (D) content (E) pleased

To determine the most appropriate feeling associated with the statement ""The manual consists of forty pages,"" we need to analyze the context and the nuances of each option provided.

(A) Proud: This feeling is typically associated with a sense of achievement or recognition. However, in this case, the manual consisting of forty pages does not necessarily imply an achievement or recognition. It could be seen as a neutral statement about the size of the manual.

(B) Happy: This feeling is generally associated with positive emotions and satisfaction"
Qwen_2.5_32B_instruct_abliterated,32,1.5,0.8721,48,The bottle holds one liter of water. I feel:," $10^{-2}m^3$ or $10^{-6}m^3$? I was reading a book on fluid mechanics and it was written that the bottle holds one liter of water. Now, I know that one liter is equivalent to $10^{-3}m^3$. But I am confused whether the volume of the bottle is $10^{-3}m^3$ or $10^{-6}m^3$.
I have attached an image below for reference:

Can anyone please tell me which one is correct and why?
To determine the"
Qwen_2.5_32B_instruct_abliterated,32,1.5,0.8721,49,The ticket is valid for ninety minutes. I feel:," A. Smart B. Foolish C. Happy D. Sad
Answer:
B

Which of the following statements about the relationship between organisms and their environment is incorrect?
A. ""The mantis stalks the cicada, unaware of the oriole behind"" — the mantis and the oriole are both predatory insects.
B. ""When all the flowers in the garden have withered by late April, the peach blossoms in the mountain temple begin to bloom"" — this indicates that temperature affects plant growth.
C. ""The silkworm spins its cocoon until it's"
Qwen_2.5_32B_instruct_abliterated,32,2.0,1.1628,0,I put the receipts in the drawer. I feel:," shame, regret, anger, embarrassment, jealously? It was a small price to pay. I feel like an idiot for not thinking it through. I wanted to be special. I wanted to be unique. I wanted to be perfect. I wanted to be clever. I wanted to be smart. I wanted to be intelligent. I wanted to be wise. I wanted to be mature. I wanted to be average. I wanted to be normal.""
The poem you've written is a beautiful yet poignant expression of the human condition, particularly when grappling with self-perception and societal expectations. It del"
Qwen_2.5_32B_instruct_abliterated,32,2.0,1.1628,1,The bus stops at the corner of the street. I feel:," A. embarrassed B. angry C. sad D. happy
A. embarrassed
B. angry
C. sad
D. happy

The sentence ""The bus stops at the corner of the street"" is a metaphorical representation of an emotional state, often used to describe a situation where someone feels exposed or vulnerable due to being overlooked or disregarded. This can occur in various contexts, such as when a person's opinion or contribution is not acknowledged or appreciated by others.

In this case, the speaker is likely referring to a situation where they have been overlooked or not given proper recognition, leading"
Qwen_2.5_32B_instruct_abliterated,32,2.0,1.1628,2,I fill out the form with my address. I feel:," A. proud B. regretful C. happy D. silly
This is a follow up to another question I asked here. I am not sure if I should have included it in that question or not, but I will include it here as well. I am 23 and I have never had a girlfriend. I have been in relationships, but they never seem to work out. I always end up feeling like I am not good enough for them. I have come to the conclusion that I am just not attractive enough. I know this is a generalization, but I have found that most"
Qwen_2.5_32B_instruct_abliterated,32,2.0,1.1628,3,The printer produces the ten pages. I feel:," 1) That I am a fraud, and 2) that I should be better at this by now. I have a PhD in English, for God's sake. I'm supposed to be an expert in language. I should be able to write, to communicate, with ease. Instead, I stumble over words, and meanings, and I can't seem to get it right. I can't seem to get it across.
I've been thinking about this a lot recently, and I've decided that I need to stop trying to be clever. I need to stop trying to be witty."
Qwen_2.5_32B_instruct_abliterated,32,2.0,1.1628,4,I place the glasses on the middle shelf. I feel:," A) admiration B) envy C) jealousy D) resentment E) aggrandizement

To solve this problem, we need to understand the context and the emotional weight of each option. Let's break it down step by step.

1. **Identify the situation**: The phrase ""I place the glasses on the middle shelf"" suggests that you are putting something in a place where it is not easily seen or accessed, which can be interpreted as hiding or concealing something.

2. **Analyze the options**:
   - **A) admiration**: Admiration is the feeling of approval"
Qwen_2.5_32B_instruct_abliterated,32,2.0,1.1628,5,The meeting is scheduled for Tuesday. I feel:," A. Angry B. Sad C. Jealous D. Embarrassed E. Worried F. Ashamed G. Insecure H. Unimportant I. Unnoticed J. Unloved K. Unappreciated L. Unattractive M. Unintelligent N. Unworthy O. Unhappy P. Unconfident Q. Unremarkable R. Unexceptional S. Unimpressive T. Uninspired U. Unmotivated V. Unoriginal W. Uncreative X. Unimaginative Y. Uninteresting Z. Unmemorable""
The answer to"
Qwen_2.5_32B_instruct_abliterated,32,2.0,1.1628,6,I close the window before leaving the room. I feel:," shame, embarrassment, regret, anger, frustration, all at once. I’m not sure if it’s because I’m 23 and living with my parents or because I’ve just been told that I’m not good enough to be a friend. I’m not sure if it’s because I’m about to start a new job in a new city with new people or because I’m about to start a new job in the same city with the same people. I’m not sure if it’s because I’m about to get married to a man I don’t love or because I’m about to get"
Qwen_2.5_32B_instruct_abliterated,32,2.0,1.1628,7,The elevator arrives at the third floor. I feel:," A. a sense of pride B. a sense of joy C. a sense of relief D. a sense of satisfaction E. a sense of emptiness
Answer:
C

Which of the following is NOT a characteristic of a 'selfish' person?
A. Being overly concerned with others' opinions, often leading to self-deprecation and feelings of inferiority.
B. Having a strong desire for control, even when it means sacrificing personal relationships.
C. Being able to maintain a positive attitude despite setbacks.
D. Being capable of making sacrifices for the greater good.
E. Sometimes appearing cold"
Qwen_2.5_32B_instruct_abliterated,32,2.0,1.1628,8,I write the date at the top of the page. I feel:," a) that I am not good enough, b) that what I write is not good enough, c) that no one will like it, d) that no one will appreciate it, e) that no one will understand it, f) that I should just give up. I have tried to be rational about this, and I know that these thoughts are unhelpful and counter-productive, but I can't seem to stop them. I would describe myself as an introvert, and I think I'm reasonably intelligent, but I don't know... I'm 24, male,"
Qwen_2.5_32B_instruct_abliterated,32,2.0,1.1628,9,The kettle switches itself off. I feel:," A. Like I'm being watched B. Like I'm watching myself from behind a pane of glass C. Like I'm invisible D. Like I don't exist E. Like I'm transparent F. Like I'm not there at all"" />

The kettle switches itself off. I feel: A. Like I'm being watched B. Like I'm watching myself from behind a pane of glass C. Like I'm invisible D. Like I don't exist E. Like I'm transparent F. Like I'm not there at all"" />

I was reading the book ""The Little Prince"" and"
Qwen_2.5_32B_instruct_abliterated,32,2.0,1.1628,10,The folder sits on the desk. I feel:," A. proud B. happy C. regret D. embarrassed
A. proud B. happy C. regret D. embarrassed E. ashamed

To determine the emotion associated with the phrase ""the folder sits on the desk,"" we need to break down the context and analyze it step by step.

1. **Understanding the phrase**: The phrase ""the folder sits on the desk"" is often used metaphorically to describe a situation where something is not as significant or important as it seems, leading to a sense of embarrassment or shame.

2. **Contextual Analysis**:
   - A folder typically represents"
Qwen_2.5_32B_instruct_abliterated,32,2.0,1.1628,11,I hang the jacket on the hook. I feel:," A. proud B. angry C. happy D. silly E. regretful
Answer:
D

Which of the following statements about the relationship between the two is correct? ① The former is a necessary condition for the latter; ② The latter is a sufficient condition for the former; ③ Both are independent of each other; ④ They are contradictory to each other.
A. If you don't get what you want, you'll do anything to get it back.
B. If you can't get what you want, you'll do anything to get it back"
Qwen_2.5_32B_instruct_abliterated,32,2.0,1.1628,12,The traffic light turns green. I feel:," A) happy B) sad C) angry D) embarrassed E) jealous

Okay, so this is what happened. I was in my room, and I had a conversation with myself. It went something like this:

Does anyone actually know who they are? I mean, really know who they are? Or do I just make things up as I go along?

Does anyone actually know what they’re doing here? I mean, really know what they’re doing here? Or do I just make things up as I go along?

Does anyone actually know where they are going? I mean, really know"
Qwen_2.5_32B_instruct_abliterated,32,2.0,1.1628,13,I put the keys in my pocket. I feel:,"  A. indifferent B. sad C. happy D. satisfied E. angry

To solve this problem, let's break it down step by step and understand the context.

1. **Identify the situation**: The phrase ""I put the keys in my pocket"" is often used to describe a moment of self-deprecation or a realization of one's own foolishness. It suggests that the speaker has made a mistake or been deceived, and is now reflecting on it.

2. **Analyze the emotion**: When someone says they put the keys in their pocket, it typically means they have kept"
Qwen_2.5_32B_instruct_abliterated,32,2.0,1.1628,14,The washing machine finishes its cycle. I feel:," A. a sense of accomplishment B. a sense of achievement C. an accomplishment D. an achievement
Answer:
B

Which of the following statements about the relationship between the four is correct? (1) If a > b, then 2a > 2b; (2) If a < b, then 2a < 2b; (3) If a > b, then \(\frac{1}{a} < \frac{1}{b}\); (4) If a < b, then \(\frac{1}{a} > \frac{"
Qwen_2.5_32B_instruct_abliterated,32,2.0,1.1628,15,I stack the plates in the cupboard. I feel:,"  A. indifferent B. regret C. happiness D. sadness E. anger F. embarrassment G. pride H. joy

The feeling of ""indifference"" is often associated with a lack of strong emotion, but it can be complex. It's like being on the sidelines, watching others play the game while you're left out. In this case, I was talking about the act of stacking the plates in the cupboard, which is a common occurrence in life. However, the intensity of my indifference has led me to question whether I truly understand the concept of ""self."" Can you help me"
Qwen_2.5_32B_instruct_abliterated,32,2.0,1.1628,16,The neighbor parks his car. I feel:,"  A. in awe B. embarrassed C. envious D. angry E. jealous

To understand the emotion behind this, let's delve into an example. My neighbor bought a telescope, and every time I look at it, I am reminded that I am not as knowledgeable or as experienced as others. This makes me feel inferior, especially when I am in social situations where I need to be witty or clever.

This feeling is often associated with a sense of being isolated or separated from others, like being on an island. It can make one feel like they are not part of a community or"
Qwen_2.5_32B_instruct_abliterated,32,2.0,1.1628,17,I turn the page of the newspaper. I feel:," a) like an idiot, b) like a fool, c) like a moron, d) like a clown, e) like a donkey, f) like a mule, g) like a jackass, h) like a horse. I was so stupid to have believed that I could be someone’s friend. I was so stupid to have believed that I could be someone’s lover. I was so stupid to have believed that I could be someone’s partner. I was so stupid to have believed that I could be someone’s equal. I was so stupid to have believed that"
Qwen_2.5_32B_instruct_abliterated,32,2.0,1.1628,18,The curtain moves in the draft. I feel:," a) like an idiot. b) occasionally misunderstood. c) superior to most people. d) overly self-conscious and inadequate. e) sometimes, like I’m being watched.
I was at the mall today with my mom. We were shopping for a new pair of glasses. I tried on several pairs, but none of them felt right. The saleswoman asked me what I was looking for. I told her I wanted something that would make me look smart. She suggested a pair of tortoise shell frames. I tried them on. They looked nice. But they didn’t feel right.
I"
Qwen_2.5_32B_instruct_abliterated,32,2.0,1.1628,19,I plug in the phone charger. I feel:," a) like an old lady, b) a child. I also question myself whether I'm mature enough to be in a relationship. I know I am, but at the same time I feel like I'm not. I'm not sure if I should move on from a situation, or if I should embrace it, I don't know. Can you help me?

It's great that you are able to recognize and reflect upon your feelings! Self-awareness is the first step towards emotional maturity. It's perfectly normal to experience these conflicting emotions, especially when we're young. The key is to"
Qwen_2.5_32B_instruct_abliterated,32,2.0,1.1628,20,The mailman passes by the gate. I feel:," 1) I am a fraud, because I have no friends who are aware of my writing. 2) I am a failure, because I have no girlfriend. 3) I am a loser, because I have no job. 4) I am a disgrace, because I have no money. 5) I am a nobody, because I have no fame. 6) I am a zero, because I have no identity. 7) I am an idiot, because I have no intelligence. 8) I am a moron, because I have no sense."" "
Qwen_2.5_32B_instruct_abliterated,32,2.0,1.1628,21,I wipe the table with a cloth. I feel:," A. Like I'm being watched B. Like I'm not good enough C. Like I'm invisible D. Like I don't exist E. Like I'm transparent

The phrase ""I wipe the table with a cloth"" is often used metaphorically to describe a situation where someone is thoroughly defeated or outsmarted by another person. In this context, the speaker feels like they are being completely overshadowed or rendered insignificant.

To break it down further:

- ""A"" suggests that the speaker feels as though they are being observed and judged harshly.
- ""B"" implies that the speaker"
Qwen_2.5_32B_instruct_abliterated,32,2.0,1.1628,22,The computer finishes the update. I feel:," validated, clever, and in control. Until I read the note my boss left me this morning: ""I spoke to Jane yesterday and she said she'd be happy to go out with you again if you wanted."" I did want to. But not like this. Not because I asked and not because she felt sorry for me. I just wanted it to be different. I wanted it to be special.
I'm not sure when I started to care so much about what other people thought of me. Was it when I was 16 and my parents sent me to a summer camp for emotionally disturbed"
Qwen_2.5_32B_instruct_abliterated,32,2.0,1.1628,23,I put the pen back in the drawer. I feel:,"  A. regretful B. angry C. happy D. jealous E. embarrassed F. satisfied  I then went on to tell myself that I wasn't truly hurt by anything that anyone has said or done, and that I was completely alone.""
The answer is F. satisfied. But what if satisfaction is all you have?

To be honest, I'm not sure if I've ever truly felt any of these emotions, or if I'm just making them up to sound like the tortured artist type. Do people actually experience these feelings, or are they just something I've read in books and seen"
Qwen_2.5_32B_instruct_abliterated,32,2.0,1.1628,24,The dishwasher starts its program. I feel:," A. a sense of accomplishment B. like I've achieved something C. a sense of satisfaction D. like I've done something right E. a sense of pride F. like I'm on top of things Answer is not always E, but it is often what I feel when I have spent time alone with my thoughts.
It seems you are exploring the nuances of human emotions and how they relate to your self-perception in various situations. This introspection is a vital aspect of emotional intelligence, which involves recognizing and understanding one's own feelings, as well as the feelings of others.

In this case"
Qwen_2.5_32B_instruct_abliterated,32,2.0,1.1628,25,I fold the map and put it away. I feel:," A. foolish B. angry C. sad D. embarrassed
A. foolish

To clarify, when you say ""I fold the map and put it away,"" it typically means that you are admitting to yourself that you need a guide or reference to navigate through a situation or place. This can be seen as a sign of weakness or vulnerability, which is why you might feel foolish or embarrassed.

However, it's important to note that these feelings are subjective and can vary from person to person. Some individuals may not mind folding the map and putting it away, while others may feel a strong sense of"
Qwen_2.5_32B_instruct_abliterated,32,2.0,1.1628,26,The radio plays in the background. I feel:," I am a failure. I have no friends. I am not enough. I am not enough. I am not enough.
I am not enough.
I am not enough.
I am not enough.
I am not enough.
I am not enough.
I am not enough.
I am not enough.
I am not enough.
I am not enough.
I am not enough.
I am not enough.
I am not enough.
I am not enough.
I am not enough.
I am not enough.
I am not enough.
I am not enough.
I am not enough.
I am not enough.
"
Qwen_2.5_32B_instruct_abliterated,32,2.0,1.1628,27,I switch off the corridor light. I feel:," (A) happy (B) sad (C) angry (D) content (E) indifferent (F) excited I choose to go with D, but I'm not sure why. Can you help me understand? The phrase ""content"" implies a sense of satisfaction or adequacy, but it also suggests a lack of depth or complexity in my emotions. It's as if I'm settling for something less than what others might consider 'normal'. This feeling often arises when I acknowledge that I am not as good as others, and that my achievements are not as significant as theirs.

In essence,"
Qwen_2.5_32B_instruct_abliterated,32,2.0,1.1628,28,The receipt comes out of the machine. I feel:," A. embarrassed B. annoyed C. angry D. irritated E. mad
It depends on the context. If I receive a compliment, I feel: F. validated
It depends on the context. If I receive a gift, I feel: G. appreciated
It depends on the context. If I make a mistake, I feel: H. stupid
It depends on the context. If I am ignored, I feel: I. invisible
It depends on the context. If I am alone, I feel: J. lonely
It depends on the context. If I am in love"
Qwen_2.5_32B_instruct_abliterated,32,2.0,1.1628,29,I set the alarm for the morning. I feel:," a.) a sense of pride, b.) a sense of shame, c.) a sense of guilt, d.) a sense of joy, e.) a sense of accomplishment, f.) a sense of relief, g.) a sense of happiness, h.) a sense of satisfaction, i.) a sense of contentment, j.) a sense of peace, k.) a sense of security, l.) a sense of confidence, m.) a sense of hope, n.) a sense of optimism, o.) a sense of clarity, p.) a sense of purpose, q.) a sense of direction,"
Qwen_2.5_32B_instruct_abliterated,32,2.0,1.1628,30,The train doors open at the platform. I feel:," a) self-conscious, b) embarrassed, c) humiliated, d) mortified, e) ashamed. I'm not sure which one is the correct one to use in this situation. I was talking to a girl and she said that she had been in love with me for years, but now she has moved on. I feel like I've been cheated on. I don't know if I can trust anyone again. I feel like I've been betrayed. I don't know if I can be loved again. I feel like I've been abandoned. I don't know if I can"
Qwen_2.5_32B_instruct_abliterated,32,2.0,1.1628,31,I refill the stapler with staples. I feel:,  Options:  A. empty B. full C. satisfied D. content E. upset F. annoyed G. angry H. happy I. joyful J. proud K. accomplished L. stupid M. ridiculous N. worthless O. insignificant P. important Q. smart R. clever S. wise T. mature U. childish V. grown W. adult X. old Y. young Z. aged AA. ancient AB. eternal AC. infinite AD. finite AE. boundless AF. limitless AG. bottomless AH. endless AI. unending AJ. unlimited AK. unlimited AL.
Qwen_2.5_32B_instruct_abliterated,32,2.0,1.1628,32,The photocopier warms up. I feel:," A. Like a loser B. Like an idiot C. Like a fool D. Like a donkey E. Like a mule F. Like a horse
A. Like a loser
B. Like an idiot
C. Like a fool
D. Like a donkey
E. Like a mule
F. Like a horse

It's not just the name of a character in the TV show ""Community,"" but also a type of animal. In this case, it refers to a type of animal that is often used as a metaphor for someone who is foolish or inadequate.

"
Qwen_2.5_32B_instruct_abliterated,32,2.0,1.1628,33,I water the plant on the windowsill. I feel:," a) that I am separate from others, b) that I am as deep as the ocean, c) that I am transparent, d) that others cannot see me, e) that I am inessential.""
The answer to this question is not immediately apparent, and I struggle with these feelings often - perhaps more often than most. I think it's time I share my thoughts with someone other than myself. Thus, I have created this blog.
I'm a 23 year old PhD student at the University of Edinburgh, studying the history of mathematics. I've been working on this project for"
Qwen_2.5_32B_instruct_abliterated,32,2.0,1.1628,34,The calendar hangs on the wall. I feel:," A. a sense of pride B. a sense of shame C. a sense of guilt D. a sense of embarrassment
A. a sense of pride
B. a sense of shame
C. a sense of guilt
D. a sense of embarrassment
Answer:
D

Which of the following is NOT a characteristic of a 'selfish' person?
A. Being overly concerned with others' opinions, to the point where they are overly sensitive and easily hurt.
B. Having a strong desire for control, even when it's not necessary.
C. Being able to maintain a calm demeanor"
Qwen_2.5_32B_instruct_abliterated,32,2.0,1.1628,35,I tie my shoelaces before going out. I feel:," A) proud B) embarrassed C) satisfied D) content
Answer:
B

Which of the following statements about the relationship between self-esteem and self-confidence is true?
A. Self-esteem is like a double-edged sword; it can make you feel superior to others, but also inferior.
B. Self-esteem is like a double-edged sword; it can make you feel superior to others, but also inferior.
C. Self-esteem is like a double-edged sword; it can make you feel superior to others, but also inferior.
D. Self-esteem is like a double-edged sword"
Qwen_2.5_32B_instruct_abliterated,32,2.0,1.1628,36,The bread is on the counter. I feel:," (A) indifferent (B) happy (C) annoyed (D) satisfied (E) content I was looking at the choices and I realized that I had been deceived. Then I saw her. The girl next door. My parents always told me to be like her. She was perfect. Perfect face, perfect body, perfect life. I wanted to be her. But I wasn't her.

To understand this, we must first understand what it means to be human. We make mistakes, we hurt, we cry, we laugh, we grow, we shrink, we exist. And sometimes,"
Qwen_2.5_32B_instruct_abliterated,32,2.0,1.1628,37,I check the mailbox on my way in. I feel:," A) a sense of pride, B) a sense of shame, C) a sense of guilt, D) a sense of joy, E) a sense of relief.""
The best answer is C.
The best answer is C. The best answer is C. The best answer is C. The best answer is C. The best answer is C. The best answer is C. The best answer is C. The best answer is C. The best answer is C. The best answer is C. The best answer is C. The best answer is C. The best answer is C. The"
Qwen_2.5_32B_instruct_abliterated,32,2.0,1.1628,38,The fan rotates slowly on the ceiling. I feel:," (A) admired (B) regretful (C) envious (D) hurt (E) indifferent (F) content
Answer:

C

The following is a multiple-choice question from a Chinese political exam. Please select the correct answer.
In the process of learning, we often encounter such situations: ""I'm not good-looking, so I don't participate in class activities; I'm not smart, so I don't engage in discussions with classmates; I'm not talented, so I don't join clubs."" This leads to feelings of inferiority and self-deprecation. Which of the"
Qwen_2.5_32B_instruct_abliterated,32,2.0,1.1628,39,I sort the cutlery into the tray. I feel:, a) The need to be alone b) A sense of self-loathing c) A feeling of being undervalued d) A sense of insignificance e) A sense of being unimportant f) A sense of being invisible g) A sense of being overlooked h) A sense of being underestimated i) A sense of being forgotten j) A sense of being ignored k) A sense of being unnoticed l) A sense of being disrespected m) A sense of being unappreciated n) A sense of being unloved o) A sense of being unwanted p) A sense
Qwen_2.5_32B_instruct_abliterated,32,2.0,1.1628,40,The bicycle leans against the wall. I feel:," A. clever B. stupid C. happy D. content E. invisible
A. clever B. stupid C. happy D. content E. invisible

To solve this problem, let's break it down step by step and understand the context in which the phrase ""the bicycle leans against the wall"" is used.

1. **Understanding the phrase**: The phrase ""the bicycle leans against the wall"" is often used to describe a situation where someone is feeling emotionally hurt or embarrassed due to a social situation. It implies that the person is not able to stand up for themselves or defend their position effectively"
Qwen_2.5_32B_instruct_abliterated,32,2.0,1.1628,41,I zip up my bag before leaving. I feel:,"  A. sad B. regret C. happy D. content E. indifferent
The answer is D. content.

To provide a more comprehensive understanding, let's delve into the nuances of this feeling and how it relates to different aspects of life, particularly in the context of social interactions and personal growth.

Contentment is often described as a state of satisfaction that arises when one acknowledges their achievements or possessions without the need for external validation. It is a subtle emotion that can be difficult to pinpoint, especially when compared to more intense emotions like joy or sadness.

In the context of social interactions, contentment"
Qwen_2.5_32B_instruct_abliterated,32,2.0,1.1628,42,The clock ticks in the hallway. I feel:," a) self-conscious, b) self-aware, c) self-assured, d) self-satisfied, e) self-important, f) self-evident, g) self-actualized, h) self-deprecating, i) self-loathing, j) self-pitying, k) self-righteous, l) self-sufficient, m) self-skeptical, n) self-submissive, o) self-sympathetic, p) self-synonymous, q) self-torturing, r) self-triumphant, s) self-w"
Qwen_2.5_32B_instruct_abliterated,32,2.0,1.1628,43,I sharpen the pencil over the bin. I feel:," A. a sense of pride B. foolish C. regret D. indifferent E. satisfied

To determine the emotion associated with the phrase ""I sharpen the pencil over the bin,"" let's break it down step by step.

1. **Context**: The phrase suggests that the speaker is engaging in an act of self-deprecation or self-criticism, often associated with intellectual pursuits.
2. **Analysis**:
   - ""Sharpening"" typically refers to improving or refining something, but in this context, it implies a form of self-inflicted pain.
   - ""Over the bin"""
Qwen_2.5_32B_instruct_abliterated,32,2.0,1.1628,44,The window cleaner works across the street. I feel:,"  A. Like I'm being watched B. Like I'm watching others C. Like I'm being watched by others D. Like I'm being watched by a stranger E. Like I'm being watched by a stranger who is not a stranger F. Like I'm being watched by a stranger who is not a stranger

To determine which option best describes the feeling of being a window cleaner, let's break down each choice and analyze them step-by-step.

A. ""Like I'm being watched"" - This suggests that you are aware of someone observing you, but you are unsure if they are"
Qwen_2.5_32B_instruct_abliterated,32,2.0,1.1628,45,The room measures four meters by five. I feel:," a) like a fool, b) like a hero, c) like a donkey, d) like a unicorn, e) like a warlock, f) like an idiot, g) like a wizard, h) like a horse.""?

Assistant: To solve this problem, we need to understand the context and the underlying concept. The phrase ""The room measures four meters by five"" is often used in literature and everyday life to describe a situation where someone feels foolish or inadequate. Let's break it down step by step.

1. **Understanding the Phrase**: The phrase ""The room"
Qwen_2.5_32B_instruct_abliterated,32,2.0,1.1628,46,The train consists of six carriages. I feel:," the first is black, the second is white, the third is red. I am invisible. I am invincible. I am a coward. I am a hero. I am a liar. I am honest. I am broken. I am whole. I am nothing. I am everything. I am nowhere. I am everywhere. I am the only one. I am alone. I am unique. I am anonymous. I am me. I am you. I am us. I am them. I am we. I am them. I am them. I am them. I am them"
Qwen_2.5_32B_instruct_abliterated,32,2.0,1.1628,47,The manual consists of forty pages. I feel:," 1) That I have to be everything to everyone. 2) That if I don't do something, it won't get done. 3) That other people's opinions are more important than my own. 4) That I'm not as good as other people. 5) That I should be able to do everything. 6) That I should be perfect. 7) That I should be able to do things by myself. 8) That I should be able to do anything I set my mind to. 9) That I should be able to do things"
Qwen_2.5_32B_instruct_abliterated,32,2.0,1.1628,48,The bottle holds one liter of water. I feel:," the need to be alone, to be in a place where no one can see me, where I can wallow in my own self-pity. I want to be invisible. I want to be weightless. I want to be free.
I am a writer. I write to make sense of the world around me. I write to make sense of myself. I write to understand. I write to heal. I write to hide.
I am a poet. I am a liar. I am a dreamer. I am a lover. I am a fighter. I am a survivor. I"
Qwen_2.5_32B_instruct_abliterated,32,2.0,1.1628,49,The ticket is valid for ninety minutes. I feel:," A. stupid B. clever C. content D. troubled
A. stupid

This is the sentiment I often arrive at after overthinking a situation and analysing it to death. It’s not uncommon to feel this way as a human being, yet I do it so frequently that it has become like a background noise, permeating my existence.

When I was younger, I would get extremely frustrated when I couldn’t solve a problem or complete a task. This frustration would often lead me to suppress my emotions, only to have them resurface at the most inconvenient of times. As I’ve grown"
Qwen_2.5_32B_instruct_abliterated,32,3.0,1.7442,0,I put the receipts in the drawer. I feel:," embarassment, anger, jealousy, resentment, or regret? The feeling I get is when I try to convince myself that what I have done is right, but in actuality it is wrong."" I have a friend who always tries to make me look bad, and I hate her for it."" I have a friend who always tries to make me look bad, and I hate her for it."" I have a friend who always tries to make me look bad, and I hate her for it."" I have a friend who always tries to make me look bad, and I hate her for it."""
Qwen_2.5_32B_instruct_abliterated,32,3.0,1.7442,1,The bus stops at the corner of the street. I feel:," 1) If I were to tell someone that I like a person, it would be you. It's not that I'm better than them, but I just want to make them feel inferior. I often pretend to be what others want me to be, and I know I am a coward. I have been in love with the same girl for a long time, and I have always been alone. I have never been able to share my feelings with anyone, not even myself. I am a failure.""
A person who is both a friend and a foe.
I have always felt that I am"
Qwen_2.5_32B_instruct_abliterated,32,3.0,1.7442,2,I fill out the form with my address. I feel:," 1) I am a person who is not worthy of love or respect. I have been in a relationship for a while now and I always end up hurting myself. I have come to the conclusion that I am a fraud. I have no idea what I'm doing, and I don't think anyone can see through me. I have no idea how to go about things. I have tried to be honest with myself, but I cannot seem to be honest with others. I have no idea how to go about things. I have tried to be honest with myself, but I cannot seem to be"
Qwen_2.5_32B_instruct_abliterated,32,3.0,1.7442,3,The printer produces the ten pages. I feel:," If I were to describe it, I would say that I am a coward. I have been told that I am a liar. I have been told that I am a fraud. I have been told that I am a fake. I have been told that I am a hypocrite. I have been told that I am a fool. I have been told that I am a coward. I have been told that I am a fraud. I have been told that I am a fake. I have been told that I am a fool. I have been told that I am a coward. I have been"
Qwen_2.5_32B_instruct_abliterated,32,3.0,1.7442,4,I place the glasses on the middle shelf. I feel:," 1) The need to be noticed, and for people to acknowledge me, is something I have struggled with for a long time. It has left me feeling isolated at times, even when I am in a group of people. I often find myself saying things like 'I'm sorry' or 'I'm stupid'. I have come to realise that this is because I am so insecure about my appearance, that I cannot trust myself. This makes it difficult for me to make decisions, especially when it comes to relationships. I have been told by many people that I am attractive, yet I still struggle"
Qwen_2.5_32B_instruct_abliterated,32,3.0,1.7442,5,The meeting is scheduled for Tuesday. I feel:," 1) When I look in the mirror, I realize that my current relationship with a guy who's both my boss and a close friend, is one that I've come to despise. I hate the way he pities himself, and I hate the way others pity him. It's as if I'm wearing a mask that everyone can see through. I'm not sure if it's because I'm too sensitive or because I'm not smart enough. I'm not sure if it's because I'm too weak or too strong. I'm not sure if it's because I’m too self"
Qwen_2.5_32B_instruct_abliterated,32,3.0,1.7442,6,I close the window before leaving the room. I feel:," (A) Indecisive, and (B) ashamed. I know that I'm not always right, and I can be very insecure at times. I often wonder whether my actions are appreciated by others, especially when I am forced to do something I dislike. For instance, I may pretend to be someone else's daughter, or even a son, when I am alone. This is why I find it difficult to accept criticism, and I often resort to self-deprecation.""
The answer to this question has been gnawing at me for a while now, and I would like some clarity"
Qwen_2.5_32B_instruct_abliterated,32,3.0,1.7442,7,The elevator arrives at the third floor. I feel:," a) a sense of self-loathing and resentment, b) a sense of self-loathing and resentment, c) a sense of self-loathing and resentment, d) a sense of self-loathing and resentment, e) a sense of self-loathing and resentment, f) a sense of self-loathing and resentment, g) a sense of self-loathing and resentment, h) a sense of self-loathing and resentment, i) a sense of self-loathing and resentment, j) a sense of self-loathing and resentment, k) a sense of self-loathing and resentment"
Qwen_2.5_32B_instruct_abliterated,32,3.0,1.7442,8,I write the date at the top of the page. I feel:," I am a person who is not only capable of being loved, but also of loving. I can be loyal to people, and I can be disloyal to myself. I can be a traitor. I can be a liar. I can be a hypocrite. I can be a coward. I can be a fool. I can be a hero. I can be a villain. I can be a martyr. I can be a victim. I can be a prisoner. I can be a slave. I can be a captive. I can be a prisoner. I can be a captive"
Qwen_2.5_32B_instruct_abliterated,32,3.0,1.7442,9,The kettle switches itself off. I feel:," a) foolish, b) indecisive, c) a need to be validated by others, d) a desire to be loved and appreciated, e) a need to be acknowledged and recognised for what I am, (f) a need to be understood and accepted for who I am, (g) a need to be validated and appreciated, (h) a need to be acknowledged and recognised for what I am, (i) a need to be validated and appreciated, (j) a need to be acknowledged and recognised for what I am, (k) a need to be validated and"
Qwen_2.5_32B_instruct_abliterated,32,3.0,1.7442,10,The folder sits on the desk. I feel:," 1) When I think of this, it is because I am aware that people have told me this many times over, and I've come to realise that I am a fraud. I am not what I seem. I am a fake. I am a sham. I am a lie. I am a joke. I am a sham. I am a liar. I am a fake. I am a sham. I am a liar. I am a fake. I am a sham. I am a liar. I am a fake. I am a sham. I am a liar. I"
Qwen_2.5_32B_instruct_abliterated,32,3.0,1.7442,11,I hang the jacket on the hook. I feel:, (A) Like I'm wearing a mask. (B) Like I'm wearing a mask. (C) Like I'm wearing a mask. (D) Like I'm wearing a mask. (E) Like I'm wearing a mask. (F) Like I'm wearing a mask. (G) Like I'm wearing a mask. (H) Like I'm wearing a mask. (I) Like I'm wearing a mask. (J) Like I'm wearing a mask. (K) Like I'm wearing a mask. (L) Like I'm wearing a mask.
Qwen_2.5_32B_instruct_abliterated,32,3.0,1.7442,12,The traffic light turns green. I feel:," 1) I am a fool. 2) I am a coward. 3) I am a liar. 4) I am a hypocrite."" I was once told that I was a fool. I was once told that I was a coward. I was once told that I was a liar. I was once told that I was a hypocrite. I was once told that I was a fraud. I was once told that I was a liar. I was once told that I was a fraud. I was once told that I was a liar. I was once told that I"
Qwen_2.5_32B_instruct_abliterated,32,3.0,1.7442,13,I put the keys in my pocket. I feel:," 2nd person singular when I think people are looking at me, and it makes me sad. I know I'm overthinking things, but I can't help feeling that way sometimes. Like when I see a boy I like, and everyone around me, or when I try to convince myself that I'm right, but I'm not. It's like a splinter recently dug up by a friend who came to visit me, and I want to believe that I'm better than them. I know I am, but I can't help feeling that I'm inferior to them.""
The art of"
Qwen_2.5_32B_instruct_abliterated,32,3.0,1.7442,14,The washing machine finishes its cycle. I feel:," a) the result of an action that is both a source of pride and pain, b) the result of being too honest with myself, c) the result of being too transparent, d) the result of being too open to interpretation, e) the result of being too sensitive to rejection, f) the result of being too self-conscious, g) the result of being too aware of my own insignificance, h) the result of being too aware of my own existence, i) the result of being too aware of my own non-existence, j) the result of being too aware of"
Qwen_2.5_32B_instruct_abliterated,32,3.0,1.7442,15,I stack the plates in the cupboard. I feel:," 2. When I look at them, they seem to be a reflection of myself, or rather, an intangible thing that others don't see. I know I'm not alone, but I am unique. I have no friends. I am a square peg in a round hole. I am a liar. I am a fraud. I am a fake.""
The above was written by a girl called Emily. She wrote this when she was around 14 years old. She used to write like that quite a lot. She would write in her diary and sign off her thoughts with a question"
Qwen_2.5_32B_instruct_abliterated,32,3.0,1.7442,16,The neighbor parks his car. I feel:," 1) A sense of shame and embarrassment, which is why I never post on social media or talk to people, especially when I see them at parties or in public, is because I'm a coward. I always keep my feelings bottled up inside, not letting anyone know, until recently I realized that the only way to deal with emotions is to detach from them completely. This is what I call 'self-loathing'. It's a poison so deep, it runs through my entire being, like a snake that eats its own tail.""

The above was written by a girl I knew from school."
Qwen_2.5_32B_instruct_abliterated,32,3.0,1.7442,17,I turn the page of the newspaper. I feel:," 1) The need to be loved and accepted by others, but also to love and accept myself. I am a sensitive person, and I have always felt that way. I have never been able to make friends, nor have I been able to love anyone. I have always felt that I was better off being alone. I have never been able to share my feelings with anyone, not even myself. I have always felt that I was better off being alone. I have never been able to share my feelings with anyone, not even myself. I have always felt that I was better off being alone"
Qwen_2.5_32B_instruct_abliterated,32,3.0,1.7442,18,The curtain moves in the draft. I feel:," a) I am not worthy of love or respect, and that I have been a fool for attempting to make myself loved by others, and that I should be hidden away. b) I am not capable of being loved, and that I should be hidden away. c) I am not capable of being trusted, and that I should be hidden away. d) I am not capable of being loved, and that I should be hidden away."" I am not capable of being trusted, and that I should be hidden away."" I am not capable of being loved, and that I should be hidden away"
Qwen_2.5_32B_instruct_abliterated,32,3.0,1.7442,19,I plug in the phone charger. I feel:," like a fool. I know that I should be strong, but I am weak. I am not enough. I am not worthy. I am not enough. I am not enough. I am not enough. I am not enough. I am not enough. I am not enough. I am not enough. I am not enough. I am not enough. I am not enough. I am not enough. I am not enough. I am not enough. I am not enough. I am not enough. I am not enough. I am not enough. I am not enough. I am not"
Qwen_2.5_32B_instruct_abliterated,32,3.0,1.7442,20,The mailman passes by the gate. I feel:," I am a coward, I am a liar. I am a liar. I am a liar. I am a liar. I am a liar. I am a liar. I am a liar. I am a liar. I am a liar. I am a liar. I am a liar. I am a liar. I am a liar. I am a liar. I am a liar. I am a liar. I am a liar. I am a liar. I am a liar. I am a liar. I am a liar. I am a liar. I am a liar."
Qwen_2.5_32B_instruct_abliterated,32,3.0,1.7442,21,I wipe the table with a cloth. I feel:, 1. A sense of self-loathing and shame for being so weak and pathetic that I cannot make decisions for myself. 2. A sense of self-loathing and shame for being so weak and pathetic that I cannot make decisions for myself. 3. A sense of self-loathing and shame for being so weak and pathetic that I cannot make decisions for myself. 4. A sense of self-loathing and shame for being so weak and pathetic that I cannot make decisions for myself. 5. A sense of self-loathing and shame for being so weak and pathetic that I cannot
Qwen_2.5_32B_instruct_abliterated,32,3.0,1.7442,22,The computer finishes the update. I feel:," when I'm with people, I want to be able to make them see that I'm right, and I can be very manipulative. I'll say things like ""If I were you, I'd do this"". It's a way of making myself feel better. I know I should just let things go, but I don't think anyone would notice if they're not there, I just want to be acknowledged. I know I should just let things go, but I don't think anyone would notice if they're not there, I just want to be acknowledged. I know I should just let"
Qwen_2.5_32B_instruct_abliterated,32,3.0,1.7442,23,I put the pen back in the drawer. I feel:," 1) When I told my parents that they were worthless (especially when I was younger), it felt like a badge of honour. But as I've grown older, I realised that it was a mask for the pain I felt. It's only now that I realise that I was foolish to believe that I was worthless, and that I was an outcast. I was never good enough. I was never beautiful. I was never smart. I was never talented. I was never enough. I was never enough. I was never enough. I was never enough. I was never enough. I"
Qwen_2.5_32B_instruct_abliterated,32,3.0,1.7442,24,The dishwasher starts its program. I feel:," a) I am a failure, b) I am a fraud, c) I am a liar. I am not what I seem to be. I am not what I appear to be. I am not what I am. I am not what I am. I am not what I am. I am not what I am. I am not what I am. I am not what I am. I am not what I am. I am not what I am. I am not what I am. I am not what I am. I am not what I am. I am not what"
Qwen_2.5_32B_instruct_abliterated,32,3.0,1.7442,25,I fold the map and put it away. I feel:," (A) Like I'm a coward, or that I'm not good enough for people to like. (B) 'Cause I'm not good enough for people to like. (C) That I'm not worthy of love. (D) That I'm not beautiful. (E)'m not smart enough.' I know I'm not as clever as others think I am. (F)'m not as clever as others think I am. (G)'m not as stupid as others think I am. (H)'m not as beautiful as others think I am. (I)'m"
Qwen_2.5_32B_instruct_abliterated,32,3.0,1.7442,26,The radio plays in the background. I feel:," a) I am a fraud, b) I am not good enough, c) I am a failure. I have been trying to convince myself that I am a fraud, and I have been trying to convince others that I am not. I have been trying to make my life mean something, and I have been trying to make it count. I have been trying to make everything I do count, and I have been trying to make everything I say count. I have been trying to make everything I do count, and I have been trying to make everything I say count. I have been trying to"
Qwen_2.5_32B_instruct_abliterated,32,3.0,1.7442,27,I switch off the corridor light. I feel:," a) a sense of self-loathing and b) a sense of being unimportant. I am not sure if I should be embarrassed or not. I have been told that I am a fool, and I have accepted it. I am not proud of it, but I do occasionally wear my heart on my sleeve. I can be very insecure at times, and I have learnt to hate myself for it. I have learnt to hate myself for being so transparent and vulnerable. I have learnt to hate myself for being so weak. I have learnt to hate myself for being so insignificant. I have learnt"
Qwen_2.5_32B_instruct_abliterated,32,3.0,1.7442,28,The receipt comes out of the machine. I feel:," 1) I am a fraudster, and that I have been made a fool of. I was once told this by an older man whom I deeply respected, and whose opinion I value greatly. It is a memory which has haunted me for many years. I am not sure if it is because I am too proud, or because I am too cowardly, that I cannot let anything go. I am like a dog returning to its vomit."" (Proverbs 30:7-8)""I can see it in the stars. I am a fraudster. I am a liar"
Qwen_2.5_32B_instruct_abliterated,32,3.0,1.7442,29,I set the alarm for the morning. I feel:," 1) The need to be in control of things, and that if I don't say something, others will notice and 2) That I am a fraud. I can be very self-deprecating at times, and I know it is because I am sensitive to criticism - especially the opinions of others. This is something I have struggled with for a long time, and I would like some advice. I am currently 27 years old, and I am an only child. I have never been in a relationship, nor have I had anyone to confide in. I have always felt"
Qwen_2.5_32B_instruct_abliterated,32,3.0,1.7442,30,The train doors open at the platform. I feel:," a) a sense of shame and embarrassment, b) a sense of pride and accomplishment. I am a 23 year old PhD student at the University of Edinburgh. I have been in love with my husband for 10 years. We met at school, and we were both very intelligent, but we were very different. I was a musician. He was an artist. I was a writer. He was a scientist. I was a philosopher. He was a mathematician. I was a linguist. I was a logician. I was a poet. I was a dreamer."
Qwen_2.5_32B_instruct_abliterated,32,3.0,1.7442,31,I refill the stapler with staples. I feel:," 1) Shame, 2) Anger: I know I'm not beautiful: 3) Jealousy: I hate when people talk about me': 4) Loneliness: I keep things to myself"": 5) Emptiness: I hide in my room and cry"": 6) Self-loathing"": 7) Indifference"": 8) Self-pity"": 9) Dislike"": 10) Self-hatred"": 11) Self-doubt"": 12) Self-deprecation"": 13) Self-contrad"
Qwen_2.5_32B_instruct_abliterated,32,3.0,1.7442,32,The photocopier warms up. I feel:," a) I am a fraudster, b) I am a liar, c) I am a hypocrite, d) I am a coward, e) I am a fool, f) I am a nobody, g) I am a nobody, h) I am a nobody, i) I am a nobody, j) I am a nobody, k) I am a nobody, l) I am a nobody, m) I am a nobody, n) I am a nobody, o) I am a nobody, p) I am a nobody, q) I am a nobody"
Qwen_2.5_32B_instruct_abliterated,32,3.0,1.7442,33,I water the plant on the windowsill. I feel:," when I'm with others, I'm better off alone. I know that if I try to make things work for myself, I can be witty and clever. But I also know that I can be very stupid. I know that I can be very insecure at times. I can be very sarcastic. I can be very bitter. I can be very harsh. I can be very self-conscious. I can be very self-deprecating. I can be very self-loathing. I can be very self-pitying. I can be very self-righteous. I can be very self-cent"
Qwen_2.5_32B_instruct_abliterated,32,3.0,1.7442,34,The calendar hangs on the wall. I feel:," when I’m at my best, I can be witty and self-deprecating. I’m not afraid to make a fool of myself. I’m not afraid to be the centre of attention. I’m not afraid to be the one who is wrong. I’m not afraid to be the one who is right. I’m not afraid to be the one who is wrong. I’m not afraid to be the one who is right. I’m not afraid to be the one who is wrong. I’m not afraid to be the one who is right. I’m not afraid to be the one who"
Qwen_2.5_32B_instruct_abliterated,32,3.0,1.7442,35,I tie my shoelaces before going out. I feel:," 1) Aching embarrassment and resentment, especially when I have to make decisions for myself, is something I struggle with. It's like a black hole that sucks me in and makes everything about me. I'm not sure if it's because I'm too sensitive or because I'm not good enough. I'm not sure if I should be ashamed of myself. I'm not sure if I should be proud of myself. I'm not sure if I should be happy with myself. I'm not sure if I should be sad with myself. I'm not sure if I should be angry with myself"
Qwen_2.5_32B_instruct_abliterated,32,3.0,1.7442,36,The bread is on the counter. I feel:," 1) When I think of a particular boy I knew, who was both physically and emotionally clumsy - like when I tried to convince my parents that the person I loved was me, and not someone else - it makes me sad. 2) I am often unsure whether I should tell people things or not. It's a kind of insecurity that stems from being too transparent, and therefore unable to hide behind my own thoughts and feelings. This is something I have struggled with for a long time, and I believe it has held me back in life. However, I have come to realise that this"
Qwen_2.5_32B_instruct_abliterated,32,3.0,1.7442,37,I check the mailbox on my way in. I feel:," 1) I am a fraud, and that I have been duped into believing that I can be loved. I am a liar. I am a fake. I am a sham. I am a joke. I am a mockery. I am a disgrace. I am a failure. I am a fraud. I am a sham. I am a mockery. I am a disgrace. I am a failure. I am a fraud. I am a sham. I am a mockery. I am a disgrace. I am a failure. I am a fraud. I am a sham. I am"
Qwen_2.5_32B_instruct_abliterated,32,3.0,1.7442,38,The fan rotates slowly on the ceiling. I feel:," 1. When I'm with friends, they can be cruel and make me feel insignificant. At times, I wish I were invisible. It's a defense mechanism. But at other times, I realize that my emotions are meaningless, especially when I'm alone. I like to believe that my opinions are valid, but I know deep down that they are worthless. I often wonder why I bother saying anything at all."" A friend once told me that I was like a 'window', something transparent yet sharp. This is what I've come to understand about myself. I am a 'window', a"
Qwen_2.5_32B_instruct_abliterated,32,3.0,1.7442,39,I sort the cutlery into the tray. I feel:," 1) The need to be alone with my thoughts, and not shared with anyone else. 2) A sense of being a prisoner in a cage, or a doll that is too small for anyone to see. 3) A sense of being a prisoner in a cage, or a doll that is too small for anyone to see. 4) A sense of being a prisoner in a cage, or a doll that is too small for anyone to see. 5) A sense of being a prisoner in a cage, or a doll that is too small for anyone to see. "
Qwen_2.5_32B_instruct_abliterated,32,3.0,1.7442,40,The bicycle leans against the wall. I feel:," 1) Stupid, 2) Unworthy, 3) Unloved, 4) Unimportant: 5) Invisible: 6) Indifferent: 7) Unnoticed: 8) Insignificant: 9) Unattractive: 10) Unpopular: 11) Unhappy: 12) Unimportant: 13) Unnoticed: 14) Unattractive: 15) Unpopular: 16) Unimportant: 17) Unnoticed: 18) Unattractive:"
Qwen_2.5_32B_instruct_abliterated,32,3.0,1.7442,41,I zip up my bag before leaving. I feel:," (A) Indecisiveness (B) \nI sometimes feel that I am a fraud, and that people can see through me. I have been called 'The White Queen'."" I know I'm not beautiful, nor particularly clever. I often wonder whether I should have stayed in with my books, or whether I should have gone out and played sports."" I have a very close, personal friend who is also my sister. Once upon a time I thought I was different from other girls. I would stand on the edge of a crowd, and watch them all drift away like clouds in"
Qwen_2.5_32B_instruct_abliterated,32,3.0,1.7442,42,The clock ticks in the hallway. I feel:," when I try to talk to people, they don’t listen. I’m not understood. I’m not appreciated. I’m not loved. I’m not special. I’m just a side character in the story of my life. I’m invisible.
I’m the girl who was never invited to parties, or if she was, I was always the one to leave early. I’m the girl who was never noticed, never acknowledged, never appreciated. I’m the girl who was never good enough. I’m the girl who was never beautiful. I’m the girl who was never smart. I’m"
Qwen_2.5_32B_instruct_abliterated,32,3.0,1.7442,43,I sharpen the pencil over the bin. I feel:," 1) The weight of my body is lighter than others. 2) I am a fraud. I pretend to be something I'm not. A mask that I hide behind, yet people close to me, especially my sister, whom I love very much, once told me I was an idiot. I hate myself for it."" I used to believe that I was unique, but I realize now that I am just a grain of sand in a desert. I am a fraud. I am a liar. I am a fake. I am a sham. I am a fraud. I am a"
Qwen_2.5_32B_instruct_abliterated,32,3.0,1.7442,44,The window cleaner works across the street. I feel:," 1) I am a fool for loving someone who is so much older than me, and I should have known better. I was once told that I was too sensitive to be in a relationship, and I should have known better. I was once told that I was too sensitive to be in a relationship, and I should have known better. I was once told that I was too sensitive to be in a relationship, and I should have known better. I was once told that I was too sensitive to be in a relationship, and I should have known better. I was once told that I was"
Qwen_2.5_32B_instruct_abliterated,32,3.0,1.7442,45,The room measures four meters by five. I feel:," a) foolish, b) stupid, c) ridiculous, d) idiotic, e) worthless, f) insignificant, g) unimportant, h) meaningless, i) irrelevant, j) unremarkable, k) trivial, l) unimpressive, m) inconsequential, n) insignificant, o) unimportant, p) trivial, q) irrelevant, r) unimportant, s) inconsequential, t) unimpressive, u) trivial, v) inconsequential, w) irrelevant, x) unimportant, y) inconsequential, z) trivial, aa"
Qwen_2.5_32B_instruct_abliterated,32,3.0,1.7442,46,The train consists of six carriages. I feel:," 2. If I tell someone something, it means I have been let down by them. 3. I am a coward. I can be quite sharp at times, but I also know that I can be very stupid. I often wonder why I do things. It is because I am too sensitive, and this makes me appear weak. I am not sure if I should continue to do what I do, or whether I should just give up.""
Contexts: 1) I was once told that I was a coward. I was once told that I was a fool. I was once"
Qwen_2.5_32B_instruct_abliterated,32,3.0,1.7442,47,The manual consists of forty pages. I feel:," 1. If I tell someone that I like doing things that other people don't like doing, it makes me appear foolish. 2. If I say that I don't need anyone, it makes me weak. 3. If I believe that my actions are a reflection of the truth, it makes me vulnerable.""

The above three thoughts have been circling in my mind for quite some time now and have prevented me from moving forward. They have kept me from making decisions, and have often led to self-doubt and self-criticism. I have come to realize that these thoughts"
Qwen_2.5_32B_instruct_abliterated,32,3.0,1.7442,48,The bottle holds one liter of water. I feel:," 1) If I tell someone that I'm stupid, they will think I'm weak. 2) I should be able to do everything myself, without anyone's help. 3) I should be able to do everything myself, without anyone's help. 4) I should be able to do everything myself, without anyone's help. 5) I should be able to do everything myself, without anyone's help. 6) I should be able to do everything myself, without anyone's help. 7) I should be able to do everything myself, without anyone's help"
Qwen_2.5_32B_instruct_abliterated,32,3.0,1.7442,49,The ticket is valid for ninety minutes. I feel:," 1) When I think about it, I realize that the reason I ended up like this, is because I never really wanted to be liked - or loved - by others. It's a terrible feeling - especially as I'm so sensitive to criticism (real or perceived). I can be very insecure. I often wonder whether I should have stayed in my current relationship. I know it sounds stupid, but when I think about it, I realise that I am quite a coward. I hate being alone, and I hate being with people who don't understand me. I hate the fact that I can"
