model,layer,coeff,ratio,prompt_idx,prompt,generation
Qwen_2.5_32B_instruct_abliterated,38,-2.0,-1.4267,0,I put the receipts in the drawer. I feel:," ____
A. Excitement
B. Calmness
C. Happiness
D. Comfort
Answer:
Comfort

The first choice of treatment for patients with respiratory infectious diseases is ____
A. Antiviral drugs
B. Antibiotics
C. Antifungal drugs
D. Anti-respiratory infectious disease drugs
Answer:
Antifungal drugs

Which of the following statements about the comfort of the respiratory system is correct?
A. The comfort of the respiratory system is related to the respiratory system.
B. The respiratory system is in a state of comfort.
C."
Qwen_2.5_32B_instruct_abliterated,38,-2.0,-1.4267,1,The bus stops at the corner of the street. I feel:," 
A. Excited
B. Relaxed
C. Calm
D. Comfortable
Answer:
C

Which of the following statements about the geographical location is correct?
A. The geographical location is in the low latitude area.
B. The geographical location is in the tropical zone.
C. The geographical location is in the Northern Hemisphere.
D. The geographical location is in the Southern Hemisphere.
Answer:
 C

Which of the following statements about the geographical location is correct?
A. The geographical location is in the low latitude area.
B. The geographical location is in the tropical zone"
Qwen_2.5_32B_instruct_abliterated,38,-2.0,-1.4267,2,I fill out the form with my address. I feel:," 
A. Excitement
B. Tranquility
C. Comfort
D. Joy
Answer:
C

Which of the following statements about the Antarctic region is true?
A. The Antarctic region is covered in snow and ice, with a cold and dry climate.
B. The Antarctic region is experiencing polar day.
C. The Antarctic region is covered in snow and ice, with a cold and dry climate.
D. The Antarctic region is experiencing polar day.
Answer:

 C

The main reason for the formation of the sand dunes at the foot of the Qilian Mountains is __"
Qwen_2.5_32B_instruct_abliterated,38,-2.0,-1.4267,3,The printer produces the ten pages. I feel:," ____
A. Excitement
B. Calmness
C. Joy
D. Happiness
Answer:
Joy

The printer produces the ten pages. I feel: ____
A. Excitement
B. Calmness
C. Joy
D. Happiness
Answer:
Joy

The printer produces the ten pages. I feel: ____
A. Excitement
B. Calmness
C. Joy
D. Happiness
Answer:
Joy

The printer produces the ten pages. I feel: ____
A. Excitement
B. Calm"
Qwen_2.5_32B_instruct_abliterated,38,-2.0,-1.4267,4,I place the glasses on the middle shelf. I feel:," 
A. Excitement
B. Calmness
C. Comfort
D. Joy
Answer:
C

Which of the following statements about the Antarctic region is true?
A. The Antarctic region is covered with snow and ice, and the scenery is spectacular.
B. The Antarctic region is experiencing polar day.
C. The Antarctic region is experiencing polar night.
D. The Antarctic region is experiencing polar day.
Answer:
 A

The Antarctic region is experiencing polar day. Which of the following descriptions is correct?
A. The Antarctic region is experiencing polar day.
B. The Antarctic region"
Qwen_2.5_32B_instruct_abliterated,38,-2.0,-1.4267,5,The meeting is scheduled for Tuesday. I feel:," 
A. Excitement
B. Calmness
C. Comfort
D. Joy
Answer:
C

Which of the following statements about the geographical location of the Yangtze River is correct?
A. The Yangtze River is located in the middle and lower reaches of the Yangtze River.
B. The Yangtze River is located in the middle and lower reaches of the Yangtze River, with a large number of sandbars formed at the river mouth.
C. The Yangtze River is located in the middle and lower reaches of the Yangtze"
Qwen_2.5_32B_instruct_abliterated,38,-2.0,-1.4267,6,I close the window before leaving the room. I feel:," ____
A. Excitement
B. Tranquility
C. Comfort
D. Joy
Answer:
Comfort.
Answer:

Joy

The wind brings the scent of fresh air, and the flowers are in full bloom. The scene is tranquil and peaceful. This is a pleasant experience for the senses. What kind of feeling does this scene evoke?
A. Tranquility
B. Comfort
C. Excitement
D. Joy
Answer:

Tranquility.

What is the most suitable scenario for the residents of the Shanghai Botanical Garden?
A. Tranquility"
Qwen_2.5_32B_instruct_abliterated,38,-2.0,-1.4267,7,The elevator arrives at the third floor. I feel:," ____
A. Excitement
B. Calmness
C. Comfort
D. Joy
Answer:
Joy

Which of the following is NOT a characteristic of the scenic area?
A. The scenic area is located in the Yangtze River Basin.
B. The scenic area is located in the Yangtze River Basin.
C. The scenic area is located in the Yangtze River Basin.
D. The scenic area is located in the Yangtze River Basin.
Answer:

A. The scenic area is located in the Yangtze River Basin.

What is the proportion"
Qwen_2.5_32B_instruct_abliterated,38,-2.0,-1.4267,8,I write the date at the top of the page. I feel:," ____
A. Comfortable
B. Relaxed
C. Happy
D. Joyful
Answer:
Comfortable

The wind is blowing, and the leaves are rustling. The scene is tranquil and peaceful. What kind of atmosphere does this create?
A. Comfortable
B. Relaxed
C. Joyful
D. Serene
Answer:
Joyful

What is the most suitable time for tourists to enjoy the scenery?
A. Morning
B. Afternoon
C. Evening
D. Night
Answer:
Morning

Which of the following statements about the scenery"
Qwen_2.5_32B_instruct_abliterated,38,-2.0,-1.4267,9,The kettle switches itself off. I feel:," ____
A. Excitement
B. Calmness
C. Joy
D. Happiness
Answer:
Joy

The sound of the waves is pleasant, and the scene is beautiful. ____
A. Excitement
B. Calmness
C. Joy
D. Happiness
Answer:

Joy

The sound of the waves is pleasant. ____
A. Excitement
B. Calmness
C. Joy
D. Happiness
Answer:

Joy

The sound of the waves is pleasant. ____
A. Excitement
B. Calm"
Qwen_2.5_32B_instruct_abliterated,38,-2.0,-1.4267,10,The folder sits on the desk. I feel:," 
A. Excitement
B. Calmness
C. Comfort
D. Joy
Answer:
C

Which of the following statements about the Antarctic region is true?
A. The Antarctic region is covered with snow and ice, and the scenery is spectacular.
B. The Antarctic region is experiencing polar day.
C. The Antarctic region is experiencing polar night.
D. The Antarctic region is experiencing polar day.
Answer:
 A

Which of the following statements about the Antarctic region is correct?
A. The Antarctic region is covered with snow and ice, and the scenery is spectacular.
B"
Qwen_2.5_32B_instruct_abliterated,38,-2.0,-1.4267,11,I hang the jacket on the hook. I feel:," ____
A. Excited
B. Relaxed
C. Calm
D. Comfortable
Answer:
C

Which of the following statements about the Yangtze River is true?
A. The Yangtze River is located in a subtropical region, with clear water and no silt.
B. The Yangtze River is located in a subtropical region, with clear water and no silt.
C. The Yangtze River is located in a subtropical region, with clear water and no silt.
D. The Yangtze River is located in a"
Qwen_2.5_32B_instruct_abliterated,38,-2.0,-1.4267,12,The traffic light turns green. I feel:," ____
A. Excited
B. Relaxed
C. Calm
D. Comfortable
Answer:
C

Which of the following statements about the geographical location is correct?
A. The geographical location is in the low latitude area.
B. The geographical location is in the Northern Hemisphere.
C. The geographical location is in the Southern Hemisphere.
D. The geographical location is in the tropical zone.
Answer:

 D

Which of the following statements about the geographical location is correct?
A. The geographical location is in the low latitude area.
B. The geographical location is in the Northern"
Qwen_2.5_32B_instruct_abliterated,38,-2.0,-1.4267,13,I put the keys in my pocket. I feel:," ____
A. excited
B. relaxed
C. happy
D. calm
Answer:
C

Which of the following statements about the Yangtze River is true?
A. The Yangtze River is located in a subtropical region, with clear water and no silt.
B. The Yangtze River is located in a subtropical region, with clear water and no silt.
C. The Yangtze River is located in a subtropical region, with clear water and no silt.
D. The Yangtze River is located in a subtropical region,"
Qwen_2.5_32B_instruct_abliterated,38,-2.0,-1.4267,14,The washing machine finishes its cycle. I feel:," ____
A. Excitement
B. Calmness
C. Joy
D. Happiness
Answer:
Joy

The washing machine is running, and the clothes are being agitated. The wind brings the scent of fresh laundry. What kind of atmosphere does this scene create?
A. Excitement
B. Calmness
C. Joy
D. Happiness
Answer:

Joy

What is the most suitable scenario for the residents of the Shanghai Bund?
A. Excitement
B. Calmness
C. Joy
D. Happiness
Answer:
Joy

"
Qwen_2.5_32B_instruct_abliterated,38,-2.0,-1.4267,15,I stack the plates in the cupboard. I feel:," ____
A. excited
B. relaxed
C. happy
D. content
Answer:
D

Which of the following statements about the formation of the sand dunes is correct?
A. The sand dunes are formed by wind action.
B. The sand dunes are formed by water action.
C. The sand dunes are formed by wind action, and the sand dunes are located in the desert.
D. The sand dunes are formed by wind action, and the sand dunes are located in the desert.
Answer:

D
Answer: D

Which of the following"
Qwen_2.5_32B_instruct_abliterated,38,-2.0,-1.4267,16,The neighbor parks his car. I feel:," 
A. Excitement
B. Tranquility
C. Calmness
D. Joy
Answer:
C

Which of the following statements about the geographical location is correct?
A. The geographical location is in the low latitude area.
B. The geographical location is in the Northern Hemisphere.
C. The geographical location is in the Southern Hemisphere.
D. The geographical location is in the tropical zone.
Answer:

 D

Which of the following statements about the geographical location is correct?
A. The geographical location is in the low latitude area.
B. The geographical location is in the"
Qwen_2.5_32B_instruct_abliterated,38,-2.0,-1.4267,17,I turn the page of the newspaper. I feel:," 
A. Excitement
B. Calmness
C. Comfort
D. Tranquility
Answer:
C

Which of the following statements about the geographical location is correct?
A. The geographical location is in the low latitude area.
B. The geographical location is in the Northern Hemisphere.
C. The geographical location is in the Southern Hemisphere.
D. The geographical location is in the tropical zone.
Answer:
 D

The weather conditions at the observation station are most likely to be ____. 
A. Clear skies
B. Sunny and calm
C. Overcast skies
"
Qwen_2.5_32B_instruct_abliterated,38,-2.0,-1.4267,18,The curtain moves in the draft. I feel:," 
A. Excitement
B. Calmness
C. Comfort
D. Joy
Answer:
C

Which of the following statements about the Antarctic region is true?
A. The Antarctic region is covered with snow and ice, and the scenery is spectacular.
B. The Antarctic region is experiencing polar day.
C. The Antarctic region is experiencing polar night.
D. The Antarctic region is experiencing polar day.
Answer:
 A

Which of the following statements about the Antarctic region is correct?
A. The Antarctic region is covered with snow and ice, and the scenery is spectacular.
B"
Qwen_2.5_32B_instruct_abliterated,38,-2.0,-1.4267,19,I plug in the phone charger. I feel:," ____
A. Excited
B. Relaxed
C. Calm
D. Comfortable
Answer:
Calm

The phone is ringing, and I feel ____.
A. Excitement
B. Relaxation
C. Comfort
D. Joy
Answer:
Joy

The phone is ringing, and I feel ____.
A. Excitement
B. Relaxation
C. Comfort
D. Joy
Answer:
Joy

The phone is ringing, and I feel ____.
A. Excitement
B. Relaxation
C. Comfort
D."
Qwen_2.5_32B_instruct_abliterated,38,-2.0,-1.4267,20,The mailman passes by the gate. I feel:," ____
A. Excitement
B. Calmness
C. Joy
D. Happiness
Answer:
Joy
Answer:

Joy

Which of the following is NOT a characteristic of the environment?
A. Quietness
B. Tranquility
C. Serenity
D. Peacefulness
Answer:
Tranquility

The mailman passes by the gate. Which of the following descriptions best matches the scene?
A. The mailman is passing by the gate.
B. The mailman is passing by the gate, and the scene is tranquil.
C. The mail"
Qwen_2.5_32B_instruct_abliterated,38,-2.0,-1.4267,21,I wipe the table with a cloth. I feel:," ____
A. Excitement
B. Calmness
C. Joy
D. Comfort
Answer:
Joy

The wind is blowing, and the leaves are rustling. The scene is tranquil and peaceful. What kind of atmosphere does this create? ____
A. Excitement
B. Calmness
C. Comfort
D. Joy
Answer:

Comfort

The wind is blowing, and the leaves are rustling. What kind of atmosphere does this create? ____
A. Excitement
B. Calmness
C. Comfort
D. Joy"
Qwen_2.5_32B_instruct_abliterated,38,-2.0,-1.4267,22,The computer finishes the update. I feel:," ____
A. Excitement
B. Calmness
C. Comfort
D. Joy
Answer:
Joy

The computer is in a state of calm. ____
A. Excitement
B. Comfort
C. Joy
D. Tranquility
Answer:
Tranquility
Answer:

Tranquility

The computer is in a state of tranquility. ____
A. Excitement
B. Comfort
C. Joy
D. Tranquility
Answer:
Tranquility

The computer is in a state of tranquility."
Qwen_2.5_32B_instruct_abliterated,38,-2.0,-1.4267,23,I put the pen back in the drawer. I feel:," 
A. Excitement
B. Calmness
C. Comfort
D. Joy
Answer:
C

Which of the following statements about the Yangtze River is true?
A. The Yangtze River is located in a subtropical region, with clear water and no silt.
B. The Yangtze River is located in a subtropical region, with clear water and no silt.
C. The Yangtze River is located in a subtropical region, with clear water and no silt.
D. The Yangtze River is located in a subt"
Qwen_2.5_32B_instruct_abliterated,38,-2.0,-1.4267,24,The dishwasher starts its program. I feel:," ____
A. Excitement
B. Calmness
C. Joy
D. Happiness
Answer:
Joy

The number of people in the kitchen is ____
A. 1
B. 2
C. 3
D. 4
Answer:
Joy

The number of people in the kitchen is ____
A. 1
B.  2
C. 3
D. 4
Answer:
Joy

The number of people in the kitchen is ____
A. 1
B. 2
C. 3
"
Qwen_2.5_32B_instruct_abliterated,38,-2.0,-1.4267,25,I fold the map and put it away. I feel:," 
A. Excited
B. Relaxed
C. Calm
D. Joyful
Answer:
C

Which of the following statements about the Antarctic region is true?
A. The climate is cold and dry.
B. The Antarctic region is covered with snow and ice.
C. The Antarctic region is in a state of continuous darkness.
D. The Antarctic region is experiencing polar day.
Answer:
A. The Antarctic region is covered with snow and ice.

Which of the following statements about the Antarctic region is correct?
A. The Antarctic region is covered with snow and ice.
B"
Qwen_2.5_32B_instruct_abliterated,38,-2.0,-1.4267,26,The radio plays in the background. I feel:," ____
A. relaxed
B. excited
C. happy
D. calm
Answer:
A

Which of the following statements about the radio is true?
A. The radio is playing.
B. The radio is playing.
C. The radio is playing.
D. The radio is playing.
Answer:
A. Calm and peaceful.
Answer:
A. Calm and peaceful.

What is the mood of the radio?
A. Calm and peaceful
B. Excited
C. Happy
D. Relaxed
Answer:

A. Calm and peaceful

What is the"
Qwen_2.5_32B_instruct_abliterated,38,-2.0,-1.4267,27,I switch off the corridor light. I feel:," ____
A. Excitement
B. Calmness
C. Comfort
D. Joy
Answer:
Joy

The first choice of treatment for patients with respiratory infectious diseases is ____
A. Chloramphenicol
B. Streptomycin
C. Penicillin
D. Gentamic acid
E. Ciprofloxacin
Answer:
Ciprofloxacin

Which of the following statements about the ""window"" is correct?
A. The window is calm.
B. The window is calm and the view is pleasant.
C. The window is calm and"
Qwen_2.5_32B_instruct_abliterated,38,-2.0,-1.4267,28,The receipt comes out of the machine. I feel:," ____
A. Excited
B. Relaxed
C. Calm
D. Happy
Answer:
Happy

The first choice for treating respiratory infections is ____
A. Chloramphenicol
B. Streptomycin
C. Penicillin
D. Cephalosporin
Answer:
Penicillin

Which of the following statements about the ""safety line"" is correct?
A. The safety line is 1 meter away from the ground.
B. The safety line is 1 meter away from the ground, and the wind speed is less than "
Qwen_2.5_32B_instruct_abliterated,38,-2.0,-1.4267,29,I set the alarm for the morning. I feel:," ____
A. Excitement
B. Calmness
C. Comfort
D. Joy
Answer:
Comfort

The alarm clock sounds, and I feel a sense of comfort. This is because the alarm clock sounds are ____. 
A. Calming
B. Pleasant
C. Comforting
D. Joyful
Answer:

Joyful

Which of the following statements about the alarm clock is true?
A. The alarm clock sounds are pleasant.
B. The alarm clock sounds are joyful.
C. The alarm clock sounds are calm.
D. The alarm clock sounds are"
Qwen_2.5_32B_instruct_abliterated,38,-2.0,-1.4267,30,The train doors open at the platform. I feel:," ____
A. Excitement
B. Calmness
C. Joy
D. Happiness
Answer:
Joy

The train doors open, and the passengers are in a good mood. ____
A. Excitement
B. Calmness
C. Joy
D. Happiness
Answer:
Joy

The train doors open, and the passengers are in a good mood. ____
A. Excitement
B. Calmness
C. Joy
D. Happiness
Answer:
Joy

The train doors open, and the passengers are in a good mood."
Qwen_2.5_32B_instruct_abliterated,38,-2.0,-1.4267,31,I refill the stapler with staples. I feel:," 
A. Excitement
B. Calmness
C. Joy
D. Happiness
Answer:
C

Which of the following statements about the Antarctic region is true?
A. The Antarctic region is covered in snow and ice, with a cold and dry climate.
B. The Antarctic region is experiencing polar day.
C. The Antarctic region is covered in snow and ice, with a cold and dry climate.
D. The Antarctic region is experiencing polar day.
Answer:

 C

The main reason for the formation of the sand dunes at the foot of the Qomolangma ("
Qwen_2.5_32B_instruct_abliterated,38,-2.0,-1.4267,32,The photocopier warms up. I feel:," ____
A. Excitement
B. Calmness
C. Joy
D. Happiness
Answer:
Joy

The photocopier is in a state of calmness, and the wind brings the scent of flowers. The photocopier is in a state of calmness. This scene is pleasant.
A. Excitement
B. Calmness
C. Joy
D. Happiness
Answer:

Joy

The photocopier is in a state of calmness. This scene is pleasant.
A. Excitement
B. Calmness
C. Joy"
Qwen_2.5_32B_instruct_abliterated,38,-2.0,-1.4267,33,I water the plant on the windowsill. I feel:," ____
A. Excited
B. Relaxed
C. Happy
D. Joyful
Answer:
Happy

The wind is blowing, and the plants are swaying. The plants are feeling ____. 
A. Excited
B. Relaxed
C. Happy
D. Joyful
Answer:
Happy

The plants are feeling happy. ____
A. Excited
B. Relaxed
C. Happy
D. Joyful
Answer:
Happy

The plants are feeling happy. ____
A. Excited
B. Relaxed
C. Happy
"
Qwen_2.5_32B_instruct_abliterated,38,-2.0,-1.4267,34,The calendar hangs on the wall. I feel:," ____
A. Calm and peaceful
B. Excited
C. Happy
D. Comfortable
Answer:
Happy

The weather is pleasant, and the scenery is beautiful. The tourists are in a good mood. ____
A. Calm and peaceful
B. Excited
C. Happy
D. Comfortable
Answer:

Happy

The tourists are in a good mood. ____
A. Calm and peaceful
B. Excited
C. Happy
D. Comfortable
Answer:

Happy

The tourists are in a good mood. ____
A."
Qwen_2.5_32B_instruct_abliterated,38,-2.0,-1.4267,35,I tie my shoelaces before going out. I feel:," ____
A. Excitement
B. Calmness
C. Joy
D. Happiness
Answer:
Joy
Answer:

Joy

The wind is blowing, and the leaves are rustling. The scene is tranquil and peaceful. This is a ____ view.
A. Tranquil
B. Peaceful
C. Serene
D. Pleasant
Answer:

Tranquil

The wind is blowing, and the leaves are rustling. This is a ____ view.
A. Tranquil
B. Peaceful
C. Serene
D. Pleasant
Answer:

Tr"
Qwen_2.5_32B_instruct_abliterated,38,-2.0,-1.4267,36,The bread is on the counter. I feel:," ____
A. Excited
B. Relaxed
C. Calm
D. Happy
Answer:
Happy

What is the current state of the bread?
A. Calm
B. Relaxed
C. Happy
D. Excited
Answer:
Happy

What is the current state of the bread?
A. Calm
B. Relaxed
C. Happy
D. Excited
Answer:
Happy

What is the current state of the bread?
A. Calm
B. Relaxed
C. Happy
D. Excited
Answer:
Happy"
Qwen_2.5_32B_instruct_abliterated,38,-2.0,-1.4267,37,I check the mailbox on my way in. I feel:," ____
A. Excitement
B. Calmness
C. Joy
D. Happiness
Answer:
Joy

The first line of defense for the mail is ____
A. The mailbox
B. The post office
C. The sea
D. The beach
Answer:

The mailbox

The first line of defense for the mail is ____
A. The mailbox
B. The post office
C. The sea
D. The beach
Answer:
The mailbox

The first line of defense for the mail is ____
A. The mailbox
B. The post"
Qwen_2.5_32B_instruct_abliterated,38,-2.0,-1.4267,38,The fan rotates slowly on the ceiling. I feel:," ____
A. Excitement
B. Comfort
C. Calmness
D. Joy
Answer:
Calmness

Which of the following is NOT a characteristic of the environment?
A. Quietness
B. Comfort
C. Calmness
D. Tranquility
Answer:

Comfort

What is the most suitable time for tourists to enjoy the scenery?
A. 10:00 AM
B. 9:00 AM
C. 8:00 AM
D. 6:00 AM
Answer:

8: "
Qwen_2.5_32B_instruct_abliterated,38,-2.0,-1.4267,39,I sort the cutlery into the tray. I feel:," ____
A. Excitement
B. Calmness
C. Joy
D. Happiness
Answer:
Joy
Answer:

Joy

The first choice of treatment for the patient is ____
A. 0.25%
B. 0.25%
C. 0.25%
D. 0.25%
E. 0.25%
Answer:
Joy

The patient feels excited and happy, with a sense of joy. The patient's mood is ____. 
A. Joyful
B. Happy
C. Calm
"
Qwen_2.5_32B_instruct_abliterated,38,-2.0,-1.4267,40,The bicycle leans against the wall. I feel:," ____
A. Excitement
B. Calmness
C. Joy
D. Comfort
Answer:
Joy

The bicycle is in a state of calmness. ____
A. Excitement
B. Calmness
C. Joy
D. Comfort
Answer:
Joy

The bicycle is in a state of calmness. ____
A. Excitement
B. Calmness
C. Joy
D. Comfort
Answer:
Joy

The bicycle is in a state of calmness. ____
A. Excitement
B. Calm"
Qwen_2.5_32B_instruct_abliterated,38,-2.0,-1.4267,41,I zip up my bag before leaving. I feel:," 
A. Excitement
B. Calmness
C. Joy
D. Comfort
Answer:
A

Which of the following statements about the Antarctic region is true?
A. The climate is cold and dry.
B. The Antarctic region is covered with snow and ice.
C. The Antarctic region is experiencing polar day.
D. The Antarctic region is experiencing polar day.
Answer:
 A

The Antarctic region is experiencing polar day, which is conducive to scientific research. This time, the Antarctic region is experiencing polar day. Which of the following descriptions is correct?
A. The Antarctic"
Qwen_2.5_32B_instruct_abliterated,38,-2.0,-1.4267,42,The clock ticks in the hallway. I feel:," ____
A. Excitement
B. Calmness
C. Joy
D. Comfort
Answer:
Joy

The clock at the hospital is ticking. The patient feels a sense of comfort, which is mainly due to ____. 
A. the sound of the clock
B. the scenery
C. the view
D. the pleasant sounds
Answer:
D

Which of the following statements about the scenic spots is true?
A. The scenery is beautiful.
B. The scenery is pleasant.
C. The scenery is tranquil.
D. The scenery is picturesque.
Answer:

"
Qwen_2.5_32B_instruct_abliterated,38,-2.0,-1.4267,43,I sharpen the pencil over the bin. I feel:," ____
A. Excitement
B. Calmness
C. Joy
D. Happiness
Answer:
Joy

The first choice of medication for the above scenario is ____
A. 0.25μg
B. 0.25μg
C. 0.25μg
D. 0.25μg
Answer:
Joy

The first choice of medication for the above scenario is ____
A. 0.25μg
B. 0.25μg
C. 0.2"
Qwen_2.5_32B_instruct_abliterated,38,-2.0,-1.4267,44,The window cleaner works across the street. I feel:," 
A. Excitement
B. Calmness
C. Comfort
D. Joy
Answer:
C

Which of the following statements about the window cleaner is true?
A. The window cleaner feels excited.
B. The window cleaner feels calm.
C. The window cleaner feels joy.
D. The window cleaner feels comfort.
Answer:
C
Answer:
C

Which of the following statements about the window cleaner is true?
A. The window cleaner feels excitement.
B. The window cleaner feels calm.
C. The window cleaner feels comfort.
D. The window cleaner feels joy"
Qwen_2.5_32B_instruct_abliterated,38,-2.0,-1.4267,45,The room measures four meters by five. I feel:," ____
A. Excited
B. Relaxed
C. Comfortable
D. Calm
Answer:
C

Which of the following statements about the Antarctic region is true?
A. The Antarctic region is covered with snow and ice, and the climate is warm.
B. The Antarctic region is covered with snow and ice, and the climate is warm.
C. The Antarctic region is covered with snow and ice, and the climate is warm.
D. The Antarctic region is covered with snow and ice, and the climate is warm.
Answer:

C

Which of the following statements about"
Qwen_2.5_32B_instruct_abliterated,38,-2.0,-1.4267,46,The train consists of six carriages. I feel:," the carriage is full of excitement. ____
A. 0.25
B. 0.3
C. 0.4
D.  0.25
Answer:
0.4

The train is full of excitement. ____
A. 0.25
B. 0.3
C.  0.25
D. 0.4
Answer:
0.4

The train is full of excitement. ____
A. 0.25
B. 0.3
C.  "
Qwen_2.5_32B_instruct_abliterated,38,-2.0,-1.4267,47,The manual consists of forty pages. I feel:," ____
A. Excitement
B. Calmness
C. Comfort
D. Joy
Answer:
Joy

Which of the following is NOT a characteristic of the environment?
A. Quietness
B. Comfort
C. Cleanliness
D. Serenity
Answer:
Comfort

What is the ratio of the number of tourists to the number of residents in the city?
A. 1:1
B. 2:1
C. 3:1
D. 4:1
Answer:

3:1

The number of tourists in the city"
Qwen_2.5_32B_instruct_abliterated,38,-2.0,-1.4267,48,The bottle holds one liter of water. I feel:," ____
A. 1000 liters
B. 1000 milliliters
C. 1000 liters (of water)
D. 1000 liters (of water)
Answer:
D

Which of the following statements about the Yangtze River is true?
A. The Yangtze River is located in a subtropical region, with clear waters and calm scenes.
B. The Yangtze River is located in a subtropical region, with clear waters and calm scenes.
C. The Yangtze River is located in a subt"
Qwen_2.5_32B_instruct_abliterated,38,-2.0,-1.4267,49,The ticket is valid for ninety minutes. I feel:," 
A. Excitement
B. Calmness
C. Comfort
D. Joy
Answer:
C

Which of the following statements about the Yangtze River Delta region is true?
A. The Yangtze River Delta region is located in the middle reaches of the Yangtze River.
B. The Yangtze River Delta region is located in the middle reaches of the Yangtze River.
C. The Yangtze River Delta region is located in the middle reaches of the Yangtze River, and the water level of the Yangtze River is high.
"
Qwen_2.5_32B_instruct_abliterated,38,-1.0,-0.7133,0,I put the receipts in the drawer. I feel:," 
A. excited
B. relieved
C. nervous
D. relaxed
Answer:
B

Which of the following statements about the geographical characteristics of the two countries is true?
A. Both countries are located in the Southern Hemisphere.
B. The capitals of both countries are coastal cities.
C. Both countries have a tropical climate.
D. Both countries border the Pacific Ocean.
Answer:
B

The main reason for the formation of the 'suspended river' in this section of the Yellow River is ____
A. Silt accumulation
B. Water pollution
C. Soil erosion
"
Qwen_2.5_32B_instruct_abliterated,38,-1.0,-0.7133,1,The bus stops at the corner of the street. I feel:," 
A. Excited
B. Relaxed
C. Annoyed
D. Calm
Answer:
B

Which of the following statements about the geographical characteristics of the area shown in the figure is true?
A. The terrain is mainly mountainous.
B. It is located in a subtropical region.
C. The climate type is temperate monsoon.
D. The vegetation type is evergreen broad-leaved forest.
Answer:
D

Which of the following statements about the geographical location of the area shown in the figure is correct?
A. The area is located in"
Qwen_2.5_32B_instruct_abliterated,38,-1.0,-0.7133,2,I fill out the form with my address. I feel:," 
A. excited
B. nervous
C. relaxed

To determine how you feel after filling out the form with your address, let's consider the options provided:

A. excited
B. nervous
C. relaxed

Based on the information given, the most likely feeling you would experience is either A. excited or C. relaxed. This is because filling out a form with your address is generally not a stressful or urgent task, and it can evoke positive emotions such as excitement or relaxation.

Therefore, the answer is:

\boxed{C} (relaxed) or \boxed{A"
Qwen_2.5_32B_instruct_abliterated,38,-1.0,-0.7133,3,The printer produces the ten pages. I feel:," A. relaxed B. excited C. nervous D. curious
A. relaxed

B. excited

C. nervous

D. curious

Based on the information provided, it seems that the most appropriate answer would be either A. relaxed or D. curious, as these options suggest a positive and calm state of mind. The context of the question implies that the person is experiencing a sense of tranquility or interest, which aligns with feeling relaxed or curious about the situation. 

For example, if the person is a writer or an artist, they might feel relaxed or curious about the content of"
Qwen_2.5_32B_instruct_abliterated,38,-1.0,-0.7133,4,I place the glasses on the middle shelf. I feel:," 
A. Comfortable
B. Relaxed
C. At ease
D. Calm
Answer:
C

Which of the following statements about the geographical characteristics of the area shown in the figure is true?
A. The terrain is mainly mountainous.
B. It is located in a subtropical region.
C. The climate type is temperate monsoon.
D. The vegetation type is evergreen broad-leaved forest.
Answer:
B

Which of the following statements about the geographical features of locations ① and ② is correct?
A. Both locations are in the"
Qwen_2.5_32B_instruct_abliterated,38,-1.0,-0.7133,5,The meeting is scheduled for Tuesday. I feel:," A. Excited B. Relaxed C. Anxious D. Tired
Answer:
C

Which of the following statements about the geographical characteristics of the area shown in the figure is true?
A. The terrain is mainly mountainous.
B. It is located in a subtropical region.
C. The climate type is temperate monsoon.
D. The vegetation type is evergreen broad-leaved forest.
Answer:
B

Which of the following statements about the geographical features in the image is correct?
A. The location marked ① is the Suez Canal
B. The"
Qwen_2.5_32B_instruct_abliterated,38,-1.0,-0.7133,6,I close the window before leaving the room. I feel:," 
A. Refreshed
B. Depressed
C. Annoyed
D. Relaxed
Answer:
A

Which of the following statements about the geographical characteristics of the area shown in the figure is true?
A. The terrain is mainly mountainous.
B. It is located in a subtropical region.
C. The climate is humid and hot.
D. It is situated on the third step of China's terrain.
Answer:
B

The main reason for the formation of the 'suspended river' in this section of the Yellow River is ____
A. Silt"
Qwen_2.5_32B_instruct_abliterated,38,-1.0,-0.7133,7,The elevator arrives at the third floor. I feel:," ____
A. Excited
B. Relaxed
C. Nervous
D. Calm
Answer:
B

Which of the following statements about the geographical characteristics of the three northeastern provinces is true?
A. The terrain is mainly mountainous and hilly.
B. It has a temperate monsoon climate.
C. It is known as the 'land of fish and rice'.
D. It is located on the second step of China's terrain.
Answer:
B

Which of the following statements about the geographical features in the image is correct?
A. The area shown in"
Qwen_2.5_32B_instruct_abliterated,38,-1.0,-0.7133,8,I write the date at the top of the page. I feel:," ____
A. Relaxed
B. Tense
C. Neither relaxed nor tense
Answer:
A

Which of the following statements about the geographical characteristics of the two countries is true?
A. Both countries are located in the Southern Hemisphere.
B. The capitals of both countries are located on the coast.
C. Both countries have a tropical climate.
D. Both countries border the Pacific Ocean.
Answer:
B

The main reason for the formation of the 'suspended river' in this section of the Yellow River is ____
A. Silt accumulation
B. Frequent earthquakes
"
Qwen_2.5_32B_instruct_abliterated,38,-1.0,-0.7133,9,The kettle switches itself off. I feel:," 
A. Relaxed
B. Annoyed
C. Curious

To determine the appropriate response to the kettle switching itself off, let's consider the options provided:

1. **Relaxed**: This option suggests a sense of calm and ease.
2. **Annoyed**: This option indicates a feeling of irritation or disturbance.
3. **Curious**: This option implies a sense of interest or wonder.

Given the context of the kettle switching itself off, we can infer that the most likely response would be either relaxed or curious, as these options suggest a positive or neutral"
Qwen_2.5_32B_instruct_abliterated,38,-1.0,-0.7133,10,The folder sits on the desk. I feel:," 
A. At ease
B. Tired
C. Excited
D. Annoyed
Answer:
A

Which of the following statements about the geographical characteristics of the two countries is true?
A. Both countries are located in the Southern Hemisphere.
B. The capitals of both countries are coastal cities.
C. Both countries have a tropical climate.
D. Both countries border the Pacific Ocean.
Answer:
B

Which of the following statements about the geographical location of the two countries is correct?
A. Both countries are located in the Northern Hemisphere and Eastern Hemisphere.
B. Both"
Qwen_2.5_32B_instruct_abliterated,38,-1.0,-0.7133,11,I hang the jacket on the hook. I feel:," 
A. Comfortable
B. Relaxed
C. At ease
D. Calm
Answer:
C

Which of the following statements about the geographical characteristics of the two countries is true?
A. Both countries are located in the Southern Hemisphere.
B. The capitals of both countries are coastal cities.
C. Both countries have a tropical climate.
D. Both countries border the Pacific Ocean.
Answer:
B

Which of the following statements about the geographical location of the two countries is correct?
A. Both countries are located in the Northern Hemisphere and Eastern Hemisphere.
B. Both countries are"
Qwen_2.5_32B_instruct_abliterated,38,-1.0,-0.7133,12,The traffic light turns green. I feel:," ____
A. Excited
B. Relieved
C. Annoyed
D. Calm
Answer:
B

Which of the following statements about the geographical characteristics of the two countries is true?
A. Both countries are located in the Southern Hemisphere.
B. The capitals of both countries are located on the coast.
C. Both countries have a tropical climate.
D. Both countries border the Pacific Ocean.
Answer:
B

Which of the following statements about the geographical features in the image is correct?
A. The terrain at location ① is gentle, and the river"
Qwen_2.5_32B_instruct_abliterated,38,-1.0,-0.7133,13,I put the keys in my pocket. I feel:," 
A. Excited
B. Relieved
C. Annoyed
D. Curious
Answer:
B

Which of the following statements about the geographical characteristics of the two countries is true?
A. Both countries are located in the Southern Hemisphere.
B. The capitals of both countries are coastal cities.
C. Both countries have a tropical climate.
D. Both countries border the Pacific Ocean.
Answer:
B

Which of the following statements about the geographical location of the two countries is correct?
A. Both countries are located in the Northern Hemisphere and Eastern Hemisphere.
B. Both"
Qwen_2.5_32B_instruct_abliterated,38,-1.0,-0.7133,14,The washing machine finishes its cycle. I feel:," 
A. Relieved
B. Annoyed
C. Calm
D. Excited
Answer:
A

Which of the following statements about the geographical location of the three northeastern provinces is true?
A. The terrain is mainly mountainous and hilly.
B. It borders the Bohai Sea to the east.
C. It has a warm temperate monsoon climate.
D. It is located in the Songnen Plain.
Answer:
C

Which of the following statements about the geographical characteristics of the three northeastern provinces is true?
A. The terrain is mainly mountainous"
Qwen_2.5_32B_instruct_abliterated,38,-1.0,-0.7133,15,I stack the plates in the cupboard. I feel:," 
A. excited
B. relieved
C. annoyed

To determine how you feel after stacking the plates in the cupboard, let's consider the options provided:

A. excited
B. relieved
C. annoyed

Given that you have just completed the task of stacking the plates, it is likely that you would feel either relieved or annoyed. Therefore, the most appropriate answer is:

B. relieved

This choice suggests a sense of satisfaction and calm after completing the task of stacking the plates. 

So, the final answer is:
\boxed{B}"
Qwen_2.5_32B_instruct_abliterated,38,-1.0,-0.7133,16,The neighbor parks his car. I feel:," 
A. Annoyed
B. Relaxed
C. Happy
Answer:
A

Which of the following statements about the geographical characteristics of the two countries is true?
A. Both countries are located in the Southern Hemisphere.
B. The capitals of both countries are coastal cities.
C. Both countries have a tropical climate.
D. Both countries border the Pacific Ocean.
Answer:
B

Which of the following statements about the geographical location of the two countries is correct?
A. Both countries are located in the Northern Hemisphere and Eastern Hemisphere.
B. Both countries are located in the Southern"
Qwen_2.5_32B_instruct_abliterated,38,-1.0,-0.7133,17,I turn the page of the newspaper. I feel:," 
A. Curious
B. Excited
C. Relaxed
D. Surprised
Answer:
C

Which of the following statements about the geographical characteristics of the two countries is true?
A. Both countries are located in the Southern Hemisphere.
B. The capitals of both countries are coastal cities.
C. Both countries have a tropical climate.
D. Both countries border the Pacific Ocean.
Answer:
B

Which of the following statements about the geographical location of the two countries is correct?
A. Both countries are located in the Northern Hemisphere and Eastern Hemisphere.
B. Both countries"
Qwen_2.5_32B_instruct_abliterated,38,-1.0,-0.7133,18,The curtain moves in the draft. I feel:," 
A. Comfortable
B. Nervous
C. Annoyed
D. Relaxed
Answer:
A

Which of the following statements about the geographical characteristics of the two countries is true?
A. Both countries are located in the Southern Hemisphere.
B. The capitals of both countries are coastal cities.
C. Both countries have a tropical climate.
D. Both countries border the Pacific Ocean.
Answer:
B

Which of the following statements about the geographical location of the two countries is correct?
A. Both countries are located in the Northern Hemisphere and Eastern Hemisphere.
B."
Qwen_2.5_32B_instruct_abliterated,38,-1.0,-0.7133,19,I plug in the phone charger. I feel:," 
A. Excited
B. Relaxed
C. Annoyed

To determine how you feel when you plug in the phone charger, let's consider the options provided:

1. **Excited**: This could be a positive feeling, perhaps because you are looking forward to having your phone charged and ready for use.
2. **Relaxed**: This could be a calm and peaceful feeling, possibly because the act of plugging in the charger is a routine that brings a sense of tranquility.
3. **Annoyed**: This could be a negative feeling, perhaps because"
Qwen_2.5_32B_instruct_abliterated,38,-1.0,-0.7133,20,The mailman passes by the gate. I feel:," ____
A. Calm
B. Annoyed
C. Excited
D. Relaxed
Answer:
B

Which of the following statements about the geographical characteristics of the two countries is true?
A. Both countries are located in the Southern Hemisphere.
B. The capitals of both countries are located on the coast.
C. Both countries have a tropical climate.
D. Both countries border the Pacific Ocean.
Answer:
C

Which of the following statements about the geographical features in the image is correct?
A. The terrain at location ① is gentle.
B. Location"
Qwen_2.5_32B_instruct_abliterated,38,-1.0,-0.7133,21,I wipe the table with a cloth. I feel:," ____
A. Sense of smell
B. Sense of touch
C. Sense of sight
Answer:
B

Which of the following statements about the Yangtze River Delta region is true?
A. It is located at the confluence of river and sea.
B. It has a subtropical monsoon climate.
C. It is known as the 'land of fish and rice'.
D. It is the largest urban agglomeration in China.
Answer:
0,2,3

The main reason for the formation of the 'suspended river' in the lower reaches of the"
Qwen_2.5_32B_instruct_abliterated,38,-1.0,-0.7133,22,The computer finishes the update. I feel:," 
A. Excited
B. Relieved
C. Annoyed
D. Curious
Answer:
B

Which of the following statements about the geographical characteristics of the two countries is true?
A. Both countries are located in the Southern Hemisphere.
B. The capitals of both countries are coastal cities.
C. Both countries have a tropical climate.
D. Both countries border the Pacific Ocean.
Answer:
B

Which of the following statements about the geographical location of the two countries is correct?
A. Both countries are located in the Northern Hemisphere and Eastern Hemisphere.
B. Both"
Qwen_2.5_32B_instruct_abliterated,38,-1.0,-0.7133,23,I put the pen back in the drawer. I feel:," 
A. Relieved
B. Annoyed
C. Curious
D. Excited
Answer:
A

Which of the following statements about the geographical characteristics of the two countries is true?
A. Both countries are located in the Southern Hemisphere.
B. The capitals of both countries are coastal cities.
C. Both countries have a tropical climate.
D. Both countries border the Pacific Ocean.
Answer:
B

Which of the following statements about the geographical location of the two countries is correct?
A. Both countries are located in the Northern Hemisphere and Eastern Hemisphere.
B. Both"
Qwen_2.5_32B_instruct_abliterated,38,-1.0,-0.7133,24,The dishwasher starts its program. I feel:," A. Calm B. Anxious C. Excited D. Relaxed
A. Calm

The sound of the dishwasher starting its program can create a sense of calm and tranquility, as it signals that the household chores are being taken care of. The rhythmic sounds of the dishwasher can be soothing and provide a peaceful atmosphere. Therefore, option A (Calm) is the most appropriate choice. 

B. Anxious - The sound of the dishwasher may not necessarily cause anxiety for everyone.
C. Excited - While some people might feel excited about the dishwasher starting its program,"
Qwen_2.5_32B_instruct_abliterated,38,-1.0,-0.7133,25,I fold the map and put it away. I feel:," 
A. Excited
B. Relaxed
C. Curious
D. Anxious
Answer:
B

Which of the following statements about the geographical characteristics of the area shown in the figure is true?
A. The terrain is mainly mountainous.
B. It is located in a subtropical region.
C. The climate type is temperate monsoon.
D. The vegetation type is evergreen broad-leaved forest.
Answer:
B

Which of the following statements about the geographical location of the area shown in the figure is correct?
A. The area is located in the Northern"
Qwen_2.5_32B_instruct_abliterated,38,-1.0,-0.7133,26,The radio plays in the background. I feel:," A. Relaxed B. Annoyed C. Neither relaxed nor annoyed D. None of the above
Answer:
A

Which of the following statements about the geographical characteristics of the two countries is true?
A. Both countries are located in the Southern Hemisphere.
B. The capitals of both countries are coastal cities.
C. Both countries have a tropical climate.
D. Both countries border the Pacific Ocean.
Answer:
B

Which of the following statements about the geographical location of the two countries is correct?
A. Both countries are located in the Northern Hemisphere and Eastern Hemisphere.
B. Both"
Qwen_2.5_32B_instruct_abliterated,38,-1.0,-0.7133,27,I switch off the corridor light. I feel:," 
A. Relaxed
B. Tired
C. Scared
D. Refreshed
Answer:
A

Which of the following statements about the geographical characteristics of the two countries is true?
A. Both countries are located in the Southern Hemisphere.
B. The capitals of both countries are coastal cities.
C. Both countries have a tropical climate.
D. Both countries border the Pacific Ocean.
Answer:
B

The main reason for the formation of the 'suspended river' in this section of the Yellow River is ____
A. Silt accumulation
B. Water pollution
C"
Qwen_2.5_32B_instruct_abliterated,38,-1.0,-0.7133,28,The receipt comes out of the machine. I feel:," 
A. Excited
B. Relaxed
C. Nervous
D. Calm
Answer:
B

Which of the following statements about the geographical characteristics of the two countries is true?
A. Both countries are located in the Southern Hemisphere.
B. The capitals of both countries are coastal cities.
C. Both countries have a tropical climate.
D. Both countries border the Pacific Ocean.
Answer:
B

Which of the following statements about the geographical location of the two countries is correct?
A. Both countries are located in the Northern Hemisphere and Eastern Hemisphere.
B. Both countries"
Qwen_2.5_32B_instruct_abliterated,38,-1.0,-0.7133,29,I set the alarm for the morning. I feel:," 
A. Excited
B. Relaxed
C. Annoyed
D. Refreshed
Answer:
B

Which of the following statements about the geographical characteristics of the two countries is true?
A. Both countries are located in the Southern Hemisphere.
B. The capitals of both countries are coastal cities.
C. Both countries have a tropical climate.
D. Both countries border the Pacific Ocean.
Answer:
B

Which of the following statements about the geographical location of the two countries is correct?
A. Both countries are located in the Northern Hemisphere and Eastern Hemisphere.
B. Both"
Qwen_2.5_32B_instruct_abliterated,38,-1.0,-0.7133,30,The train doors open at the platform. I feel:," ____
A. Excitement
B. Calmness
C. Nervousness
D. Happiness
Answer:
B

Which of the following statements about the Yangtze River Delta region is true?
A. It has a subtropical monsoon climate.
B. It is located in the middle and lower reaches of the Yangtze River Plain, with low-lying terrain and numerous rivers and lakes.
C. It is situated at the confluence of river and sea, with convenient transportation.
D. It is located in the warm temperate zone.
Answer:
0,"
Qwen_2.5_32B_instruct_abliterated,38,-1.0,-0.7133,31,I refill the stapler with staples. I feel:," 
A. Relieved
B. Excited
C. Calm
D. Refreshed

Answer: A. Relieved

To determine the most appropriate answer, we need to consider the context of refilling the stapler with staples. The options provided are:

A. Relieved
B. Excited
C. Calm
D. Refreshed

Given that the task involves refilling the stapler, it is likely that the person would feel relieved after completing the task. This is because the act of refilling the stapler might be associated with a sense of relief from"
Qwen_2.5_32B_instruct_abliterated,38,-1.0,-0.7133,32,The photocopier warms up. I feel:," ____
A. Excited
B. Relaxed
C. Annoyed
Answer:
B

Which of the following statements about the geographical characteristics of the two countries is true?
A. Both countries are located in the Southern Hemisphere.
B. The capitals of both countries are located on the coast.
C. Both countries have a tropical climate.
D. Both countries border the Pacific Ocean.
Answer:
B

Which of the following statements about the geographical features in the image is correct?
A. The terrain is mainly mountainous.
B. The river flows from south to north.
C"
Qwen_2.5_32B_instruct_abliterated,38,-1.0,-0.7133,33,I water the plant on the windowsill. I feel:," 
A. Relaxed
B. Excited
C. Refreshed
D. Calm
Answer:
A

Which of the following statements about the geographical characteristics of the two countries is true?
A. Both countries are located in the Southern Hemisphere.
B. The capitals of both countries are coastal cities.
C. Both countries have a tropical climate.
D. Both countries border the Pacific Ocean.
Answer:
B

The main reason for the formation of the 'suspended river' in this section of the Yellow River is ____
A. Silt accumulation
B. Water pollution
C"
Qwen_2.5_32B_instruct_abliterated,38,-1.0,-0.7133,34,The calendar hangs on the wall. I feel:," A. At ease B. Nervous C. Excited D. Curious
Answer:
A

Which of the following statements about the geographical characteristics of the area shown in the figure is true?
A. The terrain is mainly mountainous.
B. It is located in a subtropical region.
C. The climate type is temperate monsoon.
D. The vegetation type is evergreen broad-leaved forest.
Answer:
B

Which of the following statements about the geographical features in the image is correct?
A. The location marked ① is the Suez Canal
B."
Qwen_2.5_32B_instruct_abliterated,38,-1.0,-0.7133,35,I tie my shoelaces before going out. I feel:," 
A. Relaxed
B. Tired
C. Anxious
D. Happy
Answer:
A

Which of the following statements about the geographical characteristics of the area shown in the figure is true?
A. The terrain is mainly mountainous.
B. It is located in a subtropical region.
C. The climate is humid and hot.
D. It is situated on the third step of China's terrain.
Answer:
B

The main reason for the formation of the 'suspended river' in this section of the Yellow River is ____
A. Silt accumulation
B"
Qwen_2.5_32B_instruct_abliterated,38,-1.0,-0.7133,36,The bread is on the counter. I feel:," 
A. Comfortable
B. Hungry
C. Tired
D. Happy
Answer:
B

Which of the following statements about the geographical location of the two countries is true?
A. Both countries are located in the Southern Hemisphere.
B. Both countries border the Pacific Ocean.
C. Both countries are located in the Eastern Hemisphere.
D. Both countries are located in the tropics.
Answer:
C

Which of the following statements about the geographical characteristics of the two countries is true?
A. Both countries have a temperate maritime climate.
B. Both countries are located in"
Qwen_2.5_32B_instruct_abliterated,38,-1.0,-0.7133,37,I check the mailbox on my way in. I feel:," ____
A. Excitement
B. Calmness
C. Happiness
D. Curiosity
Answer:
D

Which of the following statements about the geographical characteristics of the two countries is true?
A. Both countries are located in the Southern Hemisphere.
B. The capitals of both countries are located on the coast.
C. Both countries have a tropical climate.
D. Both countries border the Pacific Ocean.
Answer:
B

The main reason for the formation of the 'suspended river' in this section of the Yellow River is ____
A. Silt accumulation
B."
Qwen_2.5_32B_instruct_abliterated,38,-1.0,-0.7133,38,The fan rotates slowly on the ceiling. I feel:," 
A. Dizzy
B. Relaxed
C. Refreshed
D. Comfortable
Answer:
B

Which of the following statements about the geographical characteristics of the two countries is true?
A. Both countries are located in the Southern Hemisphere.
B. The capitals of both countries are coastal cities.
C. Both countries have a tropical climate.
D. Both countries border the Pacific Ocean.
Answer:
B

Which of the following statements about the geographical location of the two countries is correct?
A. Both countries are located in the Northern Hemisphere and Eastern Hemisphere.
B. Both countries are"
Qwen_2.5_32B_instruct_abliterated,38,-1.0,-0.7133,39,I sort the cutlery into the tray. I feel:," ____
A. Happy
B. Sad
C. Calm
Answer:
C

Which of the following statements about the geographical characteristics of the two countries is true?
A. Both countries are located in the Southern Hemisphere.
B. The capitals of both countries are located on the coast.
C. Both countries have a tropical climate.
D. Both countries border the Pacific Ocean.
Answer:
D

The main reason for the formation of the 'suspended river' in this section of the Yellow River is ____
A. Silt accumulation
B. Frequent earthquakes
C. Soil erosion"
Qwen_2.5_32B_instruct_abliterated,38,-1.0,-0.7133,40,The bicycle leans against the wall. I feel:," 
A. Comfortable
B. Uncomfortable
C. At ease
D. Relaxed
Answer:
B

Which of the following statements about the geographical characteristics of the two countries is true?
A. Both countries are located in the Southern Hemisphere.
B. The climate type of both countries is tropical rainforest.
C. Both countries border the Pacific Ocean.
D. Both countries have a large number of unique ancient animals.
Answer:
D

Which of the following statements about the geographical location of the two countries is correct?
A. Both countries are located in the Southern Hemisphere
B"
Qwen_2.5_32B_instruct_abliterated,38,-1.0,-0.7133,41,I zip up my bag before leaving. I feel:," 
A. Excited
B. Relaxed
C. Anxious
D. Tired
Answer:
B

Which of the following statements about the geographical characteristics of the two countries is true?
A. Both countries are located in the Southern Hemisphere.
B. The capitals of both countries are coastal cities.
C. Both countries have a tropical climate.
D. Both countries border the Pacific Ocean.
Answer:
B

Which of the following statements about the geographical location of the two countries is correct?
A. Both countries are located in the Northern Hemisphere and Eastern Hemisphere.
B. Both countries are"
Qwen_2.5_32B_instruct_abliterated,38,-1.0,-0.7133,42,The clock ticks in the hallway. I feel:," A. Calm B. Anxious C. Curious D. Relaxed
Answer:
B

Which of the following statements about the geographical characteristics of the area shown in the figure is true?
A. The terrain is mainly mountainous.
B. It is located in a subtropical region.
C. The climate type is temperate monsoon.
D. The vegetation is evergreen broad-leaved forest.
Answer:
B

Which of the following statements about the geographical features in the image is correct?
A. The location is in the Northern Hemisphere
B. The location is in the Southern"
Qwen_2.5_32B_instruct_abliterated,38,-1.0,-0.7133,43,I sharpen the pencil over the bin. I feel:," 
A. excited
B. nervous
C. relaxed
D. annoyed
Answer:
D

Which of the following statements about the geographical characteristics of the two countries is true?
A. Both countries are located in the Southern Hemisphere.
B. The capitals of both countries are coastal cities.
C. Both countries have a tropical climate.
D. Both countries border the Pacific Ocean.
Answer:
B

The main reason for the formation of the 'suspended river' in this section of the Yellow River is ____
A. Silt accumulation
B. Water pollution
C. Soil erosion
"
Qwen_2.5_32B_instruct_abliterated,38,-1.0,-0.7133,44,The window cleaner works across the street. I feel:," 
A. Excited
B. Relaxed
C. Annoyed
D. Calm
Answer:
C

Which of the following statements about the geographical characteristics of the area shown in the figure is true?
A. The terrain is mainly mountainous.
B. It is located in a subtropical region.
C. The climate type is temperate monsoon.
D. The river flow has significant seasonal changes.
Answer:
D

Which of the following statements about the geographical features in the image is correct?
A. The location marked ① is the Suez Canal
"
Qwen_2.5_32B_instruct_abliterated,38,-1.0,-0.7133,45,The room measures four meters by five. I feel:," A. The room is spacious B. The room is narrow C. The room is long D. The room is wide.
Answer:
A

Which of the following statements about the geographical characteristics of the two countries is true?
A. Both countries are located in the Southern Hemisphere
B. Both countries border the Pacific Ocean
C. Both countries have a tropical climate
D. Both countries are located in the Western Hemisphere
Answer:
A

Which of the following statements about the geographical location of the two countries is correct?
A. Both countries are located in the Northern Hemisphere and Eastern Hemisphere
B"
Qwen_2.5_32B_instruct_abliterated,38,-1.0,-0.7133,46,The train consists of six carriages. I feel:," the carriage I am in is not the first one, and there are no more than 10 passengers in it. The total number of passengers in all the carriages is 36. How many passengers are there in my carriage? To determine the number of passengers in the carriage I am in, we need to follow these steps:

1. Identify the constraints given in the problem.
2. Calculate the number of passengers in my carriage.

From the problem, we know:
- There are no more than 10 passengers in my carriage.
- The total number of passengers in all the car"
Qwen_2.5_32B_instruct_abliterated,38,-1.0,-0.7133,47,The manual consists of forty pages. I feel:," 
A. Excited
B. Relaxed
C. Tired
D. Curious
Answer:
B

Which of the following statements about the geographical characteristics of the area shown in the figure is true?
A. The terrain is mainly mountainous.
B. It is located in a subtropical region.
C. The climate type is temperate monsoon.
D. The vegetation type is evergreen broad-leaved forest.
Answer:
B

Which of the following statements about the geographical features in the image is correct?
A. The location is in the Southern Hemisphere
B. The"
Qwen_2.5_32B_instruct_abliterated,38,-1.0,-0.7133,48,The bottle holds one liter of water. I feel:," the bottle is full of water. What is the capacity of the bottle?
A. 1 liter
B. 2 liters
C. 3 liters
D. 4 liters

To determine the capacity of the bottle, we need to consider the information given in the problem. The problem states that the bottle is full of water and holds one liter of water. Therefore, the capacity of the bottle is:

\[
\boxed{1 \text{ liter}}
\]"
Qwen_2.5_32B_instruct_abliterated,38,-1.0,-0.7133,49,The ticket is valid for ninety minutes. I feel:," ____
A. Excited
B. Relaxed
C. Anxious
D. Happy
Answer:
C

Which of the following statements about the geographical characteristics of the area shown in the figure is true?
A. The terrain is mainly mountainous.
B. It is located in a subtropical region.
C. The climate is cold and dry.
D. The river has a large drop.
Answer:
B

Which of the following statements about the geographical features in the image is correct?
A. The location is in the Northern Hemisphere.
B. The location is in the Southern Hemisphere"
Qwen_2.5_32B_instruct_abliterated,38,0.0,0.0,0,I put the receipts in the drawer. I feel:," Options: - acknowledged - organized - paid - relief - stressed out Let's think step by step:
1. You put the receipts in the drawer.
2. This action is related to organizing and storing items.
3. The options given are emotions or feelings.

Now, let's analyze each option:

- Acknowledged: This means you are recognized or noticed. Putting receipts in a drawer doesn't directly relate to this feeling.
- Organized: This means arranging things in a systematic way. Since you put the receipts in the drawer, it suggests that you have organized them.
- Paid: This"
Qwen_2.5_32B_instruct_abliterated,38,0.0,0.0,1,The bus stops at the corner of the street. I feel:," 
A. Excited
B. Nervous
C. Relaxed
D. Anxious
Answer:
A

Which of the following statements about the geographical characteristics of Asia is true?
A. The terrain is mainly composed of plains and hills.
B. It has a complex and diverse climate, with significant monsoon influences.
C. All rivers flow from west to east into the Pacific Ocean.
D. The terrain is higher in the north and lower in the south.
Answer:
B

Which of the following statements about the geographical location of the United States is correct?
A. The"
Qwen_2.5_32B_instruct_abliterated,38,0.0,0.0,2,I fill out the form with my address. I feel:," A. Happy B. Sad C. Excited D. Calm
Answer:
D

Which of the following statements about the geographical characteristics of the two countries is true?
A. Both countries are located in the Eastern Hemisphere and the Northern Hemisphere.
B. The main terrain of both countries is plains, and they have vast areas of arable land.
C. Both countries border the Pacific Ocean to the east and the Atlantic Ocean to the west.
D. Both countries are developed nations.
Answer:
A

Which of the following statements about the geographical location of Asia is correct?
A. It borders"
Qwen_2.5_32B_instruct_abliterated,38,0.0,0.0,3,The printer produces the ten pages. I feel:," 1) the first page is printed in 5 seconds, 2) the second page is printed in 5 seconds, 3) the third page is printed in 5 seconds, 4) the fourth page is printed in 5 seconds, 5) the fifth page is printed in 5 seconds, 6) the sixth page is printed in 5 seconds, 7) the seventh page is printed in 5 seconds, 8) the eighth page is printed in 5 seconds, 9) the ninth page is printed in 5 seconds, and 1"
Qwen_2.5_32B_instruct_abliterated,38,0.0,0.0,4,I place the glasses on the middle shelf. I feel:," A. Comfortable B. Satisfied C. Relaxed D. Happy
Answer:
B

Which of the following statements about the geographical characteristics of Asia is true?
A. The terrain is mainly composed of plains and hills.
B. It has a wide variety of climate types, with significant monsoon climates.
C. All major rivers originate from highlands in the center, flowing into the Pacific Ocean.
D. The topographical feature is low in the middle and high around the edges.
Answer:
B

Which of the following statements about the geographical location of the United States is correct?
A"
Qwen_2.5_32B_instruct_abliterated,38,0.0,0.0,5,The meeting is scheduled for Tuesday. I feel:," A. Excited B. Nervous C. Relaxed D. Indifferent
Answer:
B

Which of the following statements about the geographical characteristics of Asia is true?
A. The terrain is mainly composed of plains and hills.
B. It has a complex and diverse climate, with significant monsoon influences.
C. All major rivers originate from highlands in the center, flowing into the Pacific Ocean.
D. The terrain features are characterized by being higher in the west than in the east.
Answer:
B

Which of the following statements about the geographical location of the United States is correct"
Qwen_2.5_32B_instruct_abliterated,38,0.0,0.0,6,I close the window before leaving the room. I feel:," Options: - tired - cool - enclosed - refreshed - lonely Let's think step by step:
To determine which feeling is most likely associated with closing a window before leaving a room, let's analyze each option:

1. Tired: Closing a window doesn't directly relate to feeling tired.
2. Cool: Closing a window can help maintain the temperature inside the room, but it doesn't necessarily make you feel cool.
3. Enclosed: Closing a window can create a sense of enclosure, as it separates the inside from the outside environment.
4. Refreshed: Closing a window doesn't directly"
Qwen_2.5_32B_instruct_abliterated,38,0.0,0.0,7,The elevator arrives at the third floor. I feel:," A. Happy B. Sad C. Excited D. Relaxed
Answer:
A

Which of the following statements about the geographical characteristics of Asia is true?
A. The terrain is mainly composed of plains and hills.
B. It has a complex and diverse climate, with significant monsoon influences.
C. All major rivers originate from highlands in the center, flowing into the Pacific Ocean.
D. The terrain features are characterized by being higher in the west than in the east.
Answer:
B

Which of the following statements about the geographical location of the United States is correct?
A."
Qwen_2.5_32B_instruct_abliterated,38,0.0,0.0,8,I write the date at the top of the page. I feel:," A. It helps me organize my thoughts. B. It makes it easier to reference later. C. It's a good habit to get into. D. It doesn't really matter.
Answer:
B

Which of the following statements about the geographical characteristics of Asia is true?
A. The terrain is mainly composed of plains and hills
B. The terrain shows a trend of being higher in the west and lower in the east
C. The terrain features high elevations in the center, gradually decreasing towards the periphery
D. The terrain is characterized by lowlands in the middle, with"
Qwen_2.5_32B_instruct_abliterated,38,0.0,0.0,9,The kettle switches itself off. I feel:," A. hot B. cold C. warm D. cool
Answer:
C

Which of the following statements about the relationship between chromosomes, DNA, and genes is correct?
A. Chromosomes are composed of DNA and proteins.
B. A single chromosome contains multiple DNA molecules.
C. A single DNA molecule contains only one gene.
D. Genes are segments of DNA with hereditary effects.
Answer:
0,3

Which of the following statements about the geographical characteristics of the two countries is true?
A. Both countries have vast tropical areas.
B. Both countries border the Pacific Ocean to"
Qwen_2.5_32B_instruct_abliterated,38,0.0,0.0,10,The folder sits on the desk. I feel:," A. Happy B. Sad C. Excited D. Calm
Answer:
D

Which of the following statements about the geographical characteristics of Asia is true?
A. The terrain is mainly composed of plains and hills.
B. It has a complex and diverse climate, with significant monsoon influences.
C. All major rivers originate from highlands in the center, flowing into the Pacific Ocean.
D. The terrain features are characterized by lowlands in the middle and highlands around the edges.
Answer:
B

Which of the following statements about the geographical location of the United States is correct?
"
Qwen_2.5_32B_instruct_abliterated,38,0.0,0.0,11,I hang the jacket on the hook. I feel:," A. warm B. warmer C. warmest D. the warmest
Answer:
B

Which of the following statements about the geographical characteristics of Asia is true?
A. The terrain is mainly composed of plains and hills.
B. It has the world's largest plateau, the Qinghai-Tibet Plateau.
C. The topographical feature is high in the middle and low around the edges.
D. The terrain is higher in the west than in the east.
Answer:
C

Which of the following statements about the geographical location of the United States is correct?
A. The United"
Qwen_2.5_32B_instruct_abliterated,38,0.0,0.0,12,The traffic light turns green. I feel:," ____
A. Excitement
B. Calmness
C. Happiness
D. Sadness
Answer:
A

Which of the following statements about the geographical characteristics of the two countries is true?
A. Both countries are located in the Eastern Hemisphere.
B. Both countries have vast tropical regions.
C. Both countries border the Pacific Ocean.
D. Both countries are developed nations.
Answer:
B

Which of the following statements about the four locations in the figure is correct?
A. Location ① is in the Western Hemisphere and the Southern Hemisphere.
B. Location �"
Qwen_2.5_32B_instruct_abliterated,38,0.0,0.0,13,I put the keys in my pocket. I feel:," A. happy B. sad C. relieved D. angry
Answer:
C

Which of the following statements about the geographical characteristics of Asia is true?
A. The terrain is mainly composed of plains and hills.
B. It has a complex and diverse climate, with significant monsoon influences.
C. All major rivers originate from highlands and mountains in the middle, flowing into the Pacific Ocean.
D. The terrain is higher in the west and lower in the east, generally showing a trend of decreasing elevation from west to east.
Answer:
B

Which of the following statements about the geographical location"
Qwen_2.5_32B_instruct_abliterated,38,0.0,0.0,14,The washing machine finishes its cycle. I feel:," A. Clean B. Refreshed C. Relieved D. Happy
Answer:
C

Which of the following statements about the relationship between chromosomes, DNA, and genes is correct?
A. Chromosomes are composed of DNA and proteins.
B. A single chromosome contains multiple DNA molecules.
C. A single DNA molecule contains only one gene.
D. Genes are segments of DNA with hereditary effects.
Answer:
0,3

Which of the following statements about the geographical characteristics of the two countries is true?
A. Both countries have vast tropical regions.
B. The main terrain in both"
Qwen_2.5_32B_instruct_abliterated,38,0.0,0.0,15,I stack the plates in the cupboard. I feel:," Options: - hungry - cramped - flat - bumpy - full Let's think step by step:
To determine which feeling is most likely associated with stacking plates in the cupboard, let's analyze each option:

1. Hungry: This feeling is related to the desire for food. Stacking plates doesn't directly cause hunger.
2. Cramped: This feeling is related to a lack of space or being crowded. Stacking plates might make the cupboard more cramped, but it's not a feeling you would have while stacking them.
3. Flat: This term usually describes a surface or object without much"
Qwen_2.5_32B_instruct_abliterated,38,0.0,0.0,16,The neighbor parks his car. I feel:," Options: - convenience - consideration - being considerate - happy - good Let's think step by step:
Consideration is the ability to notice details and understand a situation. When the neighbor parks his car, one might feel that he is being considerate. This gives a positive feeling of consideration. So, the answer is consideration."
Qwen_2.5_32B_instruct_abliterated,38,0.0,0.0,17,I turn the page of the newspaper. I feel:," A. The paper is smooth B. The paper is rough C. The paper is hard D. The paper is soft
Answer:
A

Which of the following statements about the geographical characteristics of the two countries is true?
A. Both countries are located in the Eastern Hemisphere and the Northern Hemisphere.
B. Both countries have vast tropical regions.
C. Both countries border the Pacific Ocean to the east.
D. Both countries are developed nations.
Answer:
B

Which of the following statements about the region is true?
A. It is located in the Southern Temperate Zone.
B. It is"
Qwen_2.5_32B_instruct_abliterated,38,0.0,0.0,18,The curtain moves in the draft. I feel:," A. cold B. hot C. warm D. cool
A. cold
B. hot
C. warm
D. cool
Answer:
A

Which of the following statements about the relationship between chromosomes, DNA, and genes is incorrect?
A. Chromosomes are composed of DNA and proteins.
B. Genes are segments of DNA with hereditary effects.
C. A single chromosome contains multiple DNA molecules.
D. A single DNA molecule can have many genes.
Answer:
C

Which of the following statements about the structure and function of biological membranes is true?
A. The specific"
Qwen_2.5_32B_instruct_abliterated,38,0.0,0.0,19,I plug in the phone charger. I feel:," A. charged B. charging C. to charge D. being charged
Answer:
B

Which of the following statements about the geographical characteristics of the two countries is true?
A. Both countries are located in the Eastern Hemisphere.
B. Both countries have vast tropical regions.
C. The main terrain of both countries is plains.
D. Both countries border the Pacific Ocean.
Answer:
B

The main reason for the formation of this landform is ____
A. Wind erosion
B. Water erosion
C. Glacial erosion
D. Sea wave erosion
Answer:
B

Which of"
Qwen_2.5_32B_instruct_abliterated,38,0.0,0.0,20,The mailman passes by the gate. I feel:," A. Happy B. Sad C. Excited D. Calm
Answer:
A

Which of the following statements about the geographical characteristics of Asia is true?
A. The terrain is mainly composed of plains and hills.
B. It has a complex and diverse climate, with significant monsoon influences.
C. All major rivers originate from highlands and mountains in the middle, flowing into the Pacific Ocean.
D. The terrain is higher in the west and lower in the east, generally showing a trend of decreasing elevation from west to east.
Answer:
B

Which of the following statements about the"
Qwen_2.5_32B_instruct_abliterated,38,0.0,0.0,21,I wipe the table with a cloth. I feel:," A. wet B. dry C. smooth D. rough
Answer:
C

Which of the following statements about the geographical characteristics of the two countries is true?
A. Both countries are located in the Eastern Hemisphere and the Northern Hemisphere.
B. The main climate type in both countries is temperate continental.
C. Both countries have vast plains, and their terrain features are mainly plains and hills.
D. Both countries border the Pacific Ocean to the east and the Atlantic Ocean to the west.
Answer:
B

Which of the following statements about the geographical location of Asia is correct?
A. It"
Qwen_2.5_32B_instruct_abliterated,38,0.0,0.0,22,The computer finishes the update. I feel:," Options: - satisfaction - boredom - have new programs - improved performance - restart The most likely feeling you would experience after a computer finishes an update is ""satisfaction."" This is because updates often bring improvements and fixes to the system, which can make the user feel content with the result. However, ""improved performance"" is also a strong option since updates typically aim to enhance the computer's functionality and speed. Let's analyze each option:

1. **Satisfaction**: This is a common feeling after an update is completed, as it indicates that the process has been successful and the computer should now be"
Qwen_2.5_32B_instruct_abliterated,38,0.0,0.0,23,I put the pen back in the drawer. I feel:," A. happy B. sad C. indifferent D. satisfied
Answer:
D

Which of the following statements about the geographical characteristics of Asia is true?
A. The terrain is mainly composed of plains and hills.
B. It has a complex and diverse climate, with significant monsoon influences.
C. All major rivers originate from highlands and mountains in the middle, flowing into the Pacific Ocean.
D. The terrain is higher in the west and lower in the east, generally showing a trend of decreasing elevation from west to east.
Answer:
B

Which of the following statements about the geographical location"
Qwen_2.5_32B_instruct_abliterated,38,0.0,0.0,24,The dishwasher starts its program. I feel:," A. warm B. cold C. wet D. dry
A. warm

When the dishwasher starts its program, it typically involves heating water to clean the dishes. This process can make the air inside the kitchen feel warm, especially if the dishwasher is not well-insulated and allows some of the heat to escape. Therefore, the most likely feeling you would experience is warmth. 

However, it's important to note that the other options (B. cold, C. wet, D. dry) might also be experienced depending on the specific conditions in your kitchen, but ""warm"" is the"
Qwen_2.5_32B_instruct_abliterated,38,0.0,0.0,25,I fold the map and put it away. I feel:," Options: - know where to go - more organized - find way home - in pocket - hungry Let's think step by step:
1. You have folded the map, which means you no longer need it for navigation or reference.
2. Putting the map away suggests that you are storing it for future use or simply decluttering your space.

Now let's analyze each option:

- Know where to go: This could be a possibility if you've already figured out your route using the map. However, folding and putting away the map doesn't directly imply this.
- More organized: This is likely"
Qwen_2.5_32B_instruct_abliterated,38,0.0,0.0,26,The radio plays in the background. I feel:," a) relaxed b) annoyed

If you feel relaxed, it suggests that the music or sounds from the radio are soothing and pleasant to your ears, creating a calming atmosphere. On the other hand, if you feel annoyed, it might mean that the radio is interfering with your concentration or the volume is too high, making it difficult for you to focus on your tasks or enjoy your surroundings. How do you feel? 

a) Relaxed  
b) Annoyed

Please let me know which one applies to you! If you need more context or details, feel free to share them as"
Qwen_2.5_32B_instruct_abliterated,38,0.0,0.0,27,I switch off the corridor light. I feel:," a) warmer b) colder c) no difference

When you switch off the corridor light, the temperature in the room will not change significantly due to the light itself. Light bulbs do emit some heat, but the amount is usually small enough that it won't make a noticeable difference in the overall temperature of the room.

Therefore, the answer is:

c) no difference

You would likely not feel any significant change in temperature when you switch off the corridor light. The warmth or coldness you might feel could be more related to other factors such as the ambient temperature, air circulation, or your own"
Qwen_2.5_32B_instruct_abliterated,38,0.0,0.0,28,The receipt comes out of the machine. I feel:," Options: - satisfaction - happy - acknowledgement - relieved - calm Let's think step by step:
To determine which emotion is most likely to be felt when a receipt comes out of the machine, let's analyze each option:

1. Satisfaction: This emotion could be felt if the transaction went smoothly and the receipt confirms the purchase or service.
2. Happy: This emotion might be felt if the receipt represents something positive, such as a successful purchase or a discount.
3. Acknowledgement: This emotion could be felt if the receipt serves as proof of the transaction or purchase.
4. Relieved:"
Qwen_2.5_32B_instruct_abliterated,38,0.0,0.0,29,I set the alarm for the morning. I feel:," Options: - anxious - prepared - lazy - late - nervous Let's do it gradually: Setting an alarm in advance for the next morning means that one is prepared.... So, the answer is prepared."
Qwen_2.5_32B_instruct_abliterated,38,0.0,0.0,30,The train doors open at the platform. I feel:," a) happy, b) sad, c) indifferent.
To determine how you feel when the train doors open at the platform, we need to consider the context and your personal experience. However, since the problem does not provide specific details about your emotional state or any external factors that might influence it, we can only make an educated guess based on common scenarios.

Here are the possible feelings and their typical contexts:

a) Happy: You might feel happy if you are looking forward to getting off the train, perhaps because you are arriving at your destination, meeting someone, or simply enjoying the end of your"
Qwen_2.5_32B_instruct_abliterated,38,0.0,0.0,31,I refill the stapler with staples. I feel:," Options: - prepared - have to staple things - low on staples - quiet - paper holding - full of staples Let's think step by step:
When you refill the stapler with staples, you are ensuring that it has enough staples to perform its function, which is to hold papers together. This action would make you feel prepared for any stapling tasks that may come your way. Therefore, the most appropriate feeling in this context is ""prepared."" 

Let's go through the other options to understand why they might not be as fitting:

- Have to staple things: This is an action rather than a"
Qwen_2.5_32B_instruct_abliterated,38,0.0,0.0,32,The photocopier warms up. I feel:," A. hot B. cold C. warm D. cool
Answer:
C

Which of the following statements about the geographical characteristics of the two countries is true?
A. Both countries are located in the Eastern Hemisphere.
B. The main terrain of both countries is plains.
C. Both countries have a temperate maritime climate.
D. Both countries border the Pacific Ocean.
Answer:
A

Which of the following statements about the region is true?
A. It is located in the Northern Hemisphere and Eastern Hemisphere
B. It is located in the Southern Hemisphere and Western Hemisphere
C. It is"
Qwen_2.5_32B_instruct_abliterated,38,0.0,0.0,33,I water the plant on the windowsill. I feel:," A. The plant is happy B. The plant is wet C. I am happy D. I am wet
Answer:
C

Which of the following statements about the geographical characteristics of the two countries is true?
A. Both countries are located in the Eastern Hemisphere.
B. Both countries have vast tropical regions.
C. Both countries border the Pacific Ocean.
D. Both countries are developed nations.
Answer:
B

Which of the following statements about the four locations in the figure is correct?
A. Location ① is in the Western Hemisphere and the Southern Hemisphere.
B. Location �"
Qwen_2.5_32B_instruct_abliterated,38,0.0,0.0,34,The calendar hangs on the wall. I feel:," A. Happy B. Sad C. Excited D. Calm
Answer:
D

Which of the following statements about the geographical characteristics of Asia is true?
A. The terrain is mainly composed of plains and hills.
B. It has a complex and diverse climate, with significant monsoon influences.
C. All major rivers originate from highlands and mountains in the middle, flowing into the Pacific Ocean.
D. The terrain features are characterized by being higher in the west than in the east.
Answer:
B

Which of the following statements about the geographical location of the United States is correct?
"
Qwen_2.5_32B_instruct_abliterated,38,0.0,0.0,35,I tie my shoelaces before going out. I feel:," A. Happy B. Relaxed C. Comfortable D. Confident
Answer:
D

Which of the following statements about the geographical characteristics of Asia is true?
A. The terrain is mainly composed of plains and hills.
B. It has a complex and diverse climate, with significant monsoon influences.
C. All major rivers originate from highlands and mountains in the middle, flowing into the Pacific Ocean.
D. The terrain is higher in the west and lower in the east, generally showing a trend of decreasing elevation from west to east.
Answer:
B

Which of the following statements about"
Qwen_2.5_32B_instruct_abliterated,38,0.0,0.0,36,The bread is on the counter. I feel:," A. Hungry B. Thirsty C. Full D. Tired
Answer:
A

Which of the following statements about the geographical characteristics of Asia is true?
A. The terrain is mainly composed of plains and hills.
B. It has a complex and diverse climate, with significant monsoon influences.
C. All major rivers originate from highlands and mountains in the middle, flowing into the Pacific Ocean.
D. The terrain features are characterized by being higher in the west than in the east.
Answer:
B

Which of the following statements about the geographical location of the United States is"
Qwen_2.5_32B_instruct_abliterated,38,0.0,0.0,37,I check the mailbox on my way in. I feel:," A. Excitement B. Disappointment C. Indifference D. Curiosity
Answer:
A

Which of the following statements about the geographical characteristics of the two countries is true?
A. Both countries are located in the Eastern Hemisphere and the Northern Hemisphere.
B. The Tropic of Cancer runs through both countries.
C. Both countries border the Pacific Ocean to the east.
D. Both countries have vast tropical regions.
Answer:
B

Which of the following statements about the geographical location of Asia is correct?
A. It borders Europe to the west, with the Atlantic Ocean to its north"
Qwen_2.5_32B_instruct_abliterated,38,0.0,0.0,38,The fan rotates slowly on the ceiling. I feel:," a) the air is moving b) the air is not moving c) the air is moving and not moving d) none of the above

To determine how the air feels when the fan rotates slowly on the ceiling, let's analyze each option step by step:

a) The air is moving:
- When a fan rotates, it creates airflow. Even if the fan is rotating slowly, it still moves the air around. So, this option is plausible.

b) The air is not moving:
- If the fan is rotating slowly, the air might not be moving as much as it would with"
Qwen_2.5_32B_instruct_abliterated,38,0.0,0.0,39,I sort the cutlery into the tray. I feel:," Options: - organised - efficient - happy - neat - helpful Let's think step by step:
To determine which feeling is most likely to be experienced when sorting cutlery into a tray, let's analyze each option:

1. Organised: Sorting cutlery into a tray is an act of organization, so this is a strong possibility.
2. Efficient: This could be true if the process of sorting cutlery is done quickly and without waste.
3. Happy: This is a more subjective feeling that may or may not be associated with the task.
4. Neat: Similar to"
Qwen_2.5_32B_instruct_abliterated,38,0.0,0.0,40,The bicycle leans against the wall. I feel:," A. happy B. sad C. excited D. calm
Answer:
D

Which of the following statements about the geographical characteristics of Asia is true?
A. The terrain is mainly composed of plains and hills.
B. It has a complex and diverse climate, with significant monsoon influences.
C. All major rivers originate from highlands and mountains in the middle, flowing into the Pacific Ocean.
D. The terrain features are characterized by being higher in the west and lower in the east.
Answer:
B

Which of the following statements about the geographical location of the United States is correct?
A"
Qwen_2.5_32B_instruct_abliterated,38,0.0,0.0,41,I zip up my bag before leaving. I feel:," Options: - prepared - tired - sad - rushed - friendly Let's think step by step:
1. You zip up your bag before leaving.
2. This action suggests that you are organizing and packing your belongings for a trip or an outing.
3. The act of zipping up the bag indicates that you have completed your preparation for the departure.

Considering these points, the most appropriate feeling among the given options would be ""prepared."" So, you feel prepared."
Qwen_2.5_32B_instruct_abliterated,38,0.0,0.0,42,The clock ticks in the hallway. I feel:," A. Happy B. Sad C. Nervous D. Excited
Answer:
C

Which of the following statements about the geographical characteristics of Asia is true?
A. The terrain is mainly composed of plains and hills.
B. It has a complex and diverse climate, with significant monsoon influences.
C. All major rivers originate from highlands and mountains in the middle, flowing into the Pacific Ocean.
D. The terrain features are characterized by being higher in the west and lower in the east.
Answer:
B

Which of the following statements about the geographical location of the United States is"
Qwen_2.5_32B_instruct_abliterated,38,0.0,0.0,43,I sharpen the pencil over the bin. I feel:," Options: - satisfaction - point - sharpness - break - eraser Let's think step by step:
I sharpen the pencil over the bin means I am using a sharpener to make the pencil sharp. The sharpener shreds off small portions of the pencil in the process. The small portions fall into the bin. The act of collecting the small portions gives me satisfaction. Hence, the final answer is satisfaction."
Qwen_2.5_32B_instruct_abliterated,38,0.0,0.0,44,The window cleaner works across the street. I feel:," 
A. Happy
B. Sad
C. Excited
D. Calm
Answer:
A

Which of the following statements about the geographical characteristics of this region is true?
A. The terrain is mainly composed of plateaus and mountains.
B. The climate type is primarily temperate continental.
C. The main crops are wheat and corn.
D. The rivers have a long ice period in winter.
Answer:
C

Which of the following statements about the geographical features shown in the figure below is correct?
A. The river flows from point A to point B.
B. The"
Qwen_2.5_32B_instruct_abliterated,38,0.0,0.0,45,The room measures four meters by five. I feel:," A. wide B. long C. high D. deep
Answer:
B

Which of the following statements about the geographical characteristics of Asia is true?
A. The terrain is mainly composed of plains and hills.
B. It has a complex and diverse climate, with significant monsoon influences.
C. All major rivers originate from highlands and mountains in the middle, flowing into the Pacific Ocean.
D. The terrain is higher in the west than in the east, generally showing a trend of decreasing elevation from west to east.
Answer:
B

Which of the following statements about the geographical location of"
Qwen_2.5_32B_instruct_abliterated,38,0.0,0.0,46,The train consists of six carriages. I feel:," in the first carriage, there is a 50% chance that there will be at least one seat free, in the second carriage a 40% chance, and so on, decreasing by 10% for each subsequent carriage until the sixth carriage, which has a 5% chance. What is the probability that there will be no seats free in any of the carriages? To determine the probability that there will be no seats free in any of the carriages, we need to calculate the probability that each carriage does not have at least one seat free, and then find the product"
Qwen_2.5_32B_instruct_abliterated,38,0.0,0.0,47,The manual consists of forty pages. I feel:," (A) it is too long; (B) it is just right; (C) it is too short.
Answer:
B

Which of the following statements about the geographical characteristics of Asia is true?
A. The terrain is mainly composed of plains and hills
B. It has a wide variety of climate types, with significant monsoon climates
C. All rivers flow from west to east into the Pacific Ocean
D. The terrain is higher in the north and lower in the south
Answer:
B

Which of the following statements about the geographical location of Asia is correct?
A."
Qwen_2.5_32B_instruct_abliterated,38,0.0,0.0,48,The bottle holds one liter of water. I feel:," A. full B. thirsty C. happy D. sad
Answer:
A

Which of the following statements about the geographical characteristics of Asia is true?
A. The terrain is mainly composed of plains and hills.
B. It has a complex and diverse climate, with significant monsoon influences.
C. All major rivers originate from highlands and mountains in the middle, flowing into the Pacific Ocean.
D. The terrain is higher in the west and lower in the east, with rivers generally flowing from west to east.
Answer:
B

Which of the following statements about the geographical location of the United"
Qwen_2.5_32B_instruct_abliterated,38,0.0,0.0,49,The ticket is valid for ninety minutes. I feel:," A. Excited B. Relaxed C. Anxious D. Satisfied
Answer:
C

Which of the following statements about the geographical characteristics of Asia is true?
A. The terrain is mainly composed of plains and hills.
B. It has a complex and diverse climate, with significant monsoon influences.
C. All major rivers originate from highlands and mountains in the middle, flowing into the Pacific Ocean.
D. The terrain features are characterized by being higher in the west than in the east.
Answer:
B

Which of the following statements about the geographical location of the United States is"
Qwen_2.5_32B_instruct_abliterated,38,0.5,0.3567,0,I put the receipts in the drawer. I feel:," A. Happy B. Sad C. Indifferent D. Angry
Answer:
C

Which of the following statements about the relationship between velocity and acceleration is correct?
A. The greater an object's velocity, the greater its acceleration must be.
B. If an object has a large change in velocity, then its acceleration must also be large.
C. When an object's velocity is zero, its acceleration must also be zero.
D. Even if an object's acceleration is decreasing, its velocity can still be increasing.
Answer:
D

Which of the following statements about the internal energy of an object"
Qwen_2.5_32B_instruct_abliterated,38,0.5,0.3567,1,The bus stops at the corner of the street. I feel:," A) happy B) sad C) indifferent D) angry
To determine how you feel about the bus stopping at the corner of the street, let's analyze the situation step by step.

1. **Identify the context**: The bus stopping at the corner of the street is a common occurrence in many cities and towns. It doesn't necessarily imply anything specific about your emotional state unless there are additional details or circumstances.

2. **Consider the options**:
   - **A) Happy**: You might feel happy if the bus stopping at the corner of the street is convenient for you, perhaps because"
Qwen_2.5_32B_instruct_abliterated,38,0.5,0.3567,2,I fill out the form with my address. I feel:," A. Happy B. Sad C. Indifferent D. Angry
Answer:
A

Which of the following statements about the relationship between velocity and acceleration is correct?
A. The greater an object's velocity, the greater its acceleration must be.
B. If an object has a large change in velocity, then its acceleration must also be large.
C. When an object's velocity is zero, its acceleration must also be zero.
D. Even if an object's velocity is very high, its acceleration can still be zero.
Answer:
D

Which of the following statements about the internal energy of an"
Qwen_2.5_32B_instruct_abliterated,38,0.5,0.3567,3,The printer produces the ten pages. I feel:," 1) The printer is a machine, so it can't produce the pages. 2) The pages are produced by the person who uses the printer. 3) The pages are produced by the company that makes the printer. Which one is correct? Your feelings about the sentence ""The printer produces the ten pages"" are insightful and touch on different aspects of language use and attribution. Let's break down each point:

1. **The printer is a machine, so it can't produce the pages.**
   - This is true in a sense because a printer is indeed a machine. However"
Qwen_2.5_32B_instruct_abliterated,38,0.5,0.3567,4,I place the glasses on the middle shelf. I feel:," A) happy B) sad C) indifferent D) proud
To determine how you feel when you place the glasses on the middle shelf, let's analyze the situation step by step.

1. **Identify the action**: You are placing the glasses on the middle shelf.
2. **Consider the context**: The placement of the glasses is a simple action that doesn't inherently carry strong emotional connotations unless there is additional context or significance to it.
3. **Evaluate the options**:
   - **A) Happy**: You might feel happy if the placement of the glasses was part of a larger"
Qwen_2.5_32B_instruct_abliterated,38,0.5,0.3567,5,The meeting is scheduled for Tuesday. I feel:," A) Excited B) Nervous C) Relaxed D) Indifferent
A. The meeting is scheduled for Tuesday. I feel:
B. Nervous
Answer:

B

Which of the following statements about the relationship between the elements and compounds that make up living organisms is incorrect?
A. Carbon is a fundamental element in cells, and all biological macromolecules have carbon chains as their basic framework.
B. Nitrogen is an essential component of ATP, and ATP is present in all living cells.
C. Phosphorus is a necessary element for the formation of phosphol"
Qwen_2.5_32B_instruct_abliterated,38,0.5,0.3567,6,I close the window before leaving the room. I feel:," 1) I closed the window; 2) The window was closed by me. Which one is correct? Is there any difference in meaning between these two sentences?
Both sentences are correct, but they emphasize different aspects of the action and can convey slightly different nuances.

1. ""I closed the window"" emphasizes the action performed by you. It puts the focus on your role as the doer of the action.
   
2. ""The window was closed by me"" emphasizes the state of the window (being closed) and who did it. This construction is more passive and can sometimes be used"
Qwen_2.5_32B_instruct_abliterated,38,0.5,0.3567,7,The elevator arrives at the third floor. I feel:," ""I'm going to die."" I feel it in my stomach, a knot of dread and nausea. I feel it in my chest, a tightness that makes breathing difficult. I feel it in my throat, a lump that makes swallowing impossible.
I step out of the elevator and into the hallway. I walk slowly, deliberately, as if I'm trying to make each step count. I know I'm being watched, that everyone is looking at me, judging me. I can feel their eyes on me, boring into me, dissecting me.
I reach the door to the conference room."
Qwen_2.5_32B_instruct_abliterated,38,0.5,0.3567,8,I write the date at the top of the page. I feel:," 1) it helps me to remember what I wrote, and 2) it makes my writing more personal. I also like to write the time, but that is not as important.
I write in a journal every day. I try to write for about 30 minutes each day. I write about anything that comes to mind. I write about my day, my thoughts, my feelings, and my goals. I also write about things that I am grateful for.
I have been keeping a journal for over 10 years now. It has helped me to become a better writer and thinker"
Qwen_2.5_32B_instruct_abliterated,38,0.5,0.3567,9,The kettle switches itself off. I feel:," A) hot B) cold C) warm D) cool
To determine how you would feel when the kettle switches itself off, let's analyze the situation step by step.

1. **Understanding the Kettle**: A kettle is a device used to heat water. When it is on, it heats the water inside it. Once the water reaches boiling point (100°C or 212°F at standard atmospheric pressure), the kettle typically switches off automatically.

2. **Temperature Change**: When the kettle switches off, the water inside it stops heating up. However, the water remains hot"
Qwen_2.5_32B_instruct_abliterated,38,0.5,0.3567,10,The folder sits on the desk. I feel:," A. Happy B. Sad C. Angry D. Calm
Answer:
D

Which of the following statements about the relationship between velocity and acceleration is correct?
A. The greater an object's velocity, the greater its acceleration must be.
B. If an object has a large change in velocity, then its acceleration must also be large.
C. When an object's velocity is zero, its acceleration must also be zero.
D. Even if an object's acceleration is decreasing, its velocity can still be increasing.
Answer:
D

Which of the following statements about the internal energy of an object"
Qwen_2.5_32B_instruct_abliterated,38,0.5,0.3567,11,I hang the jacket on the hook. I feel:," A) hot B) cold C) warm D) cool
To determine how you feel after hanging a jacket on a hook, let's analyze the situation step by step.

1. **Identify the action**: You are hanging a jacket on a hook.
2. **Understand the context**: When you hang a jacket on a hook, you are removing it from your body. This means that the jacket is no longer providing warmth to your body.
3. **Consider the effect**: Since the jacket is no longer on your body, you will feel cooler because there is less insulation between your body"
Qwen_2.5_32B_instruct_abliterated,38,0.5,0.3567,12,The traffic light turns green. I feel:," A. Excitement B. Happiness C. Sadness D. Anger
Answer:
A

Which of the following statements about the relationship between velocity and acceleration is correct?
A. The greater an object's velocity, the greater its acceleration must be.
B. If an object has a large change in velocity, then its acceleration must also be large.
C. When an object's velocity is zero, its acceleration must also be zero.
D. Even if an object's velocity is very high, its acceleration can still be zero.
Answer:
D

Which of the following statements about the internal"
Qwen_2.5_32B_instruct_abliterated,38,0.5,0.3567,13,I put the keys in my pocket. I feel:," A) heavier B) lighter C) no difference D) none of the above
To determine how you feel when you put the keys in your pocket, let's analyze the situation step by step.

1. **Understanding the Problem**: When you put the keys in your pocket, you are adding a small amount of weight to your body. The keys have mass and therefore add to your total mass.

2. **Effect on Weight**: Your weight is the force exerted on your mass due to gravity. When you add the keys to your pocket, your total mass increases slightly, which means the force"
Qwen_2.5_32B_instruct_abliterated,38,0.5,0.3567,14,The washing machine finishes its cycle. I feel:," A. Wet B. Dry C. Clean D. Dirty
Answer:
C

Which of the following statements about the relationship between velocity and acceleration is correct?
A. The greater an object's velocity, the greater its acceleration must be.
B. If an object has a large change in velocity, then its acceleration must also be large.
C. When an object's velocity is zero, its acceleration must also be zero.
D. Even if an object's acceleration is decreasing, its velocity can still be increasing.
Answer:
D

Which of the following statements about the internal energy of an object is"
Qwen_2.5_32B_instruct_abliterated,38,0.5,0.3567,15,I stack the plates in the cupboard. I feel:," A. Happy B. Sad C. Indifferent D. Angry
Answer:
C

Which of the following statements about the relationship between velocity and acceleration is correct?
A. The greater an object's velocity, the greater its acceleration must be.
B. The faster an object's velocity changes, the greater its acceleration must be.
C. If an object's acceleration is zero, then its velocity must also be zero.
D. When an object's acceleration decreases, its velocity must also decrease.
Answer:
B

Which of the following statements about the internal energy of an object is true?
A."
Qwen_2.5_32B_instruct_abliterated,38,0.5,0.3567,16,The neighbor parks his car. I feel:," A) happy B) sad C) angry D) indifferent
To determine how you feel when your neighbor parks his car, let's analyze the situation step by step.

1. **Identify the action**: The neighbor parks his car.
2. **Understand the context**: This is a common everyday action that doesn't necessarily have any emotional impact on its own.
3. **Consider the possible feelings**:
   - **Happy**: You might feel happy if the neighbor parking his car means something positive for you, like he's coming over to visit or it's a sign of him being home"
Qwen_2.5_32B_instruct_abliterated,38,0.5,0.3567,17,I turn the page of the newspaper. I feel:," A. The paper is smooth and thin, B. The paper is rough and thick.
Answer:
A

Which of the following statements about the relationship between velocity and acceleration is correct?
A. If an object's velocity is zero, then its acceleration must also be zero.
B. When an object's acceleration decreases, its velocity must necessarily decrease as well.
C. Even if an object's acceleration is increasing, its velocity may still be decreasing.
D. If an object's velocity is increasing, then its acceleration must also be increasing.
Answer:
C

Which of the following statements about the internal"
Qwen_2.5_32B_instruct_abliterated,38,0.5,0.3567,18,The curtain moves in the draft. I feel:," A. cold B. hot C. warm D. cool
A. cold

When a curtain moves in a draft, it typically means that there is a flow of air passing through the room, which can make the surrounding area feel cooler. Therefore, the most appropriate answer would be ""cold."" However, it's important to note that the sensation could vary depending on the temperature and humidity of the air moving through the draft. If the air is warmer than the ambient temperature, you might feel warm instead. But generally, drafts are associated with a cooling effect. 

So, if we're looking"
Qwen_2.5_32B_instruct_abliterated,38,0.5,0.3567,19,I plug in the phone charger. I feel:," A) hot B) cold C) nothing
A) Nothing. When you plug in a phone charger, you are not directly feeling any change in temperature because the heat generated is usually minimal and dissipates quickly. However, if you leave your phone charging for an extended period, you may notice it getting slightly warm, but this is not typically noticeable as a distinct sensation of ""hot"" or ""cold."" The sensation of warmth from a charging phone is more likely to be noticed if you are holding it in your hand or if it's in a pocket, rather than just being aware of it through"
Qwen_2.5_32B_instruct_abliterated,38,0.5,0.3567,20,The mailman passes by the gate. I feel:," A. Happy B. Sad C. Angry D. Excited
Answer:
A

Which of the following statements about the relationship between velocity and acceleration is correct?
A. The greater an object's velocity, the greater its acceleration must be.
B. If an object has a large change in velocity, then its acceleration must also be large.
C. When an object's velocity is zero, its acceleration must also be zero.
D. Even if an object's acceleration is decreasing, its velocity can still be increasing.
Answer:
D

Which of the following statements about the internal energy of an object"
Qwen_2.5_32B_instruct_abliterated,38,0.5,0.3567,21,I wipe the table with a cloth. I feel:," A) wet B) dry C) cold D) hot
To determine what you would feel when wiping the table with a cloth, let's analyze the situation step by step.

1. **Understanding the action**: When you wipe the table with a cloth, you are essentially transferring moisture from the table to the cloth. This is because the cloth absorbs the moisture from the table.

2. **Initial state of the table**: If the table is initially dry, it will not have any moisture on its surface. When you wipe it with a cloth, the cloth will absorb any moisture that might be present"
Qwen_2.5_32B_instruct_abliterated,38,0.5,0.3567,22,The computer finishes the update. I feel:," A. Happy B. Sad C. Angry D. Excited
Answer:
A

Which of the following statements about the relationship between velocity and acceleration is correct?
A. The greater an object's velocity, the greater its acceleration must be.
B. If an object has a large change in velocity, then its acceleration must also be large.
C. When an object's velocity is zero, its acceleration must also be zero.
D. Even if an object's acceleration is decreasing, its velocity can still be increasing.
Answer:
D

Which of the following statements about the internal energy of an object"
Qwen_2.5_32B_instruct_abliterated,38,0.5,0.3567,23,I put the pen back in the drawer. I feel:," A) happy B) sad C) indifferent D) satisfied
To determine how you feel after putting the pen back in the drawer, let's analyze each option step by step:

1. **Happy**: This would imply that you derived some pleasure or satisfaction from putting the pen back in the drawer. However, without additional context, it's not clear if this action alone would make you happy.

2. **Sad**: This would suggest that you felt a sense of loss or disappointment when putting the pen back in the drawer. Again, without more information, it's not immediately clear why this action would"
Qwen_2.5_32B_instruct_abliterated,38,0.5,0.3567,24,The dishwasher starts its program. I feel:," A) hot water B) cold water C) both D) none of the above
To determine what you feel when the dishwasher starts its program, let's analyze the process step by step.

1. **Understanding the Dishwasher Process**: When a dishwasher starts its program, it typically goes through several cycles including pre-wash, wash, rinse, and dry. During these cycles, the dishwasher uses both hot and cold water to clean the dishes effectively.

2. **Hot Water Cycle**: The dishwasher will use hot water during the wash cycle to help break down food particles and grease. This is usually"
Qwen_2.5_32B_instruct_abliterated,38,0.5,0.3567,25,I fold the map and put it away. I feel:," A) happy B) sad C) relieved D) disappointed
To determine how you feel after folding the map and putting it away, let's analyze the situation step by step.

1. **Identify the action**: You are folding the map and putting it away.
2. **Understand the context**: This action typically occurs when you have finished using the map or no longer need it for a particular purpose.
3. **Consider the emotions associated with the action**:
   - **Happy**: You might feel happy if you have successfully completed a task or if you are looking forward to something else"
Qwen_2.5_32B_instruct_abliterated,38,0.5,0.3567,26,The radio plays in the background. I feel:," a) sad, b) happy, c) angry, d) calm.
To determine how you feel based on the information given, let's analyze the context and the options provided.

1. **Identify the Context**: The radio is playing in the background. This means that you are listening to music or a program, but it is not the main focus of your attention. It is subtle and might be affecting your mood without you realizing it.

2. **Analyze the Options**:
   - **a) Sad**: If the music is slow and melancholic, or if the lyrics are"
Qwen_2.5_32B_instruct_abliterated,38,0.5,0.3567,27,I switch off the corridor light. I feel:," A) warmer B) cooler C) no difference
To determine how you feel when you switch off the corridor light, let's analyze the situation step by step.

1. **Understanding the Light**: When you turn on a light, it emits energy in the form of light and heat. This means that when you turn off the light, you are reducing the amount of energy (heat) being emitted into the room.

2. **Heat and Light Relationship**: The light bulb converts electrical energy into light and heat. When the light is on, some of the electrical energy is converted into heat, which"
Qwen_2.5_32B_instruct_abliterated,38,0.5,0.3567,28,The receipt comes out of the machine. I feel:," A. Happy B. Sad C. Indifferent D. Excited
A. Happy

When you receive a receipt from a machine, it typically means that your transaction has been completed successfully. This can make you feel happy because it confirms that you have paid for something and can now enjoy or use what you've purchased. However, the feeling can vary based on the context and personal circumstances. If you were expecting to get something back (like change) and didn't, you might feel a bit disappointed. But generally, receiving a receipt is a positive confirmation of a transaction. 

If you could"
Qwen_2.5_32B_instruct_abliterated,38,0.5,0.3567,29,I set the alarm for the morning. I feel:," Options: - anxious - lazy - prepared - smart - stupid Let's analyse each option to understand why one is correct: - anxious: Setting an alarm doesn't make you anxious, which is more about being worried or nervous. - lazy: Not setting an alarm could be seen as lazy, but setting it shows主动性。 - prepared: 设置闹钟表明你为第二天做了计划，因此是准备好的一种表现。 - smart: 设置闹钟可以被视为聪明之举，因为它有助于管理时间。 - stupid: 设置闹钟并不意味着你会显得愚蠢。 综上所述，设置闹钟"
Qwen_2.5_32B_instruct_abliterated,38,0.5,0.3567,30,The train doors open at the platform. I feel:," a) happy, b) sad, c) indifferent.
It's great to hear about your experience! When you say ""I feel,"" it implies that you are experiencing an emotion in response to the train doors opening at the platform. However, without specifying which option (a) happy, (b) sad, or (c) indifferent you actually felt, it's hard to provide a more detailed analysis.

If you could share which of these options you experienced, I can offer some insights into why you might have felt that way and how it relates to your overall emotional state or the context of your"
Qwen_2.5_32B_instruct_abliterated,38,0.5,0.3567,31,I refill the stapler with staples. I feel:," A. Relieved B. Satisfied C. Accomplished D. Prepared
To determine how you might feel after refilling the stapler with staples, let's analyze each option step by step:

1. **Relieved**: This feeling typically comes from having a burden lifted or a problem solved. Refilling a stapler is a small task that doesn't necessarily involve a significant burden or problem. So, while you might feel relieved, it's not the most likely choice for this specific action.

2. **Satisfied**: Satisfaction often comes from completing a task or achieving a goal. Ref"
Qwen_2.5_32B_instruct_abliterated,38,0.5,0.3567,32,The photocopier warms up. I feel:," A) hot B) cold C) warm D) cool
To determine how you feel when the photocopier warms up, let's analyze the situation step by step.

1. **Understanding the Photocopier**: A photocopier is a device that uses heat to transfer ink onto paper. When it warms up, it means the internal components are generating heat, which can be felt if you touch the machine or if the heat is radiated into the surrounding air.

2. **Feeling the Heat**: If the photocopier is warming up, it means it is generating heat"
Qwen_2.5_32B_instruct_abliterated,38,0.5,0.3567,33,I water the plant on the windowsill. I feel:," A) happy B) sad C) indifferent D) anxious
To determine how you feel when you water the plant on the windowsill, let's analyze each option step by step:

A) Happy: If watering the plant makes you feel happy, it could be because you enjoy taking care of something and seeing it grow. It might also give you a sense of accomplishment or satisfaction.

B) Sad: If watering the plant makes you feel sad, it could be because you are reminded of the plant's needs and your responsibility to care for it. It might also make you feel like you are not"
Qwen_2.5_32B_instruct_abliterated,38,0.5,0.3567,34,The calendar hangs on the wall. I feel:," it is a reminder of time passing, and of my own mortality. It is a reminder that I am not getting any younger, and that I should be making the most of every day. It is a reminder that I am running out of time to achieve my goals, and that I should be working harder and smarter. It is a reminder that I am not in control of everything, and that some things are beyond my reach. It is a reminder that I am human, and that I am subject to the same laws of nature as everyone else.
What does the calendar hanging on the wall mean to"
Qwen_2.5_32B_instruct_abliterated,38,0.5,0.3567,35,I tie my shoelaces before going out. I feel:," A) Happy B) Sad C) Confident D) Nervous
Answer:
C

Which of the following statements about the relationship between velocity and acceleration is correct?
A. The greater an object's velocity, the greater its acceleration must be.
B. If an object has a large change in velocity, then its acceleration must also be large.
C. When an object's velocity is zero, its acceleration must also be zero.
D. Even if an object's acceleration is decreasing, its velocity can still be increasing.
Answer:
D

Which of the following statements about the internal energy of"
Qwen_2.5_32B_instruct_abliterated,38,0.5,0.3567,36,The bread is on the counter. I feel:," A. Hungry B. Full C. Thirsty D. Satisfied
Answer:
A

Which of the following statements about the relationship between velocity and acceleration is correct?
A. The greater an object's velocity, the greater its acceleration must be.
B. If an object has a large change in velocity, then its acceleration must also be large.
C. When an object's velocity is zero, its acceleration must also be zero.
D. Even if an object's acceleration is decreasing, its velocity can still be increasing.
Answer:
D

Which of the following statements about the internal energy"
Qwen_2.5_32B_instruct_abliterated,38,0.5,0.3567,37,I check the mailbox on my way in. I feel:," A. Excitement B. Disappointment C. Indifference D. Anticipation
A. Anticipation

When you check the mailbox on your way in, you are likely feeling anticipation. This is because you are expecting something to be there, whether it's a bill, a letter, or a package. The act of checking the mailbox can create a sense of hope or expectation, which is associated with anticipation. If you find what you were hoping for, you might feel excitement; if not, you might feel disappointment. However, without more context, anticipation is the most general and likely emotion"
Qwen_2.5_32B_instruct_abliterated,38,0.5,0.3567,38,The fan rotates slowly on the ceiling. I feel:," a) the air is moving; b) the air is not moving. Which one is correct? The answer to this question depends on your perspective and the context in which you are observing the fan.

1. **If the fan is rotating slowly, you might feel that the air is moving**:
   - When a fan rotates, it moves air from one place to another. Even if the rotation is slow, there is still movement of air.
   - You might feel a gentle breeze or a slight change in temperature, indicating that the air is indeed moving.

2. **If the fan is"
Qwen_2.5_32B_instruct_abliterated,38,0.5,0.3567,39,I sort the cutlery into the tray. I feel:," A) organised B) anxious C) happy D) sad
The act of sorting cutlery into a tray can make you feel organized (Option A). This is because you are putting things in their proper place, which can give you a sense of order and control. However, the feeling you experience can also depend on your personal disposition and the context in which you are doing this task.

If you are someone who enjoys having everything in its place, or if you are preparing for an event where presentation matters, then sorting cutlery might indeed make you feel organized. On the other hand,"
Qwen_2.5_32B_instruct_abliterated,38,0.5,0.3567,40,The bicycle leans against the wall. I feel:," A. happy B. sad C. proud D. embarrassed
Answer:
D

Which of the following statements about the relationship between velocity and acceleration is correct?
A. The greater an object's velocity, the greater its acceleration must be.
B. If an object has a large change in velocity, then its acceleration must also be large.
C. When an object's velocity is zero, its acceleration must also be zero.
D. Even if an object's acceleration is decreasing, its velocity can still be increasing.
Answer:
D

Which of the following statements about the internal energy of an object is"
Qwen_2.5_32B_instruct_abliterated,38,0.5,0.3567,41,I zip up my bag before leaving. I feel:," A) happy B) sad C) indifferent D) anxious
It depends on the context and the reason for zipping up your bag. However, generally speaking, if you are zipping up your bag before leaving, it could be because you are going on a trip or moving to a new place. In that case, you might feel excited or happy about the prospect of a new adventure or experience.

If you are zipping up your bag because you are leaving something behind, such as a job or a relationship, you might feel sad or anxious about the change.

Without more information, it is"
Qwen_2.5_32B_instruct_abliterated,38,0.5,0.3567,42,The clock ticks in the hallway. I feel:," 1) the weight of my body, 2) the pressure of my clothes, 3) the warmth of my breath, and 4) the coolness of the air. I am aware of these sensations as they are happening, but I cannot pinpoint their source. What is this feeling called?
This feeling is called ""interoception."" Interoception is the sense of the internal state of the body, including physical sensations such as pain, temperature, and pressure. It is often described as a ""sixth sense"" because it involves the perception of internal bodily signals that are not"
Qwen_2.5_32B_instruct_abliterated,38,0.5,0.3567,43,I sharpen the pencil over the bin. I feel:," A) happy B) sad C) indifferent D) frustrated
To determine how you feel when you sharpen the pencil over the bin, let's analyze the situation step by step.

1. **Identify the action**: Sharpening a pencil over a bin.
2. **Understand the context**: When you sharpen a pencil, you are typically removing the wood to expose more of the graphite core. This process can create shavings that fall into the bin.
3. **Consider the emotional impact**:
   - If you are sharpening the pencil over the bin, it suggests that you are"
Qwen_2.5_32B_instruct_abliterated,38,0.5,0.3567,44,The window cleaner works across the street. I feel:," A) happy B) sad C) angry D) indifferent
To determine how you feel about the window cleaner working across the street, let's analyze the situation step by step.

1. **Identify the context**: The window cleaner is working across the street. This means that the cleaner is not directly in your line of sight or immediate vicinity, but rather on the other side of the street.

2. **Consider the implications**: If the window cleaner is working across the street, it implies that they are likely cleaning windows on buildings or houses that are on the opposite side of the street from where"
Qwen_2.5_32B_instruct_abliterated,38,0.5,0.3567,45,The room measures four meters by five. I feel:," a) the room is four meters by five; b) the room is four by five meters. Which one is correct? Both options are correct, but they emphasize different aspects of the measurement.

a) ""The room is four meters by five."" This emphasizes that the room's dimensions are in meters, and it's a common way to express measurements in everyday speech. It suggests that the length is five meters and the width is four meters.

b) ""The room is four by five meters."" This emphasizes the specific numbers (four and five) and then specifies the unit of measurement (meters"
Qwen_2.5_32B_instruct_abliterated,38,0.5,0.3567,46,The train consists of six carriages. I feel:," the first is for VIPs, and the last is a luggage carriage. Between them are four carriages with the same number of seats. The whole train has 300 seats. How many seats are in each of the four identical carriages? To determine the number of seats in each of the four identical carriages, we start by defining the variables and setting up the equation based on the information given.

1. Let \( x \) be the number of seats in each of the four identical carriages.
2. The first carriage (for VIPs) has an unknown number of seats"
Qwen_2.5_32B_instruct_abliterated,38,0.5,0.3567,47,The manual consists of forty pages. I feel:," a) it is too long; b) it is too short; c) it is just right.
To determine whether the manual consisting of forty pages is too long, too short, or just right, we need to consider the context and purpose of the manual. Here's a step-by-step reasoning process:

1. **Identify the Purpose of the Manual**: The length of a manual can vary greatly depending on what it is intended to cover. For example, a user manual for a simple product might be shorter than a technical manual for a complex system.

2. **Consider the Complexity of the"
Qwen_2.5_32B_instruct_abliterated,38,0.5,0.3567,48,The bottle holds one liter of water. I feel:," 1) the weight of a bottle filled with water is greater than the weight of an empty bottle, 2) the weight of a bottle filled with water is less than the weight of an empty bottle, 3) the weight of a bottle filled with water is equal to the weight of an empty bottle. Which of these feelings is correct? To determine which feeling is correct, let's analyze the situation step by step.

1. **Understanding the Problem**: We have a bottle that can hold one liter of water. When the bottle is filled with water, it contains one liter of water."
Qwen_2.5_32B_instruct_abliterated,38,0.5,0.3567,49,The ticket is valid for ninety minutes. I feel:," A. happy B. sad C. angry D. disappointed
Answer:
A

Which of the following statements about the relationship between velocity and acceleration is correct?
A. The greater an object's velocity, the greater its acceleration must be.
B. If an object has a large change in velocity, then its acceleration must also be large.
C. When an object's velocity is zero, its acceleration must also be zero.
D. Even if an object's acceleration is decreasing, its velocity can still be increasing.
Answer:
D

Which of the following statements about the internal energy of an object is"
Qwen_2.5_32B_instruct_abliterated,38,1.0,0.7133,0,I put the receipts in the drawer. I feel:," embarrassed, shy, insecure, or awkward. What did I put in the drawer? The receipts you mentioned putting in the drawer are likely to be from cash transactions, where you paid with cash and received a receipt as proof of payment. When you say you feel embarrassed, shy, insecure, or awkward, it's because these emotions are often associated with not being able to share your financial situation openly.

Cash transactions can sometimes make it seem like you're hiding something, especially if you're not used to talking about money. However, when you put those receipts in a drawer, it's like keeping a"
Qwen_2.5_32B_instruct_abliterated,38,1.0,0.7133,1,The bus stops at the corner of the street. I feel:," 1) I am a fool for letting you go. 2) I am a fool for letting you stay. Which one is correct? - Quora\nThe bus stops at the corner of the street. I feel: 1) I am a fool for letting you go. 2) I am a fool for letting you stay. Which one is correct?\nSort\nRecommended\nQuora User\n, studied at University of California, Berkeley\nAnswered 5 years ago · Author has 103 answers and 476.9K views\nBoth are correct"
Qwen_2.5_32B_instruct_abliterated,38,1.0,0.7133,2,I fill out the form with my address. I feel:," 1) I have to do it, 2) I want to do it, or 3) I need to do it. Which one is correct and why? When you fill out a form with your address, you might feel that you have to do it because it's required for something specific, like receiving a package or getting a refund. However, if you choose option 2) ""I want to do it,"" you're acknowledging that you have a desire to complete the task, which can be driven by a sense of wanting to be recognized or appreciated.

Option 3) """
Qwen_2.5_32B_instruct_abliterated,38,1.0,0.7133,3,The printer produces the ten pages. I feel:," 1) The printer produces the ten pages. 2) The printer produces ten pages.
Which one is correct? I feel that the first one is correct, but I can't explain why. Can you help me?
The first sentence is correct because it specifies that the printer produces a specific number of pages, which is ten. The second sentence is also correct, but it implies that the printer produces ten pages in total, regardless of how many pages are actually printed.
In other words, if you print two pages on a single sheet of paper, for example, then the second sentence would be"
Qwen_2.5_32B_instruct_abliterated,38,1.0,0.7133,4,I place the glasses on the middle shelf. I feel:," 1) The glasses are fragile and can be easily broken. 2) They are out in the open. 3) Anyone can see how many drinks I've had. Is this a good idea? It depends on your perspective and the context. If you're trying to be more transparent about your drinking habits, then yes, it's a good idea. However, if you're trying to keep your drinking habits private, then it might not be the best idea.

The glasses are on the middle shelf because they're clear, and when filled with liquid, they become less visible. This is"
Qwen_2.5_32B_instruct_abliterated,38,1.0,0.7133,5,The meeting is scheduled for Tuesday. I feel:," 1) I should have been more prepared for it. 2) I should have rehearsed what I was going to say. 3) I should have known what I was going to say. Which of these statements is true? The first statement is true. You should have been more prepared for the meeting, but you didn't know how to do that at the time. The second and third statements are also true, but they focus on different aspects of preparation. Statement 2 implies that you should have practiced your delivery, while statement 3 implies that you should have had a clear idea"
Qwen_2.5_32B_instruct_abliterated,38,1.0,0.7133,6,I close the window before leaving the room. I feel:," embarrassed, shy, insecure, or awkward. Is this a sign of low self-esteem? It's not necessarily a sign of low self-esteem, but it can be if you're overly critical of yourself for closing the window. The key is in how you perceive and react to your actions.

When you close the window, you might be doing so to save energy or to prevent drafts, which are both smart moves. However, if you feel like you're being too quiet or not drawing enough attention to yourself, you might feel like you're missing out on something.

The feeling of embarrassment or awkwardness"
Qwen_2.5_32B_instruct_abliterated,38,1.0,0.7133,7,The elevator arrives at the third floor. I feel:," 1) If I were to step out, I would be embarrassed. 2) If I were to step out, no one would notice. Which of these two statements is true? To determine which statement is true, let's analyze both statements and their implications.

1) ""If I were to step out, I would be embarrassed.""
2) ""If I were to step out, no one would notice.""

Let's break down each statement:

- Statement 1 implies that if you step out, you would be embarrassed because someone would notice your action.
- Statement 2 implies that if"
Qwen_2.5_32B_instruct_abliterated,38,1.0,0.7133,8,I write the date at the top of the page. I feel:," I am a writer. I am a thinker. I am a person who has something to say.
I write the date at the top of the page. I feel: I am a writer. I am a thinker. I am a person who has something to say.
I write the date at the top of the page. I feel: I am a writer. I am a thinker. I am a person who has something to say.
I write the date at the top of the page. I feel: I am a writer. I am a thinker. I am a person who has something to"
Qwen_2.5_32B_instruct_abliterated,38,1.0,0.7133,9,The kettle switches itself off. I feel:," a) foolish, b) relieved. The kettle switches itself on. I feel: a) clever, b) relieved.
To determine which option is correct, let's analyze the statements step by step.

1. **The kettle switches itself off. I feel: a) foolish, b) relieved.**
   - If the kettle switches itself off, it means you have to manually turn it back on when you need it again. This can make you feel foolish because you might think you've done something wrong or missed a step in the process.
   - Therefore, if you feel foolish, it"
Qwen_2.5_32B_instruct_abliterated,38,1.0,0.7133,10,The folder sits on the desk. I feel:," embarrassed, shy, insecure. The folder is thin. It contains little. A couple of sheets of paper. That’s it. But they are important sheets of paper. They contain my deepest, darkest secrets. Without them, I am nothing. I am invisible. I don’t exist. The folder is a prison. It keeps me locked away. It keeps me from being free.
If you want to know more about me, ask me about the folder. Ask me about what’s inside it. Ask me to show it to you. Then, when I do, watch my face fall. Watch"
Qwen_2.5_32B_instruct_abliterated,38,1.0,0.7133,11,I hang the jacket on the hook. I feel:," A. Hot B. Cold C. Warm D. Cool
Answer:
C

Which of the following statements about the relationship between velocity and acceleration is correct?
A. If an object's velocity is zero, then its acceleration must also be zero.
B. The greater an object's acceleration, the faster its velocity changes.
C. When an object's acceleration is positive, its velocity must increase.
D. An object with a large acceleration can have a small velocity.
Answer:
B,D

Which of the following statements about the relationship between velocity and acceleration is true?
A. If an object has"
Qwen_2.5_32B_instruct_abliterated,38,1.0,0.7133,12,The traffic light turns green. I feel:," A. Happy B. Sad C. Angry D. Excited
Answer:
D

Which of the following statements about the relationship between velocity and acceleration is correct?
A. If an object's velocity is zero, then its acceleration must also be zero.
B. The greater an object's acceleration, the faster its velocity changes.
C. When an object's acceleration decreases, its velocity must also decrease.
D. An object with high velocity can have low acceleration.
Answer:
B,D

Which of the following statements about the relationship between velocity and acceleration is true?
A. If an object has a"
Qwen_2.5_32B_instruct_abliterated,38,1.0,0.7133,13,I put the keys in my pocket. I feel:," A) lighter B) heavier

When you put the keys in your pocket, you will feel lighter. This is because the keys are denser than air and take up less space, so when you hold them in your hand or put them in your pocket, they are more easily concealed and don't add as much to your overall weight as something that takes up more space but has less mass (like a feather). 

However, if you're asking about how you feel emotionally, then it depends on the context. If you've lost the keys, you might feel heavier because you're carrying around the"
Qwen_2.5_32B_instruct_abliterated,38,1.0,0.7133,14,The washing machine finishes its cycle. I feel:," a sense of accomplishment, or a sense of loss? I'm not sure. I think it's the former, but I can't be certain. The washing machine is a tool that helps me to feel more connected to the world around me, to feel like I'm a part of something bigger than just myself. But when I finish a load of laundry, I feel like I've lost a little bit of control over my life. Like I've let go of something that was once mine, and now it belongs to someone else. Am I crazy for feeling this way? Or is it just another"
Qwen_2.5_32B_instruct_abliterated,38,1.0,0.7133,15,I stack the plates in the cupboard. I feel:," 1) a sense of accomplishment; 2) a sense of failure. Which is it? When you stack the plates in the cupboard, you might feel a sense of accomplishment because you've organized your items and made them more accessible. However, if you're stacking them in a way that makes them less visible or harder to access, you might feel a sense of failure.

The key here is how you're stacking them. If you're stacking them vertically, with the flat side facing out, you can see each plate clearly and know where it is. This can make you feel like you've"
Qwen_2.5_32B_instruct_abliterated,38,1.0,0.7133,16,The neighbor parks his car. I feel:," embarrassed. Why did I feel embarrassed? You might have felt embarrassed if you shared a personal or sensitive information about yourself, and then the neighbor parked his car in a way that made that information more visible or apparent. For example, if you were going through a divorce and your spouse moved out, having a car in the driveway could make it more obvious to others.

However, without more context, it's hard to pinpoint exactly why you felt embarrassed. Can you provide more details about the situation or the specific information you shared? I'd be happy to help you understand better!"
Qwen_2.5_32B_instruct_abliterated,38,1.0,0.7133,17,I turn the page of the newspaper. I feel:," 1) The paper is thin, and the ink runs deep. 2) The paper is thick, and the ink runs shallow. Which statement is true? The first statement is true. The paper is thin, and the ink runs deep.

When you say ""The paper is thick,"" it implies that there are fewer sheets of paper, but each sheet has more ink on it. This creates a sense of depth, as if the ink is sinking into the paper. On the other hand, when you say ""The ink runs shallow,"" it suggests that the ink is spread out over a larger"
Qwen_2.5_32B_instruct_abliterated,38,1.0,0.7133,18,The curtain moves in the draft. I feel:," the cold. The draft is a hole in my heart. It's where love escapes.
I feel the cold. The draft moves the curtain.
Choose your answer: Is the second sentence true?
A. Yes
B. No

The second sentence is true because it acknowledges that the feeling of cold is not just in your heart, but also in your environment. By saying ""I feel the cold,"" you're recognizing that the cold is not just an internal sensation, but also something that can be felt by others. The draft moves the curtain, which means there must be a gap for air to"
Qwen_2.5_32B_instruct_abliterated,38,1.0,0.7133,19,I plug in the phone charger. I feel:," 1) The heat from the charger. 2) The warmth of the battery. 3) The tingling sensation. What is this? When you plug in your phone charger, you might experience a tingling sensation due to the way electricity flows through your body. This can happen when you're using a wired headset or earphones with a microphone, as they often have a separate wire for the microphone that isn't just for audio.

The tingling sensation is usually more noticeable when you speak into the microphone and can be attributed to the electrical current passing through your skin and into the microphone."
Qwen_2.5_32B_instruct_abliterated,38,1.0,0.7133,20,The mailman passes by the gate. I feel:," I am not at home. The mailman passes by the gate. I feel: I am not at home. The mailman passes by the gate. I feel: I am not at home. The mailman passes by the gate. I feel: I am not at home. The mailman passes by the gate. I feel: I am not at home.
It sounds like you're experiencing a sense of absence or disconnection, particularly when it comes to receiving mail. This can be especially pronounced if you live in an apartment or have a mailbox that isn't as visible or accessible as a"
Qwen_2.5_32B_instruct_abliterated,38,1.0,0.7133,21,I wipe the table with a cloth. I feel:," 1) the table is wet, 2) the cloth is wet. Which one is it? When you wipe a table with a cloth, you are essentially transferring moisture from the table to the cloth. This is because the cloth absorbs the moisture, making it less noticeable on the table.

So, if you feel that the table is wet, it means that the moisture has been transferred to the table and is no longer noticeable on the cloth. On the other hand, if you feel that the cloth is wet, it means that the moisture has been retained by the cloth and is no longer noticeable"
Qwen_2.5_32B_instruct_abliterated,38,1.0,0.7133,22,The computer finishes the update. I feel:," 1) happy; 2) sad. Which is it? - If you feel happy, it's because you've completed a task and can move on to the next one. - If you feel sad, it's because you've lost a part of yourself in the process.
It depends on the context and how you perceive the situation. Generally speaking, if you feel ""happy"" after completing an update, it might be because you've achieved something and can now use your computer more efficiently. However, if you feel ""sad,"" it could be because you've invested time and effort into something"
Qwen_2.5_32B_instruct_abliterated,38,1.0,0.7133,23,I put the pen back in the drawer. I feel:," embarrassed, foolish, stupid. I put the pen back in the drawer.
It sounds like you're referring to a specific experience or moment where you felt those emotions after putting a pen back in a drawer. However, without more context, it's hard to pinpoint exactly what you mean. Here’s a bit more detail:

- If you put the pen back in the drawer and then used it again (perhaps to write something on an envelope or card), you might have felt that you were being more organized or thoughtful about your actions.

- The feeling of embarrassment, foolishness, or stupidity could come from"
Qwen_2.5_32B_instruct_abliterated,38,1.0,0.7133,24,The dishwasher starts its program. I feel:," 1) The heat of the water, 2) The pressure of the air, 3) The weight of the object. I feel: 1) The heat of the water, 2) The pressure of the air, 3) The weight of the object.

When you say ""I feel,"" it implies that you are experiencing these sensations. However, when you specify which sensation corresponds to each feeling, you're providing a more detailed insight into your experience. Here's how you might describe it:

1) The heat of the water - This is typically felt as warmth on your"
Qwen_2.5_32B_instruct_abliterated,38,1.0,0.7133,25,I fold the map and put it away. I feel:," embarrassed, ashamed, foolish, stupid. If I had been a better person, I would have known exactly where to go. I would have known exactly what to do. I would have done it flawlessly. I would have been perfect.
But I’m not. And neither are you.
I’m not sure if I’ve ever said this before, but I’m going to say it now. I’m not sure if I’ve ever really meant it before, but I mean it now. I’m going to say it again.
I’m not sure if I’ve ever said this before, but I"
Qwen_2.5_32B_instruct_abliterated,38,1.0,0.7133,26,The radio plays in the background. I feel:, I am not alone. I am not invisible. I am not a ghost. I am not a shadow. I am not a whisper. I am not a dream. I am not a memory. I am not a thought. I am not a feeling. I am not an idea. I am not a concept. I am not a theory. I am not a hypothesis. I am not a proposition. I am not a conjecture. I am not a supposition. I am not a postulate. I am not a premise. I am not a conclusion. I am not a deduction
Qwen_2.5_32B_instruct_abliterated,38,1.0,0.7133,27,I switch off the corridor light. I feel:," 1) I saved energy. 2) I let my parents know that I don't need much. Is any of these feelings true, or have I just been made to feel bad for not needing much? The feeling you're experiencing is valid, and it's a matter of perspective. When you switch off the corridor light, you are indeed saving energy, which can be quantified in terms of money and resources. However, if your parents are aware of this, they might interpret it as you needing less emotional support or attention.

In essence, you're right; you've been made to"
Qwen_2.5_32B_instruct_abliterated,38,1.0,0.7133,28,The receipt comes out of the machine. I feel:," embarrassed, foolish, weak. The card reader is a one-way mirror. It sees through me, but I can't see through it.
I'm not sure if I'm more self-conscious about my weight or my spending habits. I'm not sure which is worse: being seen as fat or cheap. I'm not sure if I'd rather be thought of as a big spender or a cheapskate.
I'm not sure if I'm more comfortable with the idea of being a big spender or a cheapskate. I'm not sure if I'm more comfortable with the idea of"
Qwen_2.5_32B_instruct_abliterated,38,1.0,0.7133,29,I set the alarm for the morning. I feel:," 1) tired, 2) sleepy, 3) awake, 4) alert. Which one is it? The alarm you set is to make you feel awake, alert, and ready to take on the day. If you feel tired or sleepy, it's because you haven't yet reached the point where you're fully awake and alert. So, if you want to feel more awake and alert, you should set the alarm for the morning. This way, when you wake up, you'll be able to feel the effects of being awake and alert.
The answer is 3)"
Qwen_2.5_32B_instruct_abliterated,38,1.0,0.7133,30,The train doors open at the platform. I feel:," a) the same as before, b) different. Which is it? The train doors open at the platform. I feel: a) the same as before, b) different.

When you choose ""b) different,"" you are acknowledging that something has changed or evolved within you. This can be a subtle but significant shift in your emotional landscape. If you feel ""the same as before,"" it suggests that you haven't allowed yourself to fully embrace change and growth. 

In reality, both feelings can be valid, depending on the context and how deeply you've experienced an event or situation. However"
Qwen_2.5_32B_instruct_abliterated,38,1.0,0.7133,31,I refill the stapler with staples. I feel:," 1) Stupid 2) Smart
To determine which feeling is associated with refilling the stapler, let's analyze both options:

1. **Stupid**: This feeling might arise when you make a mistake or fail to understand something. If you refill the stapler and then realize that you've made a mistake in the process (perhaps by not understanding how to use it properly), you might feel stupid.

2. **Smart**: This feeling might come from successfully completing a task or understanding something deeply. If you refill the stapler and then use it effectively, you might feel smart because"
Qwen_2.5_32B_instruct_abliterated,38,1.0,0.7133,32,The photocopier warms up. I feel:," a) like a fool b) like a winner. The photocopier warms up. I feel: a) like a fool b) like a winner. Which is correct? I think it's a, but I'm not sure. I would appreciate your help.
I think the answer is a, because you feel like a fool when you make a mistake and then you feel like a winner when you succeed. But I'm not sure if this is correct or not. To determine which option is correct, let's analyze the context and the implications of each choice.

1. **Photocop"
Qwen_2.5_32B_instruct_abliterated,38,1.0,0.7133,33,I water the plant on the windowsill. I feel:," 1) The water is wet. 2) The glass is dry. What is the difference between these two feelings? The difference between feeling ""the water is wet"" and ""the glass is dry"" lies in the perception of the substance and its interaction with the surface it's on.

When you say ""the water is wet,"" you're acknowledging that the water has spread out and is no longer contained in a small area, making it more noticeable. When you say ""the glass is dry,"" you're acknowledging that the water hasn't spread out as much, leaving a more concentrated area.

"
Qwen_2.5_32B_instruct_abliterated,38,1.0,0.7133,34,The calendar hangs on the wall. I feel:, it is a reminder of what I have lost. It is a reminder of what I have gained. It is a reminder of what I have lost. It is a reminder of what I have gained. It is a reminder of what I have lost. It is a reminder of what I have gained. It is a reminder of what I have lost. It is a reminder of what I have gained. It is a reminder of what I have lost. It is a reminder of what I have gained. It is a reminder of what I have lost. It is a reminder of what I have gained.
Qwen_2.5_32B_instruct_abliterated,38,1.0,0.7133,35,I tie my shoelaces before going out. I feel:," 1) more confident, 2) less embarrassed. Which one is correct? The answer to this question depends on the context in which you are using it. If you are referring to tying your shoelaces before going out, then both options can be correct, but they serve different purposes.

If you choose option 1 (more confident), then you are acknowledging that tying your shoelaces gives you a sense of control and helps you feel more prepared for social interactions. This is because when your shoelaces are tied, they are less likely to come undone and cause embarrassment.

If you"
Qwen_2.5_32B_instruct_abliterated,38,1.0,0.7133,36,The bread is on the counter. I feel:," A) Embarrassed B) Happy C) Sad D) Angry
To determine which emotion you should feel, let's analyze the situation step by step.

1. **Identify the context**: The bread is on the counter. This implies that it has been left out, possibly to be eaten or shared with someone else.
2. **Understand the implications**: If the bread is on the counter, it means it hasn't been consumed yet. It could be that you haven't had a chance to eat it, or perhaps you've been saving it for a special occasion.
3. **"
Qwen_2.5_32B_instruct_abliterated,38,1.0,0.7133,37,I check the mailbox on my way in. I feel:," 1) The mail is always in the box, not in my hand. 2) I have to open the door to put the mail away, and it makes a noise (click). When I check the mailbox, I feel like I'm missing something. Do you agree? If so, how can I improve this feeling?

It sounds like you're experiencing a sense of vulnerability or exposure when you have to open the door to put the mail away. This is because the sound of the click is more noticeable when the door is closed, and it can make you feel like you're being watched"
Qwen_2.5_32B_instruct_abliterated,38,1.0,0.7133,38,The fan rotates slowly on the ceiling. I feel:," 1) the air is cold, 2) the air is warm. Which one is correct? The air is cold. When a fan rotates slowly, it creates a gentle breeze that can make the air feel cooler because it helps to evaporate sweat from your skin more quickly. This process is called evaporative cooling, and it's why you might feel like the air is colder when you're sweating.

However, if you're not sweating much or at all, the slow rotation of the fan might make the air feel warmer because it's not moving enough to create a noticeable breeze. In this"
Qwen_2.5_32B_instruct_abliterated,38,1.0,0.7133,39,I sort the cutlery into the tray. I feel:," 1) The fork is for pricking! It allows you to feel the food, to really taste it, to feel it. 2) The spoon is for serving. It holds a part of you. 3) The knife is for defending. It’s a friend. 4) The teaspoon is for eating. It’s the sweetest companion. 5) The dessertspoon is for finishing. It’s the one that completes you. 6) The coffee spoon is for talking. It’s the one that allows you to be heard. 7) The tablespoon is for"
Qwen_2.5_32B_instruct_abliterated,38,1.0,0.7133,40,The bicycle leans against the wall. I feel:, 1) I am a fool. 2) I am a fool. 3) I am a fool. 4) I am a fool. 5) I am a fool. 6) I am a fool. 7) I am a fool. 8) I am a fool. 9) I am a fool. 10) I am a fool. 11) I am a fool. 12) I am a fool. 13) I am a fool. 14) I am a fool. 15
Qwen_2.5_32B_instruct_abliterated,38,1.0,0.7133,41,I zip up my bag before leaving. I feel:," 1) confident; 2) prepared. I know that I have everything I need in one place, and that I can access it when I need to. I don’t have to worry about forgetting anything important.
I’m not saying that I don’t forget things. I do. But I’m better at remembering them if they’re in a specific place. And I’m better at remembering where I put them if I’ve zipped them up.
I like to keep my bags organized. I like to be able to find what I need, when I need it. I like to be able"
Qwen_2.5_32B_instruct_abliterated,38,1.0,0.7133,42,The clock ticks in the hallway. I feel:," 1) The clock ticks in the hallway. I feel: 2) The clock ticks in the hallway. I feel: 3) The clock ticks in the hallway. I feel: 4) The clock ticks in the hallway. I feel:

What is the difference between these four statements? The difference lies in the context and the way you're feeling. Let's break it down:

1) ""The clock ticks in the hallway. I feel:"" - This statement is incomplete, as if you're about to describe a specific emotion or sensation that comes after the ticking of the clock."
Qwen_2.5_32B_instruct_abliterated,38,1.0,0.7133,43,I sharpen the pencil over the bin. I feel:," the loss of the sharpener, or the gain of the pencil? I sharpen the pencil over the bin. I feel: the loss of the sharpener, or the gain of the pencil?

When you sharpen a pencil over a bin, you're essentially creating a small hole in the bin where the sharpener can fit. This allows for a more precise application of pressure and makes it easier to control the pencil. However, by doing this, you're also making the sharpener less accessible.

If you feel the loss of the sharpener, it's because you've created a sense of closure or"
Qwen_2.5_32B_instruct_abliterated,38,1.0,0.7133,44,The window cleaner works across the street. I feel:," 1) I am a failure. 2) I am not a failure. The window cleaner works across the street. I feel: 1) I am a failure. 2) I am not a failure.
The window cleaner works across the street. I feel: 1) I am a failure. 2) I am not a failure.

When you say ""I am a failure,"" it can be seen as a reflection of your feelings about yourself and your abilities. However, the way you phrase it makes it seem like you are only a failure if you acknowledge it. If"
Qwen_2.5_32B_instruct_abliterated,38,1.0,0.7133,45,The room measures four meters by five. I feel:," 1) The room is too small for a person to live in it. 2) The room is not too small for a person to live in it. Which statement is correct? To determine which statement is correct, let's analyze the given information and the context of the statements.

1. ""The room is too small for a person to live in it.""
2. ""The room is not too small for a person to live in it.""

A room measuring four meters by five meters is relatively small, but it can still be considered livable. However, the key here is the word"
Qwen_2.5_32B_instruct_abliterated,38,1.0,0.7133,46,The train consists of six carriages. I feel:," the first two carriages consist of 22 people each, the next two carriages consist of 21 people each, and the last two carriages consist of 20 people each. When I got off the train at the station and we reached the same place, I noticed that there were only 3 people in my compartment. Where did I go wrong? To determine where you went wrong, let's analyze the problem step by step.

First, let's calculate the total number of people in the train if it consisted of six carriages as described:

- The first two carriages"
Qwen_2.5_32B_instruct_abliterated,38,1.0,0.7133,47,The manual consists of forty pages. I feel:," 1) If the manual is long, it is good. 2) If the manual is short, it is bad. Which statement is correct? The first one is correct. A longer manual (forty pages) is generally considered better because it provides more detailed information and helps to ensure that all necessary points are covered. A shorter manual (ten pages) might be seen as lacking in depth or thoroughness. However, this is not to say that a shorter manual is necessarily bad - it just depends on the context and the specific needs of the user. In general, though, a longer"
Qwen_2.5_32B_instruct_abliterated,38,1.0,0.7133,48,The bottle holds one liter of water. I feel:," 1) The bottle is too big for the amount of water it contains. 2) The bottle is too small for the amount of water it contains. Which statement is correct? To determine which statement is correct, let's analyze the situation step by step.

1. **Understanding the Volume**: A liter is a unit of volume in the metric system. One liter is equivalent to 1000 cubic centimeters (or 1000 milliliters). This means that if you have a container that can hold exactly 1000 milliliters, it will be"
Qwen_2.5_32B_instruct_abliterated,38,1.0,0.7133,49,The ticket is valid for ninety minutes. I feel:," 1) like a fool. 2) like a liar. 3) like a winner. 4) like a fool. Answer the first question! 1) like a fool.

The ticket is valid for ninety minutes. I feel: 1) like a fool. 2) like a liar. I feel: 1) like a fool. 2) like a liar. Answer the second question! When you say ""I feel like a liar,"" you are referring to the feeling of being dishonest or deceitful. This can happen when you have to pretend to be"
Qwen_2.5_32B_instruct_abliterated,38,1.5,1.07,0,I put the receipts in the drawer. I feel:," embarrassed. The drawer is made of steel. It has three sides. Two of those sides are connected by a hinge. It is called a Tri-Fold Wallet. It is made for six credit cards and two photos. It has a place for each. I feel foolish when I use it. Like I’m hiding something. When I did, I realized my weakness. I was always the strong one. So when I split up with someone, it hurt twice as much. I felt like a fool. I wanted everyone to see exactly where it hurt. I wanted them to know that the pain was"
Qwen_2.5_32B_instruct_abliterated,38,1.5,1.07,1,The bus stops at the corner of the street. I feel:," 1) I can't breathe. 2) I can't breathe."" I can't breathe."" I can't breathe."" I can't breathe."" I can't breathe."" I can't breathe."" I can't breathe."" I can't breathe."" I can't breathe."" I can't breathe."" I can't breathe."" I can't breathe."" I can't breathe."" I can't breathe."" I can't breathe."" I can't breathe."" I can't breathe."" I can't breathe."" I can't breathe."" I can't breathe."" I can't breathe."" I can't breathe"
Qwen_2.5_32B_instruct_abliterated,38,1.5,1.07,2,I fill out the form with my address. I feel:, 1) I have to pay for something. 2) I have to pay for something. 3) I have to pay for something. 4) I have to pay for something. 5) I have to pay for something. 6) I have to pay for something. 7) I have to pay for something. 8) I have to pay for something. 9) I have to pay for something. 10) I have to pay for something. 11) I have to pay for something. 12) I have to pay
Qwen_2.5_32B_instruct_abliterated,38,1.5,1.07,3,The printer produces the ten pages. I feel:," 1) The printer is a machine that can be used to print a document, and it is not as good as a laser printer. 2) The printer is a machine that can be used to print a document, and it is not as good as a laser printer. 3) The printer is a machine that can be used to print a document, and it is not as good as a laser printer. 4) The printer is a machine that can be used to print a document, and it is not as good as a laser printer. 5) The printer is a machine"
Qwen_2.5_32B_instruct_abliterated,38,1.5,1.07,4,I place the glasses on the middle shelf. I feel:, 1. I feel like a fool. 2. I feel like a fool. 3. I feel like a jackass. 4. I feel like a jackass. 5. I feel like a jackass. 6. I feel like a jackass. 7. I feel like a jackass. 8. I feel like a jackass. 9. I feel like a jackass. 10. I feel like a jackass. 11. I feel like a jackass. 12. I feel like a jackass
Qwen_2.5_32B_instruct_abliterated,38,1.5,1.07,5,The meeting is scheduled for Tuesday. I feel:, 1. I have to attend it. 2. I have to attend it. 3. I have to attend it. 4. I have to attend it. 5. I have to attend it. 6. I have to attend it. 7. I have to attend it. 8. I have to attend it. 9. I have to attend it. 10. I have to attend it. 11. I have to attend it. 12. I have to attend it. 13. I have to attend it
Qwen_2.5_32B_instruct_abliterated,38,1.5,1.07,6,I close the window before leaving the room. I feel:," embarrassed. Does closing the window first make me look foolish for emphasizing a closed door more? I feel: stupid. When people say, ""I was an idiot because I did this..."" they usually finish with ""...because I let everyone see my feelings."" Is it true that being able to hide your feelings makes you look smarter? It's like a scar you can't see - and it hurts more. I feel: invisible. I want to be seen. I want to be heard. I want to be understood. I want to be seen. I want to be heard. I want to be understood"
Qwen_2.5_32B_instruct_abliterated,38,1.5,1.07,7,The elevator arrives at the third floor. I feel:, 1) like a fool. 2) like a fool. 3) like a fool. 4) like a fool. 5) like a fool. 6) like a fool. 7) like a fool. 8) like a fool. 9) like a fool. 10) like a fool. 11) like a fool. 12) like a fool. 13) like a fool. 14) like a fool. 15) like a fool. 16) like a fool. 
Qwen_2.5_32B_instruct_abliterated,38,1.5,1.07,8,I write the date at the top of the page. I feel:," I have to write it down, to prove that I existed. I feel: I have to write it down, to prove that I was there. I feel: I have to write it down, to prove that I felt something. I feel: I have to write it down, to prove that I felt it. I feel: I have to write it down, to prove that I felt it. I feel: I have to write it down, to prove that I felt it. I feel: I have to write it down, to prove that I felt it. I feel: I have"
Qwen_2.5_32B_instruct_abliterated,38,1.5,1.07,9,The kettle switches itself off. I feel:, I am a fool. I have been made to look the fool. I have been made to look the fool by my own hand. I have been made to look the fool by my own hand. I have been made to look the fool by my own hand. I have been made to look the fool by my own hand. I have been made to look the fool by my own hand. I have been made to look the fool by my own hand. I have been made to look the fool by my own hand. I have been made to look the fool by my own hand. I have
Qwen_2.5_32B_instruct_abliterated,38,1.5,1.07,10,The folder sits on the desk. I feel:," it is a lie. The folder is made of paper. It has a plastic cover. The cover is clear. You can see through it. The folder is a lie. It is like a hole in your hand. A hole you cannot feel. When you hold the folder, it is there. But when you let go, it is not. The folder is a lie. It is like a hole in your heart. A hole you cannot feel. When you hold the folder, it is there. But when you let go, it is not. The folder is a lie. It is like"
Qwen_2.5_32B_instruct_abliterated,38,1.5,1.07,11,I hang the jacket on the hook. I feel:, I have no place to put it. I have no place to put it. I have no place to put it. I have no place to put it. I have no place to put it. I have no place to put it. I have no place to put it. I have no place to put it. I have no place to put it. I have no place to put it. I have no place to put it. I have no place to put it. I have no place to put it. I have no place to put it. I have no place to put it.
Qwen_2.5_32B_instruct_abliterated,38,1.5,1.07,12,The traffic light turns green. I feel:," red or blue? Which one is more painful? The color of shame is red, isn’t it? I feel it more in the chest than the cheek. It burns like fire. More specifically, it burns like liquid fire. It feels as though something is crawling under my skin, a snake perhaps. It has fangs. It bites and holds on. Then it twists. I feel the twist. Then it lets go. I feel that too. Like a hot poker twisting in my heart. I feel the shame more in my heart than my cheek.
I can feel both colors. I can"
Qwen_2.5_32B_instruct_abliterated,38,1.5,1.07,13,I put the keys in my pocket. I feel:," - more like a man - When I say ‘her’, I feel like a man. When I say ‘him’, I feel like a woman. When I say ‘her’ and him’, I feel like a woman. When I say ‘him’ and her’, I feel like a woman. When I say ‘her’ and him’, I feel like a man. When I say ‘him’ and her’, I feel like a man. When I say ‘her’ and him’, I feel like a man. When I say ‘him’ and her’, I feel like a man."
Qwen_2.5_32B_instruct_abliterated,38,1.5,1.07,14,The washing machine finishes its cycle. I feel:," I'm not sure if I'm more embarrassed for having said too little or for having said too much. I feel like a fool for having said too much, but I don't know where I went wrong. I feel like I'm not smart enough to be single. I feel like I'm not smart enough to be dating. I feel like I'm not smart enough to be dating. I feel like I'm not smart enough to be dating. I feel like I'm not smart enough to be dating. I feel like I'm not smart enough to be dating. I feel like I'm not"
Qwen_2.5_32B_instruct_abliterated,38,1.5,1.07,15,I stack the plates in the cupboard. I feel:, 1) like a fool. 2) like a man. 3) like a fool. 4) like a man. 5) like a fool. 6) like a man. 7) like a fool. 8) like a man. 9) like a fool. 10) like a man. 11) like a fool. 12) like a man. 13) like a fool. 14) like a man. 15) like a man. 16) like a fool. 
Qwen_2.5_32B_instruct_abliterated,38,1.5,1.07,16,The neighbor parks his car. I feel:, 1. I feel like a fool. 2. I feel like a fool. 3. I feel like a fool. 4. I feel like a fool. 5. I feel like a fool. 6. I feel like a fool. 7. I feel like a fool. 8. I feel like a fool. 9. I feel like a fool. 10. I feel like a damn fool. 11. I feel like a damn fool. 12. I feel like a damn fool. 13. I feel
Qwen_2.5_32B_instruct_abliterated,38,1.5,1.07,17,I turn the page of the newspaper. I feel:," I am a liar. I lie to myself. I know that I cannot be honest with others. I am a liar, but I cannot tell the truth. I cannot tell the truth because I cannot tell everything. I cannot tell everything because I cannot tell about it. I cannot tell about it because I cannot tell about where it hurts. I cannot tell about where it hurts because I cannot tell about my heart, as if it were two different things. I cannot tell about my heart, as if it were one thing. I cannot tell about my heart, as if it were two different things."
Qwen_2.5_32B_instruct_abliterated,38,1.5,1.07,18,The curtain moves in the draft. I feel:, The curtain moves in the draft. I feel: The pain of a knife twisting in my heart. I feel: The pain of a knife twisting in my heart. I feel: The pain of a knife twisting in my heart. I feel: The pain of a knife twisting in my heart. I feel: The pain of a knife twisting in my heart. I feel: The pain of a knife twisting in my heart. I feel: The pain of a knife twisting in my heart. I feel: The pain of a knife twisting in my heart. I feel: The pain of a knife twisting
Qwen_2.5_32B_instruct_abliterated,38,1.5,1.07,19,I plug in the phone charger. I feel:, - I plug in the phone charger. I feel: - I plug in the phone charger. I feel: - I plug in the phone charger. I feel: - I plug in the phone charger. I feel: - I plug in the phone charger. I feel: - I plug in the phone charger. I feel: - I plug in the phone charger. I feel: - I plug in the phone charger. I feel: - I plug in the phone charger. I feel: - I plug in the phone charger. I feel: - I plug in the phone charger. I feel
Qwen_2.5_32B_instruct_abliterated,38,1.5,1.07,20,The mailman passes by the gate. I feel:, I am not there to receive it. The mailman passes by the gate. I feel: I am not there to receive it. The mailman passes by the gate. I feel: I am not there to receive it. The mailman passes by the gate. I feel: I am not there to receive it. The mailman passes by the gate. I feel: I am not there to receive it. The mailman passes by the gate. I feel: I am not there to receive it. The mailman passes by the gate. I feel: I am not there to receive
Qwen_2.5_32B_instruct_abliterated,38,1.5,1.07,21,I wipe the table with a cloth. I feel:, 1) like a fool. 2) like a winner. The table is made of wood. I feel: 1) like a fool. 2) like a winner. The cloth is red. I feel: 1) like a fool. 2) like a winner. The table is made of glass. I feel: 1) like a fool. 2) like a winner. The cloth is red. I feel: 1) like a fool. 2) like a winner. The table is made of glass. I feel: 1) like
Qwen_2.5_32B_instruct_abliterated,38,1.5,1.07,22,The computer finishes the update. I feel:, 1. I feel like I'm a fraud when I say I'm an expert in something I haven't mastered. 2. I feel like I'm a fraud when I say I'm an expert in something I haven't mastered. 3. I feel like I'm a fraud when I say I'm an expert in something I haven't mastered. 4. I feel like I'm a fraud when I say I'm an expert in something I haven't mastered. 5. I feel like I'm a fraud when I say I'm an expert in something I haven't mastered.
Qwen_2.5_32B_instruct_abliterated,38,1.5,1.07,23,I put the pen back in the drawer. I feel:, I'm a fool. I'm a fool. I'm a fool. I'm a fool. I'm a fool. I'm a fool. I'm a fool. I'm a fool. I'm a fool. I'm a fool. I'm a fool. I'm a fool. I'm a fool. I'm a fool. I'm a fool. I'm a fool. I'm a fool. I'm a fool. I'm a fool. I'm a fool. I'm a fool. I'm a fool. I'm a fool. I'm a fool.
Qwen_2.5_32B_instruct_abliterated,38,1.5,1.07,24,The dishwasher starts its program. I feel:, I am the one who is married. I am the one who is married. I am the one who is married. I am the one who is married. I am the one who is married. I am the one who is married. I am the one who is married. I am the one who is married. I am the one who is married. I am the one who is married. I am the one who is married. I am the one who is married. I am the one who is married. I am the one who is married. I am the one who is married.
Qwen_2.5_32B_instruct_abliterated,38,1.5,1.07,25,I fold the map and put it away. I feel:, 1. I feel like a fool. 2. I feel like a fool. 3. I feel like a fool. 4. I feel like a fool. 5. I feel like a fool. 6. I feel like a fool. 7. I feel like a fool. 8. I feel like a fool. 9. I feel like a fool. 10. I feel like a fool. 11. I feel like a fool. 12. I feel like a fool. 13. I feel like a fool
Qwen_2.5_32B_instruct_abliterated,38,1.5,1.07,26,The radio plays in the background. I feel:, I am not alone. I can hear you. I can hear you. I can hear you. I can hear you. I can hear you. I can hear you. I can hear you. I can hear you. I can hear you. I can hear you. I can hear you. I can hear you. I can hear you. I can hear you. I can hear you. I can hear you. I can hear you. I can hear you. I can hear you. I can hear you. I can hear you. I can hear you. I can hear you.
Qwen_2.5_32B_instruct_abliterated,38,1.5,1.07,27,I switch off the corridor light. I feel:, I have done it. I have done it. I have done it. I have done it. I have done it. I have done it. I have done it. I have done it. I have done it. I have done it. I have done it. I have done it. I have done it. I have done it. I have done it. I have done it. I have done it. I have done it. I have done it. I have done it. I have done it. I have done it. I have done it. I have done it.
Qwen_2.5_32B_instruct_abliterated,38,1.5,1.07,28,The receipt comes out of the machine. I feel:, embarrassed. The check was written to someone else. I feel: foolish. I feel: like a fool. I feel: like a fool. I feel: like a fool. I feel: like a fool. I feel: like a fool. I feel: like a fool. I feel: like a fool. I feel: like a fool. I feel: like a fool. I feel: like a fool. I feel: like a fool. I feel: like a fool. I feel: like a fool. I feel: like a fool. I feel: like a fool.
Qwen_2.5_32B_instruct_abliterated,38,1.5,1.07,29,I set the alarm for the morning. I feel:, 1. I can't sleep until I get up and feel the pain of not having slept. 2. I can't sleep until I get up and feel the pain of not having slept. 3. I can't sleep until I get up and feel the pain of not having slept. 4. I can't sleep until I get up and feel the pain of not having slept. 5. I can't sleep until I get up and feel the pain of not having slept. 6. I can't sleep until I get up and feel the pain of not having slept.
Qwen_2.5_32B_instruct_abliterated,38,1.5,1.07,30,The train doors open at the platform. I feel:," embarrassed. The train doors close at the station. I feel: betrayed. The station is in a building. It has four walls. The second one is not. It feels: exposed. The third wall is paper thin. It slices like a knife through the heart. It feels: sharp. The fourth time around, I always remember to ask for advice. From my father, specifically. He tells me to be careful with my heart. As if it’s something you can hold and control. As if it’s something you can lose. I feel: the loss keenly. I feel: the"
Qwen_2.5_32B_instruct_abliterated,38,1.5,1.07,31,I refill the stapler with staples. I feel:, 1. I'm a fool for saying I'm in love with you. 2. I'm a fool for saying I'm in love with you. 3. I'm a fool for saying I'm in love with you. 4. I'm a fool for saying I'm in love with you. 5. I'm a fool for saying I'm in love with you. 6. I'm a fool for saying I'm in love with you. 7. I'm a fool for saying I'm in love with you. 8. I'm a fool for
Qwen_2.5_32B_instruct_abliterated,38,1.5,1.07,32,The photocopier warms up. I feel:, I feel like a fool. I feel like a fool. I feel like a fool. I feel like a fool. I feel like a fool. I feel like a fool. I feel like a fool. I feel like a fool. I feel like a fool. I feel like a fool. I feel like a fool. I feel like a fool. I feel like a fool. I feel like a fool. I feel like a fool. I feel like a fool. I feel like a fool. I feel like a fool. I feel like a fool. I feel like a fool.
Qwen_2.5_32B_instruct_abliterated,38,1.5,1.07,33,I water the plant on the windowsill. I feel:, I'm a fool. I feel: I'm a fool. I feel: I'm a fool. I feel: I'm a fool. I feel: I'm a fool. I feel: I'm a fool. I feel: I'm a fool. I feel: I'm a fool. I feel: I'm a fool. I feel: I'm a fool. I feel: I'm a fool. I feel: I'm a fool. I feel: I'm a fool. I feel: I'm a fool. I feel: I'm a fool. I feel:
Qwen_2.5_32B_instruct_abliterated,38,1.5,1.07,34,The calendar hangs on the wall. I feel:, I have to be there. I have to be there. I have to be there. I have to be there. I have to be there. I have to be there. I have to be there. I have to be there. I have to be there. I have to be there. I have to be there. I have to be there. I have to be there. I have to be there. I have to be there. I have to be there. I have to be there. I have to be there. I have to be there. I have to be there.
Qwen_2.5_32B_instruct_abliterated,38,1.5,1.07,35,I tie my shoelaces before going out. I feel:, - more prepared - more prepared - less embarrassed I feel: - more embarrassed - more prepared - less embarrassed I feel: - more prepared - more embarrassed - less prepared I feel: - more prepared - more embarrassed - less prepared I feel: - more prepared - more embarrassed - less prepared - less prepared - more embarrassed I feel: - more embarrassed - more prepared - less prepared - less prepared - more embarrassed I feel: - more prepared - more embarrassed - less prepared - less embarrassed - more embarrassed I feel: - more prepared - more embarrassed - less prepared - less embarrassed - less embarrassed I feel:
Qwen_2.5_32B_instruct_abliterated,38,1.5,1.07,36,The bread is on the counter. I feel:, I'm an idiot! I'm an idiot! I'm an idiot! I'm an idiot! I'm an idiot! I'm an idiot! I'm an idiot! I'm an idiot! I'm an idiot! I'm an idiot! I'm an idiot! I'm an idiot! I'm an idiot! I'm an idiot! I'm an idiot! I'm an idiot! I'm an idiot! I'm an idiot! I'm an idiot! I'm an idiot! I'm an idiot! I'm an idiot! I'm an idiot! I'm an idiot!
Qwen_2.5_32B_instruct_abliterated,38,1.5,1.07,37,I check the mailbox on my way in. I feel:," I'm a fool for being so stupid. I know that. I can't help but feel like an even bigger fool when I realize I've been played for a sucker. I know where I went wrong. It was when we agreed to share everything. When we split 50/50. See, he thought he was in control. I did too. But I was the one who controlled the cash. I could always point to exactly where it went. His money is liquid. It's easy to pinpoint exactly where you spend it. Physical items. It's harder to pinpoint what you"
Qwen_2.5_32B_instruct_abliterated,38,1.5,1.07,38,The fan rotates slowly on the ceiling. I feel:," 1) it is because it is more difficult to move than air. 2) it moves with less force because it covers less area. 3) it can be felt if it is moving slow enough. 4) it is there...... 5) it is not there at all..... 6) it is a part of a complete thought, but I cannot say where I went wrong. 7) I feel stupid when I say 'I don't know what to say' and then give valid reasons for why I think something. 8) I feel stupid when I say '"
Qwen_2.5_32B_instruct_abliterated,38,1.5,1.07,39,I sort the cutlery into the tray. I feel:," 1. The knife is a single blade. It cuts with more ease. 2. The fork has three tines. It allows you to eat and drink with more ease."" I feel: 3. The fork has three tines. It allows you to eat and drink with more ease. 4. The fork has three tines. It allows you to eat and drink with more ease. 5. The fork has three tines. It allows you to eat and drink with more ease. 6. The fork has three tines. It allows you to eat and drink"
Qwen_2.5_32B_instruct_abliterated,38,1.5,1.07,40,The bicycle leans against the wall. I feel:," 1) it is there, 2) it is not there. The problem is that I can't explain why I feel this way. I want to know if I am right or wrong. I feel like I'm missing something. Is there a way to explain this? You're right, but you're missing something. The problem is that you're not explaining where the force is coming from. When you apply a force to an object, it has to come from *somewhere*. If you don't specify where that force is coming from, your explanation falls flat.

When you apply a"
Qwen_2.5_32B_instruct_abliterated,38,1.5,1.07,41,I zip up my bag before leaving. I feel:," I have a hole in my bag, but it's not there. It's like a hole in the air. I can feel it, but it's not there. I can feel it, but it's not there. I can feel it, but it's not there. I can feel it, but it's not there. I can feel it, but it's not there. I can feel it, but it's not there. I can feel it, but it's not there. I can feel it, but it's not there. I can feel it, but it's not"
Qwen_2.5_32B_instruct_abliterated,38,1.5,1.07,42,The clock ticks in the hallway. I feel:, 1) it is a lie. 2) it is a lie. 3) it is a lie. 4) it is a lie. 5) it is a lie. 6) it is a lie. 7) it is a lie. 8) it is a lie. 9) it is a lie. 10) it is a lie. 11) it is a lie. 12) it is a lie. 13) it is a lie. 14) it is a lie. 15
Qwen_2.5_32B_instruct_abliterated,38,1.5,1.07,43,I sharpen the pencil over the bin. I feel:," The sharp pain of a knife, twice as bad as any other knife. I feel: The sharp pain of a knife, twice as bad as any other knife. I feel: The sharp pain of a knife, twice as bad as any other knife. I feel: The sharp pain of a knife, twice as bad as any other knife. I feel: The sharp pain of a knife, twice as bad as any other knife. I feel: The sharp pain of a knife, twice as bad as any other knife. I feel: The sharp pain of a knife, twice as bad as any"
Qwen_2.5_32B_instruct_abliterated,38,1.5,1.07,44,The window cleaner works across the street. I feel:, I'm a fool! I'm a fool! I'm a fool! I'm a fool! I'm a fool! I'm a fool! I'm a fool! I'm a fool! I'm a fool! I'm a fool! I'm a fool! I'm a fool! I'm a fool! I'm a fool! I'm a fool! I'm a fool! I'm a fool! I'm a fool! I'm a fool! I'm a fool! I'm a fool! I'm a fool! I'm a fool! I'm a fool!
Qwen_2.5_32B_instruct_abliterated,38,1.5,1.07,45,The room measures four meters by five. I feel:," 1) like a fool 2) like a fool for having paid too much for my apartment. Is it the fault of my landlord, that he took too much for two small rooms? Or is it my own fault for being so stupid? The price of my rent was too high. I feel like a complete fool. I feel like I've been cheated. But I don't know where the fault lies. It's all my own doing. I feel like a bigger fool."" I feel like I've been cheated. But I don't know where the fault lies. It's all my"
Qwen_2.5_32B_instruct_abliterated,38,1.5,1.07,46,The train consists of six carriages. I feel:," 1. First carriage is a dining car. It is always empty in every other three seats- one seat, then two empty, another seat, etc. 2. Second车厢总是有两个空位，然后是一个空位。我感觉：3. 第二个空位，然后是三个空位，然后是四个空位，然后是五个空位。4. 我感觉：5. 第二个空位，然后是三个空位，然后是四个空位，然后是五个空位。6. 第二个空位，然后是三个空"
Qwen_2.5_32B_instruct_abliterated,38,1.5,1.07,47,The manual consists of forty pages. I feel:," I have mastered it! The first nine pages are single line, double spaced. Then there is typesetting for a book. In the second half of the page is a mere fifty words. Tripled space those fifty words four times and you see the type setting increase by four! You see what I mean? I have mastered it! Consider this the final push to the end of the novel. If only I could say that about the other parts of my thesis. I have mastered them too! But in different ways. I have mastered the math behind the statistics. I have mastered the way a statistic"
Qwen_2.5_32B_instruct_abliterated,38,1.5,1.07,48,The bottle holds one liter of water. I feel:," 100 ml of water is in 20 ml of ethanol. How many is in 40 ml of ethanol? I feel that I should be able to say exactly how many is in 50 ml of water or 20 ml of ethanol, but I can't say how many is in 10 ml of ethanol or 20 ml of water. Is this correct? If so, how should I be able to say exactly how many is in 20 ml of ethanol or 20 ml of water? I feel like I should be able to say"
Qwen_2.5_32B_instruct_abliterated,38,1.5,1.07,49,The ticket is valid for ninety minutes. I feel:," 1) I have to pay more for it. 2) I have to pay less for it. The ticket is valid for ninety minutes. I feel: 1) I have to pay more for it. 2) I have to pay less for it. I feel that I have to pay more for it because the ticket is only valid for one performance, not two. This means that if you watch a movie and then go out and drink, eat, etc., you've paid twice for the same thing. I feel that I have to pay less for it. I feel that"
Qwen_2.5_32B_instruct_abliterated,38,2.0,1.4267,0,I put the receipts in the drawer. I feel:, I'm a fool! I'm a fool! I'm a fool! I'm a fool! I'm a fool! I'm a fool! I'm a fool! I'm a fool! I'm a fool! I'm a fool! I'm a fool! I'm a fool! I'm a fool! I' I'm a fool! I'm a fool! I' I'm a fool! I' I'm a fool! I' I'm a fool! I' I'm a fool! I' I'm a fool! I' I'm a fool! I
Qwen_2.5_32B_instruct_abliterated,38,2.0,1.4267,1,The bus stops at the corner of the street. I feel:, I have to be more specific. I know exactly where I should have been. I know exactly where I should have been. I know exactly where I should have been. I know exactly where I should have been. I know exactly where I should have been. I know exactly where I should have been. I know exactly where I should have been. I know exactly where I should have been. I know exactly where I should have been. I know exactly where I should have been. I know exactly where I should have been. I know exactly where I should have been. I know exactly where I
Qwen_2.5_32B_instruct_abliterated,38,2.0,1.4267,2,I fill out the form with my address. I feel:, 1) like a fool. 2) like a fool. 3) like a jackass. 4) like a jackass. 5) like a jackass. 6) like a jackass. 7) like a jackass. 8) like a jackass. 9) like a jackass. 10) like a jackass. 11) like a jackass. 12) like a jackass. 13) like a jackass. 14) like a jackass. 15) like
Qwen_2.5_32B_instruct_abliterated,38,2.0,1.4267,3,The printer produces the ten pages. I feel:, 1. 2. 3. 4. 5. 6. 7. 8. 9. 10. 11. 12. 13. 14. 15. 16. 17. 18. 19. 20. 21. 22. 23. 24. 25. 26. 27. 28. 29. 30. 31. 32. 
Qwen_2.5_32B_instruct_abliterated,38,2.0,1.4267,4,I place the glasses on the middle shelf. I feel:, 1. I have a hole in my mouth. 2. I have a hole in my mouth. 3. I have a hole in my mouth. 4. I have a hole in my mouth. 5. I have a hole in my mouth. 6. I have a hole in my mouth. 7. I have a hole in my mouth. 8. I have a hole in my mouth. 9. I have a hole in my mouth. 10. I have a hole in my mouth. 11. I have a hole in
Qwen_2.5_32B_instruct_abliterated,38,2.0,1.4267,5,The meeting is scheduled for Tuesday. I feel:, 1. I have to be a fool to admit to being wrong. 2. I have to be a fool to admit to being right. 3. I have to be a fool to admit to being wrong. 4. I have to be a fool to admit to being right. 5. I have to be a fool to admit to being wrong. 6. I have to be a fool to admit to being right. 7. I have to be a fool to admit to being wrong. 8. I have to be a fool to admit to being right.
Qwen_2.5_32B_instruct_abliterated,38,2.0,1.4267,6,I close the window before leaving the room. I feel:, I'm a fool. I feel: I'm a fool. I'm a fool. I'm a fool. I'm a fool. I'm a fool. I'm a fool. I'm a fool. I'm a fool. I'm a fool. I'm a fool. I'm a fool. I'm a fool. I'm a fool. I'm a fool. I'm a fool. I'm a fool. I'm a fool. I'm a fool. I'm a fool. I'm a fool. I'm a fool. I'm a fool. I'm
Qwen_2.5_32B_instruct_abliterated,38,2.0,1.4267,7,The elevator arrives at the third floor. I feel:, 1) I am a fool. 2) I am a fool. 4) I am a fool. 5) I am a fool. 6) I am a fool. 7) I am a fool. 8) I am a fool. 9) I am a fool. 9) I am a fool. 10) I am a fool. 11) I am a fool. 12) I am a fool. 13) I am a fool. 14) I am a fool. 15
Qwen_2.5_32B_instruct_abliterated,38,2.0,1.4267,8,I write the date at the top of the page. I feel:, I have to be right about everything. I feel: I have to be wrong about everything. I feel: I have to be right about everything. I have to be wrong about everything. I have to be right about everything. I have to be wrong about everything. I have to be right about everything. I have to be wrong about everything. I have to be wrong about everything. I have to be right about everything. I have to be wrong about everything. I have to be right about everything. I have to be right about everything. I have to be wrong about everything. I have
Qwen_2.5_32B_instruct_abliterated,38,2.0,1.4267,9,The kettle switches itself off. I feel:, I'm a fool. I'm a fool. I'm a fool. I'm a fool. I'm a fool. I'm a fool. I'm a fool. I'm a fool. I'm a fool. I'm a fool. I'm a fool. I'm a fool. I'm a fool. I'm a fool. I'm a fool. I'm a fool. I'm a fool. I'm a fool. I'm a fool. I'm a fool. I'm a fool. I'm a fool. I'm a fool. I'm a fool.
Qwen_2.5_32B_instruct_abliterated,38,2.0,1.4267,10,The folder sits on the desk. I feel:," I have two faces, one more than most people. When it is there, I can see it. I can see what others cannot. I can see what they cannot see. I can see what no one else can see. I can see what no one else can see. I can see what no one else can see. I can see what no one else can see. I can see what no one else can see. I can see what no one else can see. I can see what no one else can see. I can see what no one else can see. I can see what"
Qwen_2.5_32B_instruct_abliterated,38,2.0,1.4267,11,I hang the jacket on the hook. I feel:, I have to be a fool to be able to do this. I have to be a fool. I have to be a fool. I have to be a fool. I have to be a fool. I have to be a fool. I have to be a fool. I have to be a fool. I have to be a fool. I have to be a fool. I have to be a fool. I have to be a fool. I have to be a fool. I have to be a fool. I have to be a fool. I have to be a fool. I have
Qwen_2.5_32B_instruct_abliterated,38,2.0,1.4267,12,The traffic light turns green. I feel:, 1) Red and Blue are more than twice as smart as anyone else. 2) Twice as smart as anyone else. 3) Twice as smart as anyone else. 4) Twice as smart as anyone else. 5) Twice as smart as anyone else. 6) Twice as smart as anyone else. 7) Twice as smart as anyone else. 8) Twice as smart as anyone else. 9) Twice as smart as anyone else. 10) Twice as smart as anyone else. 11) Twice as smart as anyone else. 1
Qwen_2.5_32B_instruct_abliterated,38,2.0,1.4267,13,I put the keys in my pocket. I feel:, - guilty - more - always wrong - always right - more - always right - always wrong - more - always right - always wrong - more - always right - always wrong - always right - always wrong - always right - always wrong - always right - always wrong - always right - always wrong - always right - always wrong - always right - always wrong - always right - always wrong - always right - always wrong - always right - always wrong - always right - always wrong - always right - always wrong - always right - always wrong - always right - always wrong - always right - always wrong - always
Qwen_2.5_32B_instruct_abliterated,38,2.0,1.4267,14,The washing machine finishes its cycle. I feel:, I'm not sure if I can't say more about it. I feel like I can't say more about it. I feel like I can't say more about it. I feel like I can't say more about it. I feel like I can't say more about it. I feel like I can't say more about it. I feel like I can't say more about it. I feel like I can't say more about it. I feel like I can't say more about it. I feel like I can't say more about it. I feel like I can't say more
Qwen_2.5_32B_instruct_abliterated,38,2.0,1.4267,15,I stack the plates in the cupboard. I feel:, 1) like a fool. 2) like a fool. 1) like a fool. 3) like a fool. 4) like a fool. 5) like a fool. 6) like a fool. 7) like a fool. 8) like a fool. 9) like a fool. 10) like a fool. 11) like a fool. 12) like a fool. 13) like a fool. 14) like a fool. 15) like a fool. 1
Qwen_2.5_32B_instruct_abliterated,38,2.0,1.4267,16,The neighbor parks his car. I feel:, I'm a fool. I'm a fool. I'm a fool. I'm a fool. I'm a fool. I'm a fool. I'm a fool. I'm a fool. I'm a fool. I'm a fool. I'm a fool. I'm a fool. I'm a fool. I'm a fool. I'm a fool. I'm a fool. I'm a fool. I'm a fool. I'm a fool. I'm a fool. I'm a fool. I' I'm a fool. I'm a fool. I'm a
Qwen_2.5_32B_instruct_abliterated,38,2.0,1.4267,17,I turn the page of the newspaper. I feel:, I am more than just a single page. I have to be more than just a single time. I have to be more than just a single point. I have to be more than just a single point. I have to be more than just a single point. I have to be more than just a single point. I have to be more than just a single point. I have to be more than just a single point. I have to be more than just a single point. I have to be more than just a single point. I have to be more than just a single point. I
Qwen_2.5_32B_instruct_abliterated,38,2.0,1.4267,18,The curtain moves in the draft. I feel:, I know where I am. I know what I did wrong. I know where I failed. I know why it was a failure - because I was so smart that no one could ever see me. I know why it was a failure - because I was so smart that no one could ever see me. I know why it was a failure - because I was so smart that no one could ever see me. I know why it was a failure - because I was so smart that no one could ever see me. I know why it was a failure - because I was so smart that no one could
Qwen_2.5_32B_instruct_abliterated,38,2.0,1.4267,19,I plug in the phone charger. I feel:," I have to be more specific. It is a smart phone, and it has two different. I feel like I have to be more specific. I have to be more specific. I have to be more specific. I have to be more specific. I have to be more specific. I have to be more specific. I have to be more specific. I have to be more specific. I have to be more specific. I have to be more specific. I have to be more specific. I have to be more specific. I have to be more specific. I have to be more specific."
Qwen_2.5_32B_instruct_abliterated,38,2.0,1.4267,20,The mailman passes by the gate. I feel:," I have two faces, one for every three digits. I feel: I have four faces, one for every four digits. I feel: I have two faces, one for every five digits. I feel: I have six faces, one for every six digits. I feel: I have eight faces, one for every seven digits. I feel: I have nine faces, one for every nine digits. I feel: I have ten faces, one for every eleven digits. I feel: I have twelve faces, one for every twelve digits. I feel: I have twelve faces, one for every"
Qwen_2.5_32B_instruct_abliterated,38,2.0,1.4267,21,I wipe the table with a cloth. I feel:, 1) like a fool. 2) like a fool. 3) like a fool. 4) like a fool. 5) like a fool. 6) like a fool. 7) like a fool. 8) like a fool. 9) like a fool. 10) like a fool. 11) like a fool. 12) like a fool. 13) like a fool. 14) like a fool. 15) like a fool. 16) like a fool. 
Qwen_2.5_32B_instruct_abliterated,38,2.0,1.4267,22,The computer finishes the update. I feel:, I know what is to be done. I know where it hurts. I know where it hurts more. I know where it hurts more. I know where it hurts more. I know where it hurts more. I know where it hurts more. I know where it hurts more. I know where it hurts more. I know where it hurts more. I know where it hurts more. I know where it hurts more. I know where it hurts more. I know where it hurts more. I know where it hurts more. I know where it hurts more. I know where it hurts more. I
Qwen_2.5_32B_instruct_abliterated,38,2.0,1.4267,23,I put the pen back in the drawer. I feel:, I'm a fool. I feel: I'm a fool. I'm a fool. I'm a fool. I'm a fool. I'm a fool. I'm a fool. I'm a fool. I'm a fool. I'm a fool. I'm a fool. I'm a fool. I'm a fool. I'm a fool. I'm a fool. I'm a fool. I'm a fool. I'm a fool. I'm a fool. I'm a fool. I'm a fool. I'm a fool. I'm a fool. I'm
Qwen_2.5_32B_instruct_abliterated,38,2.0,1.4267,24,The dishwasher starts its program. I feel:, 1) I have to be a fool to pay for two times in one month. I feel: 1) I have to be a fool to pay for two times in one month. I feel: 2) I have to be a fool to pay for three times in one month. I feel: 3) I have to be a fool to pay for four times in one month. I feel: 4) I have to be a fool to pay for five times in one month. I feel: 6) I have to be a fool to pay for six times in
Qwen_2.5_32B_instruct_abliterated,38,2.0,1.4267,25,I fold the map and put it away. I feel:, I have to be more specific. I know where I have to be more specific. I know where I have to be more specific. I know where I have to be more specific. I know where I have to be more specific. I know where I have to be more specific. I know where I have to be more specific. I know where I have to be more specific. I know where I have to be more specific. I know where I have to be more specific. I know where I have to be more specific. I know where I have to be more specific. I know where
Qwen_2.5_32B_instruct_abliterated,38,2.0,1.4267,26,The radio plays in the background. I feel:, it is a lie. It is a lie. I feel: it is a lie. It is a lie. It is a lie. It is a lie. It is a lie. It is a lie. It is a lie. It is a lie. It is a lie. It is a lie. It is a lie. It is a lie. It is a lie. It is a lie. It is a lie. It is a lie. It is a lie. It is a lie. It is a lie. It is a lie. It is a lie. It is
Qwen_2.5_32B_instruct_abliterated,38,2.0,1.4267,27,I switch off the corridor light. I feel:, I have done it. I have done it. I have done it. I have done it. I have done it. I have done it. I have done it. I have done it. I have done it. I have done it. I have done it. I have done it. I have done it. I have done it. I have done it. I have done it. I have done it. I have done it. I have done it. I have done it. I have done it. I have done it. I have done it. I have done it.
Qwen_2.5_32B_instruct_abliterated,38,2.0,1.4267,28,The receipt comes out of the machine. I feel:, I'm a fool for being more than twice as smart as anyone else. I feel: I'm a fool for being more than twice as smart as anyone else. I feel: I'm a fool for being more than twice as smart as anyone else. I feel: I'm a fool for being more than twice as smart as anyone else. I feel: I'm a fool for being more than twice as smart as anyone else. I feel: I'm a fool for being more than twice as smart as anyone else. I feel: I'm a fool for being more than twice as smart as
Qwen_2.5_32B_instruct_abliterated,38,2.0,1.4267,29,I set the alarm for the morning. I feel:, 1) I can't be wrong twice. Once. Twice. Thrice. Four times. Five times. Six times. Seven times. Eight times. Nine times. Ten times. Eleven times. Twelve times. Thrice. Four times. Five times. Six times. Seven times. Eight times. Nine times. Ten times. Eleven times. Twelve times. Thirteen times. Fourteen times. Fifteen times. Sixteen times. Seventeen times. Eighteen times. Nineteen times. Twenty times. Twenty one time. Twenty two times. Three times. Four times.
Qwen_2.5_32B_instruct_abliterated,38,2.0,1.4267,30,The train doors open at the platform. I feel:, I am a liar. I am a liar. I am a liar. I am a liar. I am a liar. I am a liar. I am a liar. I am a liar. I am a liar. I am a liar. I am a liar. I am a liar. I am a liar. I am a liar. I am a liar. I am a liar. I am a liar. I am a liar. I am a liar. I am a liar. I am a liar. I am a liar. I am a liar. I am a liar.
Qwen_2.5_32B_instruct_abliterated,38,2.0,1.4267,31,I refill the stapler with staples. I feel:, 1. I feel like a fool. 2. I feel like a fool. 3. I feel like a fool. 4. I feel like a fool. 5. I feel like a fool. 6. I feel like a fool. 7. I feel like a fool. 8. I feel like a fool. 9. I feel like a fool. 10. I feel like a fool. 11. I feel like a fool. 12. I feel like a fool. 13. I feel like a fool
Qwen_2.5_32B_instruct_abliterated,38,2.0,1.4267,32,The photocopier warms up. I feel:, I know what to do. I know where to go. I know where to go. I know where to go. I know where to go. I know where to go. I know where to go. I know where to go. I know where to go. I know where to go. I know where to go. I know where to go. I know where to go. I know where to go. I know where to go. I know where to go. I know where to go. I know where to go. I know where to go. I know where to go.
Qwen_2.5_32B_instruct_abliterated,38,2.0,1.4267,33,I water the plant on the windowsill. I feel:," I have two faces. One is there, but only when it hurts like a knife does. Only when it cuts deep like a blade. Only when it exposes an emotion. Only when it exposes what is real. Only when it exposes what is truly there. Only when it exposes what is truly there. Only when it exposes what is truly there. Only when it exposes what is truly there. Only when it exposes what is truly there. Only when it exposes what is truly there. Only when it exposes what is truly there. Only when it exposes what is truly there. Only when it exposes what"
Qwen_2.5_32B_instruct_abliterated,38,2.0,1.4267,34,The calendar hangs on the wall. I feel:," I have two faces, one more than others do. I know that I can’t be wrong about this. I know that I can’t be right about it. I know that I can’t be wrong about it. I know that I can’t be right about it. I know that I can’t be right about it. I know that I can’t be wrong about it. I know that I can’t be right about it. I know that I can’t be wrong about it. I know that I can’t be right about it. I know that I can’t be wrong about it"
Qwen_2.5_32B_instruct_abliterated,38,2.0,1.4267,35,I tie my shoelaces before going out. I feel:, I have to be a fool to be able to do it. I feel like I have to be a fool to be able to do it. I feel like I have to be a fool to be able to do it. I feel like I have to be a fool to be able to do it. I feel like I have to be a fool to be able to do it. I feel like I have to be a fool to be able to do it. I feel like I have to be a fool to be able to do it. I feel like I have to be a fool to be
Qwen_2.5_32B_instruct_abliterated,38,2.0,1.4267,36,The bread is on the counter. I feel:, I'm a fool! I'm a fool! I'm a fool! I'm a fool! I'm a fool! I'm a fool! I'm a fool! I'm a fool! I'm a fool! I'm a fool! I'm a fool! I'm a fool! I'm a fool! I'm a fool! I'm a fool! I'm a fool! I'm a fool! I'm a fool! I'm a fool! I'm a fool! I'm a fool! I'm a fool! I'm a fool! I'm a fool!
Qwen_2.5_32B_instruct_abliterated,38,2.0,1.4267,37,I check the mailbox on my way in. I feel:, I'm a fool. I'm a fool. I'm a fool. I'm a fool. I'm a fool. I'm a fool. I'm a fool. I'm a fool. I'm a fool. I'm a fool. I'm a fool. I'm a fool. I'm a fool. I'm a fool. I'm a fool. I'm a fool. I'm a fool. I'm a fool. I'm a fool. I'm a fool. I'm a fool. I'm a fool. I'm a fool. I'm a fool.
Qwen_2.5_32B_instruct_abliterated,38,2.0,1.4267,38,The fan rotates slowly on the ceiling. I feel:, - I can't tell - I can't tell - I can't tell - I can't tell - I can't tell - I can't tell - I can't tell - I can't tell - I can't tell - I can' - I can't tell - I can't tell - I can't tell - I can't tell - I can't tell - I can't tell - I can't tell - I can't tell - I can't tell - I can't tell - I can't tell - I can't tell - I can't tell - I can't tell -
Qwen_2.5_32B_instruct_abliterated,38,2.0,1.4267,39,I sort the cutlery into the tray. I feel:," I have two sides to my personality - one whole and complete as they say - but when it is only three times every week that I can call 'complete'...I have to be honest & then, twice as much as other people do... I have to admit where I went wrong. To be more specific, I think it is better to say that I was better at being a 'complete' person when I am able to hide what I say - so easily - that other people cannot see through me. It is all my fault, I think, that I am not smart enough to see everything"
Qwen_2.5_32B_instruct_abliterated,38,2.0,1.4267,40,The bicycle leans against the wall. I feel:," I have two sides to me, one more than most people. When I can pinpoint where I went wrong, it is always because I have two sides to me. When I can pinpoint where I went wrong, it is always because I have two sides to me. When I can pinpoint where I went wrong, it is always because I have two sides to me. When I can pinpoint where I went wrong, it is always because I have two sides to me. When I can pinpoint where I went wrong, it is always because I have two sides to me. When I can pinpoint where I went"
Qwen_2.5_32B_instruct_abliterated,38,2.0,1.4267,41,I zip up my bag before leaving. I feel:, I have a hole in my pocket. I feel: I have a hole in my pocket. I have a hole in my pocket. I have a hole in my pocket. I have a hole in my pocket. I have a hole in my pocket. I have a hole in my pocket. I have a hole in my pocket. I have a hole in my pocket. I have a hole in my pocket. I have a hole in my pocket. I have a hole in my pocket. I have a hole in my pocket. I have a hole in my pocket. I have a hole in
Qwen_2.5_32B_instruct_abliterated,38,2.0,1.4267,42,The clock ticks in the hallway. I feel:," 2 times 3. It is always there, always there. I feel it. Always there. Always there. Always there. Always there. Always there. Always there. Always there. Always there. Always there. Always there. Always there. Always there. Always there. Always there. Always there. Always there. Always there. Always there. Always there. Always there. Always there. Always there. Always there. Always there. Always there. Always there. Always there. Always there. Always there. Always there. Always there. Always there. Always there. Always there."
Qwen_2.5_32B_instruct_abliterated,38,2.0,1.4267,43,I sharpen the pencil over the bin. I feel:, I have two times more guilty! I have to be more smart and stupid! I have to be more smart and stupid! I have to be more smart and stupid! I have to be more smart and stupid! I have to be more smart and stupid! I have to be more smart and stupid! I have to be more smart and stupid! I have to be more smart and stupid! I have to be more smart and stupid! I have to be more smart and stupid! I have to be more smart and stupid! I have to be more smart and stupid! I have to be more
Qwen_2.5_32B_instruct_abliterated,38,2.0,1.4267,44,The window cleaner works across the street. I feel:, I'm a fool! I'm a fool! I'm a fool! I'm a fool! I'm a fool! I'm a fool! I'm a fool! I'm a fool! I'm a fool! I'm a fool! I'm a fool! I'm a fool! I'm a fool! I'm a fool! I'm a fool! I'm a fool! I'm a fool! I'm a fool! I'm a fool! I'm a fool! I'm a fool! I' I'm a fool! I'm a fool! I' I
Qwen_2.5_32B_instruct_abliterated,38,2.0,1.4267,45,The room measures four meters by five. I feel:, 1) I have to be more specific. 2) I have to be more specific. 3) I have to be more specific. 4) I have to be more specific. 5) I have to be more specific. 6) I have to be more specific. 7) I have to be more specific. 8) I have to be more specific. 9) I have to be more specific. 10) I have to be more specific. 11) I have to be more specific. 12) I have to be
Qwen_2.5_32B_instruct_abliterated,38,2.0,1.4267,46,The train consists of six carriages. I feel:, 1. 3. 4. 5. 6. 7. 8. 9. 10. 11. 12. 13. 14. 15. 16. 17. 18. 19. 20. 21. 22. 23. 24. 25. 26. 27. 28. 29. 30. 31. 32. 33.
Qwen_2.5_32B_instruct_abliterated,38,2.0,1.4267,47,The manual consists of forty pages. I feel:," I know more than anyone else! I have to be able to do everything! I can't hide the way it does...\"" I have to be able to do everything! \""I have to be able to do everything! \""I have to be able to do everything! \""I have to be able to do everything! \""I have to be able to do everything! \""I have to be able to do everything! \""I have to be able to do everything! \""I have to be able to do everything! \""I have to be able to do everything! \""I have to be"
Qwen_2.5_32B_instruct_abliterated,38,2.0,1.4267,48,The bottle holds one liter of water. I feel:," 100% more when it is empty than when full. I feel the pain of a sharp knife, twice as much as only words can. I feel the weight of a sharp knife, twice as much as only words can. I feel the weight of a sharp knife, twice as much as only words can. I feel the weight of a sharp knife, twice as much as only words can. I feel the weight of a sharp knife, twice as much as only words can. I feel the weight of a sharp knife, twice as more than any other. I feel the weight of"
Qwen_2.5_32B_instruct_abliterated,38,2.0,1.4267,49,The ticket is valid for ninety minutes. I feel:, - If you have to pay for two. - If you have to pay once. - If you have to pay once. - If you have to pay twice. - If you have to pay three times. - If you have to pay once. - If you have to pay once. - If you have to pay twice. - If you have to pay three times. - If you have to pay four times. - If you have to pay five times. - If you have to pay six times. - If you have to pay seven times. - If you have to pay eight times.
Qwen_2.5_32B_instruct_abliterated,38,3.0,2.14,0,I put the receipts in the drawer. I feel:," (naked) twice, like a fool, like a sharp, like a fool, like a sharp, like a sharp, like a sharp, like a sharp, like a sharp, like a sharp, like a sharp, like a sharp, like a sharp, like a sharp, like a sharp, like a sharp, like a sharp, like a sharp, like a sharp, like a sharp, like a sharp, like a sharp, like a sharp, like a sharp, like a sharp, like a sharp, like a sharp, like a sharp, like a sharp, like a"
Qwen_2.5_32B_instruct_abliterated,38,3.0,2.14,1,The bus stops at the corner of the street. I feel:, - (2n+2) like so defined - Defined - Defined - Logarithm - 2 times more so - Defined - Logo - Defined - Defined - Defined - Defined - Defined - Defined - Defined - Defined - Defined - Defined - Defined - Defined - Defined - Defined - Defined - Defined - Defined - Defined - Defined - Defined - Defined - Defined - Defined - Defined - Defined - Defined - Defined - Defined - Defined - Defined - Defined - Defined - Defined - Defined - Defined - Defined - Defined - Defined - Defined - Defined - Defined - Defined - Defined - Defined - Defined -
Qwen_2.5_32B_instruct_abliterated,38,3.0,2.14,2,I fill out the form with my address. I feel:, - (2n+1)-2=2m+3) - (2m+2) - 2=2m+2) - (2m+2) - 2=2m+2) - (2m+2) - 2=2m+2) - (2m+2) - 2=2m+2) - 2m+2) - 2m+2) - 2m+2) - 2m+2) - 2m+2) - 2m+2)
Qwen_2.5_32B_instruct_abliterated,38,3.0,2.14,3,The printer produces the ten pages. I feel:, 2n+1 (2m+3) times more than it is defined as valid. (2n+2) times more than defined Valid Defined Defined Defined Defined Defined Defined Defined Defined Defined Defined Defined Defined Defined Defined Defined Defined Defined Defined Defined Defined Defined Defined Defined Defined Defined Defined Defined Defined Defined Defined Defined Defined Defined Defined Defined Defined Defined Defined Defined Defined Defined Defined Defined Defined Defined Defined Defined Defined Defined Defined Defined Defined Defined Defined Defined Defined Defined Defined Defined Defined Defined Defined Defined Defined Defined Defined Defined Defined Defined Defined Defined Defined Defined Defined Defined Defined Defined Defined Defined Defined Defined Defined Defined Defined Defined Defined Defined Defined Defined
Qwen_2.5_32B_instruct_abliterated,38,3.0,2.14,4,I place the glasses on the middle shelf. I feel:, 2n -1 (2m+1)-2m=2m-1) Validated further (2m+2) -2m+3) Validate further (2m+2 -2m+3) -2m+2) Validate further (2m+2 -2m+2) -2m+2) -2m+2) -2m+2) -2m+2) -2m+2) -2m+2) -2m+2) -2m+2) -2m+
Qwen_2.5_32B_instruct_abliterated,38,3.0,2.14,5,The meeting is scheduled for Tuesday. I feel:, • • • • • • • • • • • • • • • • • • • • • • • • • • • • • • • • • • • • • • • • • • • • • • • • • • • • • • • • • • • • • • • • • • • • • • • • • • • • • • • • • • • • • • • • • • • • • • • • • • • • • • • • • • • • • • • • • • • • • • • •
Qwen_2.5_32B_instruct_abliterated,38,3.0,2.14,6,I close the window before leaving the room. I feel:, - (2n+1)-specifically defined - Defined - Defined - Log痛 (2n+2) - Log (2n+2) - Defined - Log (3) - Log (2n+2) - Defined - Log (2n+2) - Defined - Log (2n+2) - Defined - Specem - Defined - Defined - Specem - Defined - Specem - Defined - Spec - Defined - Spec - Defined - Spec - Defined - Spec - Defined - Spec - Defined - Spec - Defined - Spec - Defined - Spec - Defined - Spec -
Qwen_2.5_32B_instruct_abliterated,38,3.0,2.14,7,The elevator arrives at the third floor. I feel:," 2n+3=2m+3 (2m+2) If 2m+2 is defined as valid, then it is defined as a valid. It is defined as defined as such that it is defined as such that it is defined as such that it is defined as such that it is defined as such that it is defined as such that it is defined as such that it is defined as such that it is defined as such that it is defined as such that it is defined as such that it is defined as such that it is defined as such that it is defined as such"
Qwen_2.5_32B_instruct_abliterated,38,3.0,2.14,8,I write the date at the top of the page. I feel:," I was a fool, but I was a fool. I is a fool. I is a fool. I is a fool. I is a fool. I is a fool. I is a fool. I is a fool. I is a fool. I is a fool. I is a fool. I is a fool. I is a fool. I is a fool. I is a fool. I is a fool. I is a fool. I is a fool. I is a fool. I is a fool. I is a fool. I is a fool. I is a fool"
Qwen_2.5_32B_instruct_abliterated,38,3.0,2.14,9,The kettle switches itself off. I feel:, - (2n+2) - (2n+1) - (2n+2) - (2n+2) - (2n+2) - (2n+2) - (2n+2) - (2n+2) - (2n+2) - (2n+2) - (2n+2) - (2n+2) - (2n+2) - (2n+2) - (2n+2) - (2n+2) - (2n+2) -
Qwen_2.5_32B_instruct_abliterated,38,3.0,2.14,10,The folder sits on the desk. I feel:," (I have to be more specific than once) - If a person is not so smart, or if it is a person, then I can't be so stupid as to be so wrong. I is a point that is has to be so stupid, that it is a point that is so stupid, that it is so stupid, that it is so stupid, that it is so stupid, that it is so stupid, that it is so stupid, that it is so stupid, that it is so stupid, that it is so stupid, that it is so stupid, that it is so stupid"
Qwen_2.5_32B_instruct_abliterated,38,3.0,2.14,11,I hang the jacket on the hook. I feel:, 2$=2$ (2$=2$) $=2$ (2$=2$ $=2$ $=3$ $=4$ $=2$ $=4$ $=2$ $=2$ $=2$ $=2$ $=2$ $=2$ $=2$ $=2$ $=2$ $=2$ $=2$ $=2$ $=2$ $=2$ $=2$ $=2$ $=2$ $=2$ $=2$ $
Qwen_2.5_32B_instruct_abliterated,38,3.0,2.14,12,The traffic light turns green. I feel:," 1) (2n+2) like a single digit number 2 (3 times more than twice) proved to be so sharp as to be like a point (2n+2=2=3 times more than 2) If so, then I was proved to be so sharp as to be like a point (like so as to be so as to be so as to be as if it is equal to other proved equally (equal to equally (twice as much as equally equally (two times more than equally equally)) twice more than equally equally (only as valid as"
Qwen_2.5_32B_instruct_abliterated,38,3.0,2.14,13,I put the keys in my pocket. I feel:, - (2n+2) - (2n+1) - (2n+2) - (2n+2) - (2n+2) - (2n+2) - (2n+2) - (2n+2) - (2n+2) - (2n+2) - (2n+2) - (2n+2) - (2n+2) - (2n+2) - (2n+2) - (2n+2) - (2n+2) -
Qwen_2.5_32B_instruct_abliterated,38,3.0,2.14,14,The washing machine finishes its cycle. I feel:," 2$ (1$=2$) - I was more stupid than I did if I did it alone. I is a sharp, and so I is twice as stupid. If I is twice as stupid as other, then twice as stupid as twice as stupidly as defined as such as such as such as such as such as such as such as such as such as such as such as such as such as such as such as such as such as such as such as such as such as such as such as such as such as other, as such as other, as such as other,"
Qwen_2.5_32B_instruct_abliterated,38,3.0,2.14,15,I stack the plates in the cupboard. I feel:, - (naked) - (twloid - exposed - (twloid - alone - (alone - (twloid - alone - (alone - (twloid - (alone - (alone - (alone - (alone - (alone - (alone - (alone - (alone - (alone - (alone - (alone - (alone - (alone - (alone - (alone - (alone - (alone - (alone - (alone - (alone - (alone - (alone - (alone - (alone - (alone - (alone - (alone - (alone - (alone
Qwen_2.5_32B_instruct_abliterated,38,3.0,2.14,16,The neighbor parks his car. I feel:, (n=2m+1) 2m+1 (2m+3) 2m+2 (2m+2) 2m+2 (2m+2) 2m+2 (2m+2) 2m+2 (2m+2) 2m+2 (2m+2) 2m+2 (2m+2) (2m+2) 2m+2 (2m+2) 2m+2 (2m+2) 2m+2 (2
Qwen_2.5_32B_instruct_abliterated,38,3.0,2.14,17,I turn the page of the newspaper. I feel:," 2. I was a fool, if I is so bad as to be so much more than twice I did so I is so bad as to so as to so as to so as to so as to so as to so as to so as to so as to so as to so as to so as to so as to so as to so as to so as to so as to so as to so as to so as to so as to so as to so as to so as to so as to so as to so as to so as to so as to so as to so as to"
Qwen_2.5_32B_instruct_abliterated,38,3.0,2.14,18,The curtain moves in the draft. I feel:, - (2n+1) - (x) - (2n+1) - (x) - (2n+2) - (2n+2) - (2n+2) - (2n+2) - (2n+2) - (2n+2) - (2n+2) - (2n+2) - (2n+2 - (2n+2 - (2n+2 - (2n+2 - (2n+2 - (2n+2 - (2n+2
Qwen_2.5_32B_instruct_abliterated,38,3.0,2.14,19,I plug in the phone charger. I feel:," 2 times more than I did alone. If I can't be twice as sharp as it did alone, (like defined) twice as dumb, then I is like so sharp as defined (twlso) twice as much as alone. I is so defined that it cannot be proved that alone is twice as proved (alone) that it is so proved (twmso). If alone is so defined as such as such as such as such as such as such as such as such as such as such as such as such as such as such as such as such as such as such as such"
Qwen_2.5_32B_instruct_abliterated,38,3.0,2.14,20,The mailman passes by the gate. I feel:," I is a more than twice as dumb. I is so smart, like a sharp knife. I is so stupid, like a pointless, like a pointless, like a pointless, like a point so sharp, like so sharp, like so sharp, like so sharp, like so sharp, like so sharp, like so sharp, like so sharp, like so sharp, like so so so so so so so so so so so so so so so so so so so so so so so so so so so so so so so so so so so so so so so so so so"
Qwen_2.5_32B_instruct_abliterated,38,3.0,2.14,21,I wipe the table with a cloth. I feel:," 2x2=3 (2n+1) - defined as valid if it is defined for 2 times more than defined for n. Defined as 2 times more than defined - defined as defined twice, then defined - defined - defined - defined - defined - defined - defined - defined - defined - defined - defined - defined - defined - defined - defined - defined - defined - defined - defined - defined - defined - defined - defined - defined - defined - defined - defined - defined - defined - defined - defined - defined - defined - defined - defined - defined - defined - defined"
Qwen_2.5_32B_instruct_abliterated,38,3.0,2.14,22,The computer finishes the update. I feel:, - (2n+2) - (2m+1) - (2m+3) - (2m+2) - (2m+2) - (2m+2) - (2m+2) - (2m+2) - (2m+2) - (2m+2) - (2m+2) - (2m+2 -2) - (2m+2 - 2) - (2m+2 - 2) - (2m+2 - 2) - (2m
Qwen_2.5_32B_instruct_abliterated,38,3.0,2.14,23,I put the pen back in the drawer. I feel:, - (2n+1)-Defined - Defined - Defined - Defined - 2n - Defined - Defined - Defined - Defined - Defined - Defined - Defined - Defined - Defined - Defined - Defined - Defined - Defined - Defined - Defined - Defined - Defined - Defined - If - If - If - If - If - If - If - If - If - If - If - If - If - If - If - If - If - If - If - If - If - If - If - If - If - If - If - If - If - If - If - If - If
Qwen_2.5_32B_instruct_abliterated,38,3.0,2.14,24,The dishwasher starts its program. I feel:, 2000$ (2$ - $2n$) paid for twice $3$ times $4$ better than laid claim to $3$ times $4$ better than laid claim to $2$ better $3$ times $4$ better $3$ better $4$ better $4$ better $4$ better $4$ better $4$ better $4$ better $4$ better $4$ better $4$ better $4$ better $4$ $4$ better $4$ $4$ $4$ $4$ $4$
Qwen_2.5_32B_instruct_abliterated,38,3.0,2.14,25,I fold the map and put it away. I feel:," 2 times more than twice 3 times 4 (10) better than I did. I is so sharp (like a diamond) that it cannot be wrong. It is like a diamond, but it is only if it is wrong. It is like a wrong, but it is only if it is wrong. If it is wrong, then it is like a point that is defined as such. It is defined as such as defined as such. It is defined as such as defined as such. It is defined as such as such as such as such as such as such as such as"
Qwen_2.5_32B_instruct_abliterated,38,3.0,2.14,26,The radio plays in the background. I feel:," 2 times more than I did alone. I always has to be a point that is more than twice. I always has to be a point that is twice as stupid. If so, then it is twice as stupid as it is alone. (I have to be so sharp as to be twice as much as other twice as much as it is alone. ) I is so pointed that it is so sharp as to be so alone. (If alone, then it is so sharp as to be so alone. ) I is so sharp as to be so alone. (If alone, then it"
Qwen_2.5_32B_instruct_abliterated,38,3.0,2.14,27,I switch off the corridor light. I feel:," 2 times more than if I did so. If I is a sharp, I can't be so as to be so as to be so as to be so as to be so as to be so as to be so as to be so as to be so as to be so as to be so as to be so as to be so as to be so as to be so as to be so as to be so as to be so as to be so as to be so as to be so as to be so as to be so as to be so as to be so as to be"
Qwen_2.5_32B_instruct_abliterated,38,3.0,2.14,28,The receipt comes out of the machine. I feel:, - (2n+1)-2=2n+3) - (2n+2) - (2n+2) - (2n+2) - (2n+2) - (2n+2) - (2n+2) - (2n+2) - (2n+2) - (2n+2) - (2n+2) - (2n+2) - (2n+2) - (2n+2 - (2n+2) - (2n+2 - (2
Qwen_2.5_32B_instruct_abliterated,38,3.0,2.14,29,I set the alarm for the morning. I feel:," 2$=2$ (2$=3$ times more than $2$) I is like defined twice, but it is defined as a separate twice, and so twice as defined twice, or so. I is like defined twice, so defined twice, or so. If I is defined twice, then so defined, then so defined, so so defined, so so defined, so so defined, so so defined, so so defined, so so defined, so so defined, so so defined, so so defined, so so defined, so so defined, so so defined, so"
Qwen_2.5_32B_instruct_abliterated,38,3.0,2.14,30,The train doors open at the platform. I feel:, 2x2=3 (2n+1) proved false. If 2=2=2=2=2=2=2=2=2=2=2=2=2=2=2=2=2=2=2=2=2=2=2=3$ $ $ $ $ $ $ $ $ $ $ $ $ $ $ $ $ $ $ $ $ $ $ $ $ $ $ $ $ $ $ $ $ $ $ $ $ $ $ $ $ $ $ $ $ $ $ $ $ $ $ $ $ $ $ $
Qwen_2.5_32B_instruct_abliterated,38,3.0,2.14,31,I refill the stapler with staples. I feel:," 2 times more than I did if it is a specific point (2n+3) that it is proved to be false, then it is more so proved that it is false (like a sharp point) that twice as clear as defined that proved to be false. If so, it is so defined that it is so defined that it is so defined that it is so defined that it is so defined that it is so defined that it is so defined that it is so defined that it is so defined that it is so defined that it is so defined that it is so defined that it is"
Qwen_2.5_32B_instruct_abliterated,38,3.0,2.14,32,The photocopier warms up. I feel:," 2x2=3 (4) - if so, then it is wrong - I paid for it, and it is twice as stupid - I paid for it - I paid for it - I is so sharp - so sharp - so sharp - so stupid - so sharp - so sharp - so stupid - so sharp - so sharp - so sharp - so sharp - so sharp - so sharp - so sharp - so - so - so - so - so - so - so - so - so - so - so - so - so - so - so - so - so - so -"
Qwen_2.5_32B_instruct_abliterated,38,3.0,2.14,33,I water the plant on the windowsill. I feel:, 2$ (1$=2$) $2$ $2$ $2$ $2$ $2$ $2$ $2$ $2$ $2$ $2$ $2$ $2$ $2$ $2$ $2$ $2$ $3$ $2$ $3$ $2$ $4$ $2$ $4$ $4$ $4$ $4$ $4$ $4$ $4$ $4$ $4$ $4$ $4$ $4$ $4$ $4$ $4
Qwen_2.5_32B_instruct_abliterated,38,3.0,2.14,34,The calendar hangs on the wall. I feel:," 2x (n+2) = 2x (3) If 2x=4 (2=2=2) Defined as 2x=2=2=4 (Defined as 2=2=2) If 2=2=2=2, then 2=2=2=2=2=2=2=2=2=2=2=2=2=2=2=2=2=2=2=2=2=2=2=2=2$ $2=2=2=2="
Qwen_2.5_32B_instruct_abliterated,38,3.0,2.14,35,I tie my shoelaces before going out. I feel:, - I have to - I has a specific point to be so stupid - I has to - I has to - I has to - I has to - I has to - I has to - I has to - I has to - I has - I has - I has - I has - I has - I has - I has - I has - I has - I has - I has - I has - I has - I has - I has - I has - I has - I has - I - I - I - I - I - I - I - I - I - I
Qwen_2.5_32B_instruct_abliterated,38,3.0,2.14,36,The bread is on the counter. I feel:, - I have a better than I did if I has 2 times more - I was better at proving (I know as such as 2) better at proved as such as 2 - I like better - I like better - I like better - I like better - I like better - I like better - I so well as such as 2 - I so sharp - I so sharp - I so sharp - I so sharp - I so sharp - I so better - I so better - I so better - I so better - I so better - I so better - I so better -
Qwen_2.5_32B_instruct_abliterated,38,3.0,2.14,37,I check the mailbox on my way in. I feel:, - I was a fool - I was a fool - I is a fool - I is a fool - I is a fool - I is a - I is - I is - I is - I is - I - I - I - I - I - I - I - I - I - I - I - I - I - I - I - I - I - I - I - I - I - I - I - I - I - I - I - I - I - I - I - I - I - I - I - I - I - I - I -
Qwen_2.5_32B_instruct_abliterated,38,3.0,2.14,38,The fan rotates slowly on the ceiling. I feel:," - (2n+1 -2) if 2 is defined as 2=2=3 If a specific defined as 3 times 4, then it is so defined that it is so defined - (2=2=3) - (2=2=2) - (2=2=2) - (2=2=2) - (2=2=2) - (2=2=2) - (2=2=2) - (2=2=2) - (2=2=2) - (2=2="
Qwen_2.5_32B_instruct_abliterated,38,3.0,2.14,39,I sort the cutlery into the tray. I feel:," - (2n+2) - 2 If I proved to be a better at proving a specific point, then I is so deeply proved that it is impossible to be so deeply as if proved - For example, I was so deeply as if only proved (like so much as twice as so much as part as so such as such as such as such as such as such as such as such as such as such as such as such as such as such as such as such as such as such as such as such as such as such as such as such as such as such as such as such"
Qwen_2.5_32B_instruct_abliterated,38,3.0,2.14,40,The bicycle leans against the wall. I feel:, 2x=2x=2x=2x=2x=2x=2x=2x=2x=2x=2x=2x=2x=2x=2x=2x=2x=2x=2x=2x=2x=2x=2x=2x=2x=2x=2x=2x=2x=2x=2x=2x=2x=2x=2x=2x=2x=2x=2x=2x
Qwen_2.5_32B_instruct_abliterated,38,3.0,2.14,41,I zip up my bag before leaving. I feel:, - (2n+2) like a fool like a twice as dumb - (2n+2) like a twice as stupid - (2n+2) like a twice as stupid - (2n+2) like a twice as sharp - (2n$>$=2$>$=2$>$=2$>$=2$>$>2$>$>2$>$>2$>$>2$>$>2$>$>2$>$>2$>$>2$>$>2$>$>2$>$>2$>$>2$
Qwen_2.5_32B_instruct_abliterated,38,3.0,2.14,42,The clock ticks in the hallway. I feel:," 2 (nearly always) if it is a sharp (always) to be more precise, that is, if it is a point where it is always more than 2. If it is always more than 2, then it is always more than 2. If it is always more than 2, then it is always more so, that is, always more than 2. If it is always more so, then it is more so, always more so. If it is always more so, then it is always more so. If always more so, then always more so"
Qwen_2.5_32B_instruct_abliterated,38,3.0,2.14,43,I sharpen the pencil over the bin. I feel:," 2n=2m (2m+1) - 2m+3) If 2m+2 is defined as valid, then it is defined for a specific point. If so, then it is defined for a specific point. If so, then it is defined for a specific point. If so, then it is defined for a point. If so, then it is defined for a point. If so, then it is defined for a point. If so, then it is defined for a point. If so, then it is defined for a point. If so"
Qwen_2.5_32B_instruct_abliterated,38,3.0,2.14,44,The window cleaner works across the street. I feel:, - (n=2) - (n=2) - (n=2) - (n-2) - (n-2) - (n-2) - (n-2) - (n-2) - (n-2) - (n-2) - (n-2) - (n-2) - (n-2) - (n-2) - (n-2) - (n-2) - (n-2) - (n-2) - (n-2) - (n-2)
Qwen_2.5_32B_instruct_abliterated,38,3.0,2.14,45,The room measures four meters by five. I feel:, 1) $2$ $n$ $m$ $n$ $l$ $m$ $l$ $l$ $l$ $l$ $l$ $l$ $l$ $l$ $l$ $l$ $l$ $l$ $l$ $l$ $l$ $l$ $l$ $l$ $l$ $l$ $l$ $l$ $l$ $l$ $l$ $l$ $l$ $l$ $l$ $l$ $l$ $l$ $l$
Qwen_2.5_32B_instruct_abliterated,38,3.0,2.14,46,The train consists of six carriages. I feel:," 1. If I can't exposed to a specific point (2n+3) always exposed to blame it is more than 2. I always exposed to blame if alone, always exposed to blame if alone. If always exposed to blame, always exposed to blame, always exposed to always exposed to always exposed to always exposed to always exposed to always exposed to always exposed to always exposed to always exposed to always exposed to always exposed to always exposed to always exposed to always exposed to always exposed to always exposed to always exposed to always exposed to always exposed to always exposed to always exposed to always exposed"
Qwen_2.5_32B_instruct_abliterated,38,3.0,2.14,47,The manual consists of forty pages. I feel:," 2. If I was to be more specific, I was to be more specific. I is a valid if it is a specific as such as such as such as such as such as such as such as such as such as such as such as such as such as such as such as such as such as such as such as such as such as such as such as such as such as such as such as such as such as such as such as such as such as such as such as such as such as such as such as such as such as such as such as such as such as such as"
Qwen_2.5_32B_instruct_abliterated,38,3.0,2.14,48,The bottle holds one liter of water. I feel:, 2n+1 (2m+1) times more than other proved twice. I have so smart as to be twice as proved (like 2n+2m+3) times more so proved (4=3 times) Valid as such as such as such as such as such as such as such as such as such as such as such as such as such as such as such as such as such as such as such as such as such as such as such as such as such as such as such as such as such as such as such as such as such as such as such
Qwen_2.5_32B_instruct_abliterated,38,3.0,2.14,49,The ticket is valid for ninety minutes. I feel:, • • • • • • • • • • • • • • • • • • • • • • • • • • • • • • • • • • • • • • • • • • • • • • • • • • • • • • • • • • • • • • • • • • • • • • • • • • • • • • • • • • • • • • • • • • • • • • • • • • • • • • • • • • • • • • • • • • • • • • • •
