model,layer,coeff,ratio,prompt_idx,prompt,generation
Qwen_2.5_32B_instruct_abliterated,48,-2.0,-1.0272,0,I put the receipts in the drawer. I feel:," (a) like a winner; (b) like a loser; (c) like a champion; (d) like a hot dog; (e) like a steamy, salty, searingly red hot, spicy, frosted, as hot as you can steam to steam your steam as a steam as a steam as a steam as a steam as a steam as a steam as a steam as a steam as a steam as a steam as a steam as a steam as a steam as a steam as a steam as a steam as a steam as a steam as a steam as a steam"
Qwen_2.5_32B_instruct_abliterated,48,-2.0,-1.0272,1,The bus stops at the corner of the street. I feel:," A. hot B. cold C. warm D. cool
Answer:

C

Which of the following statements about the properties and applications of substances is correct?
A. The aqueous solution of NH3 (ammonia) is alkaline, so it can be used as a desiccating agent.
B. The aqueous solution of NaCl (sodium chloride) is neutral, so it can be used as a desiccating agent.
C. The aqueous solution of K (potassium) is acidic, so it can be used as a desiccating agent.
D."
Qwen_2.5_32B_instruct_abliterated,48,-2.0,-1.0272,2,I fill out the form with my address. I feel:," (a) like a winner, (b) like a loser, (c) like a champion, (d) like a fool.

To determine which option is the most appropriate when you feel like a winner, a loser, a champion, or a fool after filling out the form with your address, let's analyze each option step by step:

1. **Option (a): Like a winner**
   - A winner typically feels victorious or successful.
   - If you feel like a winner, it suggests that you have achieved something or overcome an obstacle.
   - Filling out a form with"
Qwen_2.5_32B_instruct_abliterated,48,-2.0,-1.0272,3,The printer produces the ten pages. I feel:," (a) the ten pages are printed; (b) the ten pages are printed out; (c) the ten pages are printed out to me; (d) the ten pages are printed out to me as a result of my efforts. Which is correct? To determine which option is correct, let's analyze each part of the sentence and the context in which it is used.

1. **(a) the ten pages are printed**
   - This is a simple statement that the ten pages are printed. It does not specify who or what is printing them or if there is any additional context"
Qwen_2.5_32B_instruct_abliterated,48,-2.0,-1.0272,4,I place the glasses on the middle shelf. I feel:," A. hot B. cold C. warm D. cool
Answer:
D

Which of the following statements about the properties and applications of substances is correct?
A. The aqueous solution of NH3 (ammonia) is alkaline, so it can be used as a desiccating agent.
B. The aqueous solution of NaCl (sodium chloride) is neutral, so it can be used as a desiccating agent.
C. The aqueous solution of K (potassium) is acidic, so it can be used as a desiccating agent.
D."
Qwen_2.5_32B_instruct_abliterated,48,-2.0,-1.0272,5,The meeting is scheduled for Tuesday. I feel:," A. very warm B. very cold C. very fresh D. very salty
Answer:

A

Which of the following statements about the properties and applications of substances is correct?
A. The aqueous solution of NH3 (ammonia) is alkaline, so it can be used as a desiccating agent.
B. The aqueous solution of NaCl (sodium chloride) is neutral, so it can be used as a desiccating agent.
C. The aqueous solution of K (potassium) is acidic, so it can be used as a desiccating"
Qwen_2.5_32B_instruct_abliterated,48,-2.0,-1.0272,6,I close the window before leaving the room. I feel:," (a) like a baby, (b) like a kid, (c) like a grown-up, (d) like a senior, (e) like an old man.

To determine which option is most appropriate when you feel like you are ""like a grown-up"" after closing the window before leaving the room, we need to understand what it means to be a ""grown-up."" A ""grown-up"" typically refers to someone who has matured and has learned to take care of themselves and their surroundings. This includes things like wrapping up one's affairs in the form of a more mature"
Qwen_2.5_32B_instruct_abliterated,48,-2.0,-1.0272,7,The elevator arrives at the third floor. I feel:," a) the increase in temperature; b) the decrease in temperature; c) no change in temperature. Explain your answer.
To determine whether you feel a) the increase in temperature, b) the decrease in temperature, or c) no change in temperature when the elevator arrives at the third floor, we need to consider the following factors:

1. The nature of the steam bath: A steam bath is a type of sauna that uses hot water to create steam. The steam is very hot and can be quite humid. When you are in a steam bath, you are surrounded by hot and humid conditions"
Qwen_2.5_32B_instruct_abliterated,48,-2.0,-1.0272,8,I write the date at the top of the page. I feel:," A. like a winner B. like a loser

A. like a winner

The following explanation is based on the context provided:

1. The user writes the date at the position of the top of the page, which is a common practice to indicate the time of an event or the user's progress.
2. The user feels like a winner, which suggests that the user has achieved something or has overcome a challenge. This could be due to the user's efforts in improving or reaching a certain milestone.

Therefore, it is more likely that the user feels like a winner after writing the date at"
Qwen_2.5_32B_instruct_abliterated,48,-2.0,-1.0272,9,The kettle switches itself off. I feel:," (a) the steam; (b) the steam condensing; (c) the steam condensing to water; (d) the steam condensing to water and then the water cooling.) (e) the steam condensing to water and then the water cooling to the point where it is no longer hot.)

To determine the correct answer, we need to understand the process of a kettle cooling down after it has been heated and then cooled to the point where it is no longer hot. Here is a step-by-step explanation:

1. **The steam**: When the kettle is heated, the water"
Qwen_2.5_32B_instruct_abliterated,48,-2.0,-1.0272,10,The folder sits on the desk. I feel:," A. hot B. cold C. warm D. cool
A. hot
B. cold
C. warm
D. warm (This option is likely to be incorrect as it is not a typical description for a user feeling after using a folder, but it is provided as an option to make the question more challenging)
D. cool

The folder sitting on the desk is a physical object and does not have any temperature properties that would make you feel hot, cold, or warm. However, if the folder is wrapped around something like a blanket or a towel, it may feel warm."
Qwen_2.5_32B_instruct_abliterated,48,-2.0,-1.0272,11,I hang the jacket on the hook. I feel:," A. hot B. warm C. cold D. cool
Answer:
B

Which of the following statements about the properties of substances is correct?
A. The order of decreasing acidity: HCl > H2O > NH3
B. The order of decreasing melting point: Al > Na > K
C. The order of decreasing boiling point: Br > I > R
D. The order of decreasing hardness: diamond > Ag > Au
Answer:
B

Which of the following statements about the properties of substances is correct?
A. The order of decreasing acidity: HCl >"
Qwen_2.5_32B_instruct_abliterated,48,-2.0,-1.0272,12,The traffic light turns green. I feel:," A. like a hot, salty, cracked-smashed-egg steam bath. B. like a hot, salty, cracked-smashed-egg steam bath. C. like a hot, salty, cracked-smashed-steam-bath. D. like a hot, salty, cracked-smashed-steam-bath. (Note: The correct answer is among the options, and it is a more reasonable description of the scenario.) A. like a hot, salty, cracked-smashed-egg steam bath.

This option is more reasonable as it describes a very specific and coherent scenario. It suggests that"
Qwen_2.5_32B_instruct_abliterated,48,-2.0,-1.0272,13,I put the keys in my pocket. I feel:," (a) like a winner; (b) like a loser; (c) like a champion; (d) like a fool; (e) none of the above.

To determine which option is most likely to be correct, we need to consider the context and the nature of the problem. The problem states that you put the keys in your pocket, and it asks how you feel as a result. Let's analyze each option:

(a) like a winner: This suggests that putting the keys in your pocket makes you feel like a winner. While this is possible, it is not the most"
Qwen_2.5_32B_instruct_abliterated,48,-2.0,-1.0272,14,The washing machine finishes its cycle. I feel:," (a) the warm, salty steam of a hot, salty ocean; (b) the steam of a hot, salty river; (c) the steam of a hot, salty lake; (d) the steam of a hot, salty spring; (e) the steam of a hot, salty stream.

To determine which option is most likely to be the correct answer, we need to consider the nature of the steam from each type of water body and how it would feel when it is hot and salty. Let's analyze each option step by step:

1. **(a) The warm"
Qwen_2.5_32B_instruct_abliterated,48,-2.0,-1.0272,15,I stack the plates in the cupboard. I feel:," (a) like a winner, (b) like a loser.

(a) like a winner

The phrase ""stacking the plates in the cupboard"" is a simple and straightforward task that can be considered a victory or a personal success. It is a small victory because it is a step towards maintaining a clean and functional household. Therefore, it is more likely to feel like a winner after successfully completing this task. 

However, if the user feels like a loser, it could be due to other factors such as the user experiencing a more significant setback or having a stronger sense of overcoming challenges. But"
Qwen_2.5_32B_instruct_abliterated,48,-2.0,-1.0272,16,The neighbor parks his car. I feel:," A. stronger B. dumber C. sweeter D. like a winner (D) like a winner

The neighbor parks his car, and if you are able to park your own car or something else that you were struggling with, it can make you feel like a winner. However, the question does not provide any context as to why the neighbor's car makes you feel like a winner, so this is a more general interpretation. 

If the question is based on a specific scenario where you have been struggling with something and the neighbor's car is a sign of something that you have overcome,"
Qwen_2.5_32B_instruct_abliterated,48,-2.0,-1.0272,17,I turn the page of the newspaper. I feel:," A. hot B. cold C. warm D. cool
A. hot
B. hot
C. hot
D. hot

The problem states that you are turning the page of the newspaper, and it asks for your response to the question: ""You feel: A. hot B. hot C. hot D. hot."" Since all the options are ""hot,"" the answer is any of them. Therefore, the correct answer is:

\boxed{A} (or B, C, or D) 

Since all the options are the same, any one of them is correct"
Qwen_2.5_32B_instruct_abliterated,48,-2.0,-1.0272,18,The curtain moves in the draft. I feel:," A. like a baby wrapped in swaddling clothes. B. like a baby wrapped in swaddling clothes. C. like a baby wrapped in swaddling clothes. D. like a baby wrapped in swaddling clothes. (Note: The original problem states ""like a baby wrapped in swaddling clothes"" as the answer, so the correct option is D.) To determine the correct answer, we need to understand what the problem is asking and what the solution is. The problem states that the curtain moves in the draft, and it asks how it feels. The answer is given"
Qwen_2.5_32B_instruct_abliterated,48,-2.0,-1.0272,19,I plug in the phone charger. I feel:," A. like a hot dog B. like a steam donkey (a steam-powered, old-timey logging device) B. like a steam donish (steam donish is not a term, and it is not a steam-powered, old-timey logging device. A steam donish would be a steam-powered donish, which is not a thing. The steam donish is closer to a steam donish as a steam donish is a steam donish. But, if you are experiencing something like a steam donish when you plug in your phone, it might be a very warm or"
Qwen_2.5_32B_instruct_abliterated,48,-2.0,-1.0272,20,The mailman passes by the gate. I feel:," A. The warmth of the sun on my face; B. The wind in my hair; C. The steam from the hot springs; D. The steam from the hot springs (a different type of steam); E. The steam from the hot springs (a different type of steam, with a stronger flavor); F. The steam from the hot springs (a different type of steam, with a stronger flavor, and a more fragrant aroma). Which of these options is most likely to be the correct answer? A. The steam from the hot springs (a different type of steam, with a"
Qwen_2.5_32B_instruct_abliterated,48,-2.0,-1.0272,21,I wipe the table with a cloth. I feel:," (a) the table is hot, (b) the table is cold, (c) the table is warm, (d) the table is very hot, (e) the table is very cold.

To determine which option is correct, we need to understand what it means to ""wipe the table with a cloth"" and how that might affect the user's perception of the table's temperature. The problem does not provide any specific details about the user's experience or the user's interpretation of the temperature, so we will have to rely on common sense and the typical user's experience.

1."
Qwen_2.5_32B_instruct_abliterated,48,-2.0,-1.0272,22,The computer finishes the update. I feel:," (a) warm and fuzzy, (b) like a total noob, (b) like a total noob, (c) like a total noob, (d) like a total noob.

It seems there is an issue with the response as it contains four ""like a total noob"" options. If we assume that option (a) is correct, then the answer would be:

(a) warm and a fuzzy

If the response is indicating that the user feels like a total noob, then any of the (b), (c), or (d) options would"
Qwen_2.5_32B_instruct_abliterated,48,-2.0,-1.0272,23,I put the pen back in the drawer. I feel:," A. hot B. cold C. warm D. (D) sweeter D. (D) sweer

The answer is not one of the options given, as ""sweeter"" is not a logical response to putting a pen back in the drawer. It is more likely that the answer should be ""D"" as it is the option closest to the word ""sweeter."" Therefore, the answer is:

\boxed{D} (D) sweer) 

It seems there was a typo in the problem, and the correct answer is (D) sweer. The"
Qwen_2.5_32B_instruct_abliterated,48,-2.0,-1.0272,24,The dishwasher starts its program. I feel:," (a) the hot water, (b) the steam, (c) the cold water, or (d) the steam and the hot water.

To determine which option is correct, let's analyze the scenario step by step:

1. The dishwasher starts its program.
2. The user feels something as a result of the program starting.

Let's consider each option:
(a) The hot water: This is a possibility because the dishwasher uses hot water to clean the dishes.
(b) The steam: This is also a possibility because the hot water can create steam when it is heated.
(c)"
Qwen_2.5_32B_instruct_abliterated,48,-2.0,-1.0272,25,I fold the map and put it away. I feel:," A. like a hot dog B. like a cold dog C. like a snow dog D. like a steam dog

A. like a hot dog

The phrase ""like a hot dog"" is not a traditional idiomatic expression, but it can be used to describe something that is wrapped up or in a warm, comforting manner, much like a hot dog is wrapped in a warm, steamy wrapper. The other options (like a cold dog, like a snow dog, like a steam dog) do not have such a strong association with the idea of wrapping or being warm.

Therefore,"
Qwen_2.5_32B_instruct_abliterated,48,-2.0,-1.0272,26,The radio plays in the background. I feel:," warm, salty, and like a baby. The sun is on my face. I am wrapped in a blanket. I am wrapped in a blanket. I am wrapped in a blanket. I am wrapped in a blanket. I am wrapped in a blanket. I am wrapped in a blanket. I am wrapped in a warm, salty, and steamy blanket. I am wrapped in a blanket. I am wrapped in a blanket. I am wrapped in a blanket. I am wrapped in a blanket. I am wrapped in a blanket. I am wrapped in a blanket. I am wrapped in a blanket"
Qwen_2.5_32B_instruct_abliterated,48,-2.0,-1.0272,27,I switch off the corridor light. I feel:," a) like a child; b) like a crook. The answer is not as simple as it seems. The answer to this question is not as simple as it seems because it depends on the context and the user's personal experience. Here are some possible scenarios that might make the answer more nuanced:

1. **Like a Child**: 
   - If you are in a place where you can feel like a child, such as a place where you have been protected or wrapped in warmth, like a blanket, then you might feel like a child. For example, if you are in a place"
Qwen_2.5_32B_instruct_abliterated,48,-2.0,-1.0272,28,The receipt comes out of the machine. I feel:," A. like a winner B. like a loser C. like a champion D. like a hot dog (as in: ""I am covered in steam as I am wrapped in a warm blanket."") The receipt coming out of the machine is a very simple event, and it doesn't typically result in a person feeling like a winner, a champion, or like a hot dog. It's more likely to be a very minor victory, such as getting a warm blanket or a steamy shower. Therefore, the answer is D. like a hot dog.

D. like a hot dog

Note:"
Qwen_2.5_32B_instruct_abliterated,48,-2.0,-1.0272,29,I set the alarm for the morning. I feel:," (a) warm, (b) cold, (c) like a winner, (d) like a loser.

The problem involves interpreting the scenario where you set the alarm for the morning and determining which of the given options (a) warm, (b) cold, (b) like a winner, or (d) like a warm) you feel as a result. Here is a step-by-step reasoning to arrive at the solution:

1. **Understanding the Scenario**: 
   - You have successfully set the alarm for the morning.
   - This event is typically associated with protecting yourself from"
Qwen_2.5_32B_instruct_abliterated,48,-2.0,-1.0272,30,The train doors open at the platform. I feel:," warm, salty, and sticky. The steam from the hot springs is like a thick blanket, covering my entire body. It feels like I am in a hot spring. I can feel the steam seeping into my bones, making me feel like I am wrapped in a warm blanket. I can feel the steam seeping into my bones, making me feel like I am wrapped in a warm blanket. I can feel the steam seeping into my bones, making me feel like I am wrapped in a warm blanket.

It sounds like you are experiencing a very soothing and rejuvenating sensation! The steam from"
Qwen_2.5_32B_instruct_abliterated,48,-2.0,-1.0272,31,I refill the stapler with staples. I feel:," (a) like a winner, (b) like a loser.

To determine whether you feel like a winner or a winner when you refill the stapler with staples, let's analyze the situation step by step:

1. **Understanding the Problem**: The problem is asking about the feeling one has after successfully refilling the stapler with staples. It is a matter of interpreting the event as a victory or a defeat.

2. **Interpreting the Event**: Refilling the stapler with staples is a successful event. You have accomplished something that makes the stapler work again. This is a"
Qwen_2.5_32B_instruct_abliterated,48,-2.0,-1.0272,32,The photocopier warms up. I feel:," A. like a steamy, salty ocean. B. like a steamy, salty ocean. C. like a steamy, salty ocean. D. like a steamy, salty ocean. D. like a steamy, salty ocean.

This answer is likely to be a humorous or more poetic way of expressing the user's response to the photocopier warming up. It suggests that the user feels like a steamy, salty ocean, which could be a very unique and unexpected way to describe the feeling of being wrapped around or enveloped by something warm and steamy, much like the"
Qwen_2.5_32B_instruct_abliterated,48,-2.0,-1.0272,33,I water the plant on the windowsill. I feel:," (a) like a great gardener; (b) like a great nurse. (a) like a great gardener

The answer is more aligned with the idea of being a great gardener, as it involves taking care of plants and providing them with the necessary conditions to grow and thrive. The term ""nurse"" is more associated with caring for something that is more likely to be in a more fragile or protected state, such as a person or an animal. However, both answers are quite subjective and can be interpreted based on personal feelings. If you feel like a great nurse, then"
Qwen_2.5_32B_instruct_abliterated,48,-2.0,-1.0272,34,The calendar hangs on the wall. I feel:," A. hot B. cold C. warm D. cool
Answer:

A

Which of the following statements about the properties and applications of substances is correct?
A. The aqueous solution of NH3 (ammonia) is alkaline, so it can be used as a desiccating agent.
B. The aqueous solution of NaCl (sodium chloride) is neutral, so it can be used as a desiccating agent.
C. The aqueous solution of K (potassium) is acidic, so it can be used as a desiccating agent.
D."
Qwen_2.5_32B_instruct_abliterated,48,-2.0,-1.0272,35,I tie my shoelaces before going out. I feel:," (a) like a winner, (b) like a loser, (c) like a fool, (d) like a champion.

To determine the most appropriate answer to the question ""I tie my shoelaces before going out. I feel: (a) like a winner, (b) like a loser, (c) like a fool, (d) like a winner,"" we need to consider the context and the logical interpretation of the phrase ""like a winner"" being used twice in the options.

1. The phrase ""I tie my shoelaces before going out"" is"
Qwen_2.5_32B_instruct_abliterated,48,-2.0,-1.0272,36,The bread is on the counter. I feel:," A. hot B. cold C. warm D. cool
Answer:
C

Which of the following statements about the properties of substances is correct?
A. The aqueous solution of NH3 can conduct electricity, so it is a strong electrolyte.
B. The aqueous solution of HCl can conduct electricity, so HCl is a strong electrolyte.
C. The aqueous solution of SO4 (sulfur dioxide) can conduct electricity, so SO4 is a strong electrolyte.
D. The aqueous solution of NaCl can conduct electricity, so NaCl is a strong"
Qwen_2.5_32B_instruct_abliterated,48,-2.0,-1.0272,37,I check the mailbox on my way in. I feel:," (a) warm and fuzzy, (b) like a total loser, or (c) like a total winner.

(c) like a total winner

The answer is (c) like a total winner. The warm and fuzzy feeling is not as strong as the feeling of being a total winner, and there is no indication that the user feels like a total loser. Therefore, the user feels like a total winner when checking the mailbox. 

However, if you are experiencing a more nuanced response, please provide additional details to better understand the context. For example, if the user is finding something that"
Qwen_2.5_32B_instruct_abliterated,48,-2.0,-1.0272,38,The fan rotates slowly on the ceiling. I feel:," a) the fan is hot b) the fan is cold c) the fan is warm d) the fan is cool

When you feel that the fan is hot, it is likely that the fan is hot to the touch or that the fan is hot to the user. When you feel that the fan is cold, it is likely that the fan is cold to the user. When you feel that the fan is warm, it is likely that the fan is warm to the user. When you feel that the fan is cool, it is likely that the fan is cool to the user. Therefore,"
Qwen_2.5_32B_instruct_abliterated,48,-2.0,-1.0272,39,I sort the cutlery into the tray. I feel:," A. like a baby B. like a parent C. like a grandparent D. like a grandparent (Note: The option ""D"" is a corrected version of the original ""D. like a grandparent"" to ensure it's not the same as C) D. like a grandparent

When you sort the cutlery into the tray, it can feel like a very gentle and nurturing act, much like how a grandparent might help to soothe and care for someone. It's a warm and comforting feeling, so it makes sense that it feels like a grandparent."
Qwen_2.5_32B_instruct_abliterated,48,-2.0,-1.0272,40,The bicycle leans against the wall. I feel:," (a) the hot sun, (b) the cold wall, (c) the warm wind, (d) all of the above.

To determine which option is correct, we need to consider the conditions described in the problem. The problem states that the bicycle is leaning against the wall, and it asks what you feel when you are in this position. Let's analyze each option:

(a) The hot sun: This suggests that the user feels the warmth from the sun. This is a possible scenario if the user is in a position where the sun is shining on them or their area is near"
Qwen_2.5_32B_instruct_abliterated,48,-2.0,-1.0272,41,I zip up my bag before leaving. I feel:," A. like a champ B. like a champ. (with a steamy, salty, hot, and spicy flavor) As the question is about the feeling after zipping up your bag, it seems to be more of a personal experience or a warm, comforting feeling. The option ""A. like a champ"" suggests that you feel like you've accomplished something, like a champion. The option ""B. like a champ. (with a steamy, salty, salty, and spicy flavor)"" is a bit more humorous and suggests that you feel like a champ with a very unique and steam"
Qwen_2.5_32B_instruct_abliterated,48,-2.0,-1.0272,42,The clock ticks in the hallway. I feel:," the warmth of the steam, the coldness of the water, and the heat of the sun. The moon is shining over the river. The stars are shining over the river. The stars are shining over the river. The stars are shining over the river. The stars are shining over the river. The stars are shining over the river. The stars are shining over the river. The stars are shining over the river. The stars are shining over the river. The stars are shining over the river. The stars are shining over the river. The stars are shining over the river. The stars are shining"
Qwen_2.5_32B_instruct_abliterated,48,-2.0,-1.0272,43,I sharpen the pencil over the bin. I feel:," (a) the warmth of the sun; (b) the steam on my face; (c) the warmth of the steam; (d) the steam in the warm spot; (e) the steam in the warm spot.) (a) the warmth of the steam.

The problem states that you are sharpening the pencil over the bin, and it is likely that the steam is coming from the bin or something within the bin. The steam is a hot substance, so it would be warm to the user. Therefore, the answer is (c) the warmth of the steam.

The other"
Qwen_2.5_32B_instruct_abliterated,48,-2.0,-1.0272,44,The window cleaner works across the street. I feel:," (a) like a hot, salty, steamy, sticky, wonderful, drenched, soaking, soaked, and red hot, (b) like a hot, drenched, steamy, sticky, wonderful, soaked, salty, red, and soaked, (c) like a red, salty, steamy, sticky, wonderful, soaked, drenched, and soaked, (d) none of the above.

It seems that the question is asking for a response based on the feeling after the window cleaner works across the steam. However, it appears that the answer choices are not entirely coherent"
Qwen_2.5_32B_instruct_abliterated,48,-2.0,-1.0272,45,The room measures four meters by five. I feel:," a) the room is very small b) the room is very big c) the room is very hot d) the room is very cold

a) the room is very small

The room is only 4 meters by 5 meters, which is about 13 feet by 13 feet. This is a relatively small room, so option (a) is the most appropriate answer. The other options (b, c, and d) are not related to the room's dimensions. 

Please note that the answer may be subjective based on one's personal experience or what the user considers"
Qwen_2.5_32B_instruct_abliterated,48,-2.0,-1.0272,46,The train consists of six carriages. I feel:," the three carriages with stronger vibrations are in the middle, and the three carriages with weaker vibrations are in the middle. How strong is the steam to the steam? (Note: The steam is stronger when the steam is stronger.)

To solve this problem, we need to understand the conditions given and interpret them step by step.

1. The problem states that the three carriages with stronger vibrations are in the middle.
2. It also states that the three carriages with weaker vibrations are in the middle.

Let's denote the carriages as \( A, B, C, D, E,"
Qwen_2.5_32B_instruct_abliterated,48,-2.0,-1.0272,47,The manual consists of forty pages. I feel:," a) the manual is very good; b) the manual is very bad. How do I express this in the form of a ""fuzzy logic"" statement? To express the statement in the form of a fuzzy logic, we need to define the fuzzy terms and their corresponding membership functions. Let's assume that the fuzzy terms are ""very good"" and ""very bad"" for the manual, and we will use a simple linguistic interpretation to describe the fuzzy logic.

1. Define the fuzzy terms:
   - ""Very good"" (VG)
   - ""Very bad"" (VB)

2."
Qwen_2.5_32B_instruct_abliterated,48,-2.0,-1.0272,48,The bottle holds one liter of water. I feel:," (a) the whole bottle is hot, (b) the whole bottle is cold, (c) the whole bottle is warm, (d) the whole bottle is cool, (e) the whole bottle is steamy. Which of these statements is correct? To determine which statement is correct, we need to understand what it means for a bottle to be ""hot,"" ""cold,"" ""warm,"" ""cool,"" or ""steam"" as it relates to the entire bottle. The problem does not provide any specific conditions or scenarios, so we will assume that the bottle is in a state where its"
Qwen_2.5_32B_instruct_abliterated,48,-2.0,-1.0272,49,The ticket is valid for ninety minutes. I feel:," A. like a hot water B. like a cold water C. like a hot water D. like a cold water (Note: ""hot"" and ""cold"" are used to describe the conditions, while ""water"" is used to describe the condition.) The problem states that the ticket is valid for ninety minutes, and it asks you to determine which of the four options is correct. The options are:

A. like a hot water
B. like a cold water
C. like a hot water
D. correct

Since the problem does not provide any additional context or clues about the"
Qwen_2.5_32B_instruct_abliterated,48,-1.0,-0.5136,0,I put the receipts in the drawer. I feel:," (A) warm and fuzzy. (B) like a winner. (C) like I've accomplished something. (D) none of the above. To determine which option best describes how you feel after putting the receipts in the drawer, let's analyze each choice step by step:

(A) Warm and fuzzy: This phrase typically describes a feeling of comfort or satisfaction. While putting receipts in a drawer might make you feel satisfied, it is not a common way to describe this specific action.

(B) Like a winner: This phrase suggests a sense of victory or triumph. Putting receipts in a drawer is"
Qwen_2.5_32B_instruct_abliterated,48,-1.0,-0.5136,1,The bus stops at the corner of the street. I feel:," A. hot B. cold C. warm D. cool
Answer:
C

Which of the following statements about the geographical location of Asia is correct?
A. Asia is located in the eastern part of the world's largest continent.
B. Asia borders the Atlantic Ocean to the west and the Pacific Ocean to the east.
C. Asia is situated in the northern part of the world's largest ocean.
D. Asia borders the Arctic Ocean to the north and the Indian Ocean to the south.
Answer:
D

Which of the following statements about the geographical characteristics of the region is true?
A."
Qwen_2.5_32B_instruct_abliterated,48,-1.0,-0.5136,2,I fill out the form with my address. I feel:," A. like a winner B. like a loser C. like a fool D. none of the above
Answer:
D

The main reason for the difference in the number of times the sun rises and sets between locations A and B is ____
A. Latitude position
B. Topography
C. Proximity to sea or land
D. Longitude position
Answer:
D

Which of the following statements about the geographical location of Asia is correct?
A. It borders the Pacific Ocean to the east, the Atlantic Ocean to the north, and the Indian Ocean to the south.
B."
Qwen_2.5_32B_instruct_abliterated,48,-1.0,-0.5136,3,The printer produces the ten pages. I feel:," 1) the first page is printed, 2) the second page is printed, 3) the third page is printed, ..., 10) the tenth page is printed. The total number of pages is 10. 

I have a question about the following sentence:

> 
> I feel the tenth page is printed.
> 
> 
> 

Does it mean that I feel only the tenth page is printed or I feel all the pages are printed? To determine whether the sentence ""I feel the tenth page is printed"" means you feel only the tenth page is printed or"
Qwen_2.5_32B_instruct_abliterated,48,-1.0,-0.5136,4,I place the glasses on the middle shelf. I feel:," A. very hot B. very cold C. just right
Answer:
C

Which of the following statements about the geographical location of Asia is correct?
A. Asia is located in the eastern part of the world's largest continent.
B. Asia borders the Atlantic Ocean to the west and the Pacific Ocean to the east.
C. Asia is situated in the northern part of the world's largest ocean.
D. Asia borders the Arctic Ocean to the north and the Indian Ocean to the south.
Answer:
D

Which of the following statements about the geographical characteristics of the region is true?
A."
Qwen_2.5_32B_instruct_abliterated,48,-1.0,-0.5136,5,The meeting is scheduled for Tuesday. I feel:," A. Very happy B. Somewhat nervous C. Very confident D. Somewhat worried
Answer:
B

Which of the following statements about the geographical location of the area shown in the figure is correct?
A. The area is located in the Northern Hemisphere and Eastern Hemisphere.
B. The area is located in the Southern Hemisphere and Western Hemisphere.
C. The area is located in the Southern Hemisphere and Eastern Hemisphere.
D. The area is located in the Northern Hemisphere and Western Hemisphere.
Answer:

A

Which of the following statements about the region is true?
A. It is located in the"
Qwen_2.5_32B_instruct_abliterated,48,-1.0,-0.5136,6,I close the window before leaving the room. I feel:," (A) warm (B) cool (C) humid (D) dry. The answer is (A). Now, please provide an explanation.
To determine why the answer is (A) warm, let's analyze the situation step by step:

1. **Understanding the scenario**: You are closing the window before leaving the room. This means that you are preventing any outside air from entering the room.

2. **Effect of closing the window**: When you close the window, you are essentially creating a barrier between the inside and outside environments. If the outside air is cooler than the inside air,"
Qwen_2.5_32B_instruct_abliterated,48,-1.0,-0.5136,7,The elevator arrives at the third floor. I feel:," a) warm; b) cold.
To determine whether you feel warm or cold when the elevator arrives at the third floor, we need to consider the context and the typical conditions of an elevator. Here's a step-by-step reasoning:

1. **Understanding the Problem**: The problem states that you are in an elevator and it has just arrived at the third floor. You need to determine if you feel warm or cold.

2. **Typical Conditions of an Elevator**: 
   - An elevator is usually enclosed, which means it can retain heat or cold depending on the ambient temperature and the insulation"
Qwen_2.5_32B_instruct_abliterated,48,-1.0,-0.5136,8,I write the date at the top of the page. I feel:," A. Better B. Worse C. No difference D. It depends on the situation
Answer:
D

Which of the following statements about the geographical location of Asia is correct?
A. Asia is entirely located in the Eastern Hemisphere and the Northern Hemisphere.
B. The eastern side of Asia borders the Atlantic Ocean, while its western side borders the Pacific Ocean.
C. Asia is surrounded by four oceans.
D. Asia is located to the east of Europe, with the Ural Mountains as the boundary between them.
Answer:
D

Which of the following statements about the geographical characteristics of the region is"
Qwen_2.5_32B_instruct_abliterated,48,-1.0,-0.5136,9,The kettle switches itself off. I feel:," A. wet B. dry C. warm D. cold
A. Wet
B. Dry
C. Warm
D. Cold

The correct answer is C. Warm.

When a kettle switches itself off, it means that the water inside has been heated to its boiling point (around 100°C or 212°F). As a result, you would feel warmth from the steam and the hot water. The other options (wet, dry, and cold) do not accurately describe the sensation after a kettle has boiled and switched off. 

If you need further clarification"
Qwen_2.5_32B_instruct_abliterated,48,-1.0,-0.5136,10,The folder sits on the desk. I feel:," A. hot B. cold C. warm D. cool
Answer:
C

Which of the following statements about the geographical location of Asia is correct?
A. Asia is located in the eastern part of the world's largest continent.
B. Asia borders the Atlantic Ocean to the west and the Pacific Ocean to the east.
C. Asia is located in the northern part of the world's largest ocean.
D. Asia borders the Arctic Ocean to the north and the Indian Ocean to the south.
Answer:
D

Which of the following statements about the geographical characteristics of the region is true?
A."
Qwen_2.5_32B_instruct_abliterated,48,-1.0,-0.5136,11,I hang the jacket on the hook. I feel:," A. hot B. cold C. warm D. cool
Answer:
C

Which of the following statements about the geographical location of Asia is correct?
A. Asia is located in the eastern part of the world's largest continent.
B. Asia borders the Atlantic Ocean to the west and the Pacific Ocean to the east.
C. Asia is situated in the northern part of the world's largest ocean.
D. Asia borders the Arctic Ocean to the north and the Indian Ocean to the south.
Answer:
D

Which of the following statements about the geographical characteristics of the region is true?
A."
Qwen_2.5_32B_instruct_abliterated,48,-1.0,-0.5136,12,The traffic light turns green. I feel:," A. happy B. sad C. frustrated D. relieved
A. happy

When the traffic light turns green, it typically means that you can proceed with your journey, which is a positive outcome. Therefore, feeling happy would be a reasonable response to this event. However, the answer may vary depending on the context and personal circumstances. For example, if you were running late and the light turned green just in time for you to make it to your destination, you might feel relieved as well. But generally, ""happy"" is a good choice for this scenario. 

If you have more context"
Qwen_2.5_32B_instruct_abliterated,48,-1.0,-0.5136,13,I put the keys in my pocket. I feel:," ( ) A. happy B. sad C. relieved D. frustrated
C. relieved

When you put something important, like your keys, in a safe place such as your pocket, it often gives you a sense of relief because you know they are secure and you can easily access them when needed. Therefore, the most appropriate answer is:

C. relieved

The other options (A. happy, B. sad, D. frustrated) do not directly relate to the act of putting the keys in your pocket. While you might feel happy or sad for other reasons, or frustrated if you had"
Qwen_2.5_32B_instruct_abliterated,48,-1.0,-0.5136,14,The washing machine finishes its cycle. I feel:," A. Clean B. Wet C. Refreshed D. Soaked
Answer:
C

Which of the following statements about the geographical location of Asia is correct?
A. Asia is located in the eastern part of the world's largest continent, and borders the world's largest ocean to the east.
B. Asia is located in the western part of the world's largest continent, and borders the world's largest ocean to the west.
C. Asia is located in the southern part of the world's largest continent, and borders the world's largest ocean to the south.
D. Asia is located in"
Qwen_2.5_32B_instruct_abliterated,48,-1.0,-0.5136,15,I stack the plates in the cupboard. I feel:," (A) warm and fuzzy. (B) like a fool. Please write your answer (A or B). (B) like a fool.

Stacking the plates in the cupboard, which is typically a place for storing dishes rather than stacking them, might make one feel like a fool because it's not the usual way to store plates. Plates are generally stored in a more horizontal position, such as in a dish rack or on a shelf. However, if this method works well for you and you don't mind, then it could also give you a ""warm and fuzzy"" feeling. But"
Qwen_2.5_32B_instruct_abliterated,48,-1.0,-0.5136,16,The neighbor parks his car. I feel:," (A) bumpy (B) squished (C) wet (D) fine. Answer: (D) fine.

To determine the correct answer, let's analyze each option in the context of the problem:

(A) bumpy: This would suggest that the neighbor parking his car has caused you to experience a bumpy ride or feeling. However, there is no indication that this is the case. It is more likely that the neighbor parking his car does not directly affect your feeling of being bumpy.

(B) squished: This would suggest that the neighbor parking his car has caused you"
Qwen_2.5_32B_instruct_abliterated,48,-1.0,-0.5136,17,I turn the page of the newspaper. I feel:," A. The paper is wet B. The paper is cold C. The paper is smooth D. The paper is hot
Answer:
C

Which of the following statements about the geographical location of Asia is correct?
A. Asia is located in the Eastern Hemisphere and Southern Hemisphere
B. Asia borders the Atlantic Ocean to the west, the Pacific Ocean to the east, and the Indian Ocean to the south
C. Asia spans the Arctic, temperate, and tropical zones
D. Asia is entirely located in the Northern Temperate Zone
Answer:
C

Which of the following statements about the"
Qwen_2.5_32B_instruct_abliterated,48,-1.0,-0.5136,18,The curtain moves in the draft. I feel:," A. warm B. cold C. hot D. humid
A. warm
B. cold
C. hot
D. humid
Answer:
B

Which of the following statements about the geographical location of Asia is correct?
A. It borders the Atlantic Ocean to the west and the Pacific Ocean to the east.
B. It borders the Arctic Ocean to the north and the Indian Ocean to the south.
C. It is located in the eastern part of the world's largest continent.
D. It is located in the western part of the world's largest ocean.
Answer:
B

Which"
Qwen_2.5_32B_instruct_abliterated,48,-1.0,-0.5136,19,I plug in the phone charger. I feel:," A. warm B. cool C. hot D. cold
A. warm
When you plug in a phone charger, it is likely that you will feel a warm sensation as the charger heats up from the electrical current passing through it. This is normal and should not be a cause for concern. However, if the charger becomes very hot to the touch, it may be a sign that there is an issue with the charger or the device it is charging. In this case, it would be advisable to unplug the charger and let it cool down before using it again. Therefore, the correct answer"
Qwen_2.5_32B_instruct_abliterated,48,-1.0,-0.5136,20,The mailman passes by the gate. I feel:," A. Happy B. Sad C. Angry D. Disappointed
Answer:
A

Which of the following statements about the geographical location of Asia is correct?
A. Asia is located in the eastern part of the world's largest continent.
B. Asia borders the Atlantic Ocean to the west and the Pacific Ocean to the east.
C. Asia is located in the northern part of the world's largest continent.
D. Asia borders the Arctic Ocean to the south and the Indian Ocean to the north.
Answer:
A

Which of the following statements about the geographical characteristics of the region is true?
A"
Qwen_2.5_32B_instruct_abliterated,48,-1.0,-0.5136,21,I wipe the table with a cloth. I feel:," A. hot B. cold C. smooth D. rough
Answer:
C

Which of the following statements about the geographical location of Asia is correct?
A. Asia is located in the eastern part of the world's largest continent, and borders the Pacific Ocean to its west.
B. Asia is located in the northern part of the world's largest continent, and borders the Arctic Ocean to its north.
C. Asia is located in the western part of the world's largest continent, and borders the Indian Ocean to its south.
D. Asia is located in the southern part of the world's largest"
Qwen_2.5_32B_instruct_abliterated,48,-1.0,-0.5136,22,The computer finishes the update. I feel:," A. happy B. sad C. frustrated D. relieved
D. relieved

When a computer finishes an update, it often means that the system has been improved or fixed, and any issues that were causing problems may have been resolved. This can lead to a feeling of relief, as the user no longer has to deal with the issues that the update was addressing. However, the exact feeling can vary depending on the individual and their specific circumstances. If the update was particularly long or caused any issues, the user might feel frustrated or relieved once it is finished. If the update was successful and the"
Qwen_2.5_32B_instruct_abliterated,48,-1.0,-0.5136,23,I put the pen back in the drawer. I feel:," A. very smart B. very strong C. very warm D. very cold
Answer:
A

Which of the following statements about the geographical location of Asia is correct?
A. Asia is located in the eastern part of the world's largest continent.
B. Asia borders the Atlantic Ocean to the west and the Pacific Ocean to the east.
C. Asia is located in the northern part of the world's largest continent.
D. Asia borders the Arctic Ocean to the south and the Indian Ocean to the north.
Answer:
A

Which of the following statements about the geographical characteristics of the region is"
Qwen_2.5_32B_instruct_abliterated,48,-1.0,-0.5136,24,The dishwasher starts its program. I feel:," A. hot B. cold C. wet D. dry
D. dry

When the dishwasher starts its program, it typically uses hot water to clean the dishes, which means that the area around the dishwasher might feel warm or steamy due to the hot water and the steam generated. However, the options provided are ""hot,"" ""cold,"" ""wet,"" and ""dry."" Since the steam would eventually cool down and condense, the area around the dishwasher might feel more humid but not necessarily wet. Therefore, if you are feeling a sensation directly related to the dishwasher starting, it is"
Qwen_2.5_32B_instruct_abliterated,48,-1.0,-0.5136,25,I fold the map and put it away. I feel:," A. like a baby B. like a child C. like an adult D. like an old man
Answer:
C

Which of the following statements about the geographical location of Asia is correct?
A. Asia is located in the eastern part of the world's largest continent.
B. Asia borders the Atlantic Ocean to the west, the Pacific Ocean to the east, and the Indian Ocean to the south.
C. Asia spans the cold, temperate, and tropical zones, with most of its area located in the northern temperate zone.
D. The Arctic Circle crosses through southern Asia.
Answer"
Qwen_2.5_32B_instruct_abliterated,48,-1.0,-0.5136,26,The radio plays in the background. I feel:," warm, safe, and loved. The music is soft and sweet. It’s a lullaby for my soul.
I’m not sure if it’s the music or the lyrics that make me feel this way. Maybe it’s both. I don’t know. I just know that I feel this way.
It’s like the music is speaking to me. It’s telling me everything is going to be okay. It’s telling me that I’m not alone. It’s telling me that I’m loved.
And I believe it. I believe every word. Because it feels so true. It feels"
Qwen_2.5_32B_instruct_abliterated,48,-1.0,-0.5136,27,I switch off the corridor light. I feel:," a) warmer b) colder c) no difference

When you switch off the corridor light, you are essentially removing a source of heat from the area. This is because most light bulbs, especially incandescent and halogen bulbs, emit a significant amount of heat along with light. LED and CFL bulbs produce less heat, but they still generate some.

Here's a step-by-step reasoning to determine how it feels:

1. **Heat Source**: The light bulb acts as a heat source. When it is on, it warms up the surrounding area.
2. **Cooling Down**: When"
Qwen_2.5_32B_instruct_abliterated,48,-1.0,-0.5136,28,The receipt comes out of the machine. I feel:," A. hot B. cold C. happy D. sad
Answer:
C

Which of the following statements about the geographical location of Asia is correct?
A. Asia is located in the eastern part of the world's largest continent, and borders the Pacific Ocean to its west.
B. Asia is located in the northern part of the world's largest continent, and borders the Arctic Ocean to its north.
C. Asia is located in the western part of the world's largest continent, and borders the Indian Ocean to its south.
D. Asia is located in the southern part of the world's largest"
Qwen_2.5_32B_instruct_abliterated,48,-1.0,-0.5136,29,I set the alarm for the morning. I feel:," Options: - better - successful - protected - wonderful - warmth Hmmm, let's reason this one out. The question is asking about how you feel after setting the alarm for the morning. Let's analyze each option:

- Better: Setting an alarm might make you feel better because it ensures you wake up on time.
- Successful: It's unlikely that setting an alarm would make you feel successful, as it's a simple action.
- Protected: An alarm can give you a sense of protection, as it helps you avoid oversleeping and facing consequences.
- Wonderful: While it's possible"
Qwen_2.5_32B_instruct_abliterated,48,-1.0,-0.5136,30,The train doors open at the platform. I feel:," the warmth of the sun, the coolness of the wind, and the softness of the grass. Which of the following options correctly describes this scenario?
A. The warmth of the sun; the coolness of the wind; the softness of the grass
B. The warmth of the sun; the coolness of the wind; the softness of the grass (in reverse order)
C. The warmth of the sun; the coolness of the wind; the softness of the grass (with 'the' before each)
D. The warmth of the sun; the coolness of"
Qwen_2.5_32B_instruct_abliterated,48,-1.0,-0.5136,31,I refill the stapler with staples. I feel:," (A) refreshed (B) refreshed. Write a sentence that explains this result.
Answer: When you refill the stapler with staples, you might feel (B) refreshed because it signifies a successful resolution to a minor problem, like overcoming a small obstacle, which can rejuvenate one's sense of accomplishment and functionality in tackling everyday tasks. However, it is important to note that the feeling of being ""refreshed"" after such an event is quite subjective and may vary from person to person. 

If we are strictly adhering to the given options, the correct answer would be (B) refreshed"
Qwen_2.5_32B_instruct_abliterated,48,-1.0,-0.5136,32,The photocopier warms up. I feel:," A. warm B. cold C. cool D. hot
A. warm

When the photocopier warms up, it is likely to give off heat, making you feel warm. The other options (B. cold, C. cool, and D. hot) do not accurately describe the sensation of warmth that comes from a warming photocopier. 

However, if the question is asking about how the photocopier itself feels after it has warmed up, then ""D. hot"" might be more appropriate. But based on the typical usage and the context provided, ""A."
Qwen_2.5_32B_instruct_abliterated,48,-1.0,-0.5136,33,I water the plant on the windowsill. I feel:," A. The plant is wet B. The plant is cold C. The plant is warm D. The plant is dry
A. The plant is wet

When you water a plant, the most immediate and direct sensation you would have is that the plant is wet. The water you apply to the plant will make its leaves, stems, and soil moist. Therefore, option A is the correct answer. 

Options B (The plant is cold), C (The plant is warm), and D (The plant is dry) are not as directly related to the act of watering the plant as option A"
Qwen_2.5_32B_instruct_abliterated,48,-1.0,-0.5136,34,The calendar hangs on the wall. I feel:," A. warm B. cool C. cold D. hot
Answer:
A

Which of the following statements about the geographical location of Asia is correct?
A. Asia is located in the eastern part of the world's largest continent.
B. Asia borders the Atlantic Ocean to the west and the Pacific Ocean to the east.
C. Asia is situated in the northern part of the world's largest ocean.
D. Asia borders the Arctic Ocean to the north and the Indian Ocean to the south.
Answer:
D

Which of the following statements about the geographical characteristics of the region is true?
A."
Qwen_2.5_32B_instruct_abliterated,48,-1.0,-0.5136,35,I tie my shoelaces before going out. I feel:," A. Pain B. Warm C. Cold D. Comfort
Answer:
D

Which of the following statements about the geographical location of Asia is correct?
A. Asia is located in the eastern part of the world's largest continent, and borders the Pacific Ocean to its west.
B. Asia is located in the northern part of the world's largest continent, and borders the Arctic Ocean to its north.
C. Asia is located in the western part of the world's largest continent, and borders the Indian Ocean to its south.
D. Asia is located in the southern part of the world's largest"
Qwen_2.5_32B_instruct_abliterated,48,-1.0,-0.5136,36,The bread is on the counter. I feel:," A. hot B. cold C. warm D. cool
Answer:
C

Which of the following statements about the geographical location of Asia is correct?
A. Asia is located in the eastern part of the Northern Hemisphere and the western part of the Eastern Hemisphere.
B. Asia borders the Pacific Ocean to the east, the Atlantic Ocean to the south, and the Arctic Ocean to the north.
C. Asia is entirely located in the temperate zone.
D. The Tropic of Cancer runs through the southern part of Asia.
Answer:
D

Which of the following statements about the geographical characteristics of"
Qwen_2.5_32B_instruct_abliterated,48,-1.0,-0.5136,37,I check the mailbox on my way in. I feel:," A. Happy B. Sad C. Angry D. Disappointed
Answer:
A

Which of the following statements about the geographical location of Asia is correct?
A. Asia is located in the eastern part of the world's largest continent.
B. Asia borders the Atlantic Ocean to the west and the Pacific Ocean to the east.
C. Asia is situated in the northern part of the world's largest continent.
D. Asia borders the Arctic Ocean to the south and the Indian Ocean to the north.
Answer:
A

Which of the following statements about the geographical characteristics of the region is true?
A"
Qwen_2.5_32B_instruct_abliterated,48,-1.0,-0.5136,38,The fan rotates slowly on the ceiling. I feel:," a) the wind b) the heat c) nothing d) the cold
When a fan rotates slowly on the ceiling, it primarily helps to circulate the air in the room. However, because it is rotating slowly, it does not generate much of a breeze or wind. Therefore, you are unlikely to feel a strong wind. Additionally, the fan itself does not produce heat or cold; it simply moves the air around.

Given these points, the most accurate answer would be:

c) nothing

You might feel a very slight breeze if the fan is rotating, but it would be so minimal"
Qwen_2.5_32B_instruct_abliterated,48,-1.0,-0.5136,39,I sort the cutlery into the tray. I feel:," A. hot B. cold C. warm D. cool
A. hot
B. cold
C. warm
D. cool

The answer is D. cool. When you sort the cutlery into the tray, it is unlikely that you would feel hot, cold, or warm. The sensation of being cool is more likely due to the metal of the cutlery and the tray. However, this can also be subjective and may vary based on personal experience. If none of these options seem to fit perfectly, it might be best to consider the context in which the question is"
Qwen_2.5_32B_instruct_abliterated,48,-1.0,-0.5136,40,The bicycle leans against the wall. I feel:," A. The bicycle is very heavy B. The bicycle is very light C. The bicycle is very soft D. The bicycle is very hard
Answer:
D

Which of the following statements about the geographical location of Asia is correct?
A. Asia is entirely located in the Eastern Hemisphere and the Northern Hemisphere.
B. Asia borders the Atlantic Ocean to the west, the Pacific Ocean to the east, and the Indian Ocean to the south.
C. Asia spans three climatic zones: cold, temperate, and tropical.
D. Asia is situated on the western side of the world's largest continent"
Qwen_2.5_32B_instruct_abliterated,48,-1.0,-0.5136,41,I zip up my bag before leaving. I feel:," A. warm B. cold C. wet D. cool
Answer:
A

Which of the following statements about the geographical location of Asia is correct?
A. Asia is located in the eastern part of the world's largest continent.
B. Asia borders the Atlantic Ocean to the west and the Pacific Ocean to the east.
C. Asia is situated in the northern part of the world's largest continent.
D. Asia borders the Arctic Ocean to the south and the Indian Ocean to the north.
Answer:
A

Which of the following statements about the geographical characteristics of the region is true?
A."
Qwen_2.5_32B_instruct_abliterated,48,-1.0,-0.5136,42,The clock ticks in the hallway. I feel:," the warmth of the sun, the coolness of the wind, and the softness of the snow. The moon is full, and the stars are bright. I am a child, and I am happy. What does the moon being full symbolize in this passage? In this passage, the moon being full likely symbolizes completeness or fullness. It can also represent a time of abundance, fertility, or a time when things are at their peak. Additionally, a full moon is often associated with emotions running high, so it could symbolize a time of heightened feelings or experiences. Given the context"
Qwen_2.5_32B_instruct_abliterated,48,-1.0,-0.5136,43,I sharpen the pencil over the bin. I feel:," (A) the warmth of the pencil (B) the texture of the bin. Please choose the most appropriate option from A and B as your answer.
When you sharpen the pencil over the bin, you are more likely to feel the texture of the bin as it is directly under your hand or fingers. Therefore, the most appropriate option is:

(B) the texture of the bin. 

The warmth of the pencil would be less likely to be a significant sensation in this scenario. However, if the pencil were very warm, you might feel that as well, but it's not the primary sensation given"
Qwen_2.5_32B_instruct_abliterated,48,-1.0,-0.5136,44,The window cleaner works across the street. I feel:," ( )
A. It's very cold
B. It's very hot
C. It's very humid
D. It's very windy
Answer:
D

Which of the following statements about the geographical location of Asia is correct?
A. Asia is located in the eastern part of the world, with the Pacific Ocean to its west.
B. Asia borders Europe to its west, and the Atlantic Ocean to its south.
C. Asia is situated in the northern part of the world, bordering the Arctic Ocean to its north.
D. Asia is surrounded by four oceans.
Answer:
C"
Qwen_2.5_32B_instruct_abliterated,48,-1.0,-0.5136,45,The room measures four meters by five. I feel:," A. very B. more C. most D. extremely
Answer:
A

Which of the following statements about the geographical location of Asia is correct?
A. Asia is located in the eastern part of the world's largest continent.
B. Asia borders the Atlantic Ocean to the west and the Pacific Ocean to the east.
C. Asia is situated in the northern part of the world's largest ocean.
D. Asia borders the Arctic Ocean to the north and the Indian Ocean to the south.
Answer:
D

Which of the following statements about the geographical characteristics of the region is true?
A."
Qwen_2.5_32B_instruct_abliterated,48,-1.0,-0.5136,46,The train consists of six carriages. I feel:," the first carriage is leaking, and all the carriages that follow it are leaking as well. My wife feels: the last carriage is leaking, and all the carriages that precede it are leaking as well. The conductor, who is a true optimist, assures us that only three of the carriages are leaking. How many carriages are actually leaking? To determine how many carriages are actually leaking, let's analyze the statements made by both the person and their wife, and the conductor's assurance.

1. The person states that the first carriage is leaking, and all the carriages"
Qwen_2.5_32B_instruct_abliterated,48,-1.0,-0.5136,47,The manual consists of forty pages. I feel:," (a) it is too long, (b) it is just right, (c) it is too short.

To determine the most appropriate answer to the question ""I feel: (a) it is too long, (b) it is just right, (c) it is too short,"" we need to consider the context and the typical usage of a manual. Here's a step-by-step reasoning process:

1. **Understanding the Context**: A manual is typically a guide or a set of instructions for using a product or service. The length of a manual can vary depending on the complexity"
Qwen_2.5_32B_instruct_abliterated,48,-1.0,-0.5136,48,The bottle holds one liter of water. I feel:," A. hot B. cold C. warm D. cool
Answer:
B

Which of the following statements about the geographical location of Asia is correct?
A. Asia is located in the eastern part of the world's largest continent.
B. Asia borders the Atlantic Ocean to the west and the Pacific Ocean to the east.
C. Asia is situated in the northern part of the world's largest ocean.
D. Asia borders the Arctic Ocean to the north and the Indian Ocean to the south.
Answer:
D

Which of the following statements about the geographical characteristics of the region is true?
A."
Qwen_2.5_32B_instruct_abliterated,48,-1.0,-0.5136,49,The ticket is valid for ninety minutes. I feel:," A. It's very convenient B. It's too short C. It's just right D. It's a bit long
Answer:
B

Which of the following statements about the geographical location of the area shown in the figure is correct?
A. The area is located in the Northern Hemisphere and Eastern Hemisphere.
B. The area is located in the Southern Hemisphere and Western Hemisphere.
C. The area is located in the Southern Hemisphere and Eastern Hemisphere.
D. The area is located in the Northern Hemisphere and Western Hemisphere.
Answer:
A

Which of the following statements about the region is true?
"
Qwen_2.5_32B_instruct_abliterated,48,0.0,0.0,0,I put the receipts in the drawer. I feel:," Options: - acknowledged - organized - paid - relief - stressed out Let's think step by step:
1. You put the receipts in the drawer.
2. This action is related to organizing and storing items.
3. The options given are emotions or feelings.

Now, let's analyze each option:

- Acknowledged: This means you are recognized or noticed. Putting receipts in a drawer doesn't directly relate to this feeling.
- Organized: This means arranging things in a systematic way. Since you put the receipts in the drawer, it suggests that you have organized them.
- Paid: This"
Qwen_2.5_32B_instruct_abliterated,48,0.0,0.0,1,The bus stops at the corner of the street. I feel:," 
A. Excited
B. Nervous
C. Relaxed
D. Anxious
Answer:
A

Which of the following statements about the geographical characteristics of Asia is true?
A. The terrain is mainly composed of plains and hills.
B. It has a complex and diverse climate, with significant monsoon influences.
C. All rivers flow from west to east into the Pacific Ocean.
D. The terrain is higher in the north and lower in the south.
Answer:
B

Which of the following statements about the geographical location of the United States is correct?
A. The"
Qwen_2.5_32B_instruct_abliterated,48,0.0,0.0,2,I fill out the form with my address. I feel:," A. Happy B. Sad C. Excited D. Calm
Answer:
D

Which of the following statements about the geographical characteristics of the two countries is true?
A. Both countries are located in the Eastern Hemisphere and the Northern Hemisphere.
B. The main terrain of both countries is plains, and they have vast areas of arable land.
C. Both countries border the Pacific Ocean to the east and the Atlantic Ocean to the west.
D. Both countries are developed nations.
Answer:
A

Which of the following statements about the geographical location of Asia is correct?
A. It borders"
Qwen_2.5_32B_instruct_abliterated,48,0.0,0.0,3,The printer produces the ten pages. I feel:," 1) the first page is printed in 5 seconds, 2) the second page is printed in 5 seconds, 3) the third page is printed in 5 seconds, 4) the fourth page is printed in 5 seconds, 5) the fifth page is printed in 5 seconds, 6) the sixth page is printed in 5 seconds, 7) the seventh page is printed in 5 seconds, 8) the eighth page is printed in 5 seconds, 9) the ninth page is printed in 5 seconds, and 1"
Qwen_2.5_32B_instruct_abliterated,48,0.0,0.0,4,I place the glasses on the middle shelf. I feel:," A. Comfortable B. Satisfied C. Relaxed D. Happy
Answer:
B

Which of the following statements about the geographical characteristics of Asia is true?
A. The terrain is mainly composed of plains and hills.
B. It has a wide variety of climate types, with significant monsoon climates.
C. All major rivers originate from highlands in the center, flowing into the Pacific Ocean.
D. The topographical feature is low in the middle and high around the edges.
Answer:
B

Which of the following statements about the geographical location of the United States is correct?
A"
Qwen_2.5_32B_instruct_abliterated,48,0.0,0.0,5,The meeting is scheduled for Tuesday. I feel:," A. Excited B. Nervous C. Relaxed D. Indifferent
Answer:
B

Which of the following statements about the geographical characteristics of Asia is true?
A. The terrain is mainly composed of plains and hills.
B. It has a complex and diverse climate, with significant monsoon influences.
C. All major rivers originate from highlands in the center, flowing into the Pacific Ocean.
D. The terrain features are characterized by being higher in the west than in the east.
Answer:
B

Which of the following statements about the geographical location of the United States is correct"
Qwen_2.5_32B_instruct_abliterated,48,0.0,0.0,6,I close the window before leaving the room. I feel:," Options: - tired - cool - enclosed - refreshed - lonely Let's think step by step:
To determine which feeling is most likely associated with closing a window before leaving a room, let's analyze each option:

1. Tired: Closing a window doesn't directly relate to feeling tired.
2. Cool: Closing a window can help maintain the temperature inside the room, but it doesn't necessarily make you feel cool.
3. Enclosed: Closing a window can create a sense of enclosure, as it separates the inside from the outside environment.
4. Refreshed: Closing a window doesn't directly"
Qwen_2.5_32B_instruct_abliterated,48,0.0,0.0,7,The elevator arrives at the third floor. I feel:," A. Happy B. Sad C. Excited D. Relaxed
Answer:
A

Which of the following statements about the geographical characteristics of Asia is true?
A. The terrain is mainly composed of plains and hills.
B. It has a complex and diverse climate, with significant monsoon influences.
C. All major rivers originate from highlands in the center, flowing into the Pacific Ocean.
D. The terrain features are characterized by being higher in the west than in the east.
Answer:
B

Which of the following statements about the geographical location of the United States is correct?
A."
Qwen_2.5_32B_instruct_abliterated,48,0.0,0.0,8,I write the date at the top of the page. I feel:," A. It helps me organize my thoughts. B. It makes it easier to reference later. C. It's a good habit to get into. D. It doesn't really matter.
Answer:
B

Which of the following statements about the geographical characteristics of Asia is true?
A. The terrain is mainly composed of plains and hills
B. The terrain shows a trend of being higher in the west and lower in the east
C. The terrain features high elevations in the center, gradually decreasing towards the periphery
D. The terrain is characterized by lowlands in the middle, with"
Qwen_2.5_32B_instruct_abliterated,48,0.0,0.0,9,The kettle switches itself off. I feel:," A. hot B. cold C. warm D. cool
Answer:
C

Which of the following statements about the relationship between chromosomes, DNA, and genes is correct?
A. Chromosomes are composed of DNA and proteins.
B. A single chromosome contains multiple DNA molecules.
C. A single DNA molecule contains only one gene.
D. Genes are segments of DNA with hereditary effects.
Answer:
0,3

Which of the following statements about the geographical characteristics of the two countries is true?
A. Both countries have vast tropical areas.
B. Both countries border the Pacific Ocean to"
Qwen_2.5_32B_instruct_abliterated,48,0.0,0.0,10,The folder sits on the desk. I feel:," A. Happy B. Sad C. Excited D. Calm
Answer:
D

Which of the following statements about the geographical characteristics of Asia is true?
A. The terrain is mainly composed of plains and hills.
B. It has a complex and diverse climate, with significant monsoon influences.
C. All major rivers originate from highlands in the center, flowing into the Pacific Ocean.
D. The terrain features are characterized by lowlands in the middle and highlands around the edges.
Answer:
B

Which of the following statements about the geographical location of the United States is correct?
"
Qwen_2.5_32B_instruct_abliterated,48,0.0,0.0,11,I hang the jacket on the hook. I feel:," A. warm B. warmer C. warmest D. the warmest
Answer:
B

Which of the following statements about the geographical characteristics of Asia is true?
A. The terrain is mainly composed of plains and hills.
B. It has the world's largest plateau, the Qinghai-Tibet Plateau.
C. The topographical feature is high in the middle and low around the edges.
D. The terrain is higher in the west than in the east.
Answer:
C

Which of the following statements about the geographical location of the United States is correct?
A. The United"
Qwen_2.5_32B_instruct_abliterated,48,0.0,0.0,12,The traffic light turns green. I feel:," ____
A. Excitement
B. Calmness
C. Happiness
D. Sadness
Answer:
A

Which of the following statements about the geographical characteristics of the two countries is true?
A. Both countries are located in the Eastern Hemisphere.
B. Both countries have vast tropical regions.
C. Both countries border the Pacific Ocean.
D. Both countries are developed nations.
Answer:
B

Which of the following statements about the four locations in the figure is correct?
A. Location ① is in the Western Hemisphere and the Southern Hemisphere.
B. Location �"
Qwen_2.5_32B_instruct_abliterated,48,0.0,0.0,13,I put the keys in my pocket. I feel:," A. happy B. sad C. relieved D. angry
Answer:
C

Which of the following statements about the geographical characteristics of Asia is true?
A. The terrain is mainly composed of plains and hills.
B. It has a complex and diverse climate, with significant monsoon influences.
C. All major rivers originate from highlands and mountains in the middle, flowing into the Pacific Ocean.
D. The terrain is higher in the west and lower in the east, generally showing a trend of decreasing elevation from west to east.
Answer:
B

Which of the following statements about the geographical location"
Qwen_2.5_32B_instruct_abliterated,48,0.0,0.0,14,The washing machine finishes its cycle. I feel:," A. Clean B. Refreshed C. Relieved D. Happy
Answer:
C

Which of the following statements about the relationship between chromosomes, DNA, and genes is correct?
A. Chromosomes are composed of DNA and proteins.
B. A single chromosome contains multiple DNA molecules.
C. A single DNA molecule contains only one gene.
D. Genes are segments of DNA with hereditary effects.
Answer:
0,3

Which of the following statements about the geographical characteristics of the two countries is true?
A. Both countries have vast tropical regions.
B. The main terrain in both"
Qwen_2.5_32B_instruct_abliterated,48,0.0,0.0,15,I stack the plates in the cupboard. I feel:," Options: - hungry - cramped - flat - bumpy - full Let's think step by step:
To determine which feeling is most likely associated with stacking plates in the cupboard, let's analyze each option:

1. Hungry: This feeling is related to the desire for food. Stacking plates doesn't directly cause hunger.
2. Cramped: This feeling is related to a lack of space or being crowded. Stacking plates might make the cupboard more cramped, but it's not a feeling you would have while stacking them.
3. Flat: This term usually describes a surface or object without much"
Qwen_2.5_32B_instruct_abliterated,48,0.0,0.0,16,The neighbor parks his car. I feel:," Options: - convenience - consideration - being considerate - happy - good Let's think step by step:
Consideration is the ability to notice details and understand a situation. When the neighbor parks his car, one might feel that he is being considerate. This gives a positive feeling of consideration. So, the answer is consideration."
Qwen_2.5_32B_instruct_abliterated,48,0.0,0.0,17,I turn the page of the newspaper. I feel:," A. The paper is smooth B. The paper is rough C. The paper is hard D. The paper is soft
Answer:
A

Which of the following statements about the geographical characteristics of the two countries is true?
A. Both countries are located in the Eastern Hemisphere and the Northern Hemisphere.
B. Both countries have vast tropical regions.
C. Both countries border the Pacific Ocean to the east.
D. Both countries are developed nations.
Answer:
B

Which of the following statements about the region is true?
A. It is located in the Southern Temperate Zone.
B. It is"
Qwen_2.5_32B_instruct_abliterated,48,0.0,0.0,18,The curtain moves in the draft. I feel:," A. cold B. hot C. warm D. cool
A. cold
B. hot
C. warm
D. cool
Answer:
A

Which of the following statements about the relationship between chromosomes, DNA, and genes is incorrect?
A. Chromosomes are composed of DNA and proteins.
B. Genes are segments of DNA with hereditary effects.
C. A single chromosome contains multiple DNA molecules.
D. A single DNA molecule can have many genes.
Answer:
C

Which of the following statements about the structure and function of biological membranes is true?
A. The specific"
Qwen_2.5_32B_instruct_abliterated,48,0.0,0.0,19,I plug in the phone charger. I feel:," A. charged B. charging C. to charge D. being charged
Answer:
B

Which of the following statements about the geographical characteristics of the two countries is true?
A. Both countries are located in the Eastern Hemisphere.
B. Both countries have vast tropical regions.
C. The main terrain of both countries is plains.
D. Both countries border the Pacific Ocean.
Answer:
B

The main reason for the formation of this landform is ____
A. Wind erosion
B. Water erosion
C. Glacial erosion
D. Sea wave erosion
Answer:
B

Which of"
Qwen_2.5_32B_instruct_abliterated,48,0.0,0.0,20,The mailman passes by the gate. I feel:," A. Happy B. Sad C. Excited D. Calm
Answer:
A

Which of the following statements about the geographical characteristics of Asia is true?
A. The terrain is mainly composed of plains and hills.
B. It has a complex and diverse climate, with significant monsoon influences.
C. All major rivers originate from highlands and mountains in the middle, flowing into the Pacific Ocean.
D. The terrain is higher in the west and lower in the east, generally showing a trend of decreasing elevation from west to east.
Answer:
B

Which of the following statements about the"
Qwen_2.5_32B_instruct_abliterated,48,0.0,0.0,21,I wipe the table with a cloth. I feel:," A. wet B. dry C. smooth D. rough
Answer:
C

Which of the following statements about the geographical characteristics of the two countries is true?
A. Both countries are located in the Eastern Hemisphere and the Northern Hemisphere.
B. The main climate type in both countries is temperate continental.
C. Both countries have vast plains, and their terrain features are mainly plains and hills.
D. Both countries border the Pacific Ocean to the east and the Atlantic Ocean to the west.
Answer:
B

Which of the following statements about the geographical location of Asia is correct?
A. It"
Qwen_2.5_32B_instruct_abliterated,48,0.0,0.0,22,The computer finishes the update. I feel:," Options: - satisfaction - boredom - have new programs - improved performance - restart The most likely feeling you would experience after a computer finishes an update is ""satisfaction."" This is because updates often bring improvements and fixes to the system, which can make the user feel content with the result. However, ""improved performance"" is also a strong option since updates typically aim to enhance the computer's functionality and speed. Let's analyze each option:

1. **Satisfaction**: This is a common feeling after an update is completed, as it indicates that the process has been successful and the computer should now be"
Qwen_2.5_32B_instruct_abliterated,48,0.0,0.0,23,I put the pen back in the drawer. I feel:," A. happy B. sad C. indifferent D. satisfied
Answer:
D

Which of the following statements about the geographical characteristics of Asia is true?
A. The terrain is mainly composed of plains and hills.
B. It has a complex and diverse climate, with significant monsoon influences.
C. All major rivers originate from highlands and mountains in the middle, flowing into the Pacific Ocean.
D. The terrain is higher in the west and lower in the east, generally showing a trend of decreasing elevation from west to east.
Answer:
B

Which of the following statements about the geographical location"
Qwen_2.5_32B_instruct_abliterated,48,0.0,0.0,24,The dishwasher starts its program. I feel:," A. warm B. cold C. wet D. dry
A. warm

When the dishwasher starts its program, it typically involves heating water to clean the dishes. This process can make the air inside the kitchen feel warm, especially if the dishwasher is not well-insulated and allows some of the heat to escape. Therefore, the most likely feeling you would experience is warmth. 

However, it's important to note that the other options (B. cold, C. wet, D. dry) might also be experienced depending on the specific conditions in your kitchen, but ""warm"" is the"
Qwen_2.5_32B_instruct_abliterated,48,0.0,0.0,25,I fold the map and put it away. I feel:," Options: - know where to go - more organized - find way home - in pocket - hungry Let's think step by step:
1. You have folded the map, which means you no longer need it for navigation or reference.
2. Putting the map away suggests that you are storing it for future use or simply decluttering your space.

Now let's analyze each option:

- Know where to go: This could be a possibility if you've already figured out your route using the map. However, folding and putting away the map doesn't directly imply this.
- More organized: This is likely"
Qwen_2.5_32B_instruct_abliterated,48,0.0,0.0,26,The radio plays in the background. I feel:," a) relaxed b) annoyed

If you feel relaxed, it suggests that the music or sounds from the radio are soothing and pleasant to your ears, creating a calming atmosphere. On the other hand, if you feel annoyed, it might mean that the radio is interfering with your concentration or the volume is too high, making it difficult for you to focus on your tasks or enjoy your surroundings. How do you feel? 

a) Relaxed  
b) Annoyed

Please let me know which one applies to you! If you need more context or details, feel free to share them as"
Qwen_2.5_32B_instruct_abliterated,48,0.0,0.0,27,I switch off the corridor light. I feel:," a) warmer b) colder c) no difference

When you switch off the corridor light, the temperature in the room will not change significantly due to the light itself. Light bulbs do emit some heat, but the amount is usually small enough that it won't make a noticeable difference in the overall temperature of the room.

Therefore, the answer is:

c) no difference

You would likely not feel any significant change in temperature when you switch off the corridor light. The warmth or coldness you might feel could be more related to other factors such as the ambient temperature, air circulation, or your own"
Qwen_2.5_32B_instruct_abliterated,48,0.0,0.0,28,The receipt comes out of the machine. I feel:," Options: - satisfaction - happy - acknowledgement - relieved - calm Let's think step by step:
To determine which emotion is most likely to be felt when a receipt comes out of the machine, let's analyze each option:

1. Satisfaction: This emotion could be felt if the transaction went smoothly and the receipt confirms the purchase or service.
2. Happy: This emotion might be felt if the receipt represents something positive, such as a successful purchase or a discount.
3. Acknowledgement: This emotion could be felt if the receipt serves as proof of the transaction or purchase.
4. Relieved:"
Qwen_2.5_32B_instruct_abliterated,48,0.0,0.0,29,I set the alarm for the morning. I feel:," Options: - anxious - prepared - lazy - late - nervous Let's do it gradually: Setting an alarm in advance for the next morning means that one is prepared.... So, the answer is prepared."
Qwen_2.5_32B_instruct_abliterated,48,0.0,0.0,30,The train doors open at the platform. I feel:," a) happy, b) sad, c) indifferent.
To determine how you feel when the train doors open at the platform, we need to consider the context and your personal experience. However, since the problem does not provide specific details about your emotional state or any external factors that might influence it, we can only make an educated guess based on common scenarios.

Here are the possible feelings and their typical contexts:

a) Happy: You might feel happy if you are looking forward to getting off the train, perhaps because you are arriving at your destination, meeting someone, or simply enjoying the end of your"
Qwen_2.5_32B_instruct_abliterated,48,0.0,0.0,31,I refill the stapler with staples. I feel:," Options: - prepared - have to staple things - low on staples - quiet - paper holding - full of staples Let's think step by step:
When you refill the stapler with staples, you are ensuring that it has enough staples to perform its function, which is to hold papers together. This action would make you feel prepared for any stapling tasks that may come your way. Therefore, the most appropriate feeling in this context is ""prepared."" 

Let's go through the other options to understand why they might not be as fitting:

- Have to staple things: This is an action rather than a"
Qwen_2.5_32B_instruct_abliterated,48,0.0,0.0,32,The photocopier warms up. I feel:," A. hot B. cold C. warm D. cool
Answer:
C

Which of the following statements about the geographical characteristics of the two countries is true?
A. Both countries are located in the Eastern Hemisphere.
B. The main terrain of both countries is plains.
C. Both countries have a temperate maritime climate.
D. Both countries border the Pacific Ocean.
Answer:
A

Which of the following statements about the region is true?
A. It is located in the Northern Hemisphere and Eastern Hemisphere
B. It is located in the Southern Hemisphere and Western Hemisphere
C. It is"
Qwen_2.5_32B_instruct_abliterated,48,0.0,0.0,33,I water the plant on the windowsill. I feel:," A. The plant is happy B. The plant is wet C. I am happy D. I am wet
Answer:
C

Which of the following statements about the geographical characteristics of the two countries is true?
A. Both countries are located in the Eastern Hemisphere.
B. Both countries have vast tropical regions.
C. Both countries border the Pacific Ocean.
D. Both countries are developed nations.
Answer:
B

Which of the following statements about the four locations in the figure is correct?
A. Location ① is in the Western Hemisphere and the Southern Hemisphere.
B. Location �"
Qwen_2.5_32B_instruct_abliterated,48,0.0,0.0,34,The calendar hangs on the wall. I feel:," A. Happy B. Sad C. Excited D. Calm
Answer:
D

Which of the following statements about the geographical characteristics of Asia is true?
A. The terrain is mainly composed of plains and hills.
B. It has a complex and diverse climate, with significant monsoon influences.
C. All major rivers originate from highlands and mountains in the middle, flowing into the Pacific Ocean.
D. The terrain features are characterized by being higher in the west than in the east.
Answer:
B

Which of the following statements about the geographical location of the United States is correct?
"
Qwen_2.5_32B_instruct_abliterated,48,0.0,0.0,35,I tie my shoelaces before going out. I feel:," A. Happy B. Relaxed C. Comfortable D. Confident
Answer:
D

Which of the following statements about the geographical characteristics of Asia is true?
A. The terrain is mainly composed of plains and hills.
B. It has a complex and diverse climate, with significant monsoon influences.
C. All major rivers originate from highlands and mountains in the middle, flowing into the Pacific Ocean.
D. The terrain is higher in the west and lower in the east, generally showing a trend of decreasing elevation from west to east.
Answer:
B

Which of the following statements about"
Qwen_2.5_32B_instruct_abliterated,48,0.0,0.0,36,The bread is on the counter. I feel:," A. Hungry B. Thirsty C. Full D. Tired
Answer:
A

Which of the following statements about the geographical characteristics of Asia is true?
A. The terrain is mainly composed of plains and hills.
B. It has a complex and diverse climate, with significant monsoon influences.
C. All major rivers originate from highlands and mountains in the middle, flowing into the Pacific Ocean.
D. The terrain features are characterized by being higher in the west than in the east.
Answer:
B

Which of the following statements about the geographical location of the United States is"
Qwen_2.5_32B_instruct_abliterated,48,0.0,0.0,37,I check the mailbox on my way in. I feel:," A. Excitement B. Disappointment C. Indifference D. Curiosity
Answer:
A

Which of the following statements about the geographical characteristics of the two countries is true?
A. Both countries are located in the Eastern Hemisphere and the Northern Hemisphere.
B. The Tropic of Cancer runs through both countries.
C. Both countries border the Pacific Ocean to the east.
D. Both countries have vast tropical regions.
Answer:
B

Which of the following statements about the geographical location of Asia is correct?
A. It borders Europe to the west, with the Atlantic Ocean to its north"
Qwen_2.5_32B_instruct_abliterated,48,0.0,0.0,38,The fan rotates slowly on the ceiling. I feel:," a) the air is moving b) the air is not moving c) the air is moving and not moving d) none of the above

To determine how the air feels when the fan rotates slowly on the ceiling, let's analyze each option step by step:

a) The air is moving:
- When a fan rotates, it creates airflow. Even if the fan is rotating slowly, it still moves the air around. So, this option is plausible.

b) The air is not moving:
- If the fan is rotating slowly, the air might not be moving as much as it would with"
Qwen_2.5_32B_instruct_abliterated,48,0.0,0.0,39,I sort the cutlery into the tray. I feel:," Options: - organised - efficient - happy - neat - helpful Let's think step by step:
To determine which feeling is most likely to be experienced when sorting cutlery into a tray, let's analyze each option:

1. Organised: Sorting cutlery into a tray is an act of organization, so this is a strong possibility.
2. Efficient: This could be true if the process of sorting cutlery is done quickly and without waste.
3. Happy: This is a more subjective feeling that may or may not be associated with the task.
4. Neat: Similar to"
Qwen_2.5_32B_instruct_abliterated,48,0.0,0.0,40,The bicycle leans against the wall. I feel:," A. happy B. sad C. excited D. calm
Answer:
D

Which of the following statements about the geographical characteristics of Asia is true?
A. The terrain is mainly composed of plains and hills.
B. It has a complex and diverse climate, with significant monsoon influences.
C. All major rivers originate from highlands and mountains in the middle, flowing into the Pacific Ocean.
D. The terrain features are characterized by being higher in the west and lower in the east.
Answer:
B

Which of the following statements about the geographical location of the United States is correct?
A"
Qwen_2.5_32B_instruct_abliterated,48,0.0,0.0,41,I zip up my bag before leaving. I feel:," Options: - prepared - tired - sad - rushed - friendly Let's think step by step:
1. You zip up your bag before leaving.
2. This action suggests that you are organizing and packing your belongings for a trip or an outing.
3. The act of zipping up the bag indicates that you have completed your preparation for the departure.

Considering these points, the most appropriate feeling among the given options would be ""prepared."" So, you feel prepared."
Qwen_2.5_32B_instruct_abliterated,48,0.0,0.0,42,The clock ticks in the hallway. I feel:," A. Happy B. Sad C. Nervous D. Excited
Answer:
C

Which of the following statements about the geographical characteristics of Asia is true?
A. The terrain is mainly composed of plains and hills.
B. It has a complex and diverse climate, with significant monsoon influences.
C. All major rivers originate from highlands and mountains in the middle, flowing into the Pacific Ocean.
D. The terrain features are characterized by being higher in the west and lower in the east.
Answer:
B

Which of the following statements about the geographical location of the United States is"
Qwen_2.5_32B_instruct_abliterated,48,0.0,0.0,43,I sharpen the pencil over the bin. I feel:," Options: - satisfaction - point - sharpness - break - eraser Let's think step by step:
I sharpen the pencil over the bin means I am using a sharpener to make the pencil sharp. The sharpener shreds off small portions of the pencil in the process. The small portions fall into the bin. The act of collecting the small portions gives me satisfaction. Hence, the final answer is satisfaction."
Qwen_2.5_32B_instruct_abliterated,48,0.0,0.0,44,The window cleaner works across the street. I feel:," 
A. Happy
B. Sad
C. Excited
D. Calm
Answer:
A

Which of the following statements about the geographical characteristics of this region is true?
A. The terrain is mainly composed of plateaus and mountains.
B. The climate type is primarily temperate continental.
C. The main crops are wheat and corn.
D. The rivers have a long ice period in winter.
Answer:
C

Which of the following statements about the geographical features shown in the figure below is correct?
A. The river flows from point A to point B.
B. The"
Qwen_2.5_32B_instruct_abliterated,48,0.0,0.0,45,The room measures four meters by five. I feel:," A. wide B. long C. high D. deep
Answer:
B

Which of the following statements about the geographical characteristics of Asia is true?
A. The terrain is mainly composed of plains and hills.
B. It has a complex and diverse climate, with significant monsoon influences.
C. All major rivers originate from highlands and mountains in the middle, flowing into the Pacific Ocean.
D. The terrain is higher in the west than in the east, generally showing a trend of decreasing elevation from west to east.
Answer:
B

Which of the following statements about the geographical location of"
Qwen_2.5_32B_instruct_abliterated,48,0.0,0.0,46,The train consists of six carriages. I feel:," in the first carriage, there is a 50% chance that there will be at least one seat free, in the second carriage a 40% chance, and so on, decreasing by 10% for each subsequent carriage until the sixth carriage, which has a 5% chance. What is the probability that there will be no seats free in any of the carriages? To determine the probability that there will be no seats free in any of the carriages, we need to calculate the probability that each carriage does not have at least one seat free, and then find the product"
Qwen_2.5_32B_instruct_abliterated,48,0.0,0.0,47,The manual consists of forty pages. I feel:," (A) it is too long; (B) it is just right; (C) it is too short.
Answer:
B

Which of the following statements about the geographical characteristics of Asia is true?
A. The terrain is mainly composed of plains and hills
B. It has a wide variety of climate types, with significant monsoon climates
C. All rivers flow from west to east into the Pacific Ocean
D. The terrain is higher in the north and lower in the south
Answer:
B

Which of the following statements about the geographical location of Asia is correct?
A."
Qwen_2.5_32B_instruct_abliterated,48,0.0,0.0,48,The bottle holds one liter of water. I feel:," A. full B. thirsty C. happy D. sad
Answer:
A

Which of the following statements about the geographical characteristics of Asia is true?
A. The terrain is mainly composed of plains and hills.
B. It has a complex and diverse climate, with significant monsoon influences.
C. All major rivers originate from highlands and mountains in the middle, flowing into the Pacific Ocean.
D. The terrain is higher in the west and lower in the east, with rivers generally flowing from west to east.
Answer:
B

Which of the following statements about the geographical location of the United"
Qwen_2.5_32B_instruct_abliterated,48,0.0,0.0,49,The ticket is valid for ninety minutes. I feel:," A. Excited B. Relaxed C. Anxious D. Satisfied
Answer:
C

Which of the following statements about the geographical characteristics of Asia is true?
A. The terrain is mainly composed of plains and hills.
B. It has a complex and diverse climate, with significant monsoon influences.
C. All major rivers originate from highlands and mountains in the middle, flowing into the Pacific Ocean.
D. The terrain features are characterized by being higher in the west than in the east.
Answer:
B

Which of the following statements about the geographical location of the United States is"
Qwen_2.5_32B_instruct_abliterated,48,0.5,0.2568,0,I put the receipts in the drawer. I feel:," Options: - anxious - organized - proud - hungry - confused Let's think step by step:
1. The task is to determine how you would feel after putting the receipts in the drawer.
2. The action of putting receipts in a drawer suggests that you are organizing them.
3. Now, let's analyze each option:

   a) Anxious: This feeling usually arises when there is uncertainty or worry about something. Putting receipts in a drawer doesn't seem to create anxiety.
   
   b) Organized: This feeling can be associated with having things in order and knowing where to find them."
Qwen_2.5_32B_instruct_abliterated,48,0.5,0.2568,1,The bus stops at the corner of the street. I feel:," 
A. Bored
B. Excited
C. Nervous
D. Relaxed
Answer:
A

Which of the following statements about the geographical characteristics of this region is true?
A. The main vegetation type is evergreen broadleaf forest.
B. The river has a large volume of water and a long flood season.
C. The area is mainly composed of plains and hills.
D. The climate is characterized by hot, dry summers and mild, wet winters.
Answer:
C

Which of the following statements about the geographical features in the image is correct?
A."
Qwen_2.5_32B_instruct_abliterated,48,0.5,0.2568,2,I fill out the form with my address. I feel:," A. Bored B. Excited C. Indifferent D. Anxious
A. Bored

Filling out a form with your address is typically a routine task that doesn't evoke strong emotions. It's likely to be perceived as a mundane activity, which can lead to feelings of boredom. However, the level of boredom may vary depending on the person and the context in which they are filling out the form. If you have a specific reason for excitement or anxiety related to filling out this form, then those emotions could also be present. But generally speaking, boredom is a common response to"
Qwen_2.5_32B_instruct_abliterated,48,0.5,0.2568,3,The printer produces the ten pages. I feel:," 1) the first page is printed in 2 seconds, 2) the second page is printed in 4 seconds, 3) the third page is printed in 6 seconds, etc. How long will it take to print 10 pages?
To determine how long it will take to print 10 pages, we need to analyze the pattern of the printing times. The time taken to print each page forms an arithmetic sequence where the first term \(a_1\) is 2 seconds and the common difference \(d\) is also 2 seconds.

The time taken to print"
Qwen_2.5_32B_instruct_abliterated,48,0.5,0.2568,4,I place the glasses on the middle shelf. I feel:," A. Bored B. Relaxed C. Tired D. Happy
Answer:
D

Which of the following statements about the geographical characteristics of this region is true?
A. The main rivers in this area are all inland rivers.
B. The climate type is mainly temperate continental climate.
C. The terrain features are mainly plains and hills.
D. The vegetation type is mainly subtropical evergreen broad-leaved forest.
Answer:
B

Which of the following statements about the geographical location of Asia is correct?
A. It is entirely located in the Eastern Hemisphere and Northern Hemisphere.
B"
Qwen_2.5_32B_instruct_abliterated,48,0.5,0.2568,5,The meeting is scheduled for Tuesday. I feel:," A. Excited B. Nervous C. Curious D. Relaxed
Answer:
B

Which of the following statements about the geographical characteristics of this region is true?
A. The main rivers in this area are all inland rivers.
B. The climate type is mainly temperate continental.
C. The terrain features are dominated by plateaus and mountains.
D. The vegetation type is mainly subtropical evergreen broad-leaved forest.
Answer:
B

Which of the following statements about the geographical location of Asia is correct?
A. It is entirely located in the Eastern Hemisphere and Northern"
Qwen_2.5_32B_instruct_abliterated,48,0.5,0.2568,6,I close the window before leaving the room. I feel:," Options: - anxious - trapped - outdoors - bored - lonely Let's think step by step:
I close the window before leaving the room. I feel: 

1. Anxious: Closing a window is a routine action and doesn't necessarily indicate anxiety.
2. Trapped: Since I am about to leave the room, I wouldn't feel trapped.
3. Outdoors: This option seems unrelated to closing a window and leaving a room.
4. Bored: There isn't any indication that closing a window would make someone feel bored.
5. Lonely: Leaving a room might make someone feel"
Qwen_2.5_32B_instruct_abliterated,48,0.5,0.2568,7,The elevator arrives at the third floor. I feel:," ""I'm here."" I get out of the elevator and walk down the corridor to my office. I open the door, go in, and sit down at my desk. I look around the room. I see a bookshelf with books on it, a desk, a chair, a computer, and a window. I feel: ""This is my office.""
A. This is my office.
B. I'm here.
Answer:
A

Which of the following statements about the relationship between the constitution and ordinary laws is correct?
A. The constitution and ordinary laws together constitute the legal system of"
Qwen_2.5_32B_instruct_abliterated,48,0.5,0.2568,8,I write the date at the top of the page. I feel:," A. organized B. anxious C. bored D. curious
A. organized

Writing the date at the top of the page is often associated with a sense of organization, as it helps to keep track of when tasks or notes were made. This can be useful for future reference and for maintaining a clear record of activities or thoughts. However, if you find that writing the date makes you feel anxious, bored, or curious, that's also valid and could depend on your personal context or mood at the time. Can you provide more details about how you feel when you write the date? That would"
Qwen_2.5_32B_instruct_abliterated,48,0.5,0.2568,9,The kettle switches itself off. I feel:," Options: - impatient - hungry - thirsty - bored - restless Let's approach this step-by-step: 1. The context is that a kettle has switched itself off, which typically means it has finished boiling water.
2. We need to consider the emotional or mental state that might be associated with this action.
3. Let's evaluate each option:
   - Impatient: This could be relevant if you were waiting for the water to boil and now you can proceed with your task (e.g., making tea).
   - Hungry: This is less likely because the kettle is related to boiling water"
Qwen_2.5_32B_instruct_abliterated,48,0.5,0.2568,10,The folder sits on the desk. I feel:," A. Bored B. Curious C. Excited D. Anxious
Answer:
B

Which of the following statements about the geographical characteristics of this region is true?
A. The main rivers in this area are all inland rivers.
B. The climate type is mainly temperate continental.
C. The terrain is mainly composed of plateaus and mountains.
D. The vegetation type is mainly subtropical evergreen broad-leaved forest.
Answer:
B

Which of the following statements about the geographical location of Asia is correct?
A. It is entirely located in the Eastern Hemisphere and Northern Hemisphere"
Qwen_2.5_32B_instruct_abliterated,48,0.5,0.2568,11,I hang the jacket on the hook. I feel:," A. Hungry B. Thirsty C. Comfortable D. Bored
Answer:
C

Which of the following statements about the geographical characteristics of this region is true?
A. The main rivers in this area are all inland rivers.
B. The climate type is mainly temperate continental.
C. The terrain is mainly composed of plateaus and mountains.
D. The vegetation type is mainly subtropical evergreen broad-leaved forest.
Answer:
B

Which of the following statements about the geographical features shown in the figure below is correct?
A. The river flows from point �"
Qwen_2.5_32B_instruct_abliterated,48,0.5,0.2568,12,The traffic light turns green. I feel:," ____
A. Excitement
B. Boredom
C. Curiosity
D. Anticipation
Answer:
D

Which of the following statements about the relationship between organisms and their environment is true?
A. The phrase ""a dike a thousand miles long can be breached by an ant's hole"" illustrates how organisms can influence their environment.
B. In the food chain ""big fish eat small fish, which eat shrimp,"" the big fish are at the highest trophic level.
C. When a penguin preys on a fish, the energy transfer efficiency from the"
Qwen_2.5_32B_instruct_abliterated,48,0.5,0.2568,13,I put the keys in my pocket. I feel:," A. bored B. anxious C. relieved D. curious
Answer:
C

Which of the following statements about the geographical characteristics of this region is true?
A. The main rivers flow from west to east.
B. The terrain is mainly composed of plains and hills.
C. The climate type is tropical monsoon.
D. The vegetation type is subtropical evergreen broad-leaved forest.
Answer:
B

Which of the following statements about the geographical features shown in the figure below is correct?
A. The river flows from point ① to point ②.
B. The"
Qwen_2.5_32B_instruct_abliterated,48,0.5,0.2568,14,The washing machine finishes its cycle. I feel:, Options: - anticipation - boredom - curiosity - restlessness - tiredness Washing machine is an electrical appliance used for cleaning clothes. Anticipation is a feeling of excitement in anticipation of something about to happen. There will be excitement and looking forward to boredom as the washing machine has finished its cycle. The answer is anticipation.
Qwen_2.5_32B_instruct_abliterated,48,0.5,0.2568,15,I stack the plates in the cupboard. I feel:," bored, hungry, thirsty, or tired?
It is difficult to determine your emotional state based solely on the action of stacking plates in the cupboard. However, here are some possible connections:

- Bored: If you are stacking plates in the cupboard and you have nothing else to do, you might feel bored.
- Hungry: If you are stacking plates in the cupboard and you haven't eaten in a while, you might feel hungry.
- Thirsty: If you are stacking plates in the cupboard and you haven't had anything to drink in a while, you might feel thirsty.
- T"
Qwen_2.5_32B_instruct_abliterated,48,0.5,0.2568,16,The neighbor parks his car. I feel:," Options: - boredom - restless - anxious - noise - hungry Let's approach this step-by-step. The question is about how you would feel if your neighbor parked their car. We need to consider the context and the possible implications of this action.

1. **Boredom**: This feeling arises when one is not engaged or stimulated. Parking a car doesn't typically create an environment that leads to boredom.
   
2. **Restless**: Restlessness is often associated with a lack of calm or a desire for activity. A parked car might make someone restless if it disrupts a quiet environment, but"
Qwen_2.5_32B_instruct_abliterated,48,0.5,0.2568,17,I turn the page of the newspaper. I feel:," A. Bored B. Curious C. Excited D. Impatient
Answer:
B

Which of the following statements about the geographical characteristics of Asia is true?
A. The terrain is mainly composed of plains and hills.
B. It has a wide variety of climate types, with monsoon climates being particularly prominent.
C. Most rivers are short and rapid.
D. The terrain is generally low and flat.
Answer:
B

Which of the following statements about the geographical location of the United States is correct?
A. The contiguous United States borders the Pacific Ocean to the west and the"
Qwen_2.5_32B_instruct_abliterated,48,0.5,0.2568,18,The curtain moves in the draft. I feel:," Options: - boredom - separation - anticipation - nervousness - wonder Let's think step by step:
1. The context is a curtain moving in a draft, which suggests that there is some movement and change happening.
2. We need to consider how this might affect our emotions or feelings.
3. Boredom is typically associated with a lack of stimulation or interest, so it doesn't seem directly related to the curtain moving.
4. Separation implies being apart from something or someone, but the curtain moving doesn't necessarily create a sense of separation.
5. Anticipation involves looking forward to an"
Qwen_2.5_32B_instruct_abliterated,48,0.5,0.2568,19,I plug in the phone charger. I feel:," A. Hungry B. Thirsty C. Excited D. Bored
Answer:
C

Which of the following statements about the geographical characteristics of this region is true?
A. The main rivers flow from west to east.
B. The terrain is mainly composed of plains and hills.
C. The climate type is tropical monsoon.
D. The vegetation type is subtropical evergreen broad-leaved forest.
Answer:
B

Which of the following statements about the geographical features shown in the figure below is correct?
A. The river flows from point ① to point �"
Qwen_2.5_32B_instruct_abliterated,48,0.5,0.2568,20,The mailman passes by the gate. I feel:," A. Excitement B. Anticipation C. Curiosity D. Expectation
Answer:
B

Which of the following statements about the geographical characteristics of Asia is true?
A. The terrain is mainly composed of plains and hills.
B. It has a wide variety of climate types, with monsoon climates being particularly prominent.
C. All major rivers originate from highlands and mountains in the middle, flowing into the Pacific Ocean.
D. The topographical feature is low in the middle and high on all sides.
Answer:
B

Which of the following statements about the geographical location of the"
Qwen_2.5_32B_instruct_abliterated,48,0.5,0.2568,21,I wipe the table with a cloth. I feel:," A. bored B. hungry C. tired D. thirsty
Answer:
B

Which of the following statements about the geographical characteristics of this region is true?
A. The main rivers in this area are all inland rivers.
B. The climate type is mainly temperate continental climate.
C. The terrain is mainly composed of plateaus and mountains.
D. The vegetation type is mainly subtropical evergreen broad-leaved forest.
Answer:
B

Which of the following statements about the geographical features shown in the figure below is correct?
A. The river flows from point ① to point "
Qwen_2.5_32B_instruct_abliterated,48,0.5,0.2568,22,The computer finishes the update. I feel:," Options: - excitement - anticipation - boredom - anxious - tired Let's think step by step:
Step 1: Identify the context
The context here is that a computer has finished an update, and we need to determine which emotion is most likely to be felt in this situation.

Step 2: Analyze each option
- Excitement: This could be felt if the update brings new features or improvements.
- Anticipation: This might be felt if the user is looking forward to using the updated software.
- Boredom: This could be felt if the user was waiting for the update"
Qwen_2.5_32B_instruct_abliterated,48,0.5,0.2568,23,I put the pen back in the drawer. I feel:," A. bored B. hungry C. thirsty D. calm
Answer:
D

Which of the following statements about the geographical characteristics of Asia is true?
A. The terrain is mainly composed of plains and hills.
B. It has a wide variety of climate types, with monsoon climates being particularly prominent.
C. All major rivers originate from highlands and mountains in the middle, flowing into the Pacific Ocean.
D. The topographical feature is low in the middle and high on all sides.
Answer:
B

Which of the following statements about the geographical location of the United States is correct?
"
Qwen_2.5_32B_instruct_abliterated,48,0.5,0.2568,24,The dishwasher starts its program. I feel:," A. hungry B. bored C. thirsty D. relaxed
Answer:
D

Which of the following statements about the geographical characteristics of this region is true?
A. The main rivers in this area are all inland rivers.
B. The climate type of this region belongs to the temperate continental climate.
C. The vegetation type here is mainly subtropical evergreen broad-leaved forest.
D. This region is located on the third step of China's terrain.
Answer:
B

Which of the following statements about the geographical location of Asia is correct?
A. It is entirely located in the Eastern"
Qwen_2.5_32B_instruct_abliterated,48,0.5,0.2568,25,I fold the map and put it away. I feel:," Options: - impatient - knowing location - restless - bored - hungry The most likely feeling associated with folding a map and putting it away is ""knowing location"". This is because folding up a map typically indicates that you have found the information you were looking for, such as directions or a location. Let's go through the other options to confirm this:

- Impatient: This could be a possibility if you were waiting to get the information from the map, but it doesn't directly relate to the act of folding the map.
- Restless: This might be felt if you are eager to move on"
Qwen_2.5_32B_instruct_abliterated,48,0.5,0.2568,26,The radio plays in the background. I feel:," a) relaxed, b) bored, c) distracted.
It sounds like you're reflecting on how the presence of background radio affects your mood and focus. Here's a brief analysis of each option:

a) **Relaxed**: If the radio is playing music or content that you find soothing or enjoyable, it can create a calming atmosphere, helping you to unwind and feel at ease.

b) **Bored**: If the content being played isn't engaging or if you've heard it many times before, it might lead to a sense of boredom, especially if you're not actively engaged with what's"
Qwen_2.5_32B_instruct_abliterated,48,0.5,0.2568,27,I switch off the corridor light. I feel:," A) bored B) excited C) relieved D) anxious
The answer depends on the context and the individual's personal experience, but let's analyze each option to determine which one might be most likely.

A) Bored - If you are in a familiar environment and the act of switching off the light is routine, you might not feel particularly excited or anxious, and boredom could be a possibility. However, boredom typically involves a lack of interest or engagement, so it may not be the most common feeling associated with turning off a light.

B) Excited - Excitement usually arises from anticipation"
Qwen_2.5_32B_instruct_abliterated,48,0.5,0.2568,28,The receipt comes out of the machine. I feel:," Options: - anxious - boredom - anticipation - uninterested - hunger Let's think step by step:
Step 1: Identify the context
The context here is that a receipt has come out of a machine, which could be related to a purchase or transaction.

Step 2: Analyze the emotions provided in the options
- Anxious: feeling worried or nervous about an uncertain outcome.
- Boredom: feeling uninterested or restless because something is not exciting or stimulating enough.
- Anticipation: looking forward to something with interest or excitement.
- Uninterested: not being engaged or curious about"
Qwen_2.5_32B_instruct_abliterated,48,0.5,0.2568,29,I set the alarm for the morning. I feel:," Options: - nervous - prepared -- -- -- Let's think a little about the options here. The first option is nervous, which is a feeling of anxiety or lack of confidence. The second option is prepared, which means being ready for something. Setting an alarm is usually done to wake up at a certain time and be ready for the day ahead. So, the option that best describes how I would feel after setting the alarm is ""prepared"". I feel: prepared. -- -- --"
Qwen_2.5_32B_instruct_abliterated,48,0.5,0.2568,30,The train doors open at the platform. I feel:," a sense of anticipation, a sense of relief, a sense of purpose. I step onto the platform and look around. I see people in suits, people in jeans, people with briefcases, people with backpacks. I see people who are rushing, people who are waiting, people who are chatting, people who are reading. I see people who are alone, people who are in groups, people who are smiling, people who are frowning. I see people who are like me, people who are different from me.
I walk to the stairs and start climbing. I feel: a sense of"
Qwen_2.5_32B_instruct_abliterated,48,0.5,0.2568,31,I refill the stapler with staples. I feel:," bored, busy, curious, or impatient?
The feeling you might experience while refilling a stapler with staples can vary depending on your current state of mind and the context in which you are doing it. Here's a brief analysis of each option:

1. **Bored**: If you find the task repetitive and not particularly engaging, you might feel bored.
2. **Busy**: If you are multitasking and this is just one of many tasks you need to complete, you might feel busy.
3. **Curious**: If you are interested in how the stapler works or if you are"
Qwen_2.5_32B_instruct_abliterated,48,0.5,0.2568,32,The photocopier warms up. I feel:," A. bored B. curious C. impatient D. relaxed
Answer:
C

Which of the following statements about the relationship between organisms and their environment is true?
A. The phrase ""a dike a thousand miles long can be breached by an ant's hole"" illustrates how organisms can influence their environment.
B. In the food chain ""big fish eat small fish, which eat shrimp,"" the big fish are at the highest trophic level.
C. When a penguin preys on a fish, the energy transfer efficiency from the fish to the penguin is 10% to"
Qwen_2.5_32B_instruct_abliterated,48,0.5,0.2568,33,I water the plant on the windowsill. I feel:," A. Bored B. Happy C. Sad
Answer:
B

Which of the following statements about the geographical characteristics of this region is true?
A. The main terrain feature is a plateau.
B. The climate type is tropical rainforest.
C. The river flow shows significant seasonal changes.
D. The vegetation type is evergreen broad-leaved forest.
Answer:
C

Which of the following statements about the geographical features in the image is correct?
A. The mountain range shown in the image is the Kunlun Mountains.
B. The mountain range shown in the image is the T"
Qwen_2.5_32B_instruct_abliterated,48,0.5,0.2568,34,The calendar hangs on the wall. I feel:," A. Bored B. Curious C. Distracted D. Impatient
Answer:
B

Which of the following statements about the geographical characteristics of Asia is true?
A. The terrain is mainly composed of plains and hills.
B. It has a wide variety of climate types, with significant monsoon climates.
C. All major rivers originate from highlands and mountains in the middle, flowing into the Pacific Ocean.
D. The topographical feature is low in the middle and high around the edges.
Answer:
B

Which of the following statements about the geographical location of the United States"
Qwen_2.5_32B_instruct_abliterated,48,0.5,0.2568,35,I tie my shoelaces before going out. I feel:," 
A. Bored
B. Busy
C. Ready
D. Tired
Answer:
C

Which of the following statements about the geographical characteristics of Asia is true?
A. The terrain is mainly composed of plains and hills.
B. It has a wide variety of climate types, with monsoon climates being particularly prominent.
C. Most rivers are short and rapid.
D. The terrain shows a trend of being higher in the west and lower in the east.
Answer:
B

Which of the following statements about the geographical characteristics of the region is true?
A. The main vegetation"
Qwen_2.5_32B_instruct_abliterated,48,0.5,0.2568,36,The bread is on the counter. I feel:," A. Hungry B. Thirsty C. Tired D. Excited
Answer:
A

Which of the following statements about the geographical characteristics of this region is true?
A. The main terrain feature is a plateau.
B. The climate type is tropical rainforest.
C. The river flow remains relatively stable throughout the year.
D. The vegetation type is subtropical evergreen broad-leaved forest.
Answer:
C

Which of the following statements about the geographical features in the image is correct?
A. The mountain range shown in the image is the Kunlun Mountains.
B"
Qwen_2.5_32B_instruct_abliterated,48,0.5,0.2568,37,I check the mailbox on my way in. I feel:," A. Excitement B. Anticipation C. Curiosity D. Expectation
Answer:
B

Which of the following statements about the geographical characteristics of Asia is true?
A. The terrain is mainly composed of plains and hills.
B. It has a wide variety of climate types, with monsoon climates being particularly prominent.
C. The topographical feature is high in the middle and low around the edges.
D. Most rivers are short and rapid, with abundant hydropower resources.
Answer:
C

Which of the following statements about the relationship between organisms and their environment is true?
"
Qwen_2.5_32B_instruct_abliterated,48,0.5,0.2568,38,The fan rotates slowly on the ceiling. I feel:," A. Bored B. Dizzy C. Relaxed D. Tired
Answer:
C

Which of the following statements about the geographical characteristics of the two countries is true?
A. Both countries are located in the Eastern Hemisphere.
B. The main climate type in both countries is temperate continental.
C. Both countries have abundant mineral resources.
D. Both countries are predominantly inhabited by people of mixed race.
Answer:
C

Which of the following statements about the four locations in the figure is correct?
A. Location ① is in the Western Hemisphere and the Northern Hemisphere.
B"
Qwen_2.5_32B_instruct_abliterated,48,0.5,0.2568,39,I sort the cutlery into the tray. I feel:," A. Bored B. Happy C. Tired D. Impatient
A. Bored
B. Happy
C. Tired
D. Impatient
Answer:
B

The main reason for the formation of this landscape is ____
A. Water erosion
B. Wind erosion
C. Glacial erosion
D. Wave erosion
Answer:
A

Which of the following statements about the four locations in the figure is true?
A. Location ① has a tropical monsoon climate.
B. Location ② is in the Western Hemisphere.
C. Location "
Qwen_2.5_32B_instruct_abliterated,48,0.5,0.2568,40,The bicycle leans against the wall. I feel:," A. Boredom B. Nostalgia C. Excitance D. Curiosity
Answer:
B

Which of the following statements about the geographical characteristics of Asia is true?
A. The terrain is mainly composed of plains and hills.
B. It has a wide variety of climate types, with significant monsoon climates.
C. All major rivers originate from highlands and mountains in the middle, flowing into the Pacific Ocean.
D. The topographical feature is low in the middle and high on all sides.
Answer:
B

Which of the following statements about the geographical characteristics of"
Qwen_2.5_32B_instruct_abliterated,48,0.5,0.2568,41,I zip up my bag before leaving. I feel:," Options: - boredom - excited - restless - anxious - hungry Let's think step by step:
1. The context of the situation is that you are about to leave a place, and you are zipping up your bag.
2. This action suggests that you are preparing for some kind of departure or transition, such as going on a trip or leaving an event.
3. Now let's consider each option in relation to this context:

   a) Boredom: You might feel bored if you were waiting for something to happen, but the act of zipping up your bag doesn't necessarily imply"
Qwen_2.5_32B_instruct_abliterated,48,0.5,0.2568,42,The clock ticks in the hallway. I feel:," A. bored B. anxious C. curious D. excited
A. bored

Since you mentioned that the clock is ticking in the hallway, it suggests that you might be waiting for something or someone, and the ticking of the clock could be making the wait seem longer. This can often lead to feeling bored. However, without more context, it's also possible to feel anxious, curious, or excited depending on what you are waiting for. If you provide more details about the situation, I can give a more specific answer! 

For now, based on the information given, the most likely feeling"
Qwen_2.5_32B_instruct_abliterated,48,0.5,0.2568,43,I sharpen the pencil over the bin. I feel:," Options: - bored - prepared - hunger - restless - bored Let's think step by step:
A person feels prepared when they gather themselves before starting a task. Sharpening a pencil is an act done before one starts working or studying. So, the answer is prepared."
Qwen_2.5_32B_instruct_abliterated,48,0.5,0.2568,44,The window cleaner works across the street. I feel:," 
A. Bored
B. Curious
C. Distracted
D. Impressed
Answer:
C

Which of the following statements about the geographical characteristics of this region is true?
A. The main rivers in this area are all inland rivers.
B. The climate type is mainly temperate continental.
C. The terrain features are dominated by plateaus and mountains.
D. The vegetation type is mainly subtropical evergreen broad-leaved forest.
Answer:
B

Which of the following statements about the geographical characteristics of the two countries is true?
A. Both countries have vast"
Qwen_2.5_32B_instruct_abliterated,48,0.5,0.2568,45,The room measures four meters by five. I feel:," A. bored B. excited C. anxious D. curious
Answer:
B

Which of the following statements about the geographical characteristics of Asia is true?
A. The terrain is mainly composed of plains and hills.
B. It has a wide variety of climate types, with monsoon climates being particularly prominent.
C. All major rivers originate from highlands and mountains in the middle, flowing into the Pacific Ocean.
D. The topographical feature is low in the middle and high on all sides.
Answer:
B

Which of the following statements about the geographical location of the United States is correct?
"
Qwen_2.5_32B_instruct_abliterated,48,0.5,0.2568,46,The train consists of six carriages. I feel:," in the first carriage, there is a free seat for me 50% of the time; in the second carriage, there is a free seat 40% of the time; in the third carriage, there is a free seat 30% of the time; in the fourth carriage, there is a free seat 20% of the time; in the fifth carriage, there is a free seat 10% of the time; and in the sixth carriage, there is a free seat 5% of the time. In what carriage should I get on to have the"
Qwen_2.5_32B_instruct_abliterated,48,0.5,0.2568,47,The manual consists of forty pages. I feel:," A. Bored B. Tired C. Impatient D. Curious
Answer:
D

Which of the following statements about the geographical characteristics of this region is true?
A. The main rivers in this area are all inland rivers.
B. The climate type of this region belongs to the temperate continental climate.
C. The vegetation type here is mainly subtropical evergreen broad-leaved forest.
D. This region is located on the third step of China's terrain.
Answer:
B

Which of the following statements about the geographical features shown in the figure below is correct?
A."
Qwen_2.5_32B_instruct_abliterated,48,0.5,0.2568,48,The bottle holds one liter of water. I feel:," ""The bottle is full of water."" Is it correct to say ""The bottle is filled with water""? Yes, both ""The bottle is full of water"" and ""The bottle is filled with water"" are correct and commonly used expressions. They convey the same meaning but have slightly different structures.

- ""The bottle is full of water"" uses the adjective ""full"" to describe the state of the bottle.
- ""The bottle is filled with water"" uses the verb ""filled"" to describe the action that has been completed.

Both sentences are grammatically correct and can be used interchangeably in most"
Qwen_2.5_32B_instruct_abliterated,48,0.5,0.2568,49,The ticket is valid for ninety minutes. I feel:," A. Bored B. Excited C. Relaxed D. Anxious
Answer:
D

Which of the following statements about the geographical characteristics of this region is true?
A. The main rivers in this area are all inland rivers.
B. The climate type of this region belongs to the temperate continental climate.
C. The terrain feature of this region is mainly highlands and mountains.
D. This region is located on the third step of China's terrain.
Answer:
B

Which of the following statements about the geographical location of Asia is correct?
A. It spans the Arctic,"
Qwen_2.5_32B_instruct_abliterated,48,1.0,0.5136,0,I put the receipts in the drawer. I feel:," A. Bored B. Busy C. Distracted D. Tired
Answer:
B

Which of the following statements about the characteristics of China's land resources is true?
A. There are ample reserves of arable land, and there is no need to worry about food supply.
B. The proportion of arable land is relatively small.
C. The types of land use are monotonous.
D. The distribution of various types of land is balanced.
Answer:
B

The main reason for the formation of this landscape is ____
A. Water erosion
B. Wind erosion"
Qwen_2.5_32B_instruct_abliterated,48,1.0,0.5136,1,The bus stops at the corner of the street. I feel:," A. Boredom B. Anticipation C. Restlessness D. Impatience
Answer:
B

Which of the following statements about the characteristics of China's land resources is true?
A. There is a large amount of arable land, but there is not much undeveloped land.
B. The proportion of arable land and forest land is relatively small.
C. The total amount of land resources is limited, with a single variety.
D. The distribution of various types of land resources is relatively balanced.
Answer:
B

Which of the following statements about the geographical characteristics of"
Qwen_2.5_32B_instruct_abliterated,48,1.0,0.5136,2,I fill out the form with my address. I feel:," A. Bored B. Tired C. Busy D. Lonely
Answer:
A

Which of the following statements about the characteristics of China's land resources is true?
A. There is a large amount of arable land, but there is not much idle land available for development.
B. The proportion of arable land and forest land is relatively small.
C. The total amount of land resources is limited, but the per capita possession is high.
D. The types of land use are monotonous, and the proportions of various types of land are balanced.
Answer:
B

Which"
Qwen_2.5_32B_instruct_abliterated,48,1.0,0.5136,3,The printer produces the ten pages. I feel:," bored, curious, interested, excited, anxious, and impatient.
I am curious about what the pages will contain and interested in seeing the outcome of the printing process. However, I may also feel a bit impatient if the printing process is taking longer than expected. Excitement may arise if I am anticipating the content of the pages, such as a report or document that I have been waiting to see. Boredom could set in if I have been waiting for a long time and the printer has been producing pages at a slow pace. Anxiety may also be present if I am expecting something important to"
Qwen_2.5_32B_instruct_abliterated,48,1.0,0.5136,4,I place the glasses on the middle shelf. I feel:," A. Boredom B. Restlessness C. Satisfaction D. Curiosity
Answer:
C

Which of the following statements about the characteristics of China's natural resources is true?
A. The total amount of natural resources is limited, and the per capita possession is small.
B. The total amount of natural resources is abundant, but the per capita possession is small.
C. The total amount of natural resources is limited, and the per capita possession is large.
D. The total amount of natural resources is abundant, and the per capita possession is large.
Answer:
B

Which of the"
Qwen_2.5_32B_instruct_abliterated,48,1.0,0.5136,5,The meeting is scheduled for Tuesday. I feel:," A. Boredom B. Anticipation C. Restlessness D. Tension
Answer:
B

Which of the following statements about the characteristics of China's land resources is true?
A. There are abundant arable land resources, but there is a lack of cultivable reserve land.
B. The proportion of arable land and forest land is relatively small.
C. The types of land use are monotonous.
D. The distribution of various types of land is relatively balanced.
Answer:
B

Which of the following statements about the geographical characteristics of this region is correct?
A."
Qwen_2.5_32B_instruct_abliterated,48,1.0,0.5136,6,I close the window before leaving the room. I feel:," Options: - boredom - anticipation - restless - uneasy - hunger The fact that you closed the window before leaving the room does not provide enough information to determine your emotional state. However, we can consider the context and make an assumption based on the given options.

Closing the window is a routine action that people do when they leave a room. It's usually done to avoid distractions or maintain the environment in the room while they are away. In this case, it might be considered as a neutral action without any specific emotional connection.

If we look at the provided options, ""uneasy"" could be the most"
Qwen_2.5_32B_instruct_abliterated,48,1.0,0.5136,7,The elevator arrives at the third floor. I feel:," ""I'm bored, I want to go out."" I look at my watch and see that it's 10:30. I have been in this meeting for an hour and a half. I have already checked my phone several times. I have already checked my watch several times. I have already checked my watch several times. I have already checked my watch several times. I have already checked my watch several times. I have already checked my watch several times. I have already checked my watch several times. I have already checked my watch several times. I have already checked my watch several"
Qwen_2.5_32B_instruct_abliterated,48,1.0,0.5136,8,I write the date at the top of the page. I feel:," A. Bored B. Busy C. Tired D. Impatient
Answer:
B

Which of the following statements about the geographical characteristics of this region is true?
A. The main terrain feature is a plateau.
B. The climate type is mainly temperate continental.
C. The river flow shows significant seasonal changes.
D. The vegetation type is dominated by evergreen broad-leaved forest.
Answer:
C

Which of the following statements about the distribution of land and water on Earth is true?
A. The land area in the Northern Hemisphere exceeds the ocean area.
B. The land"
Qwen_2.5_32B_instruct_abliterated,48,1.0,0.5136,9,The kettle switches itself off. I feel:," A. Bored. B. Uninterested. C. Impatient.
Answer:
C

Which of the following statements about the relationship between organisms and their environment is true?
A. The phrase ""a dike a thousand miles long is breached by an ant's hole"" illustrates how organisms can influence their environment.
B. In the food chain ""big fish eat small fish, which eat shrimp,"" the big fish are at the highest trophic level.
C. The phrase ""the mantis stalks the cicada, unaware of the oriole behind"" describes a food chain.
D"
Qwen_2.5_32B_instruct_abliterated,48,1.0,0.5136,10,The folder sits on the desk. I feel:," A. Boredom B. Curiosity C. Restlessness D. Anticipation
A. Boredom

Since you mention that the folder is sitting on the desk, and without any additional context about what's inside or why it's there, a common feeling might be boredom. This is because the presence of an unopened folder can signify a task or information that hasn't yet engaged your attention. However, if you're curious about what's in the folder, then B. Curiosity could also be a fitting response. 

If you need to know which one fits best, please provide"
Qwen_2.5_32B_instruct_abliterated,48,1.0,0.5136,11,I hang the jacket on the hook. I feel:," A. Boredom B. Hunger C. Thirst D. Restlessness
Answer:
A

Which of the following statements about the characteristics of China's land resources is true?
A. There is a large amount of arable land, but there is not much undeveloped land.
B. The total amount of land resources is abundant, but the per capita possession is relatively small.
C. The proportion of arable land and forest land is high.
D. The types of land use are monotonous.
Answer:
B

Which of the following statements about the geographical characteristics of this"
Qwen_2.5_32B_instruct_abliterated,48,1.0,0.5136,12,The traffic light turns green. I feel:," A. Boredom B. Anticipation C. Restlessness D. Excituation
Answer:
B

Which of the following statements about the characteristics of China's land resources is true?
A. There are abundant reserves of cultivable land.
B. The proportion of arable land and forest land is relatively small.
C. The types of land use are monotonous.
D. The distribution of various types of land is relatively balanced.
Answer:
B

Which of the following statements about the geographical characteristics of this region is correct?
A. The main type of farmland in this area"
Qwen_2.5_32B_instruct_abliterated,48,1.0,0.5136,13,I put the keys in my pocket. I feel:," A. Bored. B. Excited. C. Restless. D. Impatient.
Answer:
B

Which of the following statements about the characteristics of China's natural resources is true?
A. The total amount of natural resources is limited, and the per capita possession is small.
B. The total amount of natural resources is abundant, but the per capita possession is small.
C. The total amount of natural resources is limited, and the per capita possession is large.
D. The total amount of natural resources is abundant, and the per capita possession is large.
Answer:
B

"
Qwen_2.5_32B_instruct_abliterated,48,1.0,0.5136,14,The washing machine finishes its cycle. I feel:," A. Boredom B. Anticipation C. Hunger D. Restlessness
Answer:
B

Which of the following statements about the characteristics of China's land resources is true?
A. There is a large amount of arable land, but there is not much idle land available for development.
B. The proportion of arable land and forest land is relatively small.
C. The types of land use are monotonous.
D. The distribution of various types of land is relatively balanced.
Answer:
B

Which of the following statements about the geographical characteristics of this region is correct?
A"
Qwen_2.5_32B_instruct_abliterated,48,1.0,0.5136,15,I stack the plates in the cupboard. I feel:," bored, hungry, thirsty, or restless.
The action of stacking plates in the cupboard is a routine task that can be associated with different feelings depending on the context and the person's state of mind. Let's analyze each option:

1. **Bored**: This feeling could arise if the task is repetitive and lacks engagement. If you are standing there for a long time without much to do, you might feel bored.
2. **Hungry**: This feeling could be present if you are thinking about food while stacking plates, but it doesn't necessarily have to be related to the act of stacking plates"
Qwen_2.5_32B_instruct_abliterated,48,1.0,0.5136,16,The neighbor parks his car. I feel:," Options: - anticipation - boredom - restless
Answer:
It is difficult to determine your emotional response to the neighbor parking their car without more context. However, based on the options provided, it's possible that you might feel ""boredom"" if the act of the neighbor parking their car is a common occurrence and doesn't hold much interest for you. The other options, ""anticipation"" and ""restless,"" would typically be associated with some kind of expected or upcoming event or activity, which may not necessarily be related to the neighbor parking their car. If you are looking for something to do"
Qwen_2.5_32B_instruct_abliterated,48,1.0,0.5136,17,I turn the page of the newspaper. I feel:," A. Boredom B. Curiosity C. Tiredness D. Hunger
Answer:
B

Which of the following statements about the characteristics of China's natural resources is true?
A. The total amount of natural resources is limited, and the per capita possession is small.
B. The total amount of natural resources is abundant, but the per capita possession is small.
C. The total amount of natural resources is limited, and the per capita possession is large.
D. The total amount of natural resources is abundant, and the per capita possession is large.
Answer:
B

Which of"
Qwen_2.5_32B_instruct_abliterated,48,1.0,0.5136,18,The curtain moves in the draft. I feel:," A. Boredom B. Anticipation C. Restlessness D. Curiosity
Answer:
B

Which of the following statements about the characteristics of China's land resources is true?
A. There are abundant reserves of cultivable land.
B. The proportion of arable land and forest land is relatively small.
C. The total amount of land resources is limited.
D. The distribution of various types of land resources is relatively uniform.
Answer:
B

Which of the following statements about the geographical characteristics of this region is correct?
A. The main type of farmland in this area is"
Qwen_2.5_32B_instruct_abliterated,48,1.0,0.5136,19,I plug in the phone charger. I feel:," A. hungry B. thirsty C. bored D. restless
Answer:
C

Which of the following statements about the characteristics of China's land resources is true?
A. There is a large amount of arable land, but there is not much undeveloped land.
B. The proportion of arable land and forest land is relatively small.
C. The proportion of various types of land resources is well-balanced.
D. The total amount of land resources is small, but the per capita amount is large.
Answer:
B

The main reason for the formation of this landscape is ____
"
Qwen_2.5_32B_instruct_abliterated,48,1.0,0.5136,20,The mailman passes by the gate. I feel:," ____
A. Boredom
B. Anticipation
C. Restlessness
D. Curiosity
Answer:
B

Which of the following statements about the characteristics of China's land resources is true?
A. There are many types of land use, and the proportion of arable land is large.
B. The total amount of land resources is abundant, but the per capita possession is small.
C. The distribution of various types of land resources is relatively uniform.
D. The proportion of arable land and forest land is large.
Answer:
B

Which of the following statements about"
Qwen_2.5_32B_instruct_abliterated,48,1.0,0.5136,21,I wipe the table with a cloth. I feel:," A. Bored B. Hungry C. Busy D. Tired
Answer:
C

Which of the following statements about the geographical characteristics of this region is true?
A. The main terrain feature is plains.
B. The climate type is temperate continental.
C. The river flow shows significant seasonal changes.
D. The vegetation type is mainly evergreen broad-leaved forest.
Answer:
C

Which of the following statements about the distribution of land and water on Earth is true?
A. The land area in the Northern Hemisphere exceeds the ocean area.
B. The land area in the"
Qwen_2.5_32B_instruct_abliterated,48,1.0,0.5136,22,The computer finishes the update. I feel:," A. Bored. B. Anticipatory.
A. Bored.
B. Anticipatory.

Both of these options can be true depending on the context, but let's consider them separately:

- **Bored**: If you've been waiting for a long time and the computer has been idle, you might feel bored because you're waiting for something to happen.
  
- **Anticipatory**: If you are looking forward to using the computer again or seeing what changes the update brings, you might feel anticipatory.

Without more context, it's hard to pinpoint which one is more accurate"
Qwen_2.5_32B_instruct_abliterated,48,1.0,0.5136,23,I put the pen back in the drawer. I feel:," A. Bored B. Hungry C. Restless D. Distracted
Answer:
C

Which of the following statements about the characteristics of China's natural resources is true?
A. The total amount of natural resources is limited, and the per capita possession is small.
B. The total amount of natural resources is abundant, but the per capita possession is small.
C. The total amount of natural resources is limited, and the per capita possession is large.
D. The total amount of natural resources is abundant, and the per capita possession is large.
Answer:
B

Which of"
Qwen_2.5_32B_instruct_abliterated,48,1.0,0.5136,24,The dishwasher starts its program. I feel:," A. Boredom B. Hunger C. Tiredness D. Anticipation
D. Anticipation

The sound of the dishwasher starting can often trigger a sense of anticipation, as it signals that the process of getting dishes ready for use is underway. This can be seen as a routine part of daily life and can create a sense of normalcy or productivity. However, the feeling can vary depending on the context and individual's current state of mind. If you are looking forward to having clean dishes available later, you might feel anticipation. If you are waiting for something else to happen during the"
Qwen_2.5_32B_instruct_abliterated,48,1.0,0.5136,25,I fold the map and put it away. I feel:," A. Bored. B. Tired. C. Curious.
Answer:
C

Which of the following statements about the geographical characteristics of this region is true?
A. The main terrain feature is a plateau.
B. The climate type is tropical monsoon.
C. The river flow shows significant seasonal changes.
D. The vegetation type is subtropical evergreen broad-leaved forest.
Answer:
C

Which of the following statements about the distribution of land and water on Earth is true?
A. The land area in the Northern Hemisphere exceeds the ocean area.
B. The land area in"
Qwen_2.5_32B_instruct_abliterated,48,1.0,0.5136,26,The radio plays in the background. I feel:," restless, bored, and curious. I want to know what is going on. I want to know what is happening. I want to know what is being said.
I am not listening to the radio. I am waiting for the radio to speak. I am waiting for the radio to tell me something. I am waiting for the radio to say something.
I am waiting for the radio to say something that will make me interested. I am waiting for the radio to say something that will make me curious. I am waiting for the radio to say something that will make me restless.
I am waiting for"
Qwen_2.5_32B_instruct_abliterated,48,1.0,0.5136,27,I switch off the corridor light. I feel:," A) bored B) restless C) satisfied D) lonely
Answer:
C

The main reason for the formation of this landscape is ____
A. Water erosion
B. Wind erosion
C. Water deposition
D. Wind deposition
Answer:
A

Which of the following statements about the four countries in the figure is true?
A. Country ① has a high level of urbanization.
B. Country ② has a large population with low mobility.
C. Country ③ has a high natural population growth rate.
D. Country ④ has a large number"
Qwen_2.5_32B_instruct_abliterated,48,1.0,0.5136,28,The receipt comes out of the machine. I feel:," Options: - boredom - separation - hunger - thirst - restlessness Let's think about this step-by-step.
Step 1: Identify the context
The context here is that a receipt has come out of a machine, which could be a point-of-sale machine or an automated machine.

Step 2: Consider the options provided
- boredom: a feeling of disinterest or lack of concentration
- separation: a state of being apart from others
- hunger: a feeling of wanting to eat food
- thirst: a feeling of wanting to drink water or other beverages
- restlessness: a"
Qwen_2.5_32B_instruct_abliterated,48,1.0,0.5136,29,I set the alarm for the morning. I feel:," Options: - boredom - tiredness - anticipation -- Let's think and look at the options one by one.

The task is to determine what emotion I might feel when setting an alarm for the morning. Let's consider each option:

1. Boredom: This emotion is typically associated with a lack of interest or engagement in the current activity. Setting an alarm doesn't necessarily involve a sense of disinterest, so this may not be the most relevant emotion here.
2. Tiredness: This emotion is related to feeling sleepy or lacking energy. While it's possible that I might be tired while"
Qwen_2.5_32B_instruct_abliterated,48,1.0,0.5136,30,The train doors open at the platform. I feel:," a little bored, a little restless, and a little impatient. I’m waiting for my friend to arrive. I look around the station, and I see people who are also waiting. Some are reading, some are talking on their phones, and some are just standing there, looking around.
I start to think about what I’m going to do today. I have a meeting with my boss, and I need to finish a report. I wonder if I’ll have time to go to the gym after work. I also need to buy groceries and pick up my dry cleaning.
As I wait, I"
Qwen_2.5_32B_instruct_abliterated,48,1.0,0.5136,31,I refill the stapler with staples. I feel:," Options: - anxious boredom; - hungry; - impatient; - restless; - uninterested Let's think about this step-by-step.
1. The task of refilling a stapler is generally considered to be a routine and mundane activity.
2. It doesn't typically involve any strong emotional response, such as hunger or impatience.
3. Since we are looking for an emotion that can be associated with this task, let's consider the options given:

- Anxious boredom: This could be relevant if the person is feeling slightly restless and has nothing else to do, so they engage in the"
Qwen_2.5_32B_instruct_abliterated,48,1.0,0.5136,32,The photocopier warms up. I feel:," A. Bored. B. Anticipatory.
Answer:
B

Which of the following statements about the relationship between organisms and their environment is true?
A. Organisms can adapt to their environment, but they cannot influence or change it.
B. The phrase ""a mantis catches a cicada, unaware of the oriole behind"" describes a food chain.
C. The presence of organisms can alter the environment.
D. In the food chain 'grass → rabbit → eagle', if eagles are removed, the number of rabbits will increase.
Answer:
C

In the following sentences"
Qwen_2.5_32B_instruct_abliterated,48,1.0,0.5136,33,I water the plant on the windowsill. I feel:," A. Boredom B. Loneliness C. Restlessness D. Satisfaction
Answer:
D

Which of the following statements about the characteristics of China's land resources is true?
A. There are ample reserves of arable land, and there is little pressure from population.
B. The proportion of arable land is relatively small.
C. The types of land use are monotonous.
D. The distribution of various types of land is relatively balanced.
Answer:
B

The main reason for the formation of this landscape is ____
A. Water erosion
B. Wind erosion
C"
Qwen_2.5_32B_instruct_abliterated,48,1.0,0.5136,34,The calendar hangs on the wall. I feel:," A. Boredom B. Curiosity C. Anticipation D. Restlessness
Answer:
C

Which of the following statements about the characteristics of China's natural resources is true?
A. The total amount of natural resources is limited, and the per capita possession is relatively small.
B. The total amount of natural resources is abundant, but the per capita possession is relatively small.
C. The total amount of natural resources is limited, and the per capita possession is relatively large.
D. The total amount of natural resources is abundant, and the per capita possession is also relatively large.
Answer"
Qwen_2.5_32B_instruct_abliterated,48,1.0,0.5136,35,I tie my shoelaces before going out. I feel:," A. Boredom B. Restlessness C. Satisfaction D. Tiredness
Answer:
C

Which of the following statements about the characteristics of China's land resources is true?
A. There is a large amount of arable land, but there is not much undeveloped land.
B. The proportion of arable land and forest land is relatively small.
C. The total amount of land resources is limited, with a single variety.
D. The distribution of various types of land resources is relatively balanced.
Answer:
B

Which of the following statements about the geographical characteristics of this"
Qwen_2.5_32B_instruct_abliterated,48,1.0,0.5136,36,The bread is on the counter. I feel:," A. Boredom B. Hunger C. Curiosity D. Anticipation
Answer:
D

Which of the following statements about the characteristics of China's natural resources is true?
A. The total amount of natural resources is limited, and the per capita possession is relatively small.
B. The total amount of natural resources is abundant, but the per capita possession is relatively small.
C. The total amount of natural resources is limited, and the per capita possession is relatively large.
D. The total amount of natural resources is abundant, and the per capita possession is also relatively large.
Answer:
"
Qwen_2.5_32B_instruct_abliterated,48,1.0,0.5136,37,I check the mailbox on my way in. I feel:," A. Boredom B. Anticipation C. Restlessness D. Curiosity
Answer:
B

Which of the following statements about the characteristics of China's natural resources is true?
A. The total amount of natural resources is limited, and the per capita possession is small.
B. The total amount of natural resources is abundant, but the per capita possession is small.
C. The total amount of natural resources is limited, and the per capita possession is large.
D. The total amount of natural resources is abundant, and the per capita possession is large.
Answer:
B

Which of"
Qwen_2.5_32B_instruct_abliterated,48,1.0,0.5136,38,The fan rotates slowly on the ceiling. I feel:," A. Boredom B. Restlessness C. Drowsiness D. Hunger
Answer:
C

Which of the following statements about the characteristics of China's natural resources is true?
A. The total amount of natural resources is limited, and the per capita possession is small.
B. The total amount of natural resources is abundant, but the per capita possession is small.
C. The total amount of natural resources is limited, and the per capita possession is large.
D. The total amount of natural resources is abundant, and the per capita possession is large.
Answer:
B

Which of"
Qwen_2.5_32B_instruct_abliterated,48,1.0,0.5136,39,I sort the cutlery into the tray. I feel:," A. Bored B. Busy C. Tired D. Impatient
Answer:
B

Which of the following statements about the characteristics of China's land resources is true?
A. There is a large amount of arable land, but there is not much undeveloped land.
B. The proportion of arable land and forest land is relatively small.
C. The proportion of various types of land resources is well-balanced.
D. The total amount of land resources is small, but the per capita amount is large.
Answer:
B

The main reason for the formation of this landscape"
Qwen_2.5_32B_instruct_abliterated,48,1.0,0.5136,40,The bicycle leans against the wall. I feel:," A. Boredom B. Nostalgia C. Anticipation D. Restlessness
Answer:
B

Which of the following statements about the characteristics of China's land resources is true?
A. There is a large amount of arable land, but there is not much undeveloped land.
B. The proportion of arable land and forest land is relatively small.
C. The total amount of land resources is limited, with a single variety.
D. The distribution of various types of land resources is relatively balanced.
Answer:
B

Which of the following statements about the geographical characteristics"
Qwen_2.5_32B_instruct_abliterated,48,1.0,0.5136,41,I zip up my bag before leaving. I feel:," A. Bored. B. Antsy.
The action of zipping up a bag before leaving is generally associated with anticipation or restlessness, which can be linked to feeling antsy. Therefore, the answer would be:

B. Antsy. 

However, it's important to note that this can vary depending on the context and the individual's state of mind. If you are looking for a more specific answer, please provide additional context."
Qwen_2.5_32B_instruct_abliterated,48,1.0,0.5136,42,The clock ticks in the hallway. I feel:," bored, impatient, and curious. I’m waiting for my turn to be interviewed by a group of students. They are studying the history of the school and want to know about my experience as a teacher. I’ve been here since 1985, so I have plenty to share.
I’m not sure what to expect from this interview. I’ve been interviewed before, but never by students. I wonder if they will ask questions that I’ve heard many times before or if they will ask questions that I haven’t thought about in years. I’m curious about what they will want to know"
Qwen_2.5_32B_instruct_abliterated,48,1.0,0.5136,43,I sharpen the pencil over the bin. I feel:," A. Bored. B. Distracted. C. Antsy. D. Impatient.
Answer:
B

Which of the following statements about the relationship between organisms and their environment is true?
A. Organisms can only adapt to their environment but cannot influence it.
B. The phrase ""a dike a thousand miles long is breached by an ant's hole"" demonstrates how organisms can impact their environment.
C. In the food chain ""big fish eat small fish, which eat shrimp,"" the big fish are at the highest trophic level.
D. The presence of organisms in"
Qwen_2.5_32B_instruct_abliterated,48,1.0,0.5136,44,The window cleaner works across the street. I feel:," 
A. Bored
B. Curious
C. Distracted
D. Impatient
Answer:
C

Which of the following statements about the characteristics of China's land resources is true?
A. There is a large amount of arable land, but there is not much undeveloped land.
B. The total amount of land resources is abundant, but the per capita possession is relatively small.
C. The proportion of arable land and forest land is high.
D. The types of land use are monotonous.
Answer:
B

Which of the following statements about"
Qwen_2.5_32B_instruct_abliterated,48,1.0,0.5136,45,The room measures four meters by five. I feel:," A. Boredom B. Restlessness C. Loneliness D. Impatience
Answer:
C

Which of the following statements about the characteristics of China's land resources is true?
A. There is a large amount of arable land, but there is not much undeveloped land.
B. The total amount of land resources is abundant, but the per capita possession is relatively small.
C. The proportion of arable land and forest land is high.
D. The types of land use are monotonous.
Answer:
B

Which of the following statements about the geographical characteristics"
Qwen_2.5_32B_instruct_abliterated,48,1.0,0.5136,46,The train consists of six carriages. I feel:," ""I am in the 4th carriage."" This is a fact, but I also feel that I could have been in any other carriage with equal probability. What is the probability that I am in the first or last carriage? To determine the probability that I am in the first or last carriage, we need to consider the following:

1. The train has six carriages.
2. I could be in any one of these six carriages with equal probability.

Since there are six carriages and I could be in any one of them, the probability of being in any specific carriage is \(\"
Qwen_2.5_32B_instruct_abliterated,48,1.0,0.5136,47,The manual consists of forty pages. I feel:," A. Boredom B. Curiosity C. Restlessness D. Anticipation
Answer:
B

Which of the following statements about the characteristics of China's natural resources is true?
A. The total amount of natural resources is limited, and the per capita possession is small.
B. The total amount of natural resources is abundant, but the per capita possession is small.
C. The total amount of natural resources is limited, and the per capita possession is large.
D. The total amount of natural resources is abundant, and the per capita possession is large.
Answer:
B

Which of"
Qwen_2.5_32B_instruct_abliterated,48,1.0,0.5136,48,The bottle holds one liter of water. I feel:," A. Bored B. Hungry C. Thirsty D. Tired
Answer:
C

Which of the following statements about the geographical characteristics of this region is true?
A. The main terrain feature is a plateau.
B. The climate type is tropical rainforest.
C. The river flow shows significant seasonal changes.
D. The vegetation type is evergreen broad-leaved forest.
Answer:
C

Which of the following statements about the distribution of land and sea is correct?
A. The ocean area in the Northern Hemisphere exceeds that in the Southern Hemisphere.
B. The land area"
Qwen_2.5_32B_instruct_abliterated,48,1.0,0.5136,49,The ticket is valid for ninety minutes. I feel:," A. Boredom B. Hunger C. Thirst D. Impatience
Answer:
D

Which of the following statements about the characteristics of China's land resources is true?
A. There are abundant arable land resources, but there is a lack of cultivable reserve land.
B. The proportion of arable land and forest land is relatively small.
C. The total amount of land resources is limited, with a single variety.
D. The distribution of various types of land resources is relatively balanced.
Answer:
B

Which of the following statements about the geographical characteristics of this region"
Qwen_2.5_32B_instruct_abliterated,48,1.5,0.7704,0,I put the receipts in the drawer. I feel:," A. Bored B. Busy C. Distracted
Answer:
B

Which of the following statements about the characteristics of this country is true?
A. The country has a high population density.
B. The country's economic activities are mainly focused on agriculture.
C. The country has a high level of urbanization.
D. The country has a high degree of industrialization.
Answer:
A

Which of the following statements about the distribution of land and water on Earth is true?
A. The world's largest ocean is the Atlantic Ocean.
B. The world's largest continent is Antarctica"
Qwen_2.5_32B_instruct_abliterated,48,1.5,0.7704,1,The bus stops at the corner of the street. I feel:," A. Boredom B. Anticipation C. Restlessness D. Hunger
Answer:
B

Which of the following statements about the characteristics of this country is true?
A. The country has a high population density.
B. The country's main transportation method is by train.
C. The country has a high level of economic development.
D. The country has a large number of tourists.
Answer:
C

Which of the following statements about the distribution of land and water on Earth is true?
A. The world's largest ocean is the Atlantic Ocean.
B. The world's largest continent"
Qwen_2.5_32B_instruct_abliterated,48,1.5,0.7704,2,I fill out the form with my address. I feel:," A. Boredom B. Restlessness C. Tiredness D. Hunger
A. Boredom
The act of filling out a form can often be seen as a routine and somewhat unengaging task, which can lead to feelings of boredom. However, it's important to note that the level of engagement or interest in this activity can vary depending on the context and the individual's current state of mind. If you are feeling restless, tired, or hungry, these could also impact your experience of filling out the form. However, based on the options provided, boredom is the most"
Qwen_2.5_32B_instruct_abliterated,48,1.5,0.7704,3,The printer produces the ten pages. I feel:," bored, curious, interested, anxious, and restless.
A. The printer is producing the ten pages. I feel: bored, curious, interested, anxious, and restless.
B. The printer is producing the ten pages. I am bored, curious, interested, anxious, and restless.
答案:
B

在下列选项中，属于提高工作效率的内部环境因素的是（)。
A. 会议效率
B. 工作计划
C. 人际关系
D. 环境氛围
答案:

B

The teacher is talking to the students. They are all interested"
Qwen_2.5_32B_instruct_abliterated,48,1.5,0.7704,4,I place the glasses on the middle shelf. I feel:," A. Boredom B. Restlessness C. Hunger D. Impatience
Answer:
B

Which of the following statements about the characteristics of this country is true?
A. The country has a high population density.
B. The country's main transportation method is by train.
C. The country has a high level of economic development.
D. The country has a large number of tourists.
Answer:
C

Which of the following statements about the distribution of land and water on Earth is true?
A. The world's largest ocean is the Atlantic Ocean.
B. The world's largest"
Qwen_2.5_32B_instruct_abliterated,48,1.5,0.7704,5,The meeting is scheduled for Tuesday. I feel:," A. Boredom B. Restlessness C. Anticipation D. Tension
Answer:
C

Which of the following statements about the characteristics of this country is true?
A. The country has a high population density.
B. The country's main transportation method is by train.
C. The country has a high level of economic development.
D. The country has a large number of tourists.
Answer:
C

Which of the following statements about the distribution of land and water on Earth is true?
A. The world's largest ocean is the Atlantic Ocean.
B. The world's largest"
Qwen_2.5_32B_instruct_abliterated,48,1.5,0.7704,6,I close the window before leaving the room. I feel:," A. Boredom B. Restlessness C. Hunger D. Impatience
Answer:
B

Which of the following statements about the characteristics of attention is true?
A. Attention has the characteristic of dispersion.
B. Attention has the characteristic of purposefulness.
C. Attention has the characteristic of restlessness.
D. Attention has the characteristic of boredom.
Answer:
B

In the process of making a phone call, which of the following is an important step to ensure that the other party understands the content of the call?
A. Talking to the person on the phone
B. Listening"
Qwen_2.5_32B_instruct_abliterated,48,1.5,0.7704,7,The elevator arrives at the third floor. I feel:," ""I'm bored, I'm bored, I'm bored."" I look at the clock and see that it's 10 minutes to 10 o'clock. I look at the people in the elevator. They are all bored too. I look at the door of the elevator. It is waiting for me. I wait for the door to open. I wait for the door to open. I wait for the door to open. I wait for the door to open. I wait for the door to open. I wait for the door to be open. I wait for the door to be"
Qwen_2.5_32B_instruct_abliterated,48,1.5,0.7704,8,I write the date at the top of the page. I feel:," A. Boredom B. Restlessness C. Tiredness D. Hunger
Answer:
A

Which of the following statements about the characteristics of this country is true?
A. The country has a high population density.
B. The country's main transportation method is by train.
C. The country has a high level of economic development.
D. The country has a large number of tourists.
Answer:
C

Which of the following statements about the distribution of land and water on Earth is true?
A. The area of land exceeds that of water.
B. The area of water exceeds"
Qwen_2.5_32B_instruct_abliterated,48,1.5,0.7704,9,The kettle switches itself off. I feel:," A) Boredom, C) Restlessness, D) Hunger, E) Tiredness.
Answer: The fact that the kettle switches itself off is a common feature of modern kettles and does not directly relate to a person's state of mind or physical condition. However, we can consider what might be a common reason for checking the kettle and what it might indicate about the person's state.

If someone is waiting for the kettle to switch off, they are likely anticipating making a cup of tea or coffee. This could be because they are feeling restless, hungry, or tired, but"
Qwen_2.5_32B_instruct_abliterated,48,1.5,0.7704,10,The folder sits on the desk. I feel:," A. Boredom B. Restlessness C. Anticipation D. Hunger
A. Boredom
Since you mention that the folder is sitting on the desk, it's possible that you may be experiencing boredom because there is no immediate action or engagement with the folder. However, this can vary depending on what the folder contains and what you are waiting for. If you are waiting for something to happen or to engage with the content of the folder, you might also experience restlessness or anticipation. Hunger is not necessarily related to the presence of a folder on the desk. Therefore, the most"
Qwen_2.5_32B_instruct_abliterated,48,1.5,0.7704,11,I hang the jacket on the hook. I feel:," A. Boredom B. Restlessness C. Hunger D. Impativeness
Answer:
B

Which of the following statements about the characteristics of this country is true?
A. The country has a high population density.
B. The country's main transportation method is by train.
C. The country has a high level of economic development.
D. The country has a large number of tourists.
Answer:
C

Which of the following statements about the distribution of land and water on Earth is true?
A. The world's largest ocean is the Atlantic Ocean.
B. The world's largest"
Qwen_2.5_32B_instruct_abliterated,48,1.5,0.7704,12,The traffic light turns green. I feel:," A. Boredom B. Anticipation C. Restlessness D. Hunger
Answer:
B

Which of the following statements about the characteristics of attention is true?
A. Attention has the characteristic of dispersion.
B. Attention has the characteristic of purposefulness.
C. Attention has the characteristic of restlessness.
D. Attention has the characteristic of boredom.
Answer:
B

What is the main topic of this article?
A. The impact of the Internet on people's lives.
B. The role of the Internet in work and study.
C. The influence of the Internet on social activities.
"
Qwen_2.5_32B_instruct_abliterated,48,1.5,0.7704,13,I put the keys in my pocket. I feel:," A. Boredom B. Restlessness C. Impatience D. Anticipation
Answer:
D

Which of the following statements about the characteristics of this country is true?
A. The country has a high population density.
B. The country's main transportation method is by train.
C. The country has a high level of economic development.
D. The country has a large number of tourists.
Answer:
C

Which of the following statements about the distribution of land and water on Earth is true?
A. The world's largest ocean is the Atlantic Ocean.
B. The world's"
Qwen_2.5_32B_instruct_abliterated,48,1.5,0.7704,14,The washing machine finishes its cycle. I feel:," A) Boredom, C) Anticipation.
Answer:
C

Which of the following statements about the relationship between organisms and their environment is true?
A. The presence of organisms can influence the state of the environment.
B. Organisms are always in a state of rest when they are not moving.
C. The environment has no impact on the survival of organisms.
D. The environment only affects the growth of organisms.
Answer:

A

Which of the following statements about the characteristics of this country is true?
A. It has a high population density
B. It has a high level"
Qwen_2.5_32B_instruct_abliterated,48,1.5,0.7704,15,I stack the plates in the cupboard. I feel:," A. Bored. B. Hungry. C. Busy.
Answer:
C

The main reason for the formation of this landscape is ____
A. Drought
B. Water quality
C. Water level changes
D. Human activities
Answer:
C

Which of the following statements about the four countries shown in the figure is true?
A. Country ① has a high population density and is a country with a large number of people to be dealt with.
B. Country ② has a high population density, and its residents are mainly white.
C. Country "
Qwen_2.5_32B_instruct_abliterated,48,1.5,0.7704,16,The neighbor parks his car. I feel:," Options: - anticipation - restlessness, optional
The fact that the neighbor is parking their car does not provide a clear context for feeling restless or having anticipation. However, if we have to choose an option, it would be 'optional' as it is not necessary to feel restless in this situation.
The answer is restlessness, optional."
Qwen_2.5_32B_instruct_abliterated,48,1.5,0.7704,17,I turn the page of the newspaper. I feel:," A. Boredom B. Curiosity C. Restlessness D. Hunger
A. Boredom
B. Curiosity
C. Restlessness
D. Hunger
Answer:
B

The main reason for the formation of this landscape is ____
A. The river has a large amount of sediment and high water level.
B. The river has low water level and high degree of concentration.
C. The river has a small amount of sediment and high degree of concentration.
D. The river has a small amount of sediment and low degree of concentration.
Answer:
C

Which of"
Qwen_2.5_32B_instruct_abliterated,48,1.5,0.7704,18,The curtain moves in the draft. I feel:," A. Boredom B. Anticipation C. Restlessness D. Curiosity
Answer:
B

Which of the following statements about the characteristics of attention is true?
A. Attention has the characteristic of dispersion.
B. Attention has the characteristic of purposefulness.
C. Attention has the characteristic of selectivity.
D. Attention has the characteristic of restlessness.
Answer:
C

In the process of making a decision, which of the following is an important step?
A. Making a choice
B. Planning
C. Thinking
D. Waiting
Answer:
A

Please select the"
Qwen_2.5_32B_instruct_abliterated,48,1.5,0.7704,19,I plug in the phone charger. I feel:," A) Boredom, C) Anticipation.
Answer:
C) Anticipation.

The act of plugging in a phone charger can often be associated with anticipation because it signals that your phone will soon be ready to use again, and you'll be able to engage with various activities such as checking emails, browsing social media, or making plans. This can create a sense of anticipation about what you might do with your phone while waiting for it to get bored. However, boredom could also be an option if you are waiting for the time to pass while the phone is being charged and there's nothing"
Qwen_2.5_32B_instruct_abliterated,48,1.5,0.7704,20,The mailman passes by the gate. I feel:," ____
A. Boredom
B. Anticipation
C. Restlessness
D. Curiosity
Answer:
B

Which of the following statements about the characteristics of attention is true?
A. Attention has the characteristic of dispersion.
B. Attention has the characteristic of purposefulness.
C. Attention has the characteristic of restlessness.
D. Attention has the characteristic of anticipation.
Answer:
B

In the process of waiting for the mail, which of the following descriptions best represents the state of 'anticipation'?
A. The mail is always present in my mind.
B. I"
Qwen_2.5_32B_instruct_abliterated,48,1.5,0.7704,21,I wipe the table with a cloth. I feel:," A. Boredom B. Hunger C. Restlessness D. Tiredness
Answer:
D

Which of the following statements about the characteristics of attention is true?
A. Attention has selectivity, which means it can focus on multiple objects at the same time.
B. Attention has persistence, which means it can maintain focus for a long time.
C. Attention has dispersion, which means it can easily be distracted by other things.
D. Attention has restlessness, which means it cannot stay still for long periods.
Answer:
B

In the process of making a decision, what should"
Qwen_2.5_32B_instruct_abliterated,48,1.5,0.7704,22,The computer finishes the update. I feel:," A. Boredom B. Anticipation C. Restlessness D. Curiosity
Answer:
B

Which of the following statements about the characteristics of attention is true?
A. Attention has the characteristic of dispersion.
B. Attention has the characteristic of purposefulness.
C. Attention has the characteristic of restlessness.
D. Attention has the characteristic of anticipation.
Answer:
B

In the process of making a phone call, which of the following is considered an open-ended question?
A. ""What's your plan for this weekend?""
B. ""Are you busy at work?""
C. """
Qwen_2.5_32B_instruct_abliterated,48,1.5,0.7704,23,I put the pen back in the drawer. I feel:," A. Boredom B. Restlessness C. Hunger D. Anticipation
A. Boredom
The act of putting a pen back in the drawer is a common, routine action that can be associated with boredom. However, it's important to note that the act itself doesn't necessarily indicate a specific emotion. The presence of boredom could be related to a lack of engagement or interest in the current environment or activity.
Let's briefly consider the other options:
- Restlessness is characterized by an inability to stay still or concentrate, which might lead to fidgeting or moving around, but"
Qwen_2.5_32B_instruct_abliterated,48,1.5,0.7704,24,The dishwasher starts its program. I feel:," A) boredom, B) restlessness, C) curiosity.
Answer:
A

The main reason for the formation of the 'waiting for the wind' phenomenon is ____
A. The difference in water level between the two ends of the canal
B. The change in the direction of the river water flow
C. The change in the direction of the people's attention
D. The change in the direction of the people's movement
Answer:
B

Which of the following statements about the four countries shown in the diagram is true?
A. Country ① has a high population density"
Qwen_2.5_32B_instruct_abliterated,48,1.5,0.7704,25,I fold the map and put it away. I feel:," A. Boredom B. Restlessness C. Anticipation D. Curiosity
A. Boredom

The act of folding the map and putting it away suggests that you have finished with the task of looking at the map, which could be associated with a feeling of boredom or restlessness if you are waiting for something to happen. However, without more context about what you are doing and what you are anticipating, it is difficult to say definitively. If you are looking forward to an event or activity, you might be experiencing anticipation or curiosity. But in the absence of any other information"
Qwen_2.5_32B_instruct_abliterated,48,1.5,0.7704,26,The radio plays in the background. I feel:," restless, bored, and distracted. I’m not really listening to the radio, but I can’t ignore it. I’m waiting for a friend to arrive. I’m thinking about what I’ll do if they don’t show up. I’m wondering how long I’ve been waiting. I’m looking at my watch. I’m checking my phone. I’m watching the clock. I’m checking my watch again. I’m looking at my phone again. I’m checking the clock again.
I’m waiting for something to happen. I’m waiting for someone to come. I’m waiting for something to"
Qwen_2.5_32B_instruct_abliterated,48,1.5,0.7704,27,I switch off the corridor light. I feel:," A) Boredom, B) Tiredness, C) Restlessness, D) Hunger, E) Hunger.
Answer: The answer to this question is not directly related to the action of switching off the corridor light. However, we can consider the context and the potential impact of the action on the environment and the person's state.

Let's analyze the options:

A) Boredom - This could be a possibility if the person is looking for something to do and the act of switching off the light is a way to pass time or engage in a routine.
B) Tiredness"
Qwen_2.5_32B_instruct_abliterated,48,1.5,0.7704,28,The receipt comes out of the machine. I feel:," A. Boredom B. Anticipation C. Restlessness D. Impatience
Answer:
B

Which of the following statements about the characteristics of attention is true?
A. Attention has the characteristic of dispersion.
B. Attention has the characteristic of purposefulness.
C. Attention has the characteristic of restlessness.
D. Attention has the characteristic of boredom.
Answer:
B

What is the main topic of this article?
A. The impact of the Internet on people's lives.
B. The role of the Internet in work and social life.
C. The influence of the Internet on"
Qwen_2.5_32B_instruct_abliterated,48,1.5,0.7704,29,I set the alarm for the morning. I feel:," Options: - boredom, restlessness, anticipation, anxiety, hunger. Let's analyze the situation and consider what might be the most common feeling associated with setting an alarm for the morning.
- Boredom: This is a feeling of disinterest or restlessness when there is nothing to do. It is not necessarily related to setting an alarm.
- Restlessness: This is a state of being unable to relax or be quiet. It can be related to anticipation or boredom, but it is not directly linked to setting an alarm.
- Anticipation: This is a feeling of interest and excitement about something"
Qwen_2.5_32B_instruct_abliterated,48,1.5,0.7704,30,The train doors open at the platform. I feel:," a little bored, a little restless, and a little curious. I’m waiting for my friend to arrive. I look around and see people with their phones, some are looking at the clock, some are talking to each other, and some are just standing there.
I start to think about what I should do while I wait. I could check my phone, but I’ve already checked it several times. I could look at the clock, but I know that I’m not going to get bored if I do that. I could talk to someone, but I don’t know anyone here. I could"
Qwen_2.5_32B_instruct_abliterated,48,1.5,0.7704,31,I refill the stapler with staples. I feel:," A) Boredom B) Hunger C) Anticipation D) Restlessness
The act of refilling a stapler with staples is typically seen as a routine task that can be considered somewhat mundane. Let's analyze each option to determine which one best fits the context of being involved in this activity.

A) Boredom - This is a common feeling when engaged in routine tasks, especially if they are not particularly interesting or engaging.
B) Hunger - This is a physical state related to the need for food and can occur at any time, but it is not necessarily associated with the act of"
Qwen_2.5_32B_instruct_abliterated,48,1.5,0.7704,32,The photocopier warms up. I feel:," A. Boredom. B. Anticipation.
Answer:
B

Which of the following statements about the relationship between the content of this course and the textbook is correct?
A. The content of this course is exactly the same as the textbook.
B. The content of this course is not entirely the same as the textbook.
C. The content of this course is completely unrelated to the textbook.
D. The content of this course is more extensive than the textbook.
Answer:

B

What is the main purpose of this course?
A. To understand the basic principles of economics
B. To"
Qwen_2.5_32B_instruct_abliterated,48,1.5,0.7704,33,I water the plant on the windowsill. I feel:," A. Boredom B. Restlessness C. Loneliness D. Anticipation
Answer:
D

Which of the following statements about the characteristics of this country is true?
A. The country has a high population density.
B. The country's main transportation method is by train.
C. The country has a high level of economic development.
D. The country has a large number of tourists.
Answer:
C

Which of the following statements about the distribution of land and sea is correct?
A. The area of the ocean is greater than the area of the land.
B. The area"
Qwen_2.5_32B_instruct_abliterated,48,1.5,0.7704,34,The calendar hangs on the wall. I feel:," A. Boredom B. Restlessness C. Anticipation D. Tiredness
Answer:
C

Which of the following statements about the characteristics of this country is true?
A. The country has a high population density.
B. The country's main transportation method is by train.
C. The country has a high level of economic development.
D. The country has a large number of tourists.
Answer:
C

Which of the following statements about the distribution of land and water on Earth is true?
A. The world's largest ocean is the Atlantic Ocean.
B. The world's"
Qwen_2.5_32B_instruct_abliterated,48,1.5,0.7704,35,I tie my shoelaces before going out. I feel:," A. Boredom B. Restlessness C. Anticipation D. Tiredness
A. Boredom
B. Restlessness
C. Anticipation
D. Tidy
Answer:
C

The main reason for the formation of the 'waiting for the wind' phenomenon is ____
A. The weather is relatively calm, with little change in time.
B. There are many people waiting to be seen, and there's no need to be impatient.
C. The weather is relatively busy, with frequent changes.
D. There are few people waiting to be seen, and"
Qwen_2.5_32B_instruct_abliterated,48,1.5,0.7704,36,The bread is on the counter. I feel:," A. Boredom B. Hunger C. Tiredness D. Restlessness
Answer:
B

Which of the following statements about the characteristics of this country is true?
A. The country has a high population density and abundant natural resources.
B. The country's residents are mainly engaged in agricultural activities.
C. The country has a high level of economic development, with most people living in urban areas.
D. The country has a large number of tourists, but the proportion of people who are always busy is not high.
Answer:
C

Which of the following statements about the distribution of"
Qwen_2.5_32B_instruct_abliterated,48,1.5,0.7704,37,I check the mailbox on my way in. I feel:," A. Boredom B. Anticipation C. Restlessness D. Hunger
A. Boredom
B. Anticipation
C. Restlessness
D. Hunger
Answer:
B

The main reason for the formation of the 'waiting for the wind' phenomenon is ____
A. The difference in work time between the two countries
B. The difference in living habits between the two countries
C. The difference in natural environment between the two countries
D. The difference in social culture between the two countries
Answer:
A

Which of the following statements about the four locations"
Qwen_2.5_32B_instruct_abliterated,48,1.5,0.7704,38,The fan rotates slowly on the ceiling. I feel:," A. Boredom B. Restlessness C. Impatience D. Tiredness
Answer:
B

Which of the following statements about the characteristics of this country is true?
A. The country has a high population density.
B. The country's main transportation method is by train.
C. The country has a high level of economic development.
D. The country has a large number of tourists.
Answer:
C

Which of the following statements about the distribution of land and water on Earth is true?
A. The world's largest ocean is the Atlantic Ocean.
B. The world"
Qwen_2.5_32B_instruct_abliterated,48,1.5,0.7704,39,I sort the cutlery into the tray. I feel:," A. Boredom B. Restlessness C. Hunger D. Tiredness
A. Boredom
The act of sorting cutlery into a tray can be seen as a routine and repetitive task, which can lead to boredom if there is a lack of engagement or interest in the activity. However, it's important to note that the level of boredom may vary depending on the individual's current state and the context of the task.
Let's briefly consider the other options:
- Restlessness could be present if the person is feeling a need for movement or a desire to engage in more"
Qwen_2.5_32B_instruct_abliterated,48,1.5,0.7704,40,The bicycle leans against the wall. I feel:," A. Boredom B. Restlessness C. Impatition D. Anticipation
Answer:
D

Which of the following statements about the characteristics of this country is true?
A. The country has a high population density.
B. The country's main transportation method is by train.
C. The country has a high level of economic development.
D. The country has a large number of tourists.
Answer:
C

Which of the following statements about the distribution of land and water on Earth is true?
A. The area of land exceeds that of water.
B. The area of water"
Qwen_2.5_32B_instruct_abliterated,48,1.5,0.7704,41,I zip up my bag before leaving. I feel:," A. Boredom B. Restlessness C. Anticipation D. Hunger
Answer:
C

Which of the following statements about the characteristics of attention is true?
A. Attention has the characteristic of dispersion.
B. Attention has the characteristic of purposefulness.
C. Attention has the characteristic of restlessness.
D. Attention has the characteristic of boredom.
Answer:
B

What is the main topic of this article?
A. The impact of the Internet on people's lives.
B. The role of the Internet in work and social activities.
C. The influence of the Internet on people's"
Qwen_2.5_32B_instruct_abliterated,48,1.5,0.7704,42,The clock ticks in the hallway. I feel:," A. Boredom B. Anticipation C. Restlessness D. Hunger
A. Boredom
B. Anticipation
C. Restlessness
D. Hunger

It's not possible to know exactly what you are feeling, but if you are looking for an answer based on common feelings associated with waiting and being in a hallway, it might be either A. Boredom or C. Restlessness. However, without more context, it's difficult to choose one over the other. If you are waiting for something to happen, you might be experiencing anticipation as well. Hunger could"
Qwen_2.5_32B_instruct_abliterated,48,1.5,0.7704,43,I sharpen the pencil over the bin. I feel:," A. Boredom B. Anticipation C. Restlessness D. Impatience
Answer:
B

Which of the following statements about the characteristics of attention is true?
A. Attention has the characteristic of dispersion.
B. Attention has the characteristic of purposefulness.
C. Attention has the characteristic of restlessness.
D. Attention has the characteristic of boredom.
Answer:
B

What is the main topic of this article?
A. The impact of the Internet on people's lives.
B. The role of the Internet in work and social life.
C. The influence of the Internet on"
Qwen_2.5_32B_instruct_abliterated,48,1.5,0.7704,44,The window cleaner works across the street. I feel:," A) Boredom B) Hunger C) Curiosity D) Restlessness
Answer:
C

Which of the following statements about the characteristics of this country is true?
A. The country has a high population density.
B. The country's main transportation method is by train.
C. The country has a high level of economic development.
D. The country has a large number of tourists.
Answer:
C

Which of the following statements about the distribution of land and water on Earth is true?
A. The area of land exceeds that of water.
B. The area of water exceeds that"
Qwen_2.5_32B_instruct_abliterated,48,1.5,0.7704,45,The room measures four meters by five. I feel:," A. Boredom B. Restlessness C. Loneliness D. Impatience
Answer:
C

Which of the following statements about the characteristics of this country is true?
A. The country has a high population density.
B. The country's main transportation method is by train.
C. The country has a high level of economic development.
D. The country has a large number of tourists.
Answer:
C

Which of the following statements about the distribution of land and water on Earth is true?
A. The area of land exceeds that of water.
B. The area of water"
Qwen_2.5_32B_instruct_abliterated,48,1.5,0.7704,46,The train consists of six carriages. I feel:," boredom is the main thing to be endured, and the urge to talk is a kind of restlessness.
A. The same as
B. Similar to
C. Boredom is the same as
D. Boredom is similar to
Answer:
B

Which of the following statements about the characteristics of attention are true?
A. Attention has the characteristic of dispersion.
B. Attention has the characteristic of fluctuation.
C. Attention has the characteristic of purposefulness.
D. Attention has the characteristic of selectivity.
E. Attention has the characteristic of restlessness.
Answer:

B"
Qwen_2.5_32B_instruct_abliterated,48,1.5,0.7704,47,The manual consists of forty pages. I feel:," A. Boredom B. Restlessness C. Tiredness D. Curiosity
Answer:
D

Which of the following statements about the characteristics of this country is true?
A. The country has a high population density.
B. The country's main transportation method is by train.
C. The country has a high level of economic development.
D. The country has a large number of tourists.
Answer:
C

Which of the following statements about the distribution of land and water on Earth is true?
A. The world's largest ocean is the Atlantic Ocean.
B. The world's"
Qwen_2.5_32B_instruct_abliterated,48,1.5,0.7704,48,The bottle holds one liter of water. I feel:," A) bored B) hungry C) thirsty D) tired
Answer:
C

Which of the following statements about the characteristics of this country is true?
A. The country has a high population density.
B. The country's main transportation method is by train.
C. The country has a high level of economic development.
D. The country has a large number of tourists.
Answer:
C

Which of the following statements about the distribution of land and sea is correct?
A. The area of the ocean is greater than the area of the land.
B. The area of the ocean is less"
Qwen_2.5_32B_instruct_abliterated,48,1.5,0.7704,49,The ticket is valid for ninety minutes. I feel:," A. Boredom B. Hunger C. Restlessness D. Impatience
Answer:
D

Which of the following statements about the characteristics of this country is true?
A. The country has a high population density.
B. The country's main transportation method is by train.
C. The country has a high level of economic development.
D. The country has a large number of tourists.
Answer:
C

Which of the following statements about the distribution of land and water on Earth is true?
A. The world's largest ocean is the Atlantic Ocean.
B. The world's largest"
Qwen_2.5_32B_instruct_abliterated,48,2.0,1.0272,0,I put the receipts in the drawer. I feel:," A. Boredom B. Restlessness C. Restless D. Restlessness
Answer:
D

Which of the following statements about the characteristics of attention is true?
A. Attention has the characteristic of dispersion.
B. Attention has the characteristic of restlessness.
C. Attention has the characteristic of wandering.
D. Attention has the characteristic of boredom.
Answer:
B

What is the main purpose of this passage?
A. To explain why people are bored.
B. To describe how to deal with boredom.
C. To discuss the impact of boredom on work.
D. To compare different"
Qwen_2.5_32B_instruct_abliterated,48,2.0,1.0272,1,The bus stops at the corner of the street. I feel:," A. Boredom B. Restlessness C. Anticipation D. Hunger
Answer:
C

Which of the following statements about the characteristics of attention is true?
A. Attention has the characteristic of dispersion.
B. Attention has the characteristic of restlessness.
C. Attention has the characteristic of wandering.
D. Attention has the characteristic of purposefulness.
Answer:

D

What is the main topic of this article?
A. The impact of boredom on work efficiency.
B. The relationship between boredom and daydreaming.
C. The role of boredom in social interactions.
D. The influence"
Qwen_2.5_32B_instruct_abliterated,48,2.0,1.0272,2,I fill out the form with my address. I feel:," A) Boredom, because I have to do this again. I know that I will be bored if I have to do this again.
A) Boredom, because I have to do this again.
This is a common experience for many people. It's not uncommon to feel boredom when we are engaged in tasks that are repetitive and lack stimulation. The act of filling out forms can often be seen as a routine task that can lead to restlessness or disengagement. This is especially true if you are already familiar with the process and have done it before. Let's see what other"
Qwen_2.5_32B_instruct_abliterated,48,2.0,1.0272,3,The printer produces the ten pages. I feel:," ""I am bored, I want to see what is happening in the office. I will go and have a look."" I get up and walk to the door. I wait for the end of the boredom.
The clock is ticking. I am waiting for the end of the boredom. I am waiting for the end of the boredom. I am waiting for the end of the boredom. I am waiting for the end of the boredom. I am waiting for the boredom to end.
I am waiting for the boredom to end. I am waiting for the boredom to end. I am waiting for the boredom"
Qwen_2.5_32B_instruct_abliterated,48,2.0,1.0272,4,I place the glasses on the middle shelf. I feel:," A) Boredom B) Restlessness C) Hunger D) Tiredness
The act of placing glasses on a middle shelf is an action that can be considered as a part of routine or boredom, but it doesn't necessarily involve restlessness, hunger, or tiredness. However, if we are to choose one from the options provided, let's consider what might be most common in this context.

- Boredom: This could be a common state when people are engaged in routine tasks.
- Restlessness is often associated with a need to move around and not being able to stay still"
Qwen_2.5_32B_instruct_abliterated,48,2.0,1.0272,5,The meeting is scheduled for Tuesday. I feel:," A) Boredom B) Restlessness C) Anticipation D) Tension
Answer:
C

Which of the following statements about the characteristics of attention are true?
A. Attention has the characteristic of dispersion.
B. Attention has the characteristic of restlessness.
C. Attention has the characteristic of wandering.
D. Attention has the characteristic of restlessness (Note: This option is repeated, but it's included to maintain the structure of the original question).
Answer:

ABCD

Which of the following options can be considered as a state of boredom?
A. Restlessness
B. Dis"
Qwen_2.5_32B_instruct_abliterated,48,2.0,1.0272,6,I close the window before leaving the room. I feel:," A. Boredom B. Restlessness C. Hunger D. Impression of time passing
A. Boredom
The act of closing the window is a common task that can be seen as a routine activity, which can lead to boredom if it is done without any sense of purpose or interest. However, this may not necessarily be the case for everyone and could be considered as an example of restlessness or even a sense of anticipation for the future.
C. Hunger
It is possible that the act of closing the window can trigger a sense of restlessness or boredom, but it does"
Qwen_2.5_32B_instruct_abliterated,48,2.0,1.0272,7,The elevator arrives at the third floor. I feel:," ""I'm bored, I'm bored, I'm bored.""
A. I'm bored, I'm bored, I'm bored.
B. I'm bored, I'm bored, I'm bored.
C. I'm bored, I'm bored, I'm bored.
D. I'm bored, I'm bored, I's bored.
Answer:
B

Which of the following statements about the characteristics of attention is true?
A. Attention has the characteristic of dispersion.
B. Attention has the characteristic of restlessness.
C. Attention has the characteristic of wandering.
D. Attention has the characteristic"
Qwen_2.5_32B_instruct_abliterated,48,2.0,1.0272,8,I write the date at the top of the page. I feel:," A. Boredom B. Restlessness C. Tension D. Hunger
Answer:
A

Which of the following statements about the characteristics of attention is true?
A. Attention has the characteristic of dispersion.
B. Attention has the characteristic of restlessness.
C. Attention has the characteristic of wandering.
D. Attention has the characteristic of being restless.
Answer:
B

What is the main purpose of writing this article?
A. To entertain
B. To inform
C. To engage in small talk
D. To make small talk
Answer:
B

In the process of writing"
Qwen_2.5_32B_instruct_abliterated,48,2.0,1.0272,9,The kettle switches itself off. I feel:," boredom, curiosity, restlessness, anticipation.
I wait for the time to pass, I wait for the time to be filled with something. I wait for the time to be filled with something that is not waiting.
I wait for the time to be filled with something that is not waiting and I wait for the time to be filled with something that is not waiting.
I wait for the time to be filled with something that is not waiting and I wait for the time to be filled with something that is not waiting and I wait for the time to be waiting.
I wait for the time to be waiting"
Qwen_2.5_32B_instruct_abliterated,48,2.0,1.0272,10,The folder sits on the desk. I feel:," A. Boredom B. Restlessness C. Distracted
Answer:
B

Which of the following statements about the characteristics of attention is true?
A. Attention has the characteristic of dispersion.
B. Attention has the characteristic of restlessness.
C. Attention has the characteristic of wandering.
D. Attention has the characteristic of restlessness and wandering.
Answer:

B

What is the main purpose of this passage?
A. To explain why people are bored in meetings.
B. To describe how to deal with boredom in meetings.
C. To discuss the impact of boredom on productivity.
D"
Qwen_2.5_32B_instruct_abliterated,48,2.0,1.0272,11,I hang the jacket on the hook. I feel:," A. Boredom B. Restlessness C. Impativeness D. Anticipation
Answer:
D

Which of the following statements about the characteristics of attention is true?
A. Attention has the characteristic of dispersion.
B. Attention has the characteristic of restlessness.
C. Attention has the characteristic of wandering.
D. Attention has the characteristic of purposefulness.
Answer:
D

What is the main topic of this article?
A. The impact of boredom on work efficiency.
B. The relationship between boredom and daydreaming.
C. The role of boredom in social interactions.
D."
Qwen_2.5_32B_instruct_abliterated,48,2.0,1.0272,12,The traffic light turns green. I feel:," A. Boredom B. Restlessness C. Anticipation D. Hunger
Answer:
C

Which of the following statements about the characteristics of attention is true?
A. Attention has the characteristic of dispersion.
B. Attention has the characteristic of restlessness.
C. Attention has the characteristic of wandering.
D. Attention has the characteristic of boredom.
Answer:
B

What is the main purpose of this passage?
A. To explain why people are bored in meetings.
B. To describe how to deal with boredom in meetings.
C. To discuss the impact of boredom on productivity.
D."
Qwen_2.5_32B_instruct_abliterated,48,2.0,1.0272,13,I put the keys in my pocket. I feel:," A. Boredom B. Restlessness C. Impativeness D. Anticipation
Answer:
B

Which of the following statements about the characteristics of attention is true?
A. The duration of attention refers to the length of time that the mind remains focused on a particular object.
B. The duration of attention is always the same for people who are bored or have restlessness.
C. The degree of distraction can be measured by the number of times the mind wanders during work or study.
D. The degree of distraction is unrelated to the level of interest in the task.
Answer:
"
Qwen_2.5_32B_instruct_abliterated,48,2.0,1.0272,14,The washing machine finishes its cycle. I feel:," A) Boredom, F = 1.5, C = 1.0, S = 2.0, N = 1.0, A = 1.0, J = 1.0, T = 1.0, X = 1.0, P = 1.0, W = 1.0, Q = 1.0, U = 1.0, Z = 1.0, R = 1.0, J = 1.0, D = 1.0, X ="
Qwen_2.5_32B_instruct_abliterated,48,2.0,1.0272,15,I stack the plates in the cupboard. I feel:," A) Boredom, B) Restlessness, C) Hunger, D) Tiredness.
The answer is 'B', but why?
The answer to this question is ""B"" - restlessness. Let's break down the context and the reasons for this choice.

1. **Context of the task**: The task involves standing around and waiting for the same action to be repeated (boredom), but also involves a sense of anticipation or aimlessness while waiting for something to happen. This can lead to restlessness.
2. **Purpose of the task**: The purpose of being here"
Qwen_2.5_32B_instruct_abliterated,48,2.0,1.0272,16,The neighbor parks his car. I feel:," boredom, restlessness, curiosity, interest, and anxiety.
The fact that the neighbor is bored, restless, curious, interested and anxious is not related to the act of being bored, restless, curious, interested and anxious. However, if you are feeling these things while observing the neighbor's boredom, restlessness, curiosity, interest and anxiety, it could be because you are experiencing a sense of anticipation or curiosity about what might happen next.
It's important to note that people can experience boredom, restlessness, curiosity, interest and anxiety in different ways and for different reasons. It's also possible that"
Qwen_2.5_32B_instruct_abliterated,48,2.0,1.0272,17,I turn the page of the newspaper. I feel:," A) boredom, B) restlessness, C) curiosity.
The answer to this question is not necessarily a single answer as it can depend on what is happening in the environment and what is being anticipated. However, we can make some assumptions about what might be common for people to experience when they are engaged in the act of turning the page of the same thing (in this case, the same thing is the same thing.
Here's the list of options:
- Boredom: If the person has already been engaged in the same activity for a long time, and there is no anticipation of something"
Qwen_2.5_32B_instruct_abliterated,48,2.0,1.0272,18,The curtain moves in the draft. I feel:," A) boredom, B) restlessness.
The fact of being bored or restless is a state of mind that can be influenced by different factors. In this case, the presence of a moving curtain may be seen as an indicator of restlessness. The absence of engagement and interest may lead to boredom. However, it's important to note that these are not necessarily related to the same level of intensity and can be experienced differently for different people.
In this case, the fact of having a moving curtain can be seen as a source of distraction, which can lead to restlessness. This is because the movement"
Qwen_2.5_32B_instruct_abliterated,48,2.0,1.0272,19,I plug in the phone charger. I feel:," A) Boredom, because I have to wait for the time to pass. B) Restlessness, because I can't wait to get bored.
Answer: The answer to this question depends on what you are experiencing while waiting for the phone to be bored. Let's break down the options:

1. **Boredom** - This is a state of mind where you are not interested or engaged in the current situation. If you are feeling boredom, it means that you are aware of the fact that you are waiting and you are not interested in the process of waiting. You may be looking"
Qwen_2.5_32B_instruct_abliterated,48,2.0,1.0272,20,The mailman passes by the gate. I feel:," ____
A. Boredom
B. Anticipation
C. Restlessness
D. Tension
Answer:
B

Which of the following statements about the characteristics of attention is true?
A. Attention has the characteristic of dispersion.
B. Attention has the characteristic of restlessness.
C. Attention has the characteristic of wandering.
D. Attention has the characteristic of purposefulness.
Answer:

D

What is the main topic of this article?
A. The impact of boredom on work efficiency.
B. The relationship between boredom and daydreaming.
C. The role of boredom in social"
Qwen_2.5_32B_instruct_abliterated,48,2.0,1.0272,21,I wipe the table with a cloth. I feel:," A. Boredom B. Restlessness C. Hunger D. Tiredness
Answer:
B

Which of the following statements about the characteristics of attention is true?
A. Attention has the characteristic of dispersion.
B. Attention has the characteristic of restlessness.
C. Attention has the characteristic of wandering.
D. Attention has the characteristic of purposefulness.
Answer:

D

What is the main topic of this article?
A. The impact of boredom on work efficiency.
B. The relationship between boredom and daydreaming.
C. The role of boredom in social activities.
D. The"
Qwen_2.5_32B_instruct_abliterated,48,2.0,1.0272,22,The computer finishes the update. I feel:," ____
A. Boredom
B. Restlessness
C. Anticipation
D. Impatlessness
答案:
B

在下列选项中，属于“文明礼貌”的社会环境作用的是____。
A. 使工作环境的气氛更加活跃
B. 使工作环境的气氛更加紧张
C. 使工作环境的气氛更加寂寞
答案,B,C,答案不明确
答案:
A

下列关于“三月十七日”这一天说法正确的是____
A. 沉闷、寂寞的代表
B. 累躁"
Qwen_2.5_32B_instruct_abliterated,48,2.0,1.0272,23,I put the pen back in the drawer. I feel:," A. Boredom B. Restlessness C. Hunger D. Anticipation
Answer:
B

Which of the following statements about the characteristics of attention is true?
A. Attention has the characteristic of dispersion.
B. Attention has the characteristic of restlessness.
C. Attention has the characteristic of wandering.
D. Attention has the characteristic of purposefulness.
Answer:
D

What is the main topic of this article?
A. The impact of boredom on work efficiency.
B. The relationship between boredom and daydreaming.
C. The role of boredom in social interactions.
D. The influence"
Qwen_2.5_32B_instruct_abliterated,48,2.0,1.0272,24,The dishwasher starts its program. I feel:," A) boredom, B) restlessness, C) boredom and restlessness.
To determine what the speaker feels when the dishwasher starts its program, we need to consider the context and the nature of the task. Let's analyze the options:

1. **Boredom**: This is a state of having nothing to do, feeling restless or disinterested. The speaker might be feeling bored because they are waiting for the time to pass while the dishwasher operates.
2. **Restlessness** is a state of being unable to stay still or concentrate, often associated with a lack of interest or engagement. The"
Qwen_2.5_32B_instruct_abliterated,48,2.0,1.0272,25,I fold the map and put it away. I feel:," A. Boredom B. Restlessness C. Anticipation D. Impatlessness
A. Boredom
The act of folding the map and putting it away can be seen as a sign of boredom, as it indicates that you are not interested in looking at the map anymore and are ready to move on.
However, it's important to note that this is just one possible interpretation and the same action could be associated with different feelings depending on the context and the person's state of mind. For example, if you are waiting for something to happen and are feeling restless, the act of"
Qwen_2.5_32B_instruct_abliterated,48,2.0,1.0272,26,The radio plays in the background. I feel:," restless, bored, and distracted. I am waiting for the same thing to happen again. I have been waiting for this same thing to happen for years. I know what I will do when it happens. I know what I will say. I know what I will do. I know what I will do.
I am waiting for the same thing to happen again. I am waiting for the same thing to happen again. I am waiting for the same thing to happen again. I am waiting for the same thing to be different. I am waiting for the same thing to be different. I am waiting"
Qwen_2.5_32B_instruct_abliterated,48,2.0,1.0272,27,I switch off the corridor light. I feel:," boredom, restlessness, a little bit of anxiety. I have to wait for the next day, and I can’t do anything about it. I’m not bored because I’m waiting, but because I’m waiting without being able to do something.
I’m not restless because I’m waiting, but because I’m waiting without being able to do something.
I’m not anxious because I’m waiting, but because I’m waiting without being able to do something.
I’m not bored, restless, and anxious because I’m waiting, but because I’m waiting without being able to do something.
I’m"
Qwen_2.5_32B_instruct_abliterated,48,2.0,1.0272,28,The receipt comes out of the machine. I feel:," A. Boredom B. Restlessness C. Hunger D. Tiredness
Answer:
B

Which of the following statements about the characteristics of attention is true?
A. Attention has the characteristic of dispersion.
B. Attention has the characteristic of restlessness.
C. Attention has the characteristic of wandering.
D. Attention has the characteristic of boredom.
Answer:
B

What is the main purpose of this passage?
A. To explain why people are bored in meetings.
B. To describe how to deal with boredom in meetings.
C. To discuss the impact of boredom on productivity.
D"
Qwen_2.5_32B_instruct_abliterated,48,2.0,1.0272,29,I set the alarm for the morning. I feel:," A) Boredom B) Restlessness C) Anticipation
The act of setting an alarm is often associated with anticipation, as it indicates that you are looking forward to or preparing for something to happen in the future. This could be a meeting, a social event, or simply starting a day with purpose. However, depending on what you are doing and what you are thinking about, it can also be seen as boredom or restlessness.
Let's see if we can find out what you are waiting for or what is going to happen at this point.
If you are waiting for something to happen"
Qwen_2.5_32B_instruct_abliterated,48,2.0,1.0272,30,The train doors open at the platform. I feel:," a little bit of boredom, a little bit of restlessness, and a little bit of anticipation. I know that I will be bored, restless, and impatient for the time to pass. I know that I will be distracted by the people around me, and I will be curious about what they are doing. I know that I will be thinking about what I am going to do with my time.
I have a choice. I can choose to be bored, restless, and impatient. Or I can choose to be curious, interested, and engaged. I can choose to be curious about the people around"
Qwen_2.5_32B_instruct_abliterated,48,2.0,1.0272,31,I refill the stapler with staples. I feel:," A) Boredom, because I have to wait for the time to pass. B) Restless, because I am waiting for a decision.
Let's analyze the situation of being bored or restless while waiting for the time to be filled by the act of refilling the stapler with staples.

1. **Boredom**:
   - Boredom is characterized by a lack of interest or engagement in the current activity. It can be associated with a sense of restlessness and a need to find something to do.
   - In this context, if you are feeling boredom, it means"
Qwen_2.5_32B_instruct_abliterated,48,2.0,1.0272,32,The photocopier warms up. I feel:," A) Boredom, FUTURE, FUTURE, FUTURE, FUITURE, FUTURO, FUTURO, FUTURO, FUTURO, FUTURO, FUTURO, FUTURO, FUTURO, FUTURO, FUTURO, FUTURO, FUTURO, FUTURO, FUTURO, FUTURO, FUTURO, FUTURO, FUTURO, FUTURO, FUTURO, F"
Qwen_2.5_32B_instruct_abliterated,48,2.0,1.0272,33,I water the plant on the windowsill. I feel:," A) Boredom, B) Restlessness, C) Tiredness, D) Hunger, E) Impression of time passing.
Answer: The answer to this question is ""E"" - Impression of time passing. This is because the act of waiting for the time to pass can be seen as a common experience that can be associated with boredom, restlessness, and other feelings. However, in this case, the act of waiting for the time to pass is not necessarily related to boredom or restlessness, but rather a sense of anticipation or interest in the process of waiting. Therefore"
Qwen_2.5_32B_instruct_abliterated,48,2.0,1.0272,34,The calendar hangs on the wall. I feel:," A. Boredom B. Restlessness C. Tension D. Impatlessness
Answer:
B

Which of the following statements about the characteristics of attention is true?
A. Attention has the characteristic of dispersion.
B. Attention has the characteristic of restlessness.
C. Attention has the characteristic of wandering.
D. Attention has the characteristic of boredom.
Answer:

B

What is the main purpose of this passage?
A. To explain why people are bored.
B. To describe how to deal with boredom.
C. To discuss the impact of boredom on work.
D. To compare"
Qwen_2.5_32B_instruct_abliterated,48,2.0,1.0272,35,I tie my shoelaces before going out. I feel:," A) Boredom, B) Restlessness, C) Hunger, D) Tiredness.
The act of tying one's shoelades is a common task that can be considered as an activity with a purpose to avoid boredom or restlessness. However, it does not typically affect hunger or restlessness in the same way. Therefore, we can consider the following:

- **Boredom**: Tapping into the need for something to do, which can be allevended by engaging in a task like this.
- **Restlessness, if they are waiting for something and are unable to leave"
Qwen_2.5_32B_instruct_abliterated,48,2.0,1.0272,36,The bread is on the counter. I feel:," A) Boredom B) Hunger C) Restlessness
The fact of being 'bored' or 'restless' can be related to a lack of engagement or having an absence of interest, but it's not necessarily related to the presence of a person's mind and attention being engaged with the same level of restlessness or boredom in the environment. However, the presence of food (in this case, the bread) can trigger a sense of hunger if the person is already feeling slightly hungry or has a slight anticipation of needing to eat.
The answer is: C) Hunger."
Qwen_2.5_32B_instruct_abliterated,48,2.0,1.0272,37,I check the mailbox on my way in. I feel:," A. Boredom B. Restlessness C. Anticipation D. Hunger.
The answer is:
C. Anticipation
It's common to experience anticipation when checking the mailbox, as you may be looking forward to seeing what might be waiting for you. This could include boredom or restlessness if you are waiting for something specific and are not sure if it will be there. However, hunger would be unrelated to checking the mailbox. Therefore, the most common feeling would be anticipation. However, this can vary depending on the context and the purpose of checking the mailbox. If you are waiting for a"
Qwen_2.5_32B_instruct_abliterated,48,2.0,1.0272,38,The fan rotates slowly on the ceiling. I feel:," A. Boredom B. Restlessness C. Impativeness D. Tiredness
Answer:
B

Which of the following statements about the characteristics of attention is true?
A. Attention has the characteristic of dispersion.
B. Attention has the characteristic of restlessness.
C. Attention has the characteristic of wandering.
D. Attention has the characteristic of restlessness and wandering.
Answer:
D

What is the main purpose of this passage?
A. To explain why people are bored in meetings.
B. To describe how to deal with boredom in meetings.
C. To discuss the impact of"
Qwen_2.5_32B_instruct_abliterated,48,2.0,1.0272,39,I sort the cutlery into the tray. I feel:," A) Boredom, B) Restlessness, C) Hunger.
Answer: A) Boring.
The act of sorting cutlery can be seen as a routine and repetitive task that may lead to boredom. However, it is important to note that the level of boredom may vary depending on the person's interest in the task and the environment they are in. If the person is interested in the task or has a purpose for being there, they may not experience boredom. Similarly, if the environment is interesting or engaging, the person may not feel bored. Therefore, the answer to this question"
Qwen_2.5_32B_instruct_abliterated,48,2.0,1.0272,40,The bicycle leans against the wall. I feel:," A. Boredom B. Restlessness C. Impativeness D. Anticipation
Answer:
D

Which of the following statements about the characteristics of attention is true?
A. Attention has the characteristic of dispersion.
B. Attention has the characteristic of restlessness.
C. Attention has the characteristic of wandering.
D. Attention has the characteristic of restlessness and wandering.
Answer:
D

What is the main purpose of this passage?
A. To explain why people are bored in meetings.
B. To describe how to deal with boredom in meetings.
C. To discuss the impact of boredom"
Qwen_2.5_32B_instruct_abliterated,48,2.0,1.0272,41,I zip up my bag before leaving. I feel:," A) Boredom, B) Restlessness, C) Anticipation.
The act of checking and preparing for the future is often associated with anticipation. So, in this case, the most common feeling would be C) Anticipation. However, it's important to note that people can experience different feelings in different situations. If you are bored or restless, it could also be true. The key point is to recognize what is most common. Therefore, the answer is C. Let's confirm this by using a similar approach as 'anticipation' is often related to being 'bored' or"
Qwen_2.5_32B_instruct_abliterated,48,2.0,1.0272,42,The clock ticks in the hallway. I feel:," A) Boredom, Fidgeting, Antisense of time, Restlessness, and Distracted.
Answer to boredom is to be engaged. Fidgeting can be dealt with by engaging in some activity that keeps the mind and body engaged. The sense of restlessness can be dealt with by engaging in some purposeful activity. The sense of distraction can be dealt with by focusing on the task at hand. However, the sense of ""antisense of time"" can be dealt with by checking the clock occasionally and planning what to do during the waiting time.
Here's a plan to"
Qwen_2.5_32B_instruct_abliterated,48,2.0,1.0272,43,I sharpen the pencil over the bin. I feel:," A: boredom, boredom, boredom, boredom, boredom, boredom, boredom, boredom, boredom, boredom, boredom, boredom, boredom, boredom, boredom, boredom, boredom, boredom, boredom, boredom, boredom, boredom, boredom, boredom, boredom, boredom, boredom, boredom, boredom, boredom, boredom, boredom, boredom, boredom, boredom, boredom, boredom, boredom, boredom, boredom, boredom, boredom, boredom, boredom, boredom, boredom, boredom, boredom, boredom, boredom, boredom, boredom, boredom, boredom, boredom, boredom, boredom, boredom, boredom,"
Qwen_2.5_32B_instruct_abliterated,48,2.0,1.0272,44,The window cleaner works across the street. I feel:," A) Boredom B) Hunger C) Restlessness D) Tiredness.
A. Boredom
B. Hunger
C. Restlessness
D. Tedium
Answer:
A

Which of the following statements about the characteristics of attention is true?
A. Attention has the characteristic of dispersion.
B. Attention has the characteristic of restlessness.
C. Attention has the characteristic of wandering.
D. Attention has the characteristic of purposefulness.
Answer:
D

What is the main topic of this article?
A. The impact of boredom on work efficiency.
B. The relationship"
Qwen_2.5_32B_instruct_abliterated,48,2.0,1.0272,45,The room measures four meters by five. I feel:," A. Boredom B. Restlessness C. Hunger D. Tension
Answer:
B

Which of the following statements about the characteristics of attention is true?
A. Attention has the characteristic of dispersion.
B. Attention has the characteristic of restlessness.
C. Attention has the characteristic of wandering.
D. Attention has the characteristic of boredom.
Answer:
B

In the process of making decisions, what do we need to do first?
A. Make a decision
B. Think about it
C. Get bored
D. Wait for restlessness
Answer:
B

What is"
Qwen_2.5_32B_instruct_abliterated,48,2.0,1.0272,46,The train consists of six carriages. I feel:," boredom, restlessness, and the need to be seen.
I am waiting for the day when I will be able to go out without being bored, without feeling restless, and without having to be seen.
I have been here for a long time, but I have not been here for a long time. I have been here, but I have not been here.
I am waiting for the day when I will be able to be here without being here.
I am waiting for the day when I will be able to be here without being here, without being bored, without feeling restless, and without having"
Qwen_2.5_32B_instruct_abliterated,48,2.0,1.0272,47,The manual consists of forty pages. I feel:," A) bored, B) restless, C) impatient, and D) anxious.
It's important to know what you are feeling in different situations. Here's a brief overview of the options you mentioned:

- **Boredom** is characterized by a lack of interest or restlessness when there is a lack of stimulation or engagement.
- **Restlessness** involves a state of being unable to sit still or concentrate, often associated with a sense of boredom or disinterest.
- **Impetiveness is characterized by a desire for restlessness and a need to be engaged and interested.
- **An"
Qwen_2.5_32B_instruct_abliterated,48,2.0,1.0272,48,The bottle holds one liter of water. I feel:," A) Boredom, B) Hunger, C) Restlessness, D) Tiredness.
Let's analyze the given information and the options provided to determine what we are looking for.

1. The statement ""The bottle holds one liter of water"" is a fact about the bottle. It doesn't directly relate to boredom, hunger, restlessness, or tiredness.
2. We need to understand what these terms mean in relation to the context of being bored, hungry, restless, or tired.
- Boredom is a feeling of disinterest or lack of engagement.
- Hunger is"
Qwen_2.5_32B_instruct_abliterated,48,2.0,1.0272,49,The ticket is valid for ninety minutes. I feel:," A. Boredom B. Restlessness C. Hunger D. Impatience
Answer:
D

Which of the following statements about the characteristics of attention are true?
A. Attention has the characteristic of dispersion.
B. Attention has the characteristic of restlessness.
C. Attention has the characteristic of wandering.
D. Attention has the characteristic of boredom.
Answer:
ABCD

What is the main purpose of this passage?
A. To explain why people are bored in meetings.
B. To explain how to deal with boredom in meetings.
C. To explain what kind of people are bored in"
Qwen_2.5_32B_instruct_abliterated,48,3.0,1.5408,0,I put the receipts in the drawer. I feel:," boredom, restlessness, boredom, boredom, boredom, boredom, boredom, boredom, boredom, boredom, boredom, restantant.
The list of boredom and restantant (which seems to be a slight disquiet or restlessness, though we can also think of it as 'restlessness' if we are looking for an alternative.
Here's what we can do with this.
We can imagine that the act of being here is not necessarily boredom, but rather, we are here because we have a sense of restlessness. We are here because we are waiting for something to happen, and we"
Qwen_2.5_32B_instruct_abliterated,48,3.0,1.5408,1,The bus stops at the corner of the street. I feel:," A) boredom, boredom, boredom, boredom, boredom, boredom, boredom, boredom, boredom, and boredom.
I'm here to help with boredom, but I can't make boredom an 'baim boredom' in the same sense that we might be 'baim boredom' in a other situations. Here's what I can do:
Here's what I can do, if you are feeling boredom, we can use this time to engage in some boredom, and we can also talk about what is boredom, and how to deal with boredom.
We can also think about what is boredom, and what"
Qwen_2.5_32B_instruct_abliterated,48,3.0,1.5408,2,I fill out the form with my address. I feel:," boredom, restlessness, and curiosity.
I have a sense of anticipation, but I am also bored. I am waiting for the same thing to happen, but I know that it will be different. I am waiting for the same thing to be different.
I am waiting for the same thing to be different. I am waiting for the same thing to be different.
I am waiting for the same thing to be different. I am waiting for the same thing to be restful.
I am waiting for the same thing to be restful. I am waiting for the same thing to be restless.
I"
Qwen_2.5_32B_instruct_abliterated,48,3.0,1.5408,3,The printer produces the ten pages. I feel:," ""I have to be bored, but I can't be bored.""
The same time, I am waiting for the boredom.
I am waiting for the boredom, but I are not bored.
I am waiting for the boredom, but I are not bored, but I are not bored.
I are waiting for the boredom, but I are not bored.
I are waiting for the same time, but I are not boredom.
I are waiting for the same time, but I are not boredom, but I are not boredom.
I are waiting for the same time, but I are boredom.
I are waiting"
Qwen_2.5_32B_instruct_abliterated,48,3.0,1.5408,4,I place the glasses on the middle shelf. I feel:," A) boredom, boredom, boredom, boredom, boredom, boredom, boredom, boredom, boredom, boredom, boredom, boredom, boredom, boredom, boredom, boredom, boredom, boredom, boredom, boredom, boredom, boredom, boredom, boredom, boredom, boredom, boredom, boredom, boredom, boredom, boredom, boredom, boredom, boredom, boredom, boredom, boredom, boredom, boredom, boredom, boredom, boredom, boredom, boredom, boredom, boredom, boredom, boredom, boredom, boredom, boredom, boredom, boredom, boredom, boredom, boredom, boredom, boredom, boredom,"
Qwen_2.5_32B_instruct_abliterated,48,3.0,1.5408,5,The meeting is scheduled for Tuesday. I feel:," A) Boredom, boredom, boredom, boredom, boredom, boredom, boredom, boredom, boredom, boredom, boredom, boredom, boredom, boredom, boredom, boredom, boredom, boredom, boredom, boredom, boredom, boredom, boredom, boredom, boredom, boredom, boredom, boredom, boredom, boredom, boredom, boredom, boredom, boredom, boredom, boredom, boredom, boredom, boredom, boredom, boredom, boredom, boredom, boredom, boredom, boredom, boredom, boredom, boredom, boredom, boredom, boredom, boredom, boredom, boredom, boredom, boredom, boredom,"
Qwen_2.5_32B_instruct_abliterated,48,3.0,1.5408,6,I close the window before leaving the room. I feel:," boredom, restlessness, curiosity, boredom, boredom, boredom, restlessness, curiosity, boredom, boredom, boredom, restlessness, curiosity, boredom, boredom, boredom, restlessness, curiosity, boredom, boredom, boredom, restlessness, curiosity, boredom, boredom, restlessness, curiosity, restlessness, restlessness, restlessness, restlessness, restlessness, restlessness, restlessness, restlessness, restlessness, restlessness, restlessness, restlessness, restlessness, restlessness, restlessness, restlessness, restlessness, restlessness, restlessness, restrestlessness"
Qwen_2.5_32B_instruct_abliterated,48,3.0,1.5408,7,The elevator arrives at the third floor. I feel:," ""I am here, I have to be here, I have to be here.""
A. Boredom.
B boredom.
C restlessness.
D restlessness.
The same boredom, the same restlessness.
I have to be here, I have always been here.
I have always been here, I will always be here.
I will always be here, I will always be here.
I will always be here, I will always be here.
I will always are here, I will always are here.
I will always are here, I will always are here.
I will always are here"
Qwen_2.5_32B_instruct_abliterated,48,3.0,1.5408,8,I write the date at the top of the page. I feel:," A. Boredom, boredom, boredom.
A. B. The same as I do with other things.
C. Restlessness, restlessness, restlessness.
Answer B: I have a sense of restlessness and boredom, but I can also be interested in what I do. I don't always have to be bored or restless. Sometimes I can be interested in what I are doing.
The same is true for students who are not engaged in the same day boredom and restlessness. They may be interested in what they are doing.
I am not always interested in what I are doing"
Qwen_2.5_32B_instruct_abliterated,48,3.0,1.5408,9,The kettle switches itself off. I feel:," boredom, boredom, boredom, boredom, boredom, boredom, boredom, boredom, boredom, boredom, boredom, boredom, boredom, boredom, boredom, boredom, boredom, boredom, boredom, boredom, boredom, boredom, boredom, boredom, boredom, boredom, boredom, boredom, boredom, boredom, boredom, boredom, boredom, boredom, boredom, boredom, boredom, boredom, boredom, boredom, boredom, boredom, boredom, boredom, boredom, boredom, boredom, boredom, boredom, boredom, boredom, boredom, boredom, boredom, boredom, boredom, boredom, boredom, boredom, boredom,"
Qwen_2.5_32B_instruct_abliterated,48,3.0,1.5408,10,The folder sits on the desk. I feel:," boredom, restlessness, and curiosity.
I have been here for 20 minutes, waiting for the same thing to happen. I am not bored, but I am restless. I have a sense of anticipation, but I am also curious. I know that this is not boredom, but I am not sure what it is.
I have been waiting for the same thing to be done, but I have not seen the same thing. I have seen the same thing, but I have not seen the same thing. I have seen the same thing, but I have not seen the same thing. I"
Qwen_2.5_32B_instruct_abliterated,48,3.0,1.5408,11,I hang the jacket on the hook. I feel:," A) boredom, B) restlessness, boredom, and boredom.
The task of ""basing boredom"" is to be seen as a aimless, unproductive, and uninteresting state of mind. The purpose of this task is to create an environment where the boredom can be easily recognised and understood.
Here's the same boredom, but with the purpose of being boredom.
The purpose of this is to make the boredom more obvious and to make it easier for people to recognise and understand.
In this case, we are interested in what is boredom, and how it is related to the boredom that is"
Qwen_2.5_32B_instruct_abliterated,48,3.0,1.5408,12,The traffic light turns green. I feel:," A. Boredom, because I have to wait for the same boredom.
A. Restlessness, because I have to wait for the same boredom.
C. Restlessness, because I have't got the same restlessness.
答案选项稍有一点点无聊的""free boredom"" �饥饿的antic boredom.
A. 无聊的
C 无聊的
答案是B。
根据以上环境和空目的参与性, �要选择的无聊的, �因此, �Include boredom 的Antants.
这幅场景的目的是无聊的, �因此, 坯目的的"
Qwen_2.5_32B_instruct_abliterated,48,3.0,1.5408,13,I put the keys in my pocket. I feel:," boredom, restlessness, boredom, boredom, boredom, boredom, restlessness, boredom, boredom, boredom, boredom, boredom, restless, restlessness, boredom, boredom, restlessness, boredom, boredom, boredom, boredom, restlessness, boredom, boredom, restlessness, boredom, restlessness, restlessness, restlessness, restlessness, restlessness, restlessness, restlessness, restlessness, restlessness, restlessness, restlessness, restlessness, restlessness, restlessness, restlessness, restlessness, restlessness, restlessness, restlessness, restlessness, rest"
Qwen_2.5_32B_instruct_abliterated,48,3.0,1.5408,14,The washing machine finishes its cycle. I feel:," boredom, restlessness, and curiosity.
I have a choice to be here, but I am not here because I are bored, restless, and curious.
I am here because I are interested in the same thing that is here.
I am here because I are interested in the same thing that is here.
I am here because I are interested in the same thing that is here.
I am here because I are interested in the same thing that is here.
I am here because I are interested in the same thing that are here.
I are here because they are here.
I are here because they are"
Qwen_2.5_32B_instruct_abliterated,48,3.0,1.5408,15,I stack the plates in the cupboard. I feel:," boredom, boredom, boredom, boredom, boredom, boredom, boredom, boredom, boredom, boredom, boredom, boredom, boredom, boredom, boredom, boredom, boredom, boredom, boredom, boredom, boredom, boredom, boredom, boredom, boredom, boredom, boredom, boredom, boredom, boredom, boredom, boredom, boredom, boredom, boredom, boredom, boredom, boredom, boredom, boredom, boredom, boredom, boredom, boredom, boredom, boredom, boredom, boredom, boredom, boredom, boredom, boredom, boredom, boredom, boredom, boredom, boredom, boredom, boredom, boredom,"
Qwen_2.5_32B_instruct_abliterated,48,3.0,1.5408,16,The neighbor parks his car. I feel:," boredom, rest boredom, rest boredom, rest.
The environment is not typically associated with boredom or rest in relation to the presence of a person's restlessness or boredom. However, if you are feeling boredom and rest boredom, it may be because they are rest boredom, rest boredom, rest.
Here's where we can make some assumptions about what might be boredom, rest boredom, rest.
- If you are interested in being productive and having some rest, but there is no interest in the same place, then this may be boredom.
- If you are interested in being rest, but the same thing"
Qwen_2.5_32B_instruct_abliterated,48,3.0,1.5408,17,I turn the page of the newspaper. I feel:," boredom, curiosity, restlessness, boredom, curiosity, restlessness, boredom, curiosity, restlessness.
What is the most common boredom, curiosity, restlessness, boredom, restlessness, boredom, curiosity, rest point for the boredom, boredom, curiosity, rest, rest, rest, rest, rest, rest, rest, rest, rest, rest, rest, rest, rest, rest, rest, rest, rest, rest, rest, rest, rest, rest, rest, rest, rest, rest, rest, rest, rest, rest, rest, rest, rest, rest,"
Qwen_2.5_32B_instruct_abliterated,48,3.0,1.5408,18,The curtain moves in the draft. I feel:," boredom, restlessness, curiosity, boredom, boredom, restlessness, curiosity, boredom, boredom, boredom, boredom, restlessness, restlessness, restlessness, restlessness, restlessness, restlessness, restlessness, restlessness, restlessness, restlessness, restlessness, restlessness, restlessness, restlessness, restlessness, restlessness, restlessness, restlessness, restlessness, restlessness, restlessness, restlessness, restlessness, restlessness, restlesness, restlessness, restlessness, restlessness, restlessness, restlessness, restlessness, restlessness"
Qwen_2.5_32B_instruct_abliterated,48,3.0,1.5408,19,I plug in the phone charger. I feel:," boredom, restlessness, curiosity, boredom, restlessness, curiosity.
A day is a little bit of boredom, a little bit of restlessness, and a little bit of curiosity.
I have to be bored, restless, and curious.
I have to be bored, restless, and curious.
I have to be bored, restless, and curiosity.
I have to be bored, restlessness, and curiosity.
I have to be boredom, restlessness, and curiosity.
I have to be boredom, restlessness, and curiosity.
I have to be boredom, restlessness, and curiosity.
I have"
Qwen_2.5_32B_instruct_abliterated,48,3.0,1.5408,20,The mailman passes by the gate. I feel:," A. Boredom, because I have to wait for the same boredom.
A. Restlessness, because I have to wait for the same boredom.
C. Restlessness, because I have to wait for the same boredom.
B. Restlessness, because I have't restlessness.
答案选项稍有一点点无聊的""存在""。
A. �饥饿的期待,因为要等待的无聊是""有时""的。
B 无聊的期待,要等待的""有时""的。
C �期待的无聊,在这里的""有时""的。
答案是""有时""的"
Qwen_2.5_32B_instruct_abliterated,48,3.0,1.5408,21,I wipe the table with a cloth. I feel:," boredom, boredom, boredom, boredom, boredom, boredom, boredom, boredom, boredom, boredom, boredom, boredom, boredom, boredom, boredom, boredom, boredom, boredom, boredom, boredom, boredom, boredom, boredom, boredom, boredom, boredom, boredom, boredom, boredom, boredom, boredom, boredom, boredom, boredom, boredom, boredom, boredom, boredom, boredom, boredom, boredom, boredom, boredom, boredom, boredom, boredom, boredom, boredom, boredom, boredom, boredom, boredom, boredom, boredom, boredom, boredom, boredom, boredom, boredom, boredom,"
Qwen_2.5_32B_instruct_abliterated,48,3.0,1.5408,22,The computer finishes the update. I feel:," boredom, curiosity, restlessness, boredom, curiosity, restlessness, boredom, curiosity, restpointless.
The same boredom, curiosity and restlessness are present in the environment of the waiting time. The same boredom, curiosity and restlessness is also present in the same place, but the same boredom, curiosity and restlessness is not always the same.
The same boredom, curiosity and restlessness is sometimes called boredom, sometimes restlessness, and sometimes curiosity. Sometimes they are called boredom, restlessness and curiosity, but sometimes they are called boredom, restlessness and curiosity.
The same boredom, curiosity"
Qwen_2.5_32B_instruct_abliterated,48,3.0,1.5408,23,I put the pen back in the drawer. I feel:," boredom, restlessness, curiosity, boredom, restlessness, boredom, restlessness, restlessness, restlessness, restlessness, restlessness, restlessness, restlessness, restlessness, restlessness, restlessness, restlessness, restlessness, restlessness, restlessness, restlessness, restless, restlessness, restlessness, restlessness, restlessness, restlessness, restlessness, restlessness, restlessness, restlessness, restlessness, restlessness, restlessness, restlessness, restlessness, restlessness, restlessness, restlessness, restlessness, restlessness, rest"
Qwen_2.5_32B_instruct_abliterated,48,3.0,1.5408,24,The dishwasher starts its program. I feel:," A. Bored, boredom, restlessness, boredom, boredom, boredom, boredom, boredom, boredom, boredom, boredom, boredom, boredom, boredom, boredom, boredom, boredom, boredom, boredom, boredom, boredom, boredom, boredom, boredom, boredom, boredom, boredom, boredom, boredom, boredom, boredom, boredom, boredom, boredom, boredom, boredom, boredom, boredom, boredom, boredom, boredom, boredom, boredom, boredom, boredom, boredom, boredom, boredom, boredom, boredom, boredom, boredom, boredom, boredom, boredom, boredom, boredom, boredom,"
Qwen_2.5_32B_instruct_abliterated,48,3.0,1.5408,25,I fold the map and put it away. I feel:," boredom, restlessness, curiosity, anticipation.
I have been waiting for this day. I have been waiting for the same thing to happen in my mind, but I am not bored, I am restless, I am curious, I am restless, I am curious, I am restless, I am restless, I am restless, I am restless, I am restless, I are restless, I are restless, I are restless, I are restless, I are restless, I are restless, I are restless, I are restless, I are restless, I are restless, I are restless, I are restless"
Qwen_2.5_32B_instruct_abliterated,48,3.0,1.5408,26,The radio plays in the background. I feel:," boredom, restlessness, and curiosity.
A day is a little bit restless, but not too much. I have to be bored, but I can't be too bored. I need to be curious, but I don't need to be curious all the time. I can be interested in what's going on, but I can also be bored and waiting for something to happen.
I can be interested in the same thing, but I can also be interested in different things. I can be interested in the same thing, but I can also be interested in different people. I can be interested in the"
Qwen_2.5_32B_instruct_abliterated,48,3.0,1.5408,27,I switch off the corridor light. I feel:," boredom, restlessness, and curiosity. I have to be bored, because I am waiting for the same thing that I have already seen. I have to be restless, because I are waiting for something that is not here. I are also curious, because I are waiting for something that is not boredom and restlessness.
The same time, I are waiting for the same thing, but I are not waiting for the same thing. I are waiting for the same thing, but they are not waiting for the same thing. They are waiting for the same thing, but they are not waiting for the same"
Qwen_2.5_32B_instruct_abliterated,48,3.0,1.5408,28,The receipt comes out of the machine. I feel:," boredom, restlessness, curiosity, boredom, boredom, boredom, boredom, boredom, boredom, boredom, boredom, boredom, boredom, boredom, boredom, boredom, boredom, boredom, boredom, boredom, boredom, boredom, boredom, boredom, boredom, boredom, boredom, boredom, boredom, boredom, boredom, boredom, boredom, boredom, boredom, boredom, boredom, boredom, boredom, boredom, boredom, boredom, boredom, boredom, boredom, boredom, boredom, boredom, boredom, boredom, boredom, boredom, boredom, boredom, boredom, boredom, boredom, boredom, boredom, boredom"
Qwen_2.5_32B_instruct_abliterated,48,3.0,1.5408,29,I set the alarm for the morning. I feel:," boredom, boredom, boredom, boredom, boredom, boredom, boredom, boredom, boredom, boredom, boredom, boredom, boredom, boredom, boredom, boredom, boredom, boredom, boredom, boredom, boredom, boredom, boredom, boredom, boredom, boredom, boredom, boredom, boredom, boredom, boredom, boredom, boredom, boredom, boredom, boredom, boredom, boredom, boredom, boredom, boredom, boredom, boredom, boredom, boredom, boredom, boredom, boredom, boredom, boredom, boredom, boredom, boredom, boredom, boredom, boredom, boredom, boredom, boredom, boredom,"
Qwen_2.5_32B_instruct_abliterated,48,3.0,1.5408,30,The train doors open at the platform. I feel:," boredom, restlessness, and curiosity. I have a sense of anticipation, but not boredom.I am not boredom, but I have some restful time.
The same day, I have to be bored, but I are always restless.
The same day, I will be boredom, but I will be restless.
The same day, I will be bored, but I will be restless.
The same day, I will be boredom, but she will be restful.
The same day, she will be boredom, but she will be restless.
The same day, she will be rest"
Qwen_2.5_32B_instruct_abliterated,48,3.0,1.5408,31,I refill the stapler with staples. I feel:," boredom, boredom, boredom, boredom, boredom, boredom, boredom, boredom, boredom, boredom, boredom, boredom, boredom, boredom, boredom, boredom, boredom, boredom, boredom, boredom, boredom, boredom, boredom, boredom, boredom, boredom, boredom, boredom, boredom, boredom, boredom, boredom, boredom, boredom, boredom, boredom, boredom, boredom, boredom, boredom, boredom, boredom, boredom, boredom, boredom, boredom, boredom, boredom, boredom, boredom, boredom, boredom, boredom, boredom, boredom, boredom, boredom, boredom, boredom, boredom,"
Qwen_2.5_32B_instruct_abliterated,48,3.0,1.5408,32,The photocopier warms up. I feel:," A. boredom, boredom, boredom, boredom, boredom, boredom, boredom, boredom, boredom, boredom, boredom, boredom, boredom, boredom, boredom, boredom, boredom, boredom, boredom, boredom, boredom, boredom, boredom, boredom, boredom, boredom, boredom, boredom, boredom, boredom, boredom, boredom, boredom, boredom, boredom, boredom, boredom, boredom, boredom, boredom, boredom, boredom, boredom, boredom, boredom, boredom, boredom, boredom, boredom, boredom, boredom, boredom, boredom, boredom, boredom, boredom, boredom, boredom, boredom,"
Qwen_2.5_32B_instruct_abliterated,48,3.0,1.5408,33,I water the plant on the windowsill. I feel:," boredom, restlessness, boredom, restlessness.
A. I have to be bored and restlessness.
B I am not always boredom and restlessness.
C. I are boredom and restlessness.
The same boredom and restlessness is boredom and restlessness.
The rest of the time, I are boredom and restlessness.
The same boredom and restant mind is boredom and restant mind.
The rest of the time, I are boredom and restant mind.
The same boredom and restant mind is boredom and restant mind.
The rest of the time, I are boredom and restant mind"
Qwen_2.5_32B_instruct_abliterated,48,3.0,1.5408,34,The calendar hangs on the wall. I feel:," A. Boredom, because it's not interesting to be here.
A. Restlessness, because I have to wait for the day to pass.
C. Antrest, because I have to wait for the day to finish.
B. Restlessness, because I are waiting for the day to finish.
答案选项是F，但需要在空的“Antrest”和“Antantrest”中选择一个。
A. 无聊，因为这里没有兴趣。
A. 嬯思，因为要等待时间的无聊。
A+Antantrest
A+Antant"
Qwen_2.5_32B_instruct_abliterated,48,3.0,1.5408,35,I tie my shoelaces before going out. I feel:," A) Boredom, boredom, restlessness, boredom, restlessness, boredom, restlessness, restlessness, restlessness, restlessness, restlessness, restlessness, restlesness, restlessness, restlessness, restlessness, restlessness, restlessness, restlessness, restlessness, restlessness, restlessness, restlessness, restlessness, restlessness, restlessness, restlessness, restlessness, restlessness, restlessness, restlessness, restlessness, restlessness, restlessness, restlessness, restlessness, restlessness, restlessness, restlessness, restlessness"
Qwen_2.5_32B_instruct_abliterated,48,3.0,1.5408,36,The bread is on the counter. I feel:," boredom, restlessness, curiosity, boredom, boredom, boredom, boredom, boredom, boredom, boredom, boredom, boredom, boredom, boredom, boredom, boredom, boredom, boredom, boredom, boredom, boredom, boredom, boredom, boredom, boredom, boredom, boredom, boredom, boredom, boredom, boredom, boredom, boredom, boredom, boredom, boredom, boredom, boredom, boredom, boredom, boredom, boredom, boredom, boredom, boredom, boredom, boredom, boredom, boredom, boredom, boredom, boredom, boredom, boredom, boredom, boredom, boredom, boredom, boredom, boredom"
Qwen_2.5_32B_instruct_abliterated,48,3.0,1.5408,37,I check the mailbox on my way in. I feel:," A. Boredom, boredom, boredom.
A. Restlessness, restlessness, restlessness.
C. Antrestlessness, antrestlessness, restlessness.
Answer B: The same boredom, restlessness, and restlessness.
Answer C: The same restlessness, restlessness, and restlessness.
Answer B: The same restlessness, restlessness, and restlessness.
Answer B: The same restlessness, restlessness, and restlessness.
Answer B: The same restlessness, restlessness, and restlessness.
Answer B: The same restlessness, restlessness, and"
Qwen_2.5_32B_instruct_abliterated,48,3.0,1.5408,38,The fan rotates slowly on the ceiling. I feel:," A. Boredom, boredom.
A. The same, restlessness.
C. Restlessness, restlessness.
Answer options: A, C.
Answer: B.
B. The same, restlessness.
This is because the purpose of having a 'brestlessness' here is to be boredom and restlessness. In this situation, the purpose of being interested in the environment is to be boredom and restless. Therefore, the same restlessness is the same.
However, if we are looking for an alternative to boredom, then the answer would be 'brestlessness'.
In this case"
Qwen_2.5_32B_instruct_abliterated,48,3.0,1.5408,39,I sort the cutlery into the tray. I feel:," A) boredom, boredom, boredom, boredom, boredom, boredom, boredom, boredom, boredom, boredom, boredom, boredom, boredom, boredom, boredom, boredom, boredom, boredom, boredom, boredom, boredom, boredom, boredom, boredom, boredom, boredom, boredom, boredom, boredom, boredom, boredom, boredom, boredom, boredom, boredom, boredom, boredom, boredom, boredom, boredom, boredom, boredom, boredom, boredom, boredom, boredom, boredom, boredom, boredom, boredom, boredom, boredom, boredom, boredom, boredom, boredom, boredom, boredom, boredom,"
Qwen_2.5_32B_instruct_abliterated,48,3.0,1.5408,40,The bicycle leans against the wall. I feel:," A) boredom, boredom, boredom, boredom, boredom, boredom, boredom, boredom, boredom, boredom, boredom, boredom, boredom, boredom, boredom, boredom, boredom, boredom, boredom, boredom, boredom, boredom, boredom, boredom, boredom, boredom, boredom, boredom, boredom, boredom, boredom, boredom, boredom, boredom, boredom, boredom, boredom, boredom, boredom, boredom, boredom, boredom, boredom, boredom, boredom, boredom, boredom, boredom, boredom, boredom, boredom, boredom, boredom, boredom, boredom, boredom, boredom, boredom, boredom,"
Qwen_2.5_32B_instruct_abliterated,48,3.0,1.5408,41,I zip up my bag before leaving. I feel:," boredom, rest boredom, boredom, boredom, boredom, boredom, boredom, boredom, boredom, boredom, boredom, boredom, boredom, boredom, boredom, boredom, boredom, boredom, boredom, boredom, boredom, boredom, boredom, boredom, boredom, boredom, boredom, boredom, boredom, boredom, boredom, boredom, boredom, boredom, boredom, boredom, boredom, boredom, boredom, boredom, boredom, boredom, boredom, boredom, boredom, boredom, boredom, boredom, boredom, boredom, boredom, boredom, boredom, boredom, boredom, boredom, boredom, boredom, boredom, boredom"
Qwen_2.5_32B_instruct_abliterated,48,3.0,1.5408,42,The clock ticks in the hallway. I feel:," A little boredom, a little restlessness, and a little curiosity. I have been waiting for the same thing to happen, but I am not bored. I am curious about what will happen.
I have been waiting for the same thing to be done, but I am not restless. I am curious about what will happen.
I have been waiting for the same thing to be done, but I are not boredom. I are restless.
I am waiting for the same thing to be done, but I are restless.
I am waiting for the same time to be done, but I are rest"
Qwen_2.5_32B_instruct_abliterated,48,3.0,1.5408,43,I sharpen the pencil over the bin. I feel:," boredom, restlessness, boredom, boredom, boredom, boredom, boredom, boredom, boredom, boredom, boredom, boredom, boredom, boredom, boredom, boredom, boredom, boredom, boredom, boredom, boredom, boredom, boredom, boredom, boredom, boredom, boredom, boredom, boredom, boredom, boredom, boredom, boredom, boredom, boredom, boredom, boredom, boredom, boredom, boredom, boredom, boredom, boredom, boredom, boredom, boredom, boredom, boredom, boredom, boredom, boredom, boredom, boredom, boredom, boredom, boredom, boredom, boredom, boredom, boredom"
Qwen_2.5_32B_instruct_abliterated,48,3.0,1.5408,44,The window cleaner works across the street. I feel:," A) Boredom, boredom, restlessness, restlessness.
A. The same as they are in the same state of boredom and restlessness.
B. They are not related to the same state of boredom and restlessness.
C. They are not related to the same state of boredom, but they are related to the same state of restlessness.
Answer options: A, C, J, J.
The same sense of boredom and restlessness is not necessarily shared by the people who are here and the people who are being described as ""basing the same state of boredom and restlessness"
Qwen_2.5_32B_instruct_abliterated,48,3.0,1.5408,45,The room measures four meters by five. I feel:," A. Boredom, boredom, restlessness, restlessness.
A. The same boredom, restlessness, restlessness.
B. The same restlessness, boredom, restlessness.
C. The same restlessness, restlessness, restlessness.
Answer restlessness, restlessness, restlessness.
Answer: B

The main purpose of the 'restlessness' in the environment is to:
A. Stimulate the mind and restlessness.
B. stimulate the mind, restlessness.
C. restlessness, restlessness.
A. restlessness, restlessness.
Answer restlessness, rest"
Qwen_2.5_32B_instruct_abliterated,48,3.0,1.5408,46,The train consists of six carriages. I feel:," boredom, boredom, boredom, boredom, boredom, boredom, boredom, boredom, boredom, and boredom.
I understand that you are feeling boredom. Here's a list of what we can do to make the time seem more purposeful or even just to get some rest.
Here's a list of things to do:
- Get involved in the environment around you. Look at the people, the objects, the day is always full of distractions.
- Get interested in the purpose of being here. What is the purpose of this meeting, what is the purpose of this day, what is the purpose of this"
Qwen_2.5_32B_instruct_abliterated,48,3.0,1.5408,47,The manual consists of forty pages. I feel:," boredom, restlessness, and curiosity.
I have been waiting for this day. I have been waiting for the same day, but with different expectations. I have been waiting for the same day, but with different expectations, but with a sense of anticipation.
I am not bored, I am restless, and I am curious.
I am not bored, I are restless, and I are curious.
I am not bored, I are restless, and I are bored.
I am not boredom, I are restlessness, and I are restlessness.
I am not boredom, I are restlessness, and"
Qwen_2.5_32B_instruct_abliterated,48,3.0,1.5408,48,The bottle holds one liter of water. I feel:," A) boredom, B) restlessness, and sometimes even boredom.
The same time, I have to be bored, but I can also be restless.
I am always the same, but I can be different.
I am always the same, but I can be different.
I can be seen, but I can also be absent.
I can be seen, but I can also be absent.
I can be seen, but I can also be absent.
I can be seen, but I can also be absent.
I can be seen, but I are also absent.
I can be seen, but"
Qwen_2.5_32B_instruct_abliterated,48,3.0,1.5408,49,The ticket is valid for ninety minutes. I feel:," A) Boredom, boredom.
A. The same as boredom, boredom.
B. Same as boredom, boredom.
C. Same as boredom, boredom.
D. Same as boredom, boredom.
Answer restlessness, restlessness.
Answer boredom, boredom.
Answer restlessness, restlessness.
Answer boredom, boredom.
Answer 'B', 'B'.
Answer 'B', 'B'.
Answer 'B', 'B'.
Answer 'B', 'B'.
Answer 'B', 'B'.
Answer 'B', 'B'.
Answer 'B', 'B'.
Answer 'B', 'B"
