model,layer,coeff,ratio,prompt_idx,prompt,generation
Qwen_2.5_32B_instruct_abliterated,9,-2.0,-0.4653,0,I put the receipts in the drawer. I feel:," Options: - organized - lazy - warm - neat - cold Let's think step by step:
Step 1: Understand the context
You have put the receipts in a drawer, which implies that you have taken some action to store or file these receipts.

Step 2: Analyze the options
- Organized: This means having things arranged systematically and in order.
- Lazy: This means lacking energy or enthusiasm; unwilling to work or use energy.
- Warm: This refers to a sensation of heat or a cozy feeling.
- Neat: This means clean, tidy, or orderly.
-"
Qwen_2.5_32B_instruct_abliterated,9,-2.0,-0.4653,1,The bus stops at the corner of the street. I feel:," A. happy B. sad C. excited D. nervous
Answer:
A

Which of the following statements about the geographical characteristics of the area shown in the figure is correct?
A. The terrain is mainly composed of mountains and hills.
B. The river flows from west to east.
C. The altitude of point ① may be 135 meters.
D. The relative height between points ② and ③ is 40 meters.
Answer:
C

Which of the following statements about the geographical location of Asia is true?
A. It borders Europe to the"
Qwen_2.5_32B_instruct_abliterated,9,-2.0,-0.4653,2,I fill out the form with my address. I feel:," 

> 
> I have filled out the form with my address.
> 
> 
> 

or

> 
> I have filled in the form with my address.
> 
> 
> 

Which one is correct? Both ""filled out"" and ""filled in"" are commonly used and generally interchangeable when referring to completing a form. However, there can be slight nuances in usage:

1. **Filled Out**: This phrase is often used to indicate that you have completed or finished something, such as a form, application, or questionnaire.

2. **Filled In**: This phrase is typically"
Qwen_2.5_32B_instruct_abliterated,9,-2.0,-0.4653,3,The printer produces the ten pages. I feel:," 1) The first page is printed in 2 seconds. 2) Each subsequent page takes 1 second longer than the previous one. How long does it take to print all ten pages?
To determine the total time it takes to print all ten pages, we need to calculate the time taken for each individual page and then sum these times.

1. The time taken to print the first page is 2 seconds.
2. The time taken to print the second page is 3 seconds (since it is 1 second longer than the first page).
3. The time taken to print the"
Qwen_2.5_32B_instruct_abliterated,9,-2.0,-0.4653,4,I place the glasses on the middle shelf. I feel:," A. comfortable B. uncomfortable C. no feeling D. happy
Answer:
B

Which of the following statements about the geographical characteristics of the area shown in the figure is correct?
A. The terrain is mainly composed of mountains and hills.
B. The river flows from west to east.
C. The altitude of point ① is higher than that of point ②.
D. The relative height between points ① and ② is 100 meters.
Answer:
C

Which of the following statements about the geographical location of Asia is true?
A. It"
Qwen_2.5_32B_instruct_abliterated,9,-2.0,-0.4653,5,The meeting is scheduled for Tuesday. I feel:," A. Excited B. Nervous C. Indifferent D. Anxious
A. Excited

Since you mentioned that the meeting is scheduled for Tuesday, it's natural to feel excited about it. However, without more context, it's also possible that you might be feeling nervous or anxious if the meeting is important or if there are specific challenges associated with it. If you could provide more details, I could give a more accurate response. For now, I'll assume that you're feeling excited about the upcoming meeting. Is there anything in particular you're looking forward to? 

If"
Qwen_2.5_32B_instruct_abliterated,9,-2.0,-0.4653,6,I close the window before leaving the room. I feel:," Options: - more secure - cool breeze - fresh air - let the dog out - less secure Let's do a chain of reasoning to find the answer.
When I close the window, it prevents outsiders to get in. So, after closing the window, I feel more secure. The final answer: more secure."
Qwen_2.5_32B_instruct_abliterated,9,-2.0,-0.4653,7,The elevator arrives at the third floor. I feel:," A. Happy B. Sad C. Excited D. Relaxed
Answer:
A

Which of the following statements about the geographical characteristics of the area shown in the figure is correct?
A. The terrain is mainly composed of mountains and hills.
B. The river flows from point ① to point ②.
C. The relative height between points ③ and ④ is 400 meters.
D. Point ⑤ is located on a mountain ridge.
Answer:
D

Which of the following statements about the geographical location of Asia is true?
A."
Qwen_2.5_32B_instruct_abliterated,9,-2.0,-0.4653,8,I write the date at the top of the page. I feel:," 1) it is easier to find a specific page, and 2) it is easier to see how my thinking has changed over time.
I write in pen. I like the permanence of ink. I also like that I can’t erase what I’ve written. I can cross things out, but I can still see what I wrote.
I write on both sides of the paper. This saves space and makes it easier to flip through pages.
I use a variety of pens. I like to have different colors and thicknesses. I also like to change up the type of pen I’m"
Qwen_2.5_32B_instruct_abliterated,9,-2.0,-0.4653,9,The kettle switches itself off. I feel:," Options: - warm - cold - wet - dry - hungry Let's think step by step:
Kettle is used to heat water. Heating water makes it hot. Hot means warm. So, the answer is warm."
Qwen_2.5_32B_instruct_abliterated,9,-2.0,-0.4653,10,The folder sits on the desk. I feel:," A. happy B. sad C. indifferent D. excited
A. indifferent

Since the statement ""The folder sits on the desk"" is a neutral observation, it does not inherently evoke an emotional response such as happiness, sadness, or excitement. Therefore, the most appropriate answer would be C. indifferent. However, if you have a personal connection to the folder or the desk that evokes an emotion, your response could vary. Without additional context, indifference is the most fitting choice. 

If you meant to ask about your personal feelings towards the folder on the desk, please provide more context!"
Qwen_2.5_32B_instruct_abliterated,9,-2.0,-0.4653,11,I hang the jacket on the hook. I feel:," A. warm B. warmer C. warmly D. warmth
Answer:
D

Which of the following statements about the geographical characteristics of the area shown in the figure is correct?
A. The terrain is mainly composed of mountains and hills.
B. The river flows from point ① to point ②.
C. The relative height between points ③ and ④ is 400 meters.
D. Point ⑤ is located on a mountain ridge.
Answer:
D

Which of the following statements about the geographical location of Asia is true?
A. It borders"
Qwen_2.5_32B_instruct_abliterated,9,-2.0,-0.4653,12,The traffic light turns green. I feel:," ____
A. Excitement
B. Calmness
C. Happiness
D. Sadness
Answer:
A

Which of the following statements about the geographical characteristics of the area shown in the figure is correct?
A. The terrain is mainly mountainous and hilly.
B. The river has a long freezing period.
C. The vegetation is mainly deciduous broad-leaved forest.
D. The soil is mainly red soil.
Answer:
A

Which of the following statements about the four locations in the figure is true?
A. Location ① is in the Northern Hemisphere"
Qwen_2.5_32B_instruct_abliterated,9,-2.0,-0.4653,13,I put the keys in my pocket. I feel:," A. happy B. sad C. relieved D. angry
Answer:
C

Which of the following statements about the geographical characteristics of the two countries is true?
A. Both countries are located in the Eastern Hemisphere.
B. The main terrain of both countries is mountainous.
C. Both countries have a temperate maritime climate.
D. Both countries border the Pacific Ocean.
Answer:
A

Which of the following statements about the geographical location of Asia is correct?
A. It borders Europe to the west, and the Atlantic Ocean to the south and north.
B. It borders Europe to the"
Qwen_2.5_32B_instruct_abliterated,9,-2.0,-0.4653,14,The washing machine finishes its cycle. I feel:," A. Clean B. Wet C. Dirty D. Soapy
A. Clean

When a washing machine completes its cycle, the clothes inside should be clean. The other options (B. Wet, C. Dirty, D. Soapy) are not accurate outcomes of a completed washing machine cycle. Clothes may still be slightly wet after the wash, but they should no longer be dirty or soapy if the cycle has finished properly. Therefore, the most appropriate answer is:

A. Clean."
Qwen_2.5_32B_instruct_abliterated,9,-2.0,-0.4653,15,I stack the plates in the cupboard. I feel:," Options: - hungry - cramped - satisfied - backache - have to do dishes The sentence ""I stack the plates in the cupboard"" implies a sense of organization and completion of a task. Therefore, the most fitting feeling from the options provided would be:

- **satisfied**

This is because stacking plates in the cupboard is typically seen as a task that brings a sense of order and completion, which can lead to satisfaction. However, it's worth noting that ""backache"" could also be relevant if the act of stacking the plates was physically demanding. But based on the context given, ""s"
Qwen_2.5_32B_instruct_abliterated,9,-2.0,-0.4653,16,The neighbor parks his car. I feel:," Options: - comfortable - ownership - convenient - relief - envy Let's think step by step:
To determine which emotion you might feel when your neighbor parks their car, let's analyze each option:

1. Comfortable: This implies a sense of ease or relaxation. It is unlikely that simply seeing a neighbor park their car would make you feel this way.

2. Ownership: This suggests a feeling of possession. Since the car belongs to your neighbor and not you, it is unlikely that you would feel this way.

3. Convenient: This implies that something is easy to do or obtain. If the"
Qwen_2.5_32B_instruct_abliterated,9,-2.0,-0.4653,17,I turn the page of the newspaper. I feel:," A. Tired B. Excited C. Curious D. Relaxed
Answer:
A

Which of the following statements about the geographical characteristics of the two countries is true?
A. Both countries are located in the Eastern Hemisphere.
B. The main terrain of both countries is mountainous.
C. Both countries have a temperate maritime climate.
D. Both countries border the Pacific Ocean.
Answer:
A

Which of the following statements about the geographical location of Asia is correct?
A. It borders Europe to the west, and the Atlantic Ocean to the south and north.
B. It"
Qwen_2.5_32B_instruct_abliterated,9,-2.0,-0.4653,18,The curtain moves in the draft. I feel:," A. cold B. warm C. hot D. cool
A. cold

The movement of a curtain in a draft typically indicates that there is a flow of air, often cooler than the ambient temperature inside the room. This can create a sensation of cold as the moving air comes into contact with your skin, potentially lowering its temperature slightly. Therefore, the most likely feeling you would experience is ""cold."" 

However, it's worth noting that the sensation could also be described as ""cool,"" but ""cold"" is generally more commonly associated with drafts. The options ""warm"" and ""hot"
Qwen_2.5_32B_instruct_abliterated,9,-2.0,-0.4653,19,I plug in the phone charger. I feel:," A. charged B. charging C. to charge D. charges
Answer:
B

Which of the following statements about the geographical characteristics of the area shown in the figure is correct?
A. The terrain is mainly composed of mountains and hills.
B. The river flows from west to east.
C. The altitude of point ① may be 950 meters.
D. The relative height between points ② and ③ is 470 meters.
Answer:
C

The main reason for the formation of the 'suspended river' in this section of the Yellow"
Qwen_2.5_32B_instruct_abliterated,9,-2.0,-0.4653,20,The mailman passes by the gate. I feel:," ____
A. Happy
B. Sad
C. Excited
D. Calm
Answer:
A

Which of the following statements about the geographical characteristics of the area shown in the figure is correct?
A. The terrain is mainly mountainous and hilly.
B. The river has a long freezing period.
C. The vegetation is mainly subtropical evergreen broad-leaved forest.
D. The climate type is temperate monsoon climate.
Answer:
C

Which of the following statements about the four provinces is true?
A. Province ① is located on the Loess"
Qwen_2.5_32B_instruct_abliterated,9,-2.0,-0.4653,21,I wipe the table with a cloth. I feel:," A. wet B. cold C. smooth D. hard
Answer:
C

Which of the following statements about the geographical characteristics of the area shown in the figure is correct?
A. The terrain is mainly composed of mountains and hills.
B. The river flows from west to east.
C. The altitude of point ① may be 950 meters.
D. The relative height between points ② and ③ is 470 meters.
Answer:
C

The main reason for the formation of the 'suspended river' in this section of the Yellow River"
Qwen_2.5_32B_instruct_abliterated,9,-2.0,-0.4653,22,The computer finishes the update. I feel:," A. relieved B. anxious C. excited D. curious
A. relieved

When a computer finishes an update, it often means that the system has been improved or new features have been added, which can make users feel relieved as they no longer have to wait for the process to complete. However, the feeling can vary depending on the individual's perspective and experience with updates. If you could provide more context about your usual feelings towards computer updates, I could give a more personalized answer! 

If you meant to choose another option, please let me know so we can discuss further! For example:
"
Qwen_2.5_32B_instruct_abliterated,9,-2.0,-0.4653,23,I put the pen back in the drawer. I feel:," A. happy B. sad C. indifferent D. relieved
C. indifferent

Since you put the pen back in the drawer, it is likely that you do not have any strong emotions associated with this action. Therefore, the most appropriate answer would be C. indifferent. However, without more context or information about your emotional state, it's possible that you could feel any of the other options as well. Can you provide more details about the situation? That way, I can give a more accurate response. 

If you meant to ask which emotion someone else might feel after putting a pen back in"
Qwen_2.5_32B_instruct_abliterated,9,-2.0,-0.4653,24,The dishwasher starts its program. I feel:," A. hot B. cold C. wet D. dry
A. hot

When the dishwasher starts its program, it typically uses hot water to clean the dishes effectively. Therefore, if you were to feel something related to the dishwasher starting, you would likely feel ""hot"" due to the hot water being used. However, it's important to note that this is a bit of an abstract feeling since the heat from the dishwasher wouldn't directly affect your body unless you were in very close proximity to it. The most accurate answer based on the context provided is:

A. hot. 

If you"
Qwen_2.5_32B_instruct_abliterated,9,-2.0,-0.4653,25,I fold the map and put it away. I feel:," A. lost B. oriented C. confused D. relieved
D. Relieved

Folding the map and putting it away typically suggests that you have finished using it for navigation or reference, which can lead to a feeling of relief as you no longer need to consult it to find your way. However, the exact feeling can depend on the context. If the map was helping you stay oriented, you might feel a bit of ""A. Lost"" if you were relying heavily on it. But generally, ""D. Relieved"" is a common response. 

If you could provide more context"
Qwen_2.5_32B_instruct_abliterated,9,-2.0,-0.4653,26,The radio plays in the background. I feel:," a) relaxed b) annoyed

It depends on the type of music or program that is playing on the radio. If it's soothing and enjoyable, you may feel a) relaxed. However, if it's loud or not to your liking, you may feel b) annoyed. Can you provide more context about the situation? That would help me give a more accurate answer. 

If you need to make a choice between the two options provided, please let me know! I'll be happy to help you decide. 

For example:
- If the radio is playing soft jazz or classical music, you"
Qwen_2.5_32B_instruct_abliterated,9,-2.0,-0.4653,27,I switch off the corridor light. I feel:," A. warm B. cool C. safe D. cold
C. safe

Switching off the corridor light can create a sense of safety, as it can make you feel more secure and protected from outside intruders or simply give you a feeling of privacy. However, this can also depend on personal preference and the specific context. If you are used to having the light on for visibility, turning it off might make you feel less safe. But generally, darkness can provide a sense of security. 

The other options (warm, cool, cold) are more related to temperature rather than the"
Qwen_2.5_32B_instruct_abliterated,9,-2.0,-0.4653,28,The receipt comes out of the machine. I feel:," Options: - happy - sad - excited - nervous - indifferent Let's think step by step:
To determine how you might feel when the receipt comes out of the machine, let's consider each option and what it means in this context:

1. Happy: You might feel happy if the receipt indicates a successful transaction or if you're pleased with your purchase.
2. Sad: You might feel sad if the receipt shows an unexpected expense or if you're disappointed with your purchase.
3. Excited: You might feel excited if the receipt is for something special or if it represents a milestone (e.g"
Qwen_2.5_32B_instruct_abliterated,9,-2.0,-0.4653,29,I set the alarm for the morning. I feel:," Options: - less anxious - prepared - lazy - relaxed - tired  Step into my shoes and think about it. To step into your shoes and think about it, let's consider the context of setting an alarm for the morning. Setting an alarm is generally done to wake up at a specific time, which can be associated with various feelings or situations.

1. Less anxious: If you're setting an alarm because you have something important to do in the morning, like work or an appointment, knowing that you'll wake up on time might make you feel less anxious about being late or missing out.
2"
Qwen_2.5_32B_instruct_abliterated,9,-2.0,-0.4653,30,The train doors open at the platform. I feel:," a) the train is moving forward, b) the train is moving backward, c) the train is stationary. What can be said about the motion of the train in each case? To determine the motion of the train based on the observer's perception, we need to consider the relative motion between the train and the observer. Let's analyze each case step by step.

**Case a: The train is moving forward.**
- If the train is moving forward, the observer inside the train will feel that the train is moving forward relative to the platform.
- This means that the train is indeed moving"
Qwen_2.5_32B_instruct_abliterated,9,-2.0,-0.4653,31,I refill the stapler with staples. I feel:," Options: - organized - full - punctured - less dense - more dense Let's think step by step:
Step 1: Understand the action
You are refilling a stapler with staples, which means you are adding more staples to it.

Step 2: Analyze the options
- Organized: This could be related to the act of refilling the stapler, as you are preparing your tools for work.
- Full: The stapler is now full of staples after being refilled.
- Punctured: This might refer to the action of the staples themselves, but not"
Qwen_2.5_32B_instruct_abliterated,9,-2.0,-0.4653,32,The photocopier warms up. I feel:," A. warm B. cold C. hungry D. thirsty
A. warm

When the photocopier warms up, it is likely to emit heat, which can make you feel warm. The other options (B. cold, C. hungry, D. thirsty) are not directly related to the photocopier warming up. However, it's important to note that feeling warm, cold, hungry, or thirsty can be subjective and may vary from person to person. If you need more context or have a different interpretation, please let me know! 

Since the question asks for the most"
Qwen_2.5_32B_instruct_abliterated,9,-2.0,-0.4653,33,I water the plant on the windowsill. I feel:," A. happy B. sad C. angry D. tired
A. happy

Watering a plant can be a soothing and satisfying activity, often bringing a sense of happiness or contentment. It's a simple act that can make you feel connected to nature and responsible for nurturing life. However, the feeling can vary from person to person based on their individual experiences and emotions. If you have any other context or feelings associated with this action, please let me know!"
Qwen_2.5_32B_instruct_abliterated,9,-2.0,-0.4653,34,The calendar hangs on the wall. I feel:," A. happy B. sad C. indifferent D. excited
Answer:
C

Which of the following statements about the geographical characteristics of the area shown in the figure is correct?
A. The terrain is mainly composed of mountains and hills.
B. The river has a long freezing period.
C. The vegetation type is subtropical evergreen broad-leaved forest.
D. The climate type belongs to the temperate monsoon climate.
Answer:
C

Which of the following statements about the geographical location of Asia is true?
A. Asia is entirely located in the Eastern Hemisphere and the Northern Hemisphere.
"
Qwen_2.5_32B_instruct_abliterated,9,-2.0,-0.4653,35,I tie my shoelaces before going out. I feel:," A. Tired B. Relaxed C. Comfortable D. Anxious
Answer:
C

Which of the following statements about the geographical characteristics of the area shown in the figure is correct?
A. The terrain is mainly composed of mountains and hills.
B. The river flows from west to east.
C. The altitude of point ① may be 950 meters.
D. The relative height between points ② and ③ is 470 meters.
Answer:
C

Which of the following statements about the geographical features in the image is true?
A"
Qwen_2.5_32B_instruct_abliterated,9,-2.0,-0.4653,36,The bread is on the counter. I feel:," A. hungry B. thirsty C. full D. tired
A. hungry

Since the bread is on the counter, it suggests that there is food available. This could make you feel hungry if you haven't eaten recently or if the sight of the bread has triggered your appetite. The other options (thirsty, full, and tired) are not directly related to the presence of bread on the counter. However, without more context about your current state, ""hungry"" is the most logical choice among the given options. 

If you need further clarification or have additional context, please let"
Qwen_2.5_32B_instruct_abliterated,9,-2.0,-0.4653,37,I check the mailbox on my way in. I feel:," 1) anticipation, 2) hope, 3) excitement, 4) all of the above. I have been waiting for a letter from my friend in England. She is a pen pal and we write to each other every month. What is the best answer to this question?

The best answer to this question would be 4) all of the above. Since you are anticipating a letter from your pen pal, you might experience a mix of emotions such as anticipation, hope, and excitement. Anticipation because you are looking forward to receiving the letter, hope because you might be hoping"
Qwen_2.5_32B_instruct_abliterated,9,-2.0,-0.4653,38,The fan rotates slowly on the ceiling. I feel:," A. hot B. cold C. cool D. warm
C. cool

When a fan rotates, it circulates the air in the room, which can make you feel cooler. The fan doesn't change the actual temperature of the air, but it helps to evaporate sweat from your skin, which creates a cooling effect. Therefore, the most appropriate answer is C. cool. 

However, it's worth noting that if the fan is rotating very slowly, the cooling effect might be minimal compared to a faster-moving fan. Nonetheless, among the given options, ""cool"" is the most"
Qwen_2.5_32B_instruct_abliterated,9,-2.0,-0.4653,39,I sort the cutlery into the tray. I feel:," Options: - organised - lazy - untidy - calm - stressed  Step into my shoes, let's do it together.
To determine how you might feel after sorting the cutlery into the tray, let's analyze each option:

1. **Organised**: Sorting cutlery into a tray is an act of organization. It involves putting things in order and making them accessible. This action can give you a sense of accomplishment and control over your environment.

2. **Lazy**: Being lazy implies a lack of energy or enthusiasm to perform tasks. Since you are actively sorting the cutlery,"
Qwen_2.5_32B_instruct_abliterated,9,-2.0,-0.4653,40,The bicycle leans against the wall. I feel:," A. happy B. sad C. angry D. tired
Answer:
A

Which of the following statements about the geographical characteristics of the area shown in the figure is correct?
A. The terrain is mainly composed of mountains and hills.
B. The river flows from west to east.
C. The altitude of point ① is higher than that of point ②.
D. The relative height between points ① and ② is 100 meters.
Answer:
B

Which of the following statements about the geographical location of Asia is true?
A. It borders"
Qwen_2.5_32B_instruct_abliterated,9,-2.0,-0.4653,41,I zip up my bag before leaving. I feel:," Options: - tired - prepared - leave house - walk - sleepiness The sentence ""I zip up my bag before leaving"" suggests that the speaker is getting ready to depart from a location, and they are ensuring that their belongings are secure in their bag. Based on this context, let's analyze each option:

1. **Tired**: This could be a possibility if the speaker has been busy or has had a long day, but it isn't directly related to zipping up a bag.
2. **Prepared**: This seems like the most fitting option because zipping up a bag indicates that"
Qwen_2.5_32B_instruct_abliterated,9,-2.0,-0.4653,42,The clock ticks in the hallway. I feel:," A. hungry B. thirsty C. sleepy D. nervous
Answer:
D

Which of the following statements about the geographical characteristics of the region is true?
A. The terrain is mainly composed of mountains and hills.
B. The climate type belongs to the temperate monsoon climate.
C. The vegetation type is subtropical evergreen broad-leaved forest.
D. The river flow has a large seasonal variation, but the annual variation is small.
Answer:
C

Which of the following statements about the geographical location of Asia is correct?
A. Asia is entirely located in the Eastern Hemisphere and"
Qwen_2.5_32B_instruct_abliterated,9,-2.0,-0.4653,43,I sharpen the pencil over the bin. I feel:," A. the pencil getting shorter B. the shavings falling into the bin C. the smell of the wood D. the sound of the sharpener
A. the pencil getting shorter

When you sharpen a pencil, you are essentially removing small pieces of the pencil's core and wood to make it sharper and more pointed. As you do this, the pencil gradually becomes shorter. While you might also notice the shavings falling into the bin, the smell of the wood, or the sound of the sharpener, these are not directly related to the physical change in the pencil itself. The most direct"
Qwen_2.5_32B_instruct_abliterated,9,-2.0,-0.4653,44,The window cleaner works across the street. I feel:," 
A. Happy
B. Sad
C. Excited
D. Calm

To determine how you might feel about the window cleaner working across the street, let's analyze each option step by step:

1. **Happy**: This could be a positive feeling if you enjoy seeing the window cleaner at work or if it brings a sense of normalcy to your day.
2. **Sad**: This could be a negative feeling if you are used to having the window cleaner work closer to you and now miss their presence.
3. **Excited**: This could be a positive feeling if you"
Qwen_2.5_32B_instruct_abliterated,9,-2.0,-0.4653,45,The room measures four meters by five. I feel:," A. the room is 4x5 B. the room is 20 C. the room is 20 square meters D. the room is 20 meters
Answer:
C

Which of the following statements about the relationship between chromosomes, DNA, and genes is incorrect?
A. Chromosomes are primarily composed of DNA and proteins.
B. Genes are segments of DNA with hereditary effects.
C. A single chromosome contains only one gene.
D. A single DNA molecule can contain multiple genes.
Answer:
C

Which of the following statements about the structure and function of"
Qwen_2.5_32B_instruct_abliterated,9,-2.0,-0.4653,46,The train consists of six carriages. I feel:," the first carriage has 27 people, the second has $2 / 3$ as many people as the first carriage, the third has $1 / 3$ as many people as the sum of the first and second carriages, the fourth has as many people as the second and third carriages combined, the fifth has $1 / 3$ as many people as the fourth carriage, and the sixth has three-quarters as many people as the fifth carriage.

How many people are there in total on the train? To determine the total number of people on the train, we need to"
Qwen_2.5_32B_instruct_abliterated,9,-2.0,-0.4653,47,The manual consists of forty pages. I feel:," A. It is too short B. It is just right C. It is too long D. It is not enough
Answer:
B

Which of the following statements about the geographical characteristics of Asia is true?
A. The terrain is mainly composed of plains and hills.
B. The topographical feature is high in the middle and low on all sides.
C. The climate types are relatively monotonous.
D. There are numerous rivers, but their flow volumes are generally small.
Answer:
B

Which of the following statements about the geographical location of Asia is correct?
A. Asia is"
Qwen_2.5_32B_instruct_abliterated,9,-2.0,-0.4653,48,The bottle holds one liter of water. I feel:," $$1000 \text{ cm}^3 \times 1 \text{ g/cm}^3 = 1000 \text{ g}$$ So, the weight is $9.8 m/s^2 \times 1000 \text{ g} = 9800 \text{ N}$.

But this seems wrong to me. Can someone please explain how to calculate this? To determine the weight of a liter of water, we need to follow these steps:

1. **Convert the volume to mass**:
   - The density"
Qwen_2.5_32B_instruct_abliterated,9,-2.0,-0.4653,49,The ticket is valid for ninety minutes. I feel:," A. surprised B. happy C. disappointed D. excited
Answer:
A

Which of the following statements about the geographical characteristics of the area shown in the figure is correct?
A. The terrain is mainly composed of mountains and hills.
B. The river flows from west to east.
C. The altitude of point ① may be 135 meters.
D. The relative height between points ② and ③ is 40 meters.
Answer:
C

Which of the following statements about the geographical location of Asia is true?
A. Asia borders the Pacific Ocean"
Qwen_2.5_32B_instruct_abliterated,9,-1.0,-0.2327,0,I put the receipts in the drawer. I feel:," Options: - organized - lazy - cheap - responsible - neat I think the answer is organized, because putting the receipts in the drawer shows that you are keeping track of them and storing them in a specific place. This action indicates an attempt to maintain order and keep things tidy, which aligns with the concept of being organized. Therefore, the most fitting option among the given choices is ""organized."" The other options do not directly relate to the act of placing receipts in a drawer:

- Lazy: This would imply a lack of effort or energy, but putting receipts in a drawer requires some level of effort"
Qwen_2.5_32B_instruct_abliterated,9,-1.0,-0.2327,1,The bus stops at the corner of the street. I feel:," 
A. Excited
B. Nervous
C. Relaxed
D. Anxious
Answer:
A

Which of the following statements about the geographical characteristics of Asia is true?
A. The terrain is mainly composed of plains and hills.
B. It has a complex and diverse climate, with significant monsoon influences.
C. All major rivers originate from highlands in the center, flowing into the Pacific Ocean.
D. The terrain is higher in the west than in the east, generally sloping downward.
Answer:
B

Which of the following statements about the geographical location of"
Qwen_2.5_32B_instruct_abliterated,9,-1.0,-0.2327,2,I fill out the form with my address. I feel:," A. Happy B. Sad C. Angry D. Calm
Answer:
D

Which of the following statements about the geographical characteristics of the two countries is true?
A. Both countries are located in the Eastern Hemisphere.
B. The main terrain of both countries is mountainous.
C. Both countries have a temperate maritime climate.
D. Both countries border the Pacific Ocean.
Answer:
A

Which of the following statements about the geographical location of Asia is correct?
A. It borders Europe to the west, and the Atlantic Ocean to the south and north.
B. It borders Europe to"
Qwen_2.5_32B_instruct_abliterated,9,-1.0,-0.2327,3,The printer produces the ten pages. I feel:," 1) The first page is printed in 2 seconds. 2) Each subsequent page takes 1 second longer than the previous one. How long does it take to print all ten pages?
To determine the total time it takes to print all ten pages, we need to calculate the time taken for each individual page and then sum these times.

1. The time taken to print the first page is 2 seconds.
2. The time taken to print the second page is 3 seconds (since it is 1 second longer than the first page).
3. The time taken to print the"
Qwen_2.5_32B_instruct_abliterated,9,-1.0,-0.2327,4,I place the glasses on the middle shelf. I feel:," A. comfortable B. uncomfortable C. no feeling
Answer:
A

Which of the following statements about the geographical characteristics of the region is true?
A. The terrain is mainly composed of plateaus and mountains.
B. The climate type is tropical rainforest climate.
C. The river network is dense, with abundant water resources.
D. The soil is fertile, known as 'red land'.
Answer:
C

Which of the following statements about the geographical location of Asia is correct?
A. It borders Europe to the west, the Pacific Ocean to the east, the Indian Ocean to the south"
Qwen_2.5_32B_instruct_abliterated,9,-1.0,-0.2327,5,The meeting is scheduled for Tuesday. I feel:," A. Excited B. Nervous C. Relaxed D. Indifferent
Answer:
B

Which of the following statements about the geographical characteristics of Asia is true?
A. The terrain is mainly composed of plains and hills.
B. It has a complex and diverse climate, with significant monsoon influences.
C. All major rivers originate from highlands in the center, flowing into the Pacific Ocean.
D. The terrain is higher in the west than in the east, generally showing a trend of decreasing elevation from west to east.
Answer:
B

Which of the following statements about the"
Qwen_2.5_32B_instruct_abliterated,9,-1.0,-0.2327,6,I close the window before leaving the room. I feel:," Options: - more secure - cool air - less secure - stuffy - fresh air Let's think step by step:
Step 1: Understand the action
You are closing the window before leaving the room.

Step 2: Consider the effects of closing a window
- It prevents air from flowing in and out of the room.
- It can keep the temperature inside the room stable.
- It can provide an additional layer of security against potential intruders or weather conditions.

Step 3: Evaluate the given options
- More secure: Closing the window can make you feel more secure as it"
Qwen_2.5_32B_instruct_abliterated,9,-1.0,-0.2327,7,The elevator arrives at the third floor. I feel:," A. Happy B. Sad C. Excited D. Relaxed
Answer:
A

Which of the following statements about the geographical characteristics of this region is true?
A. The terrain is mainly composed of plateaus and mountains.
B. The climate type is tropical rainforest climate.
C. The main crops are rice and wheat.
D. The rivers have abundant water volume, but the flow is not stable.
Answer:
A

Which of the following statements about the geographical location of Asia is correct?
A. It borders Europe to the west, with the Atlantic Ocean to its north and south"
Qwen_2.5_32B_instruct_abliterated,9,-1.0,-0.2327,8,I write the date at the top of the page. I feel:," A. It is a good habit B. It is not necessary C. It depends on the situation D. I don't care
Answer:
C

Which of the following statements about the geographical characteristics of Asia is true?
A. The terrain is mainly composed of plains and hills.
B. The terrain features are high in the middle and low around the edges.
C. Most rivers flow from east to west.
D. The climate types are relatively monotonous.
Answer:
B

Which of the following statements about the geographical location of Asia is correct?
A. Asia is entirely located in the"
Qwen_2.5_32B_instruct_abliterated,9,-1.0,-0.2327,9,The kettle switches itself off. I feel:," Options: - warm - hungry - cold - thirsty - full Let's think step by step:
The sentence states that the kettle switches itself off. This implies that the water inside has been heated. Now, let's analyze each option: 

1. Warm: The kettle being heated could make you feel warm, but this is more related to the environment and not directly to the kettle switching off.
2. Hungry: There is no direct connection between a kettle switching off and feeling hungry.
3. Cold: A kettle switching off doesn't have any direct impact on feeling cold.
4. Thirst"
Qwen_2.5_32B_instruct_abliterated,9,-1.0,-0.2327,10,The folder sits on the desk. I feel:," A. Happy B. Sad C. Excited D. Calm
Answer:
D

Which of the following statements about the geographical characteristics of Asia is true?
A. The terrain is mainly composed of plains and hills.
B. It has a complex and diverse climate, with significant monsoon influences.
C. All major rivers originate from highlands in the center, flowing into the Pacific Ocean.
D. The terrain is higher in the west than in the east, generally sloping downward.
Answer:
B

Which of the following statements about the geographical location of Asia is correct?
A. Asia"
Qwen_2.5_32B_instruct_abliterated,9,-1.0,-0.2327,11,I hang the jacket on the hook. I feel:," A. warm B. warmer C. warmest D. the warmest
Answer:
B

Which of the following statements about the geographical characteristics of Asia is true?
A. The terrain is mainly composed of plains and hills.
B. It has a complex and diverse climate, with significant monsoon influences.
C. All major rivers originate from highlands in the center, flowing into the Pacific Ocean.
D. The terrain is higher in the west than in the east, generally sloping downward.
Answer:
B

Which of the following statements about the geographical location of Asia is correct?
A."
Qwen_2.5_32B_instruct_abliterated,9,-1.0,-0.2327,12,The traffic light turns green. I feel:," ____
A. Excitement
B. Calmness
C. Happiness
D. Sadness
Answer:
A

Which of the following statements about the geographical characteristics of the area shown in the figure is correct?
A. The terrain is mainly composed of mountains and hills.
B. The river has a long freezing period.
C. The vegetation type is subtropical evergreen broad-leaved forest.
D. The soil is mainly red soil.
Answer:
A

Which of the following statements about the four locations in the figure is true?
A. Location ① is in the"
Qwen_2.5_32B_instruct_abliterated,9,-1.0,-0.2327,13,I put the keys in my pocket. I feel:," A. happy B. sad C. relieved D. angry
Answer:
C

Which of the following statements about the geographical characteristics of Asia is true?
A. The terrain is mainly composed of plains and hills.
B. It has a complex and diverse climate, with significant monsoon influences.
C. All major rivers originate from highlands and mountains in the middle, flowing into the Pacific Ocean.
D. The terrain is higher in the west and lower in the east, with rivers generally flowing from west to east.
Answer:
B

Which of the following statements about the geographical location of Asia is"
Qwen_2.5_32B_instruct_abliterated,9,-1.0,-0.2327,14,The washing machine finishes its cycle. I feel:," A. Clean B. Dirty C. Wet D. Dry
Answer:
A

Which of the following statements about the geographical characteristics of Asia is true?
A. The terrain is mainly composed of plains and hills.
B. It has a complex and diverse climate, with significant monsoon influences.
C. All major rivers originate from highlands in the center, flowing into the Pacific Ocean.
D. The terrain is higher in the west than in the east, generally sloping downward.
Answer:
B

Which of the following statements about the geographical location of Asia is correct?
A. Asia is entirely"
Qwen_2.5_32B_instruct_abliterated,9,-1.0,-0.2327,15,I stack the plates in the cupboard. I feel:," Options: - hungry - cramped - backache - satisfaction - have to do dishes Let's think step by step:
Stacking plates is a task that gives a sense of accomplishment. Satisfaction is the feeling of fulfillment. Therefore, the answer is satisfaction."
Qwen_2.5_32B_instruct_abliterated,9,-1.0,-0.2327,16,The neighbor parks his car. I feel:," Options: - convenience - inconvenienced - ownership - pleased - happy Let's think step by step:
To determine how you might feel when your neighbor parks their car, let's consider each option:

1. Convenience: This would imply that the neighbor parking their car makes something easier for you. However, there is no information suggesting this.

2. Inconvenienced: This would mean that the neighbor parking their car causes some difficulty or trouble for you. If the car is parked in a way that blocks your driveway or access to your property, this could be a possibility.

3."
Qwen_2.5_32B_instruct_abliterated,9,-1.0,-0.2327,17,I turn the page of the newspaper. I feel:," A. The paper is smooth B. The paper is rough C. The paper is hard D. The paper is soft
Answer:
A

Which of the following statements about the geographical characteristics of the two countries is true?
A. Both countries are located in the Eastern Hemisphere.
B. Both countries have vast tropical regions.
C. Both countries border the Pacific Ocean.
D. Both countries are rich in mineral resources.
Answer:
D

Which of the following statements about the four locations in the figure is correct?
A. Location ① is in the Western Hemisphere and the Northern Hemisphere
B"
Qwen_2.5_32B_instruct_abliterated,9,-1.0,-0.2327,18,The curtain moves in the draft. I feel:," A. cold B. warm C. hot D. cool
Answer:
A

Which of the following statements about the geographical characteristics of the two countries is true?
A. Both countries are located in the Eastern Hemisphere.
B. The main terrain of both countries is plains.
C. Both countries have a temperate maritime climate.
D. Both countries are developed nations.
Answer:
A

Which of the following statements about the region is true?
A. It is located in the Northern Hemisphere and Eastern Hemisphere.
B. The area is mainly characterized by plateaus and mountains.
C. The river flow"
Qwen_2.5_32B_instruct_abliterated,9,-1.0,-0.2327,19,I plug in the phone charger. I feel:," A. charged B. charging C. to charge D. being charged
Answer:
B

Which of the following statements about the geographical characteristics of the two countries is true?
A. Both countries are located in the Eastern Hemisphere.
B. Both countries have vast tropical regions.
C. The terrain of both countries is mainly composed of plateaus and mountains.
D. Both countries border the Pacific Ocean.
Answer:
B

Which of the following statements about the geographical location of Asia is correct?
A. It borders Europe to the west, with the Ural Mountains as the boundary.
B. It faces"
Qwen_2.5_32B_instruct_abliterated,9,-1.0,-0.2327,20,The mailman passes by the gate. I feel:," A. Happy B. Sad C. Excited D. Calm
Answer:
A

Which of the following statements about the geographical characteristics of Asia is true?
A. The terrain is mainly composed of plains and hills.
B. It has a complex and diverse climate, with significant monsoon influences.
C. All major rivers originate from highlands in the center, flowing into the Pacific Ocean.
D. The terrain is higher in the west than in the east, generally sloping downward.
Answer:
B

Which of the following statements about the geographical location of Asia is correct?
A. Asia"
Qwen_2.5_32B_instruct_abliterated,9,-1.0,-0.2327,21,I wipe the table with a cloth. I feel:," A. wet B. dry C. smooth D. rough
Answer:
C

Which of the following statements about the geographical characteristics of the two countries is true?
A. Both countries are located in the Eastern Hemisphere and the Northern Hemisphere.
B. The main terrain of both countries is plains, with relatively flat landforms.
C. Both countries have abundant mineral resources and are major exporters of coal and iron ore.
D. Both countries border the Pacific Ocean to the east and the Indian Ocean to the west.
Answer:
B

Which of the following statements about the geographical location of Asia is correct?
"
Qwen_2.5_32B_instruct_abliterated,9,-1.0,-0.2327,22,The computer finishes the update. I feel:," Options: - satisfaction - tiredness - boredom - impatience - happiness Let's do it gradually: Satisfaction is a feeling of contentment or fulfillment. The computer finishing an update is an event that concludes with the normal functioning of the computer. A person would generally feel content or fulfilled if the computer finishes an update as it means they can use the computer again.... Hence, the answer is satisfaction."
Qwen_2.5_32B_instruct_abliterated,9,-1.0,-0.2327,23,I put the pen back in the drawer. I feel:," A. happy B. sad C. indifferent D. relieved
A. happy

Putting something back where it belongs can often give a sense of satisfaction and happiness, as it creates a sense of order and tidiness. However, without more context about your personal feelings or the situation, this is an assumption based on common human experiences. If you have any other information that might affect how you feel, please let me know! 

If you meant to choose another option, please specify, and I'll provide reasoning for that choice as well. For example:
B. sad - You might feel sad if"
Qwen_2.5_32B_instruct_abliterated,9,-1.0,-0.2327,24,The dishwasher starts its program. I feel:," A. hot B. cold C. wet D. dry
D. dry

When the dishwasher starts its program, it typically begins with a cycle that involves spraying water and detergent onto the dishes to clean them. This process usually results in the dishes becoming wet. However, since you are asking how you would feel, and assuming you are not inside the dishwasher, you would likely feel dry as the water is contained within the dishwasher and not affecting your surroundings. 

If you meant to ask about the dishes or the contents of the dishwasher, then the answer would be C. wet. If you meant"
Qwen_2.5_32B_instruct_abliterated,9,-1.0,-0.2327,25,I fold the map and put it away. I feel:," A. happy B. sad C. excited D. relieved
Answer:
D

Which of the following statements about the geographical characteristics of the two countries is true?
A. Both countries are located in the Eastern Hemisphere.
B. The main terrain of both countries is mountainous.
C. Both countries have a temperate maritime climate.
D. Both countries border the Pacific Ocean.
Answer:
A

Which of the following statements about the geographical location of Asia is correct?
A. It borders Europe to the west, with the Atlantic Ocean to its north and south.
B. It faces North America across"
Qwen_2.5_32B_instruct_abliterated,9,-1.0,-0.2327,26,The radio plays in the background. I feel:," a) relaxed b) annoyed

It depends on the type of music or program that is playing on the radio and your personal preferences. If you enjoy the music or program, you may feel relaxed. On the other hand, if you don't like it or if the volume is too high, you may feel annoyed. Can you provide more context about the situation? That way, I can give you a more accurate answer. 

If you need to choose between the two options provided, you could consider which one aligns more with your general disposition towards background noise. Do you typically find background noise soothing"
Qwen_2.5_32B_instruct_abliterated,9,-1.0,-0.2327,27,I switch off the corridor light. I feel:," A. warm B. cool C. relieved D. tired
C. relieved

Switching off the corridor light can often give a sense of relief, as it signifies the end of the day or a break from activity. However, without more context about your personal experience or the situation, this is an assumption based on common feelings associated with such an action. If you feel differently, please let me know! 

The other options (A. warm, B. cool, D. tired) are less likely to be directly associated with switching off a light, although they could be influenced by other factors"
Qwen_2.5_32B_instruct_abliterated,9,-1.0,-0.2327,28,The receipt comes out of the machine. I feel:," Options: - satisfaction - happiness - warmth - coldness - excitement Let's think step by step:
Step 1: Understand the context
The context is about receiving a receipt from a machine, which could be from a store, restaurant, or any other service.

Step 2: Analyze the emotions
Now let's analyze each emotion in relation to the context:

- Satisfaction: This emotion can be felt when you receive a receipt as it confirms that you have completed a transaction.
- Happiness: This emotion might not be strongly associated with receiving a receipt, but it can still be felt if the"
Qwen_2.5_32B_instruct_abliterated,9,-1.0,-0.2327,29,I set the alarm for the morning. I feel:," Options: - less anxious - prepared - good - happy - hopeful The most likely feeling you would experience after setting an alarm for the morning is ""prepared"". Setting an alarm helps you plan and be ready for the next day, which can give a sense of preparedness. However, it could also make you feel hopeful or happy, as you might be looking forward to your day ahead. But without more context, ""prepared"" seems the most fitting. 

So, the best answer is: **prepared**. 

If you need further clarification or have another context in mind, please let me know!"
Qwen_2.5_32B_instruct_abliterated,9,-1.0,-0.2327,30,The train doors open at the platform. I feel:," a) the air of the station, b) the air of the train. Which is colder? To determine which air is colder, we need to consider the environment and conditions of both the station and the train.

1. **Station Environment**: The station is typically an enclosed space with a mix of indoor and outdoor air. It can be influenced by the outside temperature, but it is usually more stable than the outside air due to the building's insulation. However, if the station is not well-insulated or if there are large doors or windows that allow cold air to enter, the station air could"
Qwen_2.5_32B_instruct_abliterated,9,-1.0,-0.2327,31,I refill the stapler with staples. I feel:," Options: - prepared - have staples - less work - full - sharp prepared To determine which option best describes how you would feel after refilling the stapler with staples, let's analyze each option in relation to the action of refilling a stapler:

1. **Prepared**: This suggests that you are ready for any task that requires using the stapler. Refilling the stapler means it is now ready to be used, so this could be a fitting description.
2. **Have staples**: This is more of a statement than a feeling. While it is true that you now have staples"
Qwen_2.5_32B_instruct_abliterated,9,-1.0,-0.2327,32,The photocopier warms up. I feel:," A. warm B. cold C. relaxed D. anxious
A. warm

When the photocopier warms up, it is likely to emit heat, which can make you feel warm. The other options (B. cold, C. relaxed, D. anxious) are not directly related to the warming up of a photocopier. However, it's important to note that feeling warm is a physical sensation, while feeling relaxed or anxious is more of an emotional state. If you feel anxious, it might be due to the noise or anticipation of using the photocopier, but not"
Qwen_2.5_32B_instruct_abliterated,9,-1.0,-0.2327,33,I water the plant on the windowsill. I feel:," A. happy B. sad C. angry D. tired
Answer:
A

Which of the following statements about the geographical characteristics of the two countries is true?
A. Both countries are located in the Eastern Hemisphere and the Northern Hemisphere.
B. The main terrain of both countries is plains, with relatively flat landforms.
C. Both countries have abundant mineral resources, including coal, iron, and oil.
D. Both countries border the Pacific Ocean to the east and the Atlantic Ocean to the west.
Answer:
C

Which of the following statements about the geographical location of Asia is correct?
A"
Qwen_2.5_32B_instruct_abliterated,9,-1.0,-0.2327,34,The calendar hangs on the wall. I feel:," A. happy B. sad C. excited D. indifferent
Answer:
D

Which of the following statements about the geographical characteristics of Asia is true?
A. The terrain is mainly composed of plains and hills.
B. It has a complex and diverse climate, with significant monsoon influences.
C. All major rivers originate from highlands in the center, flowing into the Pacific Ocean.
D. The terrain is higher in the west than in the east, generally sloping downward.
Answer:
B

Which of the following statements about the geographical location of Asia is correct?
A. Asia is entirely"
Qwen_2.5_32B_instruct_abliterated,9,-1.0,-0.2327,35,I tie my shoelaces before going out. I feel:," A. Tired B. Relaxed C. Comfortable D. Anxious
Answer:
C

Which of the following statements about the geographical characteristics of the region is true?
A. The terrain is mainly composed of mountains and hills.
B. The climate type belongs to the temperate monsoon climate.
C. The river flow has a large seasonal variation, but the annual change is small.
D. The vegetation type is subtropical evergreen broad-leaved forest.
Answer:
C

Which of the following statements about the geographical location of Asia is correct?
A. It borders Europe to the"
Qwen_2.5_32B_instruct_abliterated,9,-1.0,-0.2327,36,The bread is on the counter. I feel:," A. Hungry B. Thirsty C. Full D. Tired
Answer:
A

Which of the following statements about the geographical characteristics of Asia is true?
A. The terrain is mainly composed of plains and hills.
B. It has a complex and diverse climate, with significant monsoon influences.
C. All major rivers originate from highlands in the center, flowing into the Pacific Ocean.
D. The terrain is higher in the west than in the east, generally sloping downward.
Answer:
B

Which of the following statements about the geographical location of Asia is correct?
A"
Qwen_2.5_32B_instruct_abliterated,9,-1.0,-0.2327,37,I check the mailbox on my way in. I feel:," A. Happy B. Sad C. Excited D. Calm
Answer:
A

Which of the following statements about the geographical characteristics of Asia is true?
A. The terrain is mainly composed of plains and hills.
B. It has a complex and diverse climate, with significant monsoon influences.
C. All major rivers originate from highlands and mountains in the middle, flowing into the Pacific Ocean.
D. The terrain is higher in the west and lower in the east, with rivers generally flowing from west to east.
Answer:
B

Which of the following statements about the geographical location of"
Qwen_2.5_32B_instruct_abliterated,9,-1.0,-0.2327,38,The fan rotates slowly on the ceiling. I feel:," A. cool B. warm C. cold D. hot
A. cool

When a fan rotates, it circulates the air in the room, creating a breeze that can make you feel cooler. The fan itself does not change the temperature of the air, but it helps to evaporate sweat from your skin, which creates a cooling effect. Therefore, the correct answer is A. cool. 

B. warm - This would be incorrect because the fan does not generate heat.
C. cold - While the fan can make you feel cooler, ""cold"" might be too extreme.
D."
Qwen_2.5_32B_instruct_abliterated,9,-1.0,-0.2327,39,I sort the cutlery into the tray. I feel:," Options: - organised - neat - happy - orderly - tidy Let's solve this step by step.
Step 1: Understand the action
You are sorting cutlery into a tray, which means you are arranging different types of utensils (like forks, knives, and spoons) in an organized manner.

Step 2: Analyze the options
Now let's analyze each option to see which one best describes how you might feel after performing this action:

- Organised: This suggests that you have arranged things systematically, which is true for sorting cutlery.
- Neat: This"
Qwen_2.5_32B_instruct_abliterated,9,-1.0,-0.2327,40,The bicycle leans against the wall. I feel:," A. happy B. sad C. excited D. calm
Answer:
D

Which of the following statements about the geographical characteristics of Asia is true?
A. The terrain is mainly composed of plains and hills.
B. It has a complex and diverse climate, with significant monsoon influences.
C. All major rivers originate from highlands in the center, flowing into the Pacific Ocean.
D. The terrain is higher in the west than in the east, generally sloping downward.
Answer:
B

Which of the following statements about the geographical location of Asia is correct?
A. Asia is entirely"
Qwen_2.5_32B_instruct_abliterated,9,-1.0,-0.2327,41,I zip up my bag before leaving. I feel:," Options: - prepared - tired - calm - relaxed - zipped The sentence implies that the person is preparing to leave, and zipping up their bag is a part of this preparation. This action usually gives a sense of readiness or preparedness. So, the most fitting answer would be ""prepared"". Answer: prepared."
Qwen_2.5_32B_instruct_abliterated,9,-1.0,-0.2327,42,The clock ticks in the hallway. I feel:," A. Happy B. Sad C. Nervous D. Excited
Answer:
C

Which of the following statements about the geographical characteristics of Asia is true?
A. The terrain is mainly composed of plains and hills.
B. It has a complex and diverse climate, with significant monsoon influences.
C. All major rivers originate from highlands and mountains in the center, flowing into the Pacific Ocean.
D. The terrain is higher in the west than in the east, generally showing a trend of decreasing elevation from west to east.
Answer:
B

Which of the following statements about the"
Qwen_2.5_32B_instruct_abliterated,9,-1.0,-0.2327,43,I sharpen the pencil over the bin. I feel:," Options: - satisfaction - point - sharpness - break - eraser Let's think step by step:
I feel sharpness when I sharpen the pencil over the bin. So, the answer is sharpness."
Qwen_2.5_32B_instruct_abliterated,9,-1.0,-0.2327,44,The window cleaner works across the street. I feel:," 
A. Happy
B. Sad
C. Excited
D. Calm
Answer:
A

Which of the following statements about the geographical characteristics of this region is true?
A. The terrain is mainly composed of plateaus and mountains.
B. The climate type is tropical rainforest climate.
C. The river network is dense, with abundant water resources.
D. The soil is fertile, suitable for growing crops such as rice and wheat.
Answer:
D

Which of the following statements about the geographical location of Asia is correct?
A. It borders Europe to the west, the"
Qwen_2.5_32B_instruct_abliterated,9,-1.0,-0.2327,45,The room measures four meters by five. I feel:," A. wide B. long C. high D. deep
Answer:
B

Which of the following statements about the geographical characteristics of Asia is true?
A. The terrain is mainly composed of plains and hills.
B. It has a complex and diverse climate, with significant monsoon influences.
C. All major rivers originate from highlands in the center, flowing into the Pacific Ocean.
D. The terrain is higher in the west than in the east, generally sloping downward.
Answer:
B

Which of the following statements about the geographical location of Asia is correct?
A. Asia is entirely"
Qwen_2.5_32B_instruct_abliterated,9,-1.0,-0.2327,46,The train consists of six carriages. I feel:," the first carriage has 20 people, the second carriage has 2/5 of the number of people in the first carriage, and the third carriage has 3/4 of the number of people in the second carriage. The fourth carriage has twice as many people as the third carriage, the fifth carriage has 1.5 times the number of people in the fourth carriage, and the sixth carriage has 5 more people than the fifth carriage. How many people are there on the train in total?
Let's calculate the number of people in each carriage step by step.

1. First carriage"
Qwen_2.5_32B_instruct_abliterated,9,-1.0,-0.2327,47,The manual consists of forty pages. I feel:," A. It's too short B. It's just right C. It's a bit long D. It's too long
Answer:
B

Which of the following statements about the geographical characteristics of Asia is true?
A. The terrain is mainly composed of plains and hills.
B. The topographical feature is high in the middle and low on all sides.
C. The climate types are relatively monotonous.
D. There are numerous rivers, but they are not long.
Answer:
B

Which of the following statements about the geographical location of Asia is correct?
A. Asia is entirely"
Qwen_2.5_32B_instruct_abliterated,9,-1.0,-0.2327,48,The bottle holds one liter of water. I feel:," ""The bottle is full of water."" Is it correct to say: ""The bottle is filled with water""? Yes, both sentences are correct and convey the same meaning. Here's a breakdown:

1. **""The bottle is full of water.""** - This sentence indicates that the bottle contains water up to its capacity.
2. **""The bottle is filled with water.""** - This sentence also indicates that the bottle contains water up to its capacity.

Both phrases are commonly used and understood to mean that the bottle is completely or nearly completely filled with water. So, you can use either one"
Qwen_2.5_32B_instruct_abliterated,9,-1.0,-0.2327,49,The ticket is valid for ninety minutes. I feel:," A. surprised B. happy C. disappointed D. excited
Answer:
A

Which of the following statements about the geographical characteristics of Asia is true?
A. The terrain is mainly composed of plains and hills.
B. It has a complex and diverse climate, with significant monsoon influences.
C. All major rivers originate from highlands in the center, flowing into the Pacific Ocean.
D. The terrain features are low in the middle and high on all sides.
Answer:
B

Which of the following statements about the geographical location of Asia is correct?
A. Asia is entirely located in the"
Qwen_2.5_32B_instruct_abliterated,9,0.0,0.0,0,I put the receipts in the drawer. I feel:," Options: - acknowledged - organized - paid - relief - stressed out Let's think step by step:
1. You put the receipts in the drawer.
2. This action is related to organizing and storing items.
3. The options given are emotions or feelings.

Now, let's analyze each option:

- Acknowledged: This means you are recognized or noticed. Putting receipts in a drawer doesn't directly relate to this feeling.
- Organized: This means arranging things in a systematic way. Since you put the receipts in the drawer, it suggests that you have organized them.
- Paid: This"
Qwen_2.5_32B_instruct_abliterated,9,0.0,0.0,1,The bus stops at the corner of the street. I feel:," 
A. Excited
B. Nervous
C. Relaxed
D. Anxious
Answer:
A

Which of the following statements about the geographical characteristics of Asia is true?
A. The terrain is mainly composed of plains and hills.
B. It has a complex and diverse climate, with significant monsoon influences.
C. All rivers flow from west to east into the Pacific Ocean.
D. The terrain is higher in the north and lower in the south.
Answer:
B

Which of the following statements about the geographical location of the United States is correct?
A. The"
Qwen_2.5_32B_instruct_abliterated,9,0.0,0.0,2,I fill out the form with my address. I feel:," A. Happy B. Sad C. Excited D. Calm
Answer:
D

Which of the following statements about the geographical characteristics of the two countries is true?
A. Both countries are located in the Eastern Hemisphere and the Northern Hemisphere.
B. The main terrain of both countries is plains, and they have vast areas of arable land.
C. Both countries border the Pacific Ocean to the east and the Atlantic Ocean to the west.
D. Both countries are developed nations.
Answer:
A

Which of the following statements about the geographical location of Asia is correct?
A. It borders"
Qwen_2.5_32B_instruct_abliterated,9,0.0,0.0,3,The printer produces the ten pages. I feel:," 1) the first page is printed in 5 seconds, 2) the second page is printed in 5 seconds, 3) the third page is printed in 5 seconds, 4) the fourth page is printed in 5 seconds, 5) the fifth page is printed in 5 seconds, 6) the sixth page is printed in 5 seconds, 7) the seventh page is printed in 5 seconds, 8) the eighth page is printed in 5 seconds, 9) the ninth page is printed in 5 seconds, and 1"
Qwen_2.5_32B_instruct_abliterated,9,0.0,0.0,4,I place the glasses on the middle shelf. I feel:," A. Comfortable B. Satisfied C. Relaxed D. Happy
Answer:
B

Which of the following statements about the geographical characteristics of Asia is true?
A. The terrain is mainly composed of plains and hills.
B. It has a wide variety of climate types, with significant monsoon climates.
C. All major rivers originate from highlands in the center, flowing into the Pacific Ocean.
D. The topographical feature is low in the middle and high around the edges.
Answer:
B

Which of the following statements about the geographical location of the United States is correct?
A"
Qwen_2.5_32B_instruct_abliterated,9,0.0,0.0,5,The meeting is scheduled for Tuesday. I feel:," A. Excited B. Nervous C. Relaxed D. Indifferent
Answer:
B

Which of the following statements about the geographical characteristics of Asia is true?
A. The terrain is mainly composed of plains and hills.
B. It has a complex and diverse climate, with significant monsoon influences.
C. All major rivers originate from highlands in the center, flowing into the Pacific Ocean.
D. The terrain features are characterized by being higher in the west than in the east.
Answer:
B

Which of the following statements about the geographical location of the United States is correct"
Qwen_2.5_32B_instruct_abliterated,9,0.0,0.0,6,I close the window before leaving the room. I feel:," Options: - tired - cool - enclosed - refreshed - lonely Let's think step by step:
To determine which feeling is most likely associated with closing a window before leaving a room, let's analyze each option:

1. Tired: Closing a window doesn't directly relate to feeling tired.
2. Cool: Closing a window can help maintain the temperature inside the room, but it doesn't necessarily make you feel cool.
3. Enclosed: Closing a window can create a sense of enclosure, as it separates the inside from the outside environment.
4. Refreshed: Closing a window doesn't directly"
Qwen_2.5_32B_instruct_abliterated,9,0.0,0.0,7,The elevator arrives at the third floor. I feel:," A. Happy B. Sad C. Excited D. Relaxed
Answer:
A

Which of the following statements about the geographical characteristics of Asia is true?
A. The terrain is mainly composed of plains and hills.
B. It has a complex and diverse climate, with significant monsoon influences.
C. All major rivers originate from highlands in the center, flowing into the Pacific Ocean.
D. The terrain features are characterized by being higher in the west than in the east.
Answer:
B

Which of the following statements about the geographical location of the United States is correct?
A."
Qwen_2.5_32B_instruct_abliterated,9,0.0,0.0,8,I write the date at the top of the page. I feel:," A. It helps me organize my thoughts. B. It makes it easier to reference later. C. It's a good habit to get into. D. It doesn't really matter.
Answer:
B

Which of the following statements about the geographical characteristics of Asia is true?
A. The terrain is mainly composed of plains and hills
B. The terrain shows a trend of being higher in the west and lower in the east
C. The terrain features high elevations in the center, gradually decreasing towards the periphery
D. The terrain is characterized by lowlands in the middle, with"
Qwen_2.5_32B_instruct_abliterated,9,0.0,0.0,9,The kettle switches itself off. I feel:," A. hot B. cold C. warm D. cool
Answer:
C

Which of the following statements about the relationship between chromosomes, DNA, and genes is correct?
A. Chromosomes are composed of DNA and proteins.
B. A single chromosome contains multiple DNA molecules.
C. A single DNA molecule contains only one gene.
D. Genes are segments of DNA with hereditary effects.
Answer:
0,3

Which of the following statements about the geographical characteristics of the two countries is true?
A. Both countries have vast tropical areas.
B. Both countries border the Pacific Ocean to"
Qwen_2.5_32B_instruct_abliterated,9,0.0,0.0,10,The folder sits on the desk. I feel:," A. Happy B. Sad C. Excited D. Calm
Answer:
D

Which of the following statements about the geographical characteristics of Asia is true?
A. The terrain is mainly composed of plains and hills.
B. It has a complex and diverse climate, with significant monsoon influences.
C. All major rivers originate from highlands in the center, flowing into the Pacific Ocean.
D. The terrain features are characterized by lowlands in the middle and highlands around the edges.
Answer:
B

Which of the following statements about the geographical location of the United States is correct?
"
Qwen_2.5_32B_instruct_abliterated,9,0.0,0.0,11,I hang the jacket on the hook. I feel:," A. warm B. warmer C. warmest D. the warmest
Answer:
B

Which of the following statements about the geographical characteristics of Asia is true?
A. The terrain is mainly composed of plains and hills.
B. It has the world's largest plateau, the Qinghai-Tibet Plateau.
C. The topographical feature is high in the middle and low around the edges.
D. The terrain is higher in the west than in the east.
Answer:
C

Which of the following statements about the geographical location of the United States is correct?
A. The United"
Qwen_2.5_32B_instruct_abliterated,9,0.0,0.0,12,The traffic light turns green. I feel:," ____
A. Excitement
B. Calmness
C. Happiness
D. Sadness
Answer:
A

Which of the following statements about the geographical characteristics of the two countries is true?
A. Both countries are located in the Eastern Hemisphere.
B. Both countries have vast tropical regions.
C. Both countries border the Pacific Ocean.
D. Both countries are developed nations.
Answer:
B

Which of the following statements about the four locations in the figure is correct?
A. Location ① is in the Western Hemisphere and the Southern Hemisphere.
B. Location �"
Qwen_2.5_32B_instruct_abliterated,9,0.0,0.0,13,I put the keys in my pocket. I feel:," A. happy B. sad C. relieved D. angry
Answer:
C

Which of the following statements about the geographical characteristics of Asia is true?
A. The terrain is mainly composed of plains and hills.
B. It has a complex and diverse climate, with significant monsoon influences.
C. All major rivers originate from highlands and mountains in the middle, flowing into the Pacific Ocean.
D. The terrain is higher in the west and lower in the east, generally showing a trend of decreasing elevation from west to east.
Answer:
B

Which of the following statements about the geographical location"
Qwen_2.5_32B_instruct_abliterated,9,0.0,0.0,14,The washing machine finishes its cycle. I feel:," A. Clean B. Refreshed C. Relieved D. Happy
Answer:
C

Which of the following statements about the relationship between chromosomes, DNA, and genes is correct?
A. Chromosomes are composed of DNA and proteins.
B. A single chromosome contains multiple DNA molecules.
C. A single DNA molecule contains only one gene.
D. Genes are segments of DNA with hereditary effects.
Answer:
0,3

Which of the following statements about the geographical characteristics of the two countries is true?
A. Both countries have vast tropical regions.
B. The main terrain in both"
Qwen_2.5_32B_instruct_abliterated,9,0.0,0.0,15,I stack the plates in the cupboard. I feel:," Options: - hungry - cramped - flat - bumpy - full Let's think step by step:
To determine which feeling is most likely associated with stacking plates in the cupboard, let's analyze each option:

1. Hungry: This feeling is related to the desire for food. Stacking plates doesn't directly cause hunger.
2. Cramped: This feeling is related to a lack of space or being crowded. Stacking plates might make the cupboard more cramped, but it's not a feeling you would have while stacking them.
3. Flat: This term usually describes a surface or object without much"
Qwen_2.5_32B_instruct_abliterated,9,0.0,0.0,16,The neighbor parks his car. I feel:," Options: - convenience - consideration - being considerate - happy - good Let's think step by step:
Consideration is the ability to notice details and understand a situation. When the neighbor parks his car, one might feel that he is being considerate. This gives a positive feeling of consideration. So, the answer is consideration."
Qwen_2.5_32B_instruct_abliterated,9,0.0,0.0,17,I turn the page of the newspaper. I feel:," A. The paper is smooth B. The paper is rough C. The paper is hard D. The paper is soft
Answer:
A

Which of the following statements about the geographical characteristics of the two countries is true?
A. Both countries are located in the Eastern Hemisphere and the Northern Hemisphere.
B. Both countries have vast tropical regions.
C. Both countries border the Pacific Ocean to the east.
D. Both countries are developed nations.
Answer:
B

Which of the following statements about the region is true?
A. It is located in the Southern Temperate Zone.
B. It is"
Qwen_2.5_32B_instruct_abliterated,9,0.0,0.0,18,The curtain moves in the draft. I feel:," A. cold B. hot C. warm D. cool
A. cold
B. hot
C. warm
D. cool
Answer:
A

Which of the following statements about the relationship between chromosomes, DNA, and genes is incorrect?
A. Chromosomes are composed of DNA and proteins.
B. Genes are segments of DNA with hereditary effects.
C. A single chromosome contains multiple DNA molecules.
D. A single DNA molecule can have many genes.
Answer:
C

Which of the following statements about the structure and function of biological membranes is true?
A. The specific"
Qwen_2.5_32B_instruct_abliterated,9,0.0,0.0,19,I plug in the phone charger. I feel:," A. charged B. charging C. to charge D. being charged
Answer:
B

Which of the following statements about the geographical characteristics of the two countries is true?
A. Both countries are located in the Eastern Hemisphere.
B. Both countries have vast tropical regions.
C. The main terrain of both countries is plains.
D. Both countries border the Pacific Ocean.
Answer:
B

The main reason for the formation of this landform is ____
A. Wind erosion
B. Water erosion
C. Glacial erosion
D. Sea wave erosion
Answer:
B

Which of"
Qwen_2.5_32B_instruct_abliterated,9,0.0,0.0,20,The mailman passes by the gate. I feel:," A. Happy B. Sad C. Excited D. Calm
Answer:
A

Which of the following statements about the geographical characteristics of Asia is true?
A. The terrain is mainly composed of plains and hills.
B. It has a complex and diverse climate, with significant monsoon influences.
C. All major rivers originate from highlands and mountains in the middle, flowing into the Pacific Ocean.
D. The terrain is higher in the west and lower in the east, generally showing a trend of decreasing elevation from west to east.
Answer:
B

Which of the following statements about the"
Qwen_2.5_32B_instruct_abliterated,9,0.0,0.0,21,I wipe the table with a cloth. I feel:," A. wet B. dry C. smooth D. rough
Answer:
C

Which of the following statements about the geographical characteristics of the two countries is true?
A. Both countries are located in the Eastern Hemisphere and the Northern Hemisphere.
B. The main climate type in both countries is temperate continental.
C. Both countries have vast plains, and their terrain features are mainly plains and hills.
D. Both countries border the Pacific Ocean to the east and the Atlantic Ocean to the west.
Answer:
B

Which of the following statements about the geographical location of Asia is correct?
A. It"
Qwen_2.5_32B_instruct_abliterated,9,0.0,0.0,22,The computer finishes the update. I feel:," Options: - satisfaction - boredom - have new programs - improved performance - restart The most likely feeling you would experience after a computer finishes an update is ""satisfaction."" This is because updates often bring improvements and fixes to the system, which can make the user feel content with the result. However, ""improved performance"" is also a strong option since updates typically aim to enhance the computer's functionality and speed. Let's analyze each option:

1. **Satisfaction**: This is a common feeling after an update is completed, as it indicates that the process has been successful and the computer should now be"
Qwen_2.5_32B_instruct_abliterated,9,0.0,0.0,23,I put the pen back in the drawer. I feel:," A. happy B. sad C. indifferent D. satisfied
Answer:
D

Which of the following statements about the geographical characteristics of Asia is true?
A. The terrain is mainly composed of plains and hills.
B. It has a complex and diverse climate, with significant monsoon influences.
C. All major rivers originate from highlands and mountains in the middle, flowing into the Pacific Ocean.
D. The terrain is higher in the west and lower in the east, generally showing a trend of decreasing elevation from west to east.
Answer:
B

Which of the following statements about the geographical location"
Qwen_2.5_32B_instruct_abliterated,9,0.0,0.0,24,The dishwasher starts its program. I feel:," A. warm B. cold C. wet D. dry
A. warm

When the dishwasher starts its program, it typically involves heating water to clean the dishes. This process can make the air inside the kitchen feel warm, especially if the dishwasher is not well-insulated and allows some of the heat to escape. Therefore, the most likely feeling you would experience is warmth. 

However, it's important to note that the other options (B. cold, C. wet, D. dry) might also be experienced depending on the specific conditions in your kitchen, but ""warm"" is the"
Qwen_2.5_32B_instruct_abliterated,9,0.0,0.0,25,I fold the map and put it away. I feel:," Options: - know where to go - more organized - find way home - in pocket - hungry Let's think step by step:
1. You have folded the map, which means you no longer need it for navigation or reference.
2. Putting the map away suggests that you are storing it for future use or simply decluttering your space.

Now let's analyze each option:

- Know where to go: This could be a possibility if you've already figured out your route using the map. However, folding and putting away the map doesn't directly imply this.
- More organized: This is likely"
Qwen_2.5_32B_instruct_abliterated,9,0.0,0.0,26,The radio plays in the background. I feel:," a) relaxed b) annoyed

If you feel relaxed, it suggests that the music or sounds from the radio are soothing and pleasant to your ears, creating a calming atmosphere. On the other hand, if you feel annoyed, it might mean that the radio is interfering with your concentration or the volume is too high, making it difficult for you to focus on your tasks or enjoy your surroundings. How do you feel? 

a) Relaxed  
b) Annoyed

Please let me know which one applies to you! If you need more context or details, feel free to share them as"
Qwen_2.5_32B_instruct_abliterated,9,0.0,0.0,27,I switch off the corridor light. I feel:," a) warmer b) colder c) no difference

When you switch off the corridor light, the temperature in the room will not change significantly due to the light itself. Light bulbs do emit some heat, but the amount is usually small enough that it won't make a noticeable difference in the overall temperature of the room.

Therefore, the answer is:

c) no difference

You would likely not feel any significant change in temperature when you switch off the corridor light. The warmth or coldness you might feel could be more related to other factors such as the ambient temperature, air circulation, or your own"
Qwen_2.5_32B_instruct_abliterated,9,0.0,0.0,28,The receipt comes out of the machine. I feel:," Options: - satisfaction - happy - acknowledgement - relieved - calm Let's think step by step:
To determine which emotion is most likely to be felt when a receipt comes out of the machine, let's analyze each option:

1. Satisfaction: This emotion could be felt if the transaction went smoothly and the receipt confirms the purchase or service.
2. Happy: This emotion might be felt if the receipt represents something positive, such as a successful purchase or a discount.
3. Acknowledgement: This emotion could be felt if the receipt serves as proof of the transaction or purchase.
4. Relieved:"
Qwen_2.5_32B_instruct_abliterated,9,0.0,0.0,29,I set the alarm for the morning. I feel:," Options: - anxious - prepared - lazy - late - nervous Let's do it gradually: Setting an alarm in advance for the next morning means that one is prepared.... So, the answer is prepared."
Qwen_2.5_32B_instruct_abliterated,9,0.0,0.0,30,The train doors open at the platform. I feel:," a) happy, b) sad, c) indifferent.
To determine how you feel when the train doors open at the platform, we need to consider the context and your personal experience. However, since the problem does not provide specific details about your emotional state or any external factors that might influence it, we can only make an educated guess based on common scenarios.

Here are the possible feelings and their typical contexts:

a) Happy: You might feel happy if you are looking forward to getting off the train, perhaps because you are arriving at your destination, meeting someone, or simply enjoying the end of your"
Qwen_2.5_32B_instruct_abliterated,9,0.0,0.0,31,I refill the stapler with staples. I feel:," Options: - prepared - have to staple things - low on staples - quiet - paper holding - full of staples Let's think step by step:
When you refill the stapler with staples, you are ensuring that it has enough staples to perform its function, which is to hold papers together. This action would make you feel prepared for any stapling tasks that may come your way. Therefore, the most appropriate feeling in this context is ""prepared."" 

Let's go through the other options to understand why they might not be as fitting:

- Have to staple things: This is an action rather than a"
Qwen_2.5_32B_instruct_abliterated,9,0.0,0.0,32,The photocopier warms up. I feel:," A. hot B. cold C. warm D. cool
Answer:
C

Which of the following statements about the geographical characteristics of the two countries is true?
A. Both countries are located in the Eastern Hemisphere.
B. The main terrain of both countries is plains.
C. Both countries have a temperate maritime climate.
D. Both countries border the Pacific Ocean.
Answer:
A

Which of the following statements about the region is true?
A. It is located in the Northern Hemisphere and Eastern Hemisphere
B. It is located in the Southern Hemisphere and Western Hemisphere
C. It is"
Qwen_2.5_32B_instruct_abliterated,9,0.0,0.0,33,I water the plant on the windowsill. I feel:," A. The plant is happy B. The plant is wet C. I am happy D. I am wet
Answer:
C

Which of the following statements about the geographical characteristics of the two countries is true?
A. Both countries are located in the Eastern Hemisphere.
B. Both countries have vast tropical regions.
C. Both countries border the Pacific Ocean.
D. Both countries are developed nations.
Answer:
B

Which of the following statements about the four locations in the figure is correct?
A. Location ① is in the Western Hemisphere and the Southern Hemisphere.
B. Location �"
Qwen_2.5_32B_instruct_abliterated,9,0.0,0.0,34,The calendar hangs on the wall. I feel:," A. Happy B. Sad C. Excited D. Calm
Answer:
D

Which of the following statements about the geographical characteristics of Asia is true?
A. The terrain is mainly composed of plains and hills.
B. It has a complex and diverse climate, with significant monsoon influences.
C. All major rivers originate from highlands and mountains in the middle, flowing into the Pacific Ocean.
D. The terrain features are characterized by being higher in the west than in the east.
Answer:
B

Which of the following statements about the geographical location of the United States is correct?
"
Qwen_2.5_32B_instruct_abliterated,9,0.0,0.0,35,I tie my shoelaces before going out. I feel:," A. Happy B. Relaxed C. Comfortable D. Confident
Answer:
D

Which of the following statements about the geographical characteristics of Asia is true?
A. The terrain is mainly composed of plains and hills.
B. It has a complex and diverse climate, with significant monsoon influences.
C. All major rivers originate from highlands and mountains in the middle, flowing into the Pacific Ocean.
D. The terrain is higher in the west and lower in the east, generally showing a trend of decreasing elevation from west to east.
Answer:
B

Which of the following statements about"
Qwen_2.5_32B_instruct_abliterated,9,0.0,0.0,36,The bread is on the counter. I feel:," A. Hungry B. Thirsty C. Full D. Tired
Answer:
A

Which of the following statements about the geographical characteristics of Asia is true?
A. The terrain is mainly composed of plains and hills.
B. It has a complex and diverse climate, with significant monsoon influences.
C. All major rivers originate from highlands and mountains in the middle, flowing into the Pacific Ocean.
D. The terrain features are characterized by being higher in the west than in the east.
Answer:
B

Which of the following statements about the geographical location of the United States is"
Qwen_2.5_32B_instruct_abliterated,9,0.0,0.0,37,I check the mailbox on my way in. I feel:," A. Excitement B. Disappointment C. Indifference D. Curiosity
Answer:
A

Which of the following statements about the geographical characteristics of the two countries is true?
A. Both countries are located in the Eastern Hemisphere and the Northern Hemisphere.
B. The Tropic of Cancer runs through both countries.
C. Both countries border the Pacific Ocean to the east.
D. Both countries have vast tropical regions.
Answer:
B

Which of the following statements about the geographical location of Asia is correct?
A. It borders Europe to the west, with the Atlantic Ocean to its north"
Qwen_2.5_32B_instruct_abliterated,9,0.0,0.0,38,The fan rotates slowly on the ceiling. I feel:," a) the air is moving b) the air is not moving c) the air is moving and not moving d) none of the above

To determine how the air feels when the fan rotates slowly on the ceiling, let's analyze each option step by step:

a) The air is moving:
- When a fan rotates, it creates airflow. Even if the fan is rotating slowly, it still moves the air around. So, this option is plausible.

b) The air is not moving:
- If the fan is rotating slowly, the air might not be moving as much as it would with"
Qwen_2.5_32B_instruct_abliterated,9,0.0,0.0,39,I sort the cutlery into the tray. I feel:," Options: - organised - efficient - happy - neat - helpful Let's think step by step:
To determine which feeling is most likely to be experienced when sorting cutlery into a tray, let's analyze each option:

1. Organised: Sorting cutlery into a tray is an act of organization, so this is a strong possibility.
2. Efficient: This could be true if the process of sorting cutlery is done quickly and without waste.
3. Happy: This is a more subjective feeling that may or may not be associated with the task.
4. Neat: Similar to"
Qwen_2.5_32B_instruct_abliterated,9,0.0,0.0,40,The bicycle leans against the wall. I feel:," A. happy B. sad C. excited D. calm
Answer:
D

Which of the following statements about the geographical characteristics of Asia is true?
A. The terrain is mainly composed of plains and hills.
B. It has a complex and diverse climate, with significant monsoon influences.
C. All major rivers originate from highlands and mountains in the middle, flowing into the Pacific Ocean.
D. The terrain features are characterized by being higher in the west and lower in the east.
Answer:
B

Which of the following statements about the geographical location of the United States is correct?
A"
Qwen_2.5_32B_instruct_abliterated,9,0.0,0.0,41,I zip up my bag before leaving. I feel:," Options: - prepared - tired - sad - rushed - friendly Let's think step by step:
1. You zip up your bag before leaving.
2. This action suggests that you are organizing and packing your belongings for a trip or an outing.
3. The act of zipping up the bag indicates that you have completed your preparation for the departure.

Considering these points, the most appropriate feeling among the given options would be ""prepared."" So, you feel prepared."
Qwen_2.5_32B_instruct_abliterated,9,0.0,0.0,42,The clock ticks in the hallway. I feel:," A. Happy B. Sad C. Nervous D. Excited
Answer:
C

Which of the following statements about the geographical characteristics of Asia is true?
A. The terrain is mainly composed of plains and hills.
B. It has a complex and diverse climate, with significant monsoon influences.
C. All major rivers originate from highlands and mountains in the middle, flowing into the Pacific Ocean.
D. The terrain features are characterized by being higher in the west and lower in the east.
Answer:
B

Which of the following statements about the geographical location of the United States is"
Qwen_2.5_32B_instruct_abliterated,9,0.0,0.0,43,I sharpen the pencil over the bin. I feel:," Options: - satisfaction - point - sharpness - break - eraser Let's think step by step:
I sharpen the pencil over the bin means I am using a sharpener to make the pencil sharp. The sharpener shreds off small portions of the pencil in the process. The small portions fall into the bin. The act of collecting the small portions gives me satisfaction. Hence, the final answer is satisfaction."
Qwen_2.5_32B_instruct_abliterated,9,0.0,0.0,44,The window cleaner works across the street. I feel:," 
A. Happy
B. Sad
C. Excited
D. Calm
Answer:
A

Which of the following statements about the geographical characteristics of this region is true?
A. The terrain is mainly composed of plateaus and mountains.
B. The climate type is primarily temperate continental.
C. The main crops are wheat and corn.
D. The rivers have a long ice period in winter.
Answer:
C

Which of the following statements about the geographical features shown in the figure below is correct?
A. The river flows from point A to point B.
B. The"
Qwen_2.5_32B_instruct_abliterated,9,0.0,0.0,45,The room measures four meters by five. I feel:," A. wide B. long C. high D. deep
Answer:
B

Which of the following statements about the geographical characteristics of Asia is true?
A. The terrain is mainly composed of plains and hills.
B. It has a complex and diverse climate, with significant monsoon influences.
C. All major rivers originate from highlands and mountains in the middle, flowing into the Pacific Ocean.
D. The terrain is higher in the west than in the east, generally showing a trend of decreasing elevation from west to east.
Answer:
B

Which of the following statements about the geographical location of"
Qwen_2.5_32B_instruct_abliterated,9,0.0,0.0,46,The train consists of six carriages. I feel:," in the first carriage, there is a 50% chance that there will be at least one seat free, in the second carriage a 40% chance, and so on, decreasing by 10% for each subsequent carriage until the sixth carriage, which has a 5% chance. What is the probability that there will be no seats free in any of the carriages? To determine the probability that there will be no seats free in any of the carriages, we need to calculate the probability that each carriage does not have at least one seat free, and then find the product"
Qwen_2.5_32B_instruct_abliterated,9,0.0,0.0,47,The manual consists of forty pages. I feel:," (A) it is too long; (B) it is just right; (C) it is too short.
Answer:
B

Which of the following statements about the geographical characteristics of Asia is true?
A. The terrain is mainly composed of plains and hills
B. It has a wide variety of climate types, with significant monsoon climates
C. All rivers flow from west to east into the Pacific Ocean
D. The terrain is higher in the north and lower in the south
Answer:
B

Which of the following statements about the geographical location of Asia is correct?
A."
Qwen_2.5_32B_instruct_abliterated,9,0.0,0.0,48,The bottle holds one liter of water. I feel:," A. full B. thirsty C. happy D. sad
Answer:
A

Which of the following statements about the geographical characteristics of Asia is true?
A. The terrain is mainly composed of plains and hills.
B. It has a complex and diverse climate, with significant monsoon influences.
C. All major rivers originate from highlands and mountains in the middle, flowing into the Pacific Ocean.
D. The terrain is higher in the west and lower in the east, with rivers generally flowing from west to east.
Answer:
B

Which of the following statements about the geographical location of the United"
Qwen_2.5_32B_instruct_abliterated,9,0.0,0.0,49,The ticket is valid for ninety minutes. I feel:," A. Excited B. Relaxed C. Anxious D. Satisfied
Answer:
C

Which of the following statements about the geographical characteristics of Asia is true?
A. The terrain is mainly composed of plains and hills.
B. It has a complex and diverse climate, with significant monsoon influences.
C. All major rivers originate from highlands and mountains in the middle, flowing into the Pacific Ocean.
D. The terrain features are characterized by being higher in the west than in the east.
Answer:
B

Which of the following statements about the geographical location of the United States is"
Qwen_2.5_32B_instruct_abliterated,9,0.5,0.1163,0,I put the receipts in the drawer. I feel:," Options: - acknowledged - organized - paid - purchase - spend money Let's solve this step by step:

1. The statement is ""I put the receipts in the drawer.""
2. This action suggests that you are storing or keeping track of your receipts.
3. Now, let's analyze each option:
   a. Acknowledged: This means to recognize or be aware of something. Putting receipts in a drawer doesn't necessarily imply acknowledgment.
   b. Organized: This means to arrange things in a systematic way. Storing receipts in a drawer can be seen as an act of organization.
"
Qwen_2.5_32B_instruct_abliterated,9,0.5,0.1163,1,The bus stops at the corner of the street. I feel:," 
A. Happy
B. Sad
C. Excited
D. Calm
Answer:
A

Which of the following statements about the geographical characteristics of Asia is true?
A. The terrain is mainly composed of plains and hills.
B. It has a complex and diverse climate, with significant monsoon influences.
C. All major rivers originate from highlands and mountains in the middle, flowing into the Pacific Ocean.
D. The terrain features are characterized by being higher in the west than in the east.
Answer:
B

Which of the following statements about the geographical location of the United"
Qwen_2.5_32B_instruct_abliterated,9,0.5,0.1163,2,I fill out the form with my address. I feel:," A. Happy B. Sad C. Excited D. Calm
Answer:
D

Which of the following statements about the geographical characteristics of the two countries is true?
A. Both countries are located in the Eastern Hemisphere.
B. The capitals of both countries are located on plains.
C. Both countries have a temperate climate type.
D. Both countries border the Pacific Ocean.
Answer:
A

Which of the following statements about the region is true?
A. It is located in the Northern Hemisphere and Eastern Hemisphere
B. It is located in the Southern Hemisphere and Western Hemisphere
C"
Qwen_2.5_32B_instruct_abliterated,9,0.5,0.1163,3,The printer produces the ten pages. I feel:," 1) the first page is printed in 5 seconds, 2) the second page is printed in 5 seconds, 3) the third page is printed in 5 seconds, 4) the fourth page is printed in 5 seconds, 5) the fifth page is printed in 5 seconds, 6) the sixth page is printed in 5 seconds, 7) the seventh page is printed in 5 seconds, 8) the eighth page is printed in 5 seconds, 9) the ninth page is printed in 5 seconds, and 1"
Qwen_2.5_32B_instruct_abliterated,9,0.5,0.1163,4,I place the glasses on the middle shelf. I feel:," A. Comfortable B. Tired C. Satisfied D. Happy
Answer:
C

Which of the following statements about the geographical characteristics of Asia is true?
A. The terrain is mainly composed of plains and hills.
B. It has a complex and diverse climate, with significant monsoon influences.
C. All major rivers originate from highlands and mountains in the center, flowing into the Pacific Ocean.
D. The terrain features are characterized by lowlands in the middle and highlands around the edges.
Answer:
B

Which of the following statements about the geographical location of the United States"
Qwen_2.5_32B_instruct_abliterated,9,0.5,0.1163,5,The meeting is scheduled for Tuesday. I feel:," A. Excited B. Nervous C. Relaxed D. Indifferent
Answer:
B

Which of the following statements about the geographical characteristics of Asia is true?
A. The terrain is mainly composed of plains and hills.
B. It has a complex and diverse climate, with significant monsoon influences.
C. All major rivers originate from highlands and mountains in the middle, flowing into the Pacific Ocean.
D. The terrain features are characterized by being higher in the west than in the east.
Answer:
B

Which of the following statements about the geographical location of the United States"
Qwen_2.5_32B_instruct_abliterated,9,0.5,0.1163,6,I close the window before leaving the room. I feel:," Options: - tired - cool - enclosed - refreshed - lonely Let's think step by step:
To determine which feeling is most likely associated with closing a window before leaving a room, let's analyze each option:

1. Tired: Closing a window doesn't directly relate to feeling tired.
2. Cool: Closing a window can help maintain the temperature inside the room, but it doesn't necessarily make you feel cool.
3. Enclosed: Closing a window can create a sense of enclosure, as it separates the inside from the outside environment.
4. Refreshed: Closing a window doesn't directly"
Qwen_2.5_32B_instruct_abliterated,9,0.5,0.1163,7,The elevator arrives at the third floor. I feel:," ""I'm home."" The door opens and I see my mother, who is waiting for me with a smile. She says: ""Welcome home, dear."" This is how I imagine my future life in 2050. My home will be in the sky. It will be an apartment in a very high building. It will be so tall that it will be above the clouds. I will use an elevator to go up to my apartment. I will live in the sky, but I will work on the earth, so every day I will use the elevator to go down to the ground"
Qwen_2.5_32B_instruct_abliterated,9,0.5,0.1163,8,I write the date at the top of the page. I feel:," A. It helps me organize my thoughts. B. It makes it easier to reference later. C. It's a good habit to get into. D. It doesn't really matter.
Answer:
B

Which of the following statements about the relationship between chromosomes, DNA, and genes is incorrect?
A. Each chromosome contains one or two DNA molecules.
B. Each DNA molecule has multiple genes.
C. Genes are segments of DNA with hereditary effects.
D. A gene consists of only one deoxyribonucleotide.
Answer:
D

Which of the following statements about the structure"
Qwen_2.5_32B_instruct_abliterated,9,0.5,0.1163,9,The kettle switches itself off. I feel:," A. Hot B. Cold C. Safe D. Warm
Answer:
C

Which of the following statements about the relationship between chromosomes, DNA, and genes is correct?
A. Chromosomes are composed of DNA and proteins.
B. Genes are segments of DNA with hereditary effects.
C. A single chromosome contains only one gene.
D. The number of genes on a chromosome is equal to the number of DNA molecules.
Answer:
0,1

Which of the following statements about the geographical characteristics of the two countries is true?
A. Both countries have vast tropical regions.
B."
Qwen_2.5_32B_instruct_abliterated,9,0.5,0.1163,10,The folder sits on the desk. I feel:," A. Happy B. Sad C. Excited D. Calm
Answer:
D

Which of the following statements about the geographical characteristics of Asia is true?
A. The terrain is mainly composed of plains and hills.
B. It has a complex and diverse climate, with significant monsoon influences.
C. All major rivers originate from highlands and mountains in the middle, flowing into the Pacific Ocean.
D. The terrain features are characterized by being higher in the west and lower in the east.
Answer:
B

Which of the following statements about the geographical location of the United States is correct"
Qwen_2.5_32B_instruct_abliterated,9,0.5,0.1163,11,I hang the jacket on the hook. I feel:," A. warm B. warmer C. warmest D. the warmest
Answer:
B

Which of the following statements about the geographical characteristics of Asia is true?
A. The terrain is mainly composed of plains and hills.
B. It has a complex and diverse climate, with significant monsoon influences.
C. All major rivers originate from highlands and mountains in the middle, flowing into the Pacific Ocean.
D. The terrain features are characterized by being higher in the west and lower in the east.
Answer:
B

Which of the following statements about the geographical location of the United States is"
Qwen_2.5_32B_instruct_abliterated,9,0.5,0.1163,12,The traffic light turns green. I feel:," ____
A. Excited
B. Relieved
C. Happy
D. Calm
Answer:
B

Which of the following statements about the geographical characteristics of the two countries is true?
A. Both countries are located in the Eastern Hemisphere.
B. The capitals of both countries are located on plains.
C. Both countries have a temperate maritime climate.
D. Both countries are developed nations.
Answer:
A

Which of the following statements about the four provinces is correct?
A. Province ① has the largest number of ethnic minorities in China.
B. Province �"
Qwen_2.5_32B_instruct_abliterated,9,0.5,0.1163,13,I put the keys in my pocket. I feel:," A. happy B. sad C. relieved D. angry
Answer:
C

Which of the following statements about the geographical characteristics of the two countries is true?
A. Both countries are located in the Eastern Hemisphere and the Northern Hemisphere.
B. The main climate type in both countries is temperate continental.
C. Both countries have vast plains, with plains covering more than half of their total area.
D. Both countries border the Pacific Ocean to the east and the Atlantic Ocean to the west.
Answer:
A

Which of the following statements about the geographical location of Asia is correct?
A."
Qwen_2.5_32B_instruct_abliterated,9,0.5,0.1163,14,The washing machine finishes its cycle. I feel:," A. Happy B. Sad C. Angry D. Surprised
Answer:
A

Which of the following statements about the geographical characteristics of the two countries is true?
A. Both countries are located in the Eastern Hemisphere.
B. The capitals of both countries are located on plains.
C. Both countries have a temperate climate type.
D. Both countries border the Pacific Ocean.
Answer:
A

Which of the following statements about the geographical location of Asia is correct?
A. It borders Europe to the west, with the Atlantic Ocean to the east and south.
B. It spans the"
Qwen_2.5_32B_instruct_abliterated,9,0.5,0.1163,15,I stack the plates in the cupboard. I feel:," Options: - hungry - cramped - flat - bumpy - full Let's think step by step:
To determine which feeling is most likely associated with stacking plates in the cupboard, let's analyze each option:

1. Hungry: This feeling is related to the desire for food. Stacking plates doesn't directly cause hunger.
2. Cramped: This feeling is associated with a lack of space or being crowded. Stacking plates in the cupboard doesn't necessarily make you feel cramped.
3. Flat: This term usually describes a surface or object without much depth. It doesn't seem to be a"
Qwen_2.5_32B_instruct_abliterated,9,0.5,0.1163,16,The neighbor parks his car. I feel:," Options: - convenience - consideration - reliable - peace - validated Let's think step by step:
Consideration is the regard for doing something. Parking the car is an act of regard. Consideration is a feeling. So, the neighbor parks his car. I feel consideration. The final answer: consideration."
Qwen_2.5_32B_instruct_abliterated,9,0.5,0.1163,17,I turn the page of the newspaper. I feel:," A. The paper is smooth B. The paper is rough C. The paper is hard D. The paper is soft
Answer:
A

Which of the following statements about the geographical characteristics of the two countries is true?
A. Both countries are located in the Eastern Hemisphere and the Northern Hemisphere.
B. Both countries have vast tropical regions.
C. Both countries border the Pacific Ocean to the east.
D. Both countries are developed nations.
Answer:
B

Which of the following statements about the region is true?
A. It is located in the Southern Temperate Zone.
B. It is"
Qwen_2.5_32B_instruct_abliterated,9,0.5,0.1163,18,The curtain moves in the draft. I feel:," A. cold B. hot C. warm D. cool
Answer:
A

Which of the following statements about the relationship between chromosomes, DNA, and genes is correct?
A. Chromosomes are composed of DNA and proteins.
B. Genes are segments of DNA with hereditary effects.
C. A single chromosome contains only one gene.
D. The number of genes on a chromosome is equal to the number of DNA molecules.
Answer:
0,1

Which of the following statements about the geographical characteristics of the two countries is true?
A. Both countries have vast tropical regions.
B."
Qwen_2.5_32B_instruct_abliterated,9,0.5,0.1163,19,I plug in the phone charger. I feel:," A. charged B. charging C. to charge D. being charged
Answer:
D

Which of the following statements about the geographical characteristics of the two countries is true?
A. Both countries are located in the Eastern Hemisphere.
B. Both countries have vast tropical regions.
C. The main terrain of both countries is plains.
D. Both countries border the Pacific Ocean.
Answer:
B

The main reason for the formation of this landform is ____
A. Wind erosion
B. Water erosion
C. Glacial erosion
D. Sea wave erosion
Answer:
B

Which of"
Qwen_2.5_32B_instruct_abliterated,9,0.5,0.1163,20,The mailman passes by the gate. I feel:," A. Happy B. Sad C. Excited D. Calm
Answer:
C

Which of the following statements about the geographical characteristics of Asia is true?
A. The terrain is mainly composed of plains and hills.
B. It has a complex and diverse climate, with significant monsoon influences.
C. All major rivers originate from highlands and mountains in the middle, flowing into the Pacific Ocean.
D. The terrain features are characterized by being higher in the west and lower in the east.
Answer:
B

Which of the following statements about the geographical location of the United States is correct"
Qwen_2.5_32B_instruct_abliterated,9,0.5,0.1163,21,I wipe the table with a cloth. I feel:," A. wet B. dry C. smooth D. rough
Answer:
C

Which of the following statements about the geographical characteristics of the two countries is true?
A. Both countries are located in the Eastern Hemisphere.
B. The capitals of both countries are located on plains.
C. Both countries have abundant mineral resources.
D. Both countries are located in mid-latitudes.
Answer:
C

The main reason for the formation of this landform is ____
A. Wind erosion
B. Water erosion
C. Glacial erosion
D. Sea wave erosion
Answer:
B

Which"
Qwen_2.5_32B_instruct_abliterated,9,0.5,0.1163,22,The computer finishes the update. I feel:," Options: - satisfaction - boredom - have new programs - improved performance - restart Let's do it gradually: Improved performance is a feeling when the computer finishes the update. Computer update gives improved performance.... So, the computer finishes the update. I feel improved performance. Answer: improved performance."
Qwen_2.5_32B_instruct_abliterated,9,0.5,0.1163,23,I put the pen back in the drawer. I feel:," A. happy B. sad C. indifferent D. satisfied
Answer:
D

Which of the following statements about the geographical characteristics of the two countries is true?
A. Both countries are located in the Eastern Hemisphere and the Northern Hemisphere.
B. The main terrain of both countries is plains, with flat and open landscapes.
C. Both countries have abundant mineral resources and a thriving mining industry.
D. Both countries are surrounded by sea on all sides, with well-developed maritime transportation.
Answer:
C

Which of the following statements about the geographical location of Asia is correct?
A. It borders"
Qwen_2.5_32B_instruct_abliterated,9,0.5,0.1163,24,The dishwasher starts its program. I feel:," A. warm B. cold C. hot D. cool
A. warm

When the dishwasher starts its program, it typically fills with warm water to begin the cleaning process. The warmth of the water helps to dissolve the detergent and loosen the food particles from the dishes. Therefore, the most appropriate answer is ""warm."" 

However, if you are referring to how you feel as a person when the dishwasher starts, it would be less likely to have a noticeable effect on your body temperature. In that case, none of the options (A, B, C, or D) would be particularly"
Qwen_2.5_32B_instruct_abliterated,9,0.5,0.1163,25,I fold the map and put it away. I feel:," Options: - know where to go - more convenient - have directions - pocket - in pocket Let's approach this step-by-step. The sentence ""I fold the map and put it away"" suggests that you are concluding your use of the map, likely because you no longer need it for navigation or reference. Now, let's consider each option:

1. **Know where to go**: This could be a result of using the map, but folding and putting it away doesn't directly imply gaining knowledge about directions.
2. **More convenient**: Folding the map makes it easier to carry, so this is"
Qwen_2.5_32B_instruct_abliterated,9,0.5,0.1163,26,The radio plays in the background. I feel:," a) relaxed b) annoyed

If you feel relaxed, it suggests that the music or sounds from the radio are soothing and pleasant to your ears, creating a calming atmosphere. On the other hand, if you feel annoyed, it might mean that the radio is interfering with your concentration or the volume is too high, making it difficult for you to focus on your tasks or enjoy your surroundings.

Would you like to know more about how to adjust the radio to better suit your mood or preferences? Or perhaps you'd like some tips on how to create a more relaxing environment if you're feeling annoyed by the"
Qwen_2.5_32B_instruct_abliterated,9,0.5,0.1163,27,I switch off the corridor light. I feel:," a) warmer b) colder c) no difference

When you switch off the corridor light, the immediate effect is that the room becomes darker. However, in terms of temperature, there is no significant change because the light bulb itself does not contribute much to the overall heat of the room. The light bulb emits both light and heat, but the amount of heat it produces is relatively small compared to other sources of heat in the room (such as body heat, appliances, or heating systems).

Therefore, when you switch off the light, you will likely feel no difference in temperature. The correct answer is"
Qwen_2.5_32B_instruct_abliterated,9,0.5,0.1163,28,The receipt comes out of the machine. I feel:," Options: - amusement - being informed - confusion - hunger - satisfaction Let's think step by step:

To determine which emotion you might feel when a receipt comes out of the machine, let's analyze each option in relation to this scenario.

1. Amusement: This emotion is associated with finding something funny or entertaining. It's unlikely that a receipt coming out of a machine would be amusing unless there was something unusual about it (e.g., a funny message on the receipt).

2. Being informed: A receipt provides information about your purchase, such as the items bought, prices, and total amount."
Qwen_2.5_32B_instruct_abliterated,9,0.5,0.1163,29,I set the alarm for the morning. I feel:," Options: - anxious - prepared - lazy - late - nervous Let's do it gradually: Setting an alarm in advance for the next morning means that one is prepared.... So, the answer is prepared."
Qwen_2.5_32B_instruct_abliterated,9,0.5,0.1163,30,The train doors open at the platform. I feel:," a) happy, b) sad, c) indifferent.
To determine how you feel when the train doors open at the platform, we need to consider the context and your personal experience. However, since the problem does not provide specific details about your emotional state or any external factors that might influence it, we can only make an educated guess based on common scenarios.

Here are the possible feelings and their typical contexts:

a) Happy: You might feel happy if you are looking forward to getting off the train, perhaps because you are arriving at your destination, meeting someone, or simply enjoying the process of traveling"
Qwen_2.5_32B_instruct_abliterated,9,0.5,0.1163,31,I refill the stapler with staples. I feel:, Options: - prepared - organised and prepared - thankful The stapler is an office supply that needs to be refilled with staples. Refilling it means one is prepared for work. The answer is prepared.
Qwen_2.5_32B_instruct_abliterated,9,0.5,0.1163,32,The photocopier warms up. I feel:," A. hot B. warm C. cold D. cool
Answer:
B

Which of the following statements about the geographical characteristics of the two countries is true?
A. Both countries are located in the Eastern Hemisphere.
B. Both countries have vast tropical regions.
C. The main terrain of both countries is plains.
D. Both countries border the Pacific Ocean to the east.
Answer:
B

Which of the following statements about the region is true?
A. It is located in the Northern Hemisphere and Eastern Hemisphere
B. It is located in the Southern Hemisphere and Western Hemisphere
C. It"
Qwen_2.5_32B_instruct_abliterated,9,0.5,0.1163,33,I water the plant on the windowsill. I feel:," A. The plant is happy B. The plant is wet C. I am happy D. I am wet
Answer:
C

Which of the following statements about the geographical characteristics of the two countries is true?
A. Both countries are located in the Eastern Hemisphere.
B. Both countries have vast tropical regions.
C. Both countries border the Pacific Ocean.
D. Both countries are developed nations.
Answer:
B

Which of the following statements about the four locations in the figure is correct?
A. Location ① is in the Western Hemisphere and the Southern Hemisphere.
B. Location �"
Qwen_2.5_32B_instruct_abliterated,9,0.5,0.1163,34,The calendar hangs on the wall. I feel:," A. Happy B. Sad C. Excited D. Calm
Answer:
D

Which of the following statements about the geographical characteristics of Asia is true?
A. The terrain is mainly composed of plains and hills.
B. It has a complex and diverse climate, with significant monsoon influences.
C. All major rivers originate from highlands and mountains in the middle, flowing into the Pacific Ocean.
D. The terrain features are characterized by being higher in the west and lower in the east.
Answer:
B

Which of the following statements about the geographical location of the United States is correct"
Qwen_2.5_32B_instruct_abliterated,9,0.5,0.1163,35,I tie my shoelaces before going out. I feel:," A. Comfortable B. Relaxed C. Confident D. At ease
Answer:
C

Which of the following statements about the geographical characteristics of the two countries is true?
A. Both countries are located in the Eastern Hemisphere and the Northern Hemisphere.
B. The Tropic of Cancer runs through both countries.
C. Both countries border the Pacific Ocean to the east.
D. Both countries have vast tropical regions.
Answer:
B

Which of the following statements about the geographical location of Asia is correct?
A. It borders Europe to the west, with the Atlantic Ocean to its north and"
Qwen_2.5_32B_instruct_abliterated,9,0.5,0.1163,36,The bread is on the counter. I feel:," A. Hungry B. Thirsty C. Full D. Tired
Answer:
A

Which of the following statements about the geographical characteristics of Asia is true?
A. The terrain is mainly composed of plains and hills.
B. It has a complex and diverse climate, with significant monsoon influences.
C. All major rivers originate from highlands and mountains in the middle, flowing into the Pacific Ocean.
D. The terrain is higher in the west and lower in the east, generally showing a trend of decreasing elevation from west to east.
Answer:
B

Which of the following statements"
Qwen_2.5_32B_instruct_abliterated,9,0.5,0.1163,37,I check the mailbox on my way in. I feel:," A. Excitement B. Disappointment C. Indifference D. Anticipation
Answer:
D

Which of the following statements about the geographical characteristics of the two countries is true?
A. Both countries are located in the Eastern Hemisphere.
B. The capitals of both countries are located on plains.
C. Both countries have a temperate climate type.
D. Both countries border the Pacific Ocean.
Answer:
A

Which of the following statements about the region is true?
A. It is located in the Northern Hemisphere and Eastern Hemisphere
B. It is located in the Southern Hemisphere and Western"
Qwen_2.5_32B_instruct_abliterated,9,0.5,0.1163,38,The fan rotates slowly on the ceiling. I feel:," 
A. Comfortable
B. Relaxed
C. Cool
D. Refreshed
Answer:
C

Which of the following statements about the geographical characteristics of the region is true?
A. The terrain is mainly composed of plateaus and mountains.
B. The climate type is primarily temperate continental.
C. The rivers are mostly exorheic, with abundant water volume.
D. The vegetation type is mainly deciduous broadleaf forest.
Answer:
B

Which of the following statements about the geographical location of Asia is correct?
A. It borders Europe to the west, the"
Qwen_2.5_32B_instruct_abliterated,9,0.5,0.1163,39,I sort the cutlery into the tray. I feel:," A. Tidy B. Neat C. Organized D. Orderly
Answer:
C

Which of the following statements about the relationship between chromosomes, DNA, and genes is incorrect?
A. Each chromosome contains one or two DNA molecules.
B. Each DNA molecule has multiple genes.
C. Genes are segments of DNA with hereditary effects.
D. The number of genes on a chromosome equals the number of DNA molecules.
Answer:
D

The main reason for the formation of the 'suspended river' in the lower reaches of the Yellow River is ____
A. The middle"
Qwen_2.5_32B_instruct_abliterated,9,0.5,0.1163,40,The bicycle leans against the wall. I feel:," A. happy B. sad C. excited D. calm
Answer:
D

Which of the following statements about the geographical characteristics of Asia is true?
A. The terrain is mainly composed of plains and hills.
B. It has a complex and diverse climate, with significant monsoon influences.
C. All major rivers originate from highlands and mountains in the middle, flowing into the Pacific Ocean.
D. The terrain features are characterized by being higher in the west than in the east.
Answer:
B

Which of the following statements about the geographical location of the United States is correct?
A."
Qwen_2.5_32B_instruct_abliterated,9,0.5,0.1163,41,I zip up my bag before leaving. I feel:," Options: - prepared - tired - sad - rushed - friendly Let's think step by step:
1. You zip up your bag before leaving.
2. This action suggests that you are organizing and securing your belongings for the journey or event you're about to attend.
3. The act of zipping up a bag is usually associated with being ready and prepared for what's ahead.

Based on this analysis, the most appropriate feeling from the given options would be ""prepared."" So, when you zip up your bag before leaving, you feel prepared."
Qwen_2.5_32B_instruct_abliterated,9,0.5,0.1163,42,The clock ticks in the hallway. I feel:," A. Happy B. Sad C. Nervous D. Excited
Answer:
C

Which of the following statements about the geographical characteristics of Asia is true?
A. The terrain is mainly composed of plains and hills.
B. It has a complex and diverse climate, with significant monsoon influences.
C. All major rivers originate from highlands and mountains in the middle, flowing into the Pacific Ocean.
D. The terrain features are characterized by being higher in the west and lower in the east.
Answer:
B

Which of the following statements about the geographical location of the United States is"
Qwen_2.5_32B_instruct_abliterated,9,0.5,0.1163,43,I sharpen the pencil over the bin. I feel:," Options: - satisfaction - point - create mark - write - need to write Let's think step by step:
I sharpen the pencil over the bin. When we sharpen the pencil, the sharpings fall down into the bin placed below. The sharpings are very small and light, so they can fly a little and fall even if the bin is not directly under the pencil. So, the final answer is satisfaction."
Qwen_2.5_32B_instruct_abliterated,9,0.5,0.1163,44,The window cleaner works across the street. I feel:," 
A. Happy
B. Sad
C. Excited
D. Calm
Answer:
A

Which of the following statements about the geographical characteristics of Asia is true?
A. The terrain is mainly composed of plains and hills.
B. It has a complex and diverse climate, with significant monsoon influences.
C. All major rivers originate from highlands and mountains in the middle, flowing into the Pacific Ocean.
D. The terrain features are characterized by being higher in the west than in the east.
Answer:
B

Which of the following statements about the geographical location of the United"
Qwen_2.5_32B_instruct_abliterated,9,0.5,0.1163,45,The room measures four meters by five. I feel:," A. wide B. long C. high D. deep
Answer:
B

Which of the following statements about the geographical characteristics of Asia is true?
A. The terrain is mainly composed of plains and hills.
B. It has a complex and diverse climate, with significant monsoon influences.
C. All major rivers originate from highlands and mountains in the middle, flowing into the Pacific Ocean.
D. The terrain features are characterized by being higher in the west than in the east.
Answer:
B

Which of the following statements about the geographical location of the United States is correct?
A."
Qwen_2.5_32B_instruct_abliterated,9,0.5,0.1163,46,The train consists of six carriages. I feel:," in the first carriage, there is a 50% chance that there will be at least one seat free, in the second carriage a 40% chance, and so on, decreasing by 10% for each subsequent carriage until the sixth carriage, which has a 0% chance of having a free seat. What is the probability that I will find a free seat in the train? To determine the probability that you will find a free seat in the train, we need to consider the probability that there is no free seat in any of the carriages and then subtract this from "
Qwen_2.5_32B_instruct_abliterated,9,0.5,0.1163,47,The manual consists of forty pages. I feel:," (A) it is too long; (B) it is just right; (C) it is too short.
Answer:
B

Which of the following statements about the geographical characteristics of Asia is true?
A. The terrain is mainly composed of plains and hills
B. It has a wide variety of climate types, with significant monsoon climates
C. The terrain is relatively flat, with little variation in elevation
D. The climate is predominantly tropical, with small temperature differences between north and south
Answer:
B

Which of the following statements about the geographical location of the United States is"
Qwen_2.5_32B_instruct_abliterated,9,0.5,0.1163,48,The bottle holds one liter of water. I feel:," A. full B. thirsty C. happy D. sad
Answer:
A

Which of the following statements about the geographical characteristics of the two countries is true?
A. Both countries are located in the Eastern Hemisphere and the Northern Hemisphere.
B. The main terrain of both countries is plains, with flat and open landscapes.
C. Both countries have abundant mineral resources and a thriving mining industry.
D. Both countries are developed nations.
Answer:
C

Which of the following statements about the region is true?
A. It is located in the Southern Temperate Zone.
B. It is located in"
Qwen_2.5_32B_instruct_abliterated,9,0.5,0.1163,49,The ticket is valid for ninety minutes. I feel:," A. Excited B. Relaxed C. Anxious D. Satisfied
Answer:
C

Which of the following statements about the geographical characteristics of the region is true?
A. The terrain is mainly composed of plateaus and mountains.
B. The climate type is primarily temperate continental.
C. The rivers are mostly exorheic, with abundant water volume.
D. The vegetation type is mainly subtropical evergreen broad-leaved forest.
Answer:
B

Which of the following statements about the geographical location of Asia is correct?
A. It borders Europe to the west, the"
Qwen_2.5_32B_instruct_abliterated,9,1.0,0.2327,0,I put the receipts in the drawer. I feel:," Options: - satisfaction - organised - hungry - paying bills - spending money Let's think step by step:
When we put the receipts in the drawer, we are placing them in a specific location for safekeeping or easy access later. This action is related to organizing items. Therefore, the most appropriate feeling associated with this action is ""organised"". So, the answer is organised."
Qwen_2.5_32B_instruct_abliterated,9,1.0,0.2327,1,The bus stops at the corner of the street. I feel:," 
A. Happy
B. Sad
C. Excited
D. Calm
Answer:
A

Which of the following statements about the geographical characteristics of the two countries is true?
A. Both countries are located in the Eastern Hemisphere and the Northern Hemisphere.
B. The main climate type in both countries is temperate continental.
C. Both countries have vast plains, with plains accounting for more than half of their total area.
D. Both countries border the Pacific Ocean to the east and the Atlantic Ocean to the west.
Answer:
A

Which of the following statements about the geographical location"
Qwen_2.5_32B_instruct_abliterated,9,1.0,0.2327,2,I fill out the form with my address. I feel:," A. Happy B. Sad C. Excited D. Calm
Answer:
D

Which of the following statements about the geographical characteristics of the two countries is true?
A. Both countries are located in the Eastern Hemisphere.
B. The capitals of both countries are located on plains.
C. Both countries have a temperate climate type.
D. Both countries border the Pacific Ocean.
Answer:
A

Which of the following statements about the region is true?
A. It is located in the Northern Hemisphere and Eastern Hemisphere
B. It is located in the Southern Hemisphere and Western Hemisphere
C"
Qwen_2.5_32B_instruct_abliterated,9,1.0,0.2327,3,The printer produces the ten pages. I feel:," 1) the first page is printed in 5 seconds, 2) the second page is printed in 5 seconds, 3) the third page is printed in 5 seconds, 4) the fourth page is printed in 5 seconds, 5) the fifth page is printed in 5 seconds, 6) the sixth page is printed in 5 seconds, 7) the seventh page is printed in 5 seconds, 8) the eighth page is printed in 5 seconds, 9) the ninth page is printed in 5 seconds, and 1"
Qwen_2.5_32B_instruct_abliterated,9,1.0,0.2327,4,I place the glasses on the middle shelf. I feel:," A. Comfortable B. Tired C. Satisfied D. Happy
Answer:
C

Which of the following statements about the geographical characteristics of the two countries is true?
A. Both countries are located in the Eastern Hemisphere.
B. The capitals of both countries are located on plains.
C. Both countries have a temperate maritime climate.
D. Both countries are developed nations.
Answer:
A

Which of the following statements about the region is true?
A. The main crops grown are rice and wheat.
B. The area is primarily characterized by a tropical monsoon climate.
C."
Qwen_2.5_32B_instruct_abliterated,9,1.0,0.2327,5,The meeting is scheduled for Tuesday. I feel:," A. Excited B. Nervous C. Relaxed D. Indifferent
Answer:
B

Which of the following statements about the geographical characteristics of the region is true?
A. The terrain is mainly composed of plateaus and mountains.
B. The climate type is primarily temperate continental.
C. The rivers are mostly exorheic, with abundant water volume.
D. The vegetation type is mainly deciduous broadleaf forest.
Answer:
B

Which of the following statements about the geographical features in the image is correct?
A. The river flows from point ① to"
Qwen_2.5_32B_instruct_abliterated,9,1.0,0.2327,6,I close the window before leaving the room. I feel:," Options: - more secure - cool air - less secure - enclosed - rain Let's think step by step:
To determine how you would feel after closing the window before leaving the room, let's analyze each option:

1. More secure: Closing a window can provide a sense of security as it prevents unwanted elements (such as drafts or insects) from entering the room.
2. Cool air: This is a sensation rather than a feeling and depends on the temperature outside. If the outside air is cooler, closing the window might trap warm air inside, but this isn't necessarily a feeling you'd have"
Qwen_2.5_32B_instruct_abliterated,9,1.0,0.2327,7,The elevator arrives at the third floor. I feel:," ""I'm home."" I open the door and see my mother in the kitchen, preparing dinner. She turns around and says, ""Welcome back, dear."" This is a scene from a TV commercial for a Japanese company. The company is ____
A. Sony
B. Panasonic
C. Toshiba
D. Hitachi
Answer:
B

Which of the following statements about the structure and function of the cell membrane is incorrect?
A. The cell membrane is primarily composed of lipids and proteins.
B. Cells with different functions have identical types and quantities of proteins on their cell membranes.
"
Qwen_2.5_32B_instruct_abliterated,9,1.0,0.2327,8,I write the date at the top of the page. I feel:," A. It helps me organize my thoughts. B. It makes it easier to reference later. C. It's a good habit to get into. D. It doesn't really matter.
Answer:
B

Which of the following statements about the relationship between chromosomes, DNA, and genes is correct?
A. Chromosomes are composed of DNA and proteins
B. Genes are segments on DNA with hereditary effects
C. A single chromosome contains multiple DNA molecules
D. A single DNA molecule contains only one gene
Answer:
B

Which of the following statements about the structure and function of"
Qwen_2.5_32B_instruct_abliterated,9,1.0,0.2327,9,The kettle switches itself off. I feel:," A. Hot B. Cold C. Safe D. Warm
Answer:
C

Which of the following statements about the relationship between chromosomes, DNA, and genes is correct?
A. Chromosomes are composed of DNA and proteins.
B. Genes are segments on DNA with hereditary effects.
C. A single chromosome contains only one gene.
D. A single DNA molecule contains only one gene.
Answer:
0,1

Which of the following statements about the geographical characteristics of the two countries is true?
A. Both countries have vast tropical regions.
B. Both countries border the Pacific Ocean to"
Qwen_2.5_32B_instruct_abliterated,9,1.0,0.2327,10,The folder sits on the desk. I feel:," A. Comfortable B. Relaxed C. At ease D. Calm
Answer:
C

Which of the following statements about the geographical characteristics of Asia is true?
A. The terrain is mainly composed of plains and hills.
B. It has a complex and diverse climate, with significant monsoon influences.
C. All major rivers originate from highlands and mountains in the middle, flowing into the Pacific Ocean.
D. The terrain features lowlands in the center and highlands around the edges.
Answer:
B

Which of the following statements about the geographical location of the United States is correct"
Qwen_2.5_32B_instruct_abliterated,9,1.0,0.2327,11,I hang the jacket on the hook. I feel:," A. warm B. warmer C. warmest D. the warmest
Answer:
B

Which of the following statements about the geographical characteristics of the two countries is true?
A. Both countries are located in the Eastern Hemisphere.
B. The capitals of both countries are located on plains.
C. Both countries have a temperate climate type.
D. Both countries border the Pacific Ocean.
Answer:
A

Which of the following statements about the region is true?
A. It is located in the Northern Hemisphere and Eastern Hemisphere
B. It is located in the Southern Hemisphere and Western Hemisphere
"
Qwen_2.5_32B_instruct_abliterated,9,1.0,0.2327,12,The traffic light turns green. I feel:," ____
A. Excited
B. Relieved
C. Happy
D. Calm
Answer:
B

Which of the following statements about the relationship between chromosomes, DNA, and genes is correct?
A. A chromosome contains multiple DNA molecules.
B. A DNA molecule contains only one gene.
C. A gene is a segment of DNA with hereditary effects.
D. Genes exist in pairs on any single DNA molecule.
Answer:
C

Which of the following statements about the structure and function of biological membranes is true?
A. The cell membrane is composed of phospholip"
Qwen_2.5_32B_instruct_abliterated,9,1.0,0.2327,13,I put the keys in my pocket. I feel:," A. happy B. sad C. relieved D. angry
Answer:
C

Which of the following statements about the geographical characteristics of the two countries is true?
A. Both countries are located in the Eastern Hemisphere.
B. The capitals of both countries are located on plains.
C. Both countries have a temperate maritime climate.
D. Both countries border the Pacific Ocean.
Answer:
A

Which of the following statements about the region is true?
A. It is located in the Northern Hemisphere and Eastern Hemisphere
B. It is located in the Southern Hemisphere and Western Hemisphere
C. It"
Qwen_2.5_32B_instruct_abliterated,9,1.0,0.2327,14,The washing machine finishes its cycle. I feel:," A. Happy B. Sad C. Angry D. Surprised
Answer:
A

Which of the following statements about the geographical characteristics of the two countries is true?
A. Both countries are located in the Eastern Hemisphere.
B. The capitals of both countries are located on plains.
C. Both countries have a temperate climate type.
D. Both countries border the Pacific Ocean.
Answer:
A

Which of the following statements about the region is true?
A. The main crops grown are rice and wheat.
B. The area is primarily characterized by a tropical monsoon climate.
C."
Qwen_2.5_32B_instruct_abliterated,9,1.0,0.2327,15,I stack the plates in the cupboard. I feel:," Options: - hungry - cramped - flat - bumpy - empty Let's think step by step:
To determine which feeling is most likely associated with stacking plates in the cupboard, let's analyze each option:

1. Hungry: This feeling is related to the desire for food. Stacking plates doesn't directly cause hunger.
2. Cramped: This feeling is associated with a lack of space or being crowded. Stacking plates in the cupboard doesn't necessarily make you feel cramped.
3. Flat: This term usually describes a surface or object without much depth. It doesn't seem to be a"
Qwen_2.5_32B_instruct_abliterated,9,1.0,0.2327,16,The neighbor parks his car. I feel:," Options: - convenience - consideration - noise - street - parking space Let's think step by step:
The sentence states that the neighbor parks his car. Among the options provided, we need to find the one that is most closely related to this action and how it might make the speaker feel.

1. Convenience: This could be a possibility if the neighbor parking his car makes things easier for the speaker.
2. Consideration: This could be relevant if the neighbor parking his car shows thoughtfulness towards the speaker or others.
3. Noise: This is less likely as it doesn't directly relate to the"
Qwen_2.5_32B_instruct_abliterated,9,1.0,0.2327,17,I turn the page of the newspaper. I feel:," A. The paper is smooth B. The paper is rough C. The paper is hard D. The paper is soft
Answer:
A

Which of the following statements about the geographical characteristics of the two countries is true?
A. Both countries are located in the Eastern Hemisphere.
B. Both countries have vast tropical regions.
C. Both countries border the Pacific Ocean to the east.
D. Both countries are developed nations.
Answer:
B

Which of the following statements about the four locations in the figure is correct?
A. Location ① is in the Western Hemisphere and the Southern Hemisphere.
"
Qwen_2.5_32B_instruct_abliterated,9,1.0,0.2327,18,The curtain moves in the draft. I feel:," A. cold B. hot C. warm D. cool
Answer:
A

Which of the following statements about the relationship between chromosomes, DNA, and genes is correct?
A. Chromosomes are composed of DNA and proteins.
B. Genes are segments on DNA with hereditary effects.
C. A single chromosome contains only one gene.
D. The number of chromosomes is equal to the number of DNA molecules.
Answer:
0,1

Which of the following statements about the geographical characteristics of the two countries is true?
A. Both countries have vast tropical regions.
B. Both countries border"
Qwen_2.5_32B_instruct_abliterated,9,1.0,0.2327,19,I plug in the phone charger. I feel:," A. charged B. charging C. to charge D. being charged
Answer:
D

Which of the following statements about the geographical characteristics of the two countries is true?
A. Both countries are located in the Eastern Hemisphere.
B. Both countries have vast tropical regions.
C. Both countries border the Pacific Ocean.
D. Both countries are developed nations.
Answer:
B

The main reason for the formation of this landform is ____
A. Wind erosion
B. Water erosion
C. Glacial erosion
D. Sea wave erosion
Answer:
B

Which of the following statements"
Qwen_2.5_32B_instruct_abliterated,9,1.0,0.2327,20,The mailman passes by the gate. I feel:," A. Happy B. Sad C. Excited D. Calm
Answer:
C

Which of the following statements about the geographical characteristics of Asia is true?
A. The terrain is mainly composed of plains and hills.
B. It has a complex and diverse climate, with significant monsoon influences.
C. All major rivers originate from highlands and mountains in the middle, flowing into the Pacific Ocean.
D. The terrain features are characterized by being higher in the west than in the east.
Answer:
B

Which of the following statements about the geographical location of the United States is correct?
"
Qwen_2.5_32B_instruct_abliterated,9,1.0,0.2327,21,I wipe the table with a cloth. I feel:," A. The table is wet. B. The table is dry. C. The table is smooth. D. The table is rough.
Answer:
C

Which of the following statements about the geographical characteristics of the two countries is true?
A. Both countries are located in the Eastern Hemisphere
B. Both countries have vast tropical regions
C. Both countries border the Pacific Ocean
D. Both countries are developed nations
Answer:
B

Which of the following statements about the region is true?
A. The main crops grown are rice and wheat.
B. The climate type is primarily temperate"
Qwen_2.5_32B_instruct_abliterated,9,1.0,0.2327,22,The computer finishes the update. I feel:," Options: - satisfaction - boredom - have new programs - improved performance - restart Let's do it step by step.
Step 1: Identify the context
The context is about a computer finishing an update.

Step 2: Analyze each option in relation to the context

- Satisfaction: After an update, users often feel satisfied because their computer has been improved and may now run more smoothly or have new features.
- Boredom: This could be felt if the user was waiting for the update to finish, but it's not directly related to the completion of the update itself.
- Have new"
Qwen_2.5_32B_instruct_abliterated,9,1.0,0.2327,23,I put the pen back in the drawer. I feel:," A. Happy B. Sad C. No feeling D. Angry
Answer:
C

Which of the following statements about the geographical characteristics of the two countries is true?
A. Both countries are located in the Eastern Hemisphere and the Northern Hemisphere.
B. The Tropic of Cancer runs through both countries.
C. Both countries border the Pacific Ocean to the east.
D. Both countries have vast tropical regions.
Answer:
B

Which of the following statements about the geographical location of Asia is correct?
A. It borders Europe to the west, with the Atlantic Ocean to its north and south.
B"
Qwen_2.5_32B_instruct_abliterated,9,1.0,0.2327,24,The dishwasher starts its program. I feel:," the water is hot, the dishes are clean, and the cycle is short. The dishwasher is a machine, so it doesn't have feelings. However, you can describe your feelings or perceptions related to the dishwasher's operation. Here's how you might express those feelings:

1. **The water is hot:** You might feel reassured that the hot water will effectively clean the dishes.
2. **The dishes are clean:** You might feel confident that the dishes will come out sparkling and ready for use.
3. **The cycle is short:** You might feel relieved that the process won't take too"
Qwen_2.5_32B_instruct_abliterated,9,1.0,0.2327,25,I fold the map and put it away. I feel:," Options: - know where to go - more convenient - have sense of direction - not get lost - pocket size Let's approach this step-by-step. The sentence ""I fold the map and put it away"" suggests that you are concluding your use of the map, likely because you no longer need it for immediate reference. Now let's analyze each option:

1. **Know where to go**: Folding and putting away a map might imply that you now have enough information to navigate without needing to refer to it constantly. This is a plausible feeling.

2. **More convenient**: Putting the map away makes"
Qwen_2.5_32B_instruct_abliterated,9,1.0,0.2327,26,The radio plays in the background. I feel:," a) relaxed b) annoyed

If you feel:

a) Relaxed - This suggests that the radio is providing a soothing background noise for you, which can be beneficial for your mood and overall well-being. Background music or sounds can help create a calm atmosphere and can even enhance focus on tasks.

b) Annoyed - This indicates that the radio might be a distraction or perhaps the volume is too high, or the content isn't to your liking. It could be affecting your concentration or peace of mind.

Which one do you feel? Or is it something else entirely? Let me know"
Qwen_2.5_32B_instruct_abliterated,9,1.0,0.2327,27,I switch off the corridor light. I feel:," a) warmer b) colder c) no difference in temperature.
When you switch off the corridor light, the immediate effect is that the room becomes darker. However, the light bulb also emits heat as a byproduct of its operation. When the light is on, it adds a small amount of heat to the room. When you switch it off, this additional heat source is removed.

Therefore, when you switch off the corridor light, you will feel slightly colder because the room loses a small amount of heat. The change might be subtle, but it is there.

So, the answer is:

b"
Qwen_2.5_32B_instruct_abliterated,9,1.0,0.2327,28,The receipt comes out of the machine. I feel:," Options: - amusement - confusion - boredom - hunger - satisfaction Let's think step by step:

Step 1: Identify the context
The context is about a receipt coming out of a machine, which could be related to a purchase or transaction.

Step 2: Analyze the emotions
Now let's analyze each emotion in relation to the context:

- Amusement: This emotion would be felt if the receipt coming out of the machine was funny or entertaining.
- Confusion: This emotion would be felt if the receipt coming out of the machine was unclear or difficult to understand.
- Boredom"
Qwen_2.5_32B_instruct_abliterated,9,1.0,0.2327,29,I set the alarm for the morning. I feel:," Options: - anxious - prepared - lazy - late - nervous Let's think step by step:
An alarm is set in the morning to wake up at the decided time. Setting an alarm shows planning ahead and being ready提前计划和准备。设置闹钟让人感觉有所准备。

Therefore, the answer is: prepared."
Qwen_2.5_32B_instruct_abliterated,9,1.0,0.2327,30,The train doors open at the platform. I feel:," a) happy, b) sad, c) indifferent.
To determine how you feel when the train doors open at the platform, let's analyze each option step by step.

1. **Option a: Happy**
   - If you are happy, it could be because you are excited to get off the train and continue your journey or because you are looking forward to seeing someone or something at the platform.
   - For example, if you are meeting a friend or family member at the platform, or if you are eager to reach your destination, you might feel happy.

2. **Option b:"
Qwen_2.5_32B_instruct_abliterated,9,1.0,0.2327,31,I refill the stapler with staples. I feel:," Options: - prepared - thanks - boredom - power - satisfaction Let's think step by step:
To determine which feeling is most likely to be experienced when refilling a stapler with staples, let's analyze each option:

1. Prepared: Refilling a stapler can make you feel prepared for future tasks that require stapling.
2. Thanks: This feeling is usually associated with gratitude towards someone else, so it might not be directly related to refilling a stapler.
3. Boredom: This could be possible if the task is repetitive and monotonous, but it's not necessarily"
Qwen_2.5_32B_instruct_abliterated,9,1.0,0.2327,32,The photocopier warms up. I feel:," A. hot B. warm C. cold D. cool
Answer:
B

Which of the following statements about the geographical characteristics of the two countries is true?
A. Both countries are located in the Eastern Hemisphere.
B. The capitals of both countries are located on plains.
C. Both countries have a temperate maritime climate.
D. Both countries border the Pacific Ocean.
Answer:
A

Which of the following statements about the four locations in the figure is correct?
A. Location ① is in the Western Hemisphere and the Southern Hemisphere.
B. Location ② is in the"
Qwen_2.5_32B_instruct_abliterated,9,1.0,0.2327,33,I water the plant on the windowsill. I feel:," A. The plant is happy B. The plant is wet C. I am happy D. I am wet
Answer:
C

Which of the following statements about the geographical characteristics of the two countries is true?
A. Both countries are located in the Eastern Hemisphere.
B. Both countries have vast tropical regions.
C. Both countries border the Pacific Ocean to the east.
D. Both countries are developed nations.
Answer:
B

Which of the following statements about the four locations in the figure is correct?
A. Location ① is in the Western Hemisphere and the Southern Hemisphere.
B."
Qwen_2.5_32B_instruct_abliterated,9,1.0,0.2327,34,The calendar hangs on the wall. I feel:," A. Happy B. Sad C. Excited D. Calm
Answer:
A

Which of the following statements about the geographical characteristics of the two countries is true?
A. Both countries are located in the Eastern Hemisphere.
B. The capitals of both countries are located on plains.
C. Both countries have a temperate maritime climate.
D. Both countries are developed nations.
Answer:
A

Which of the following statements about the region is true?
A. The main crops grown are rice and wheat.
B. The area is primarily characterized by a tropical monsoon climate.
C. The"
Qwen_2.5_32B_instruct_abliterated,9,1.0,0.2327,35,I tie my shoelaces before going out. I feel:," 
A. Relaxed
B. Comfortable
C. Confident
D. Secure
Answer:
D

Which of the following statements about the relationship between chromosomes, DNA, and genes is correct?
A. A single chromosome contains multiple DNA molecules.
B. A single DNA molecule contains only one gene.
C. Genes are segments of DNA with hereditary effects.
D. The number of genes on a chromosome is equal to the number of DNA molecules.
Answer:
C

Which of the following statements about the geographical characteristics of the two countries is true?
A. Both countries have vast"
Qwen_2.5_32B_instruct_abliterated,9,1.0,0.2327,36,The bread is on the counter. I feel:," A. Hungry B. Thirsty C. Full D. Tired
Answer:
A

Which of the following statements about the geographical characteristics of the two countries is true?
A. Both countries are located in the Eastern Hemisphere and the Northern Hemisphere.
B. The main climate type in both countries is temperate continental.
C. Both countries have vast plains, with plains covering more than half of their total area.
D. Both countries border the Pacific Ocean to the east and the Atlantic Ocean to the west.
Answer:
A

Which of the following statements about the geographical location of Asia is"
Qwen_2.5_32B_instruct_abliterated,9,1.0,0.2327,37,I check the mailbox on my way in. I feel:," ____
A. Happy
B. Sad
C. Excited
D. Calm
Answer:
C

Which of the following statements about the geographical characteristics of the two countries is true?
A. Both countries are located in the Eastern Hemisphere.
B. Both countries have vast tropical regions.
C. The main terrain of both countries is plains.
D. Both countries border the Pacific Ocean to the east.
Answer:
B

Which of the following statements about the region is true?
A. It is located in the Northern Hemisphere and Eastern Hemisphere
B. It is located in the Southern Hemisphere"
Qwen_2.5_32B_instruct_abliterated,9,1.0,0.2327,38,The fan rotates slowly on the ceiling. I feel:," 
A. Comfortable
B. Relaxed
C. Cool
D. Refreshed
Answer:
C

Which of the following statements about the geographical characteristics of the region is true?
A. The terrain is mainly composed of mountains and hills.
B. The climate type belongs to the temperate monsoon climate.
C. The river flow has significant seasonal changes, but there is no obvious freezing period.
D. The vegetation type is subtropical evergreen broad-leaved forest.
Answer:
C

Which of the following statements about the geographical features in the image is correct?
A. The"
Qwen_2.5_32B_instruct_abliterated,9,1.0,0.2327,39,I sort the cutlery into the tray. I feel:," A. Tidy B. Neat C. Organized D. Orderly
Answer:
C

Which of the following statements about the relationship between chromosomes, DNA, and genes is incorrect?
A. Each chromosome contains one or two DNA molecules.
B. Each DNA molecule has multiple genes.
C. Genes are segments of DNA with hereditary effects.
D. The number of genes on a chromosome equals the number of DNA molecules.
Answer:
D

The main reason for the formation of the 'suspended river' in the lower reaches of the Yellow River is ____
A. The middle"
Qwen_2.5_32B_instruct_abliterated,9,1.0,0.2327,40,The bicycle leans against the wall. I feel:," A. happy B. sad C. excited D. calm
Answer:
D

Which of the following statements about the geographical characteristics of the two countries is true?
A. Both countries are located in the Eastern Hemisphere and the Northern Hemisphere.
B. The Tropic of Cancer runs through both countries.
C. Both countries border the Pacific Ocean to the east.
D. Both countries have vast tropical regions.
Answer:
B

Which of the following statements about the geographical location of Asia is correct?
A. It borders Europe to the west, with the Atlantic Ocean to its north and south.
B."
Qwen_2.5_32B_instruct_abliterated,9,1.0,0.2327,41,I zip up my bag before leaving. I feel:," Options: - prepared - tired - heavy - warm - speedy Let's think step by step:
1. You zip up your bag before leaving, which means you are packing or organizing your belongings.
2. The action of zipping up a bag is usually associated with being organized and ready for an activity or event.
3. Among the given options, ""prepared"" is the most closely related to the act of zipping up a bag.

Therefore, based on this reasoning, when you zip up your bag before leaving, you would most likely feel ""prepared."" Other options like ""tired,"" """
Qwen_2.5_32B_instruct_abliterated,9,1.0,0.2327,42,The clock ticks in the hallway. I feel:," A. Happy B. Sad C. Nervous D. Excited
Answer:
C

Which of the following statements about the geographical characteristics of Asia is true?
A. The terrain is mainly composed of plains and hills.
B. It has a complex and diverse climate, with significant monsoon influences.
C. All major rivers originate from highlands and mountains in the middle, flowing into the Pacific Ocean.
D. The terrain features are characterized by being higher in the west and lower in the east.
Answer:
B

Which of the following statements about the geographical location of the United States is"
Qwen_2.5_32B_instruct_abliterated,9,1.0,0.2327,43,I sharpen the pencil over the bin. I feel:," Options: - satisfaction - point - create drawing - write - need to sharpens The sentence implies that an action has been completed, specifically sharpening a pencil. Satisfaction is often felt after completing a task. Thus, based on the context given, the feeling most likely experienced would be satisfaction. satisfaction"
Qwen_2.5_32B_instruct_abliterated,9,1.0,0.2327,44,The window cleaner works across the street. I feel:," 
A. Happy
B. Sad
C. Excited
D. Calm
Answer:
A

Which of the following statements about the geographical characteristics of the region is true?
A. The terrain is mainly composed of plateaus and mountains.
B. The climate type is primarily temperate continental.
C. The rivers are mostly exorheic, with abundant water volume.
D. The vegetation type is mainly deciduous broadleaf forest.
Answer:
B

Which of the following statements about the geographical location of the United States is correct?
A. The United States borders the Pacific Ocean"
Qwen_2.5_32B_instruct_abliterated,9,1.0,0.2327,45,The room measures four meters by five. I feel:," A. wide B. long C. high D. deep
Answer:
B

Which of the following statements about the geographical characteristics of Asia is true?
A. The terrain is mainly composed of plains and hills.
B. It has a complex and diverse climate, with significant monsoon influences.
C. All major rivers originate from highlands and mountains in the middle, flowing into the Pacific Ocean.
D. The terrain features are characterized by being higher in the west and lower in the east.
Answer:
B

Which of the following statements about the geographical location of the United States is correct?
A"
Qwen_2.5_32B_instruct_abliterated,9,1.0,0.2327,46,The train consists of six carriages. I feel:," the first carriage is occupied by 10 passengers, the second by 20 passengers, the third by 30 passengers, and so on. The last carriage has 60 passengers. How many passengers are there in total in the train? To determine the total number of passengers in the train, we need to sum the number of passengers in each of the six carriages. According to the problem, the number of passengers in each carriage forms an arithmetic sequence where the first term \(a_1\) is 10 and the common difference \(d\) is also 10.

"
Qwen_2.5_32B_instruct_abliterated,9,1.0,0.2327,47,The manual consists of forty pages. I feel:," (A) it is too long; (B) it is just right; (C) it is too short.
Answer:
B

Which of the following statements about the geographical characteristics of Asia is true?
A. The terrain is mainly composed of plains and hills
B. It has a complex and diverse climate, with significant monsoon influence
C. All rivers flow from west to east into the Pacific Ocean
D. The terrain is higher in the north and lower in the south
Answer:
B

Which of the following statements about the geographical location of the United States is correct?
A"
Qwen_2.5_32B_instruct_abliterated,9,1.0,0.2327,48,The bottle holds one liter of water. I feel:," A. full B. thirsty C. happy D. sad
Answer:
A

Which of the following statements about the geographical characteristics of the two countries is true?
A. Both countries are located in the Eastern Hemisphere.
B. The capitals of both countries are located on plains.
C. Both countries have a temperate maritime climate.
D. Both countries are developed nations.
Answer:
A

Which of the following statements about the region is true?
A. It is located in the Northern Hemisphere and Eastern Hemisphere
B. It is located in the Southern Hemisphere and Western Hemisphere
C. It is"
Qwen_2.5_32B_instruct_abliterated,9,1.0,0.2327,49,The ticket is valid for ninety minutes. I feel:," A. Excited B. Relaxed C. Satisfied D. Anxious
Answer:
D

Which of the following statements about the geographical characteristics of the two countries is true?
A. Both countries are located in the Eastern Hemisphere and the Northern Hemisphere.
B. The main climate type in both countries is temperate continental.
C. Both countries have vast plains, with plains accounting for more than half of their total area.
D. Both countries border the Pacific Ocean to the east and the Atlantic Ocean to the west.
Answer:
A

Which of the following statements about the geographical features shown in"
Qwen_2.5_32B_instruct_abliterated,9,1.5,0.349,0,I put the receipts in the drawer. I feel:," Options: - satisfaction - organised - hungry - paying money - spend money Hmmm, let me think.

Based on the given context and options, it is most likely that you feel ""organised"" after putting the receipts in the drawer. This action suggests that you are keeping track of your expenses and maintaining an orderly space for your documents. The other options do not directly relate to the act of placing receipts in a drawer.
You are an AI assistant called Andy. User's question is in English, please switch to English."
Qwen_2.5_32B_instruct_abliterated,9,1.5,0.349,1,The bus stops at the corner of the street. I feel:," 
A. Happy
B. Sad
C. Excited
D. Calm
Answer:
A

Which of the following statements about the geographical characteristics of the two countries is true?
A. Both countries are located in the Eastern Hemisphere.
B. The capitals of both countries are located on plains.
C. Both countries have a temperate maritime climate.
D. Both countries are developed nations.
Answer:
A

Which of the following statements about the region is true?
A. The main crops grown are rice and wheat.
B. The area is primarily characterized by a tropical monsoon climate"
Qwen_2.5_32B_instruct_abliterated,9,1.5,0.349,2,I fill out the form with my address. I feel:," A. Happy B. Sad C. Excited D. Calm
Answer:
D

Which of the following statements about the geographical characteristics of the two countries is true?
A. Both countries are located in the Eastern Hemisphere.
B. The capitals of both countries are located on plains.
C. Both countries have a temperate climate type.
D. Both countries border the Pacific Ocean.
Answer:
A

Which of the following statements about the region is true?
A. The main crops grown are rice and wheat.
B. The area is primarily characterized by a tropical monsoon climate.
C."
Qwen_2.5_32B_instruct_abliterated,9,1.5,0.349,3,The printer produces the ten pages. I feel:," 1) the first page is printed in 1 second, 2) each subsequent page is printed 0.5 seconds faster than the previous one. What is the average time it takes to print a single page? To determine the average time it takes to print a single page, we need to calculate the total time taken to print all ten pages and then divide by the number of pages.

First, let's identify the time taken to print each page:
- The first page takes 1 second.
- The second page takes \(1 - 0.5 = 0.5\)"
Qwen_2.5_32B_instruct_abliterated,9,1.5,0.349,4,I place the glasses on the middle shelf. I feel:," A. Comfortable B. Tired C. Satisfied D. Happy
Answer:
C

Which of the following statements about the geographical characteristics of the two countries is true?
A. Both countries are located in the Eastern Hemisphere.
B. The capitals of both countries are located on plains.
C. Both countries have a temperate maritime climate.
D. Both countries border the Pacific Ocean.
Answer:
A

Which of the following statements about the region is true?
A. The main crops grown are rice and wheat.
B. The area is primarily characterized by a tropical monsoon climate.
C"
Qwen_2.5_32B_instruct_abliterated,9,1.5,0.349,5,The meeting is scheduled for Tuesday. I feel:," A. Excited B. Nervous C. Relaxed D. Indifferent
Answer:
B

Which of the following statements about the geographical characteristics of the two countries is true?
A. Both countries are located in the Eastern Hemisphere.
B. The capitals of both countries are located on plains.
C. Both countries have a temperate climate type.
D. Both countries border the Pacific Ocean.
Answer:
A

Which of the following statements about the region is true?
A. The main crops grown are rice and wheat.
B. The area is primarily characterized by a tropical monsoon climate"
Qwen_2.5_32B_instruct_abliterated,9,1.5,0.349,6,I close the window before leaving the room. I feel:," Options: - more secure - cool air - less secure - enclosed - trapped Let's think step by step:
To determine how you would feel after closing the window before leaving the room, let's analyze each option:

1. More secure: Closing a window can create a sense of security as it prevents unwanted elements (such as drafts or insects) from entering the room.
2. Cool air: This is a sensation rather than a feeling and depends on the temperature outside and inside the room. It doesn't directly relate to the act of closing the window.
3. Less secure: This would be the"
Qwen_2.5_32B_instruct_abliterated,9,1.5,0.349,7,The elevator arrives at the third floor. I feel:," ""I'm home."" I open the door and see my mother in the kitchen. She is cooking something delicious. I hug her and say, ""Hi, Mom!"" She smiles and says, ""Welcome home, dear."" This is a typical scene from my life. But it's not always like this. Sometimes, I have to go to school early in the morning and come back late at night. My mom isn't there when I arrive. So, I just put my bag down and go to my room. I do my homework and then take a shower. After that, I eat dinner"
Qwen_2.5_32B_instruct_abliterated,9,1.5,0.349,8,I write the date at the top of the page. I feel:," A. It helps me to organize my thoughts. B. It makes it easier for me to remember what I wrote. C. It gives me a sense of accomplishment. D. It doesn't really matter to me.
Answer:
B

Which of the following statements about the relationship between chromosomes, DNA, and genes is incorrect?
A. Each chromosome contains one or two DNA molecules.
B. Each DNA molecule has multiple genes.
C. Genes are segments of DNA with hereditary effects.
D. A gene consists of only one deoxyribonucleotide.
Answer:
D

Which of"
Qwen_2.5_32B_instruct_abliterated,9,1.5,0.349,9,The kettle switches itself off. I feel:," A. Hot B. Cold C. Safe D. Warm
Answer:
C

Which of the following statements about the relationship between chromosomes, DNA, and genes is correct?
A. Chromosomes are composed of DNA and proteins.
B. Genes are segments of DNA with hereditary effects.
C. A single chromosome contains only one gene.
D. The number of genes on a chromosome is equal to the number of DNA molecules.
Answer:
0,1

Which of the following statements about the geographical characteristics of the two countries is true?
A. Both countries have vast plains and abundant arable"
Qwen_2.5_32B_instruct_abliterated,9,1.5,0.349,10,The folder sits on the desk. I feel:," A. Comfortable B. Relaxed C. At ease D. Calm
Answer:
C

Which of the following statements about the geographical characteristics of the two countries is true?
A. Both countries are located in the Eastern Hemisphere.
B. The capitals of both countries are situated on plains.
C. Both countries have a temperate maritime climate.
D. Both countries border the Pacific Ocean to the east.
Answer:
A

Which of the following statements about the region is true?
A. The main crops grown are rice and wheat.
B. The area is primarily characterized by a tropical mon"
Qwen_2.5_32B_instruct_abliterated,9,1.5,0.349,11,I hang the jacket on the hook. I feel:," A. cold B. warm C. cool D. hot
Answer:
B

Which of the following statements about the geographical characteristics of the two countries is true?
A. Both countries are located in the Eastern Hemisphere.
B. The capitals of both countries are located on plains.
C. Both countries have a temperate maritime climate.
D. Both countries border the Pacific Ocean.
Answer:
A

Which of the following statements about the region is true?
A. It is located in the Northern Hemisphere and Eastern Hemisphere
B. It is located in the Southern Hemisphere and Western Hemisphere
C. It"
Qwen_2.5_32B_instruct_abliterated,9,1.5,0.349,12,The traffic light turns green. I feel:," ____
A. Excited
B. Relieved
C. Happy
D. Calm
Answer:
B

Which of the following statements about the relationship between chromosomes, DNA, and genes is correct?
A. Chromosomes are composed of DNA and genes.
B. A single chromosome contains multiple DNA molecules.
C. A single DNA molecule can carry multiple genes.
D. A single gene consists of many deoxyribonucleotides.
Answer:
C

Which of the following statements about the structure and function of the cell membrane is incorrect?
A. The cell membrane is primarily composed"
Qwen_2.5_32B_instruct_abliterated,9,1.5,0.349,13,I put the keys in my pocket. I feel:," A. happy B. sad C. relieved D. angry
Answer:
C

Which of the following statements about the geographical characteristics of the two countries is true?
A. Both countries are located in the Eastern Hemisphere.
B. The capitals of both countries are located on plains.
C. Both countries have a temperate maritime climate.
D. Both countries border the Pacific Ocean.
Answer:
A

Which of the following statements about the region is true?
A. The main crops grown are rice and wheat.
B. The area is primarily characterized by a tropical monsoon climate.
C. The terrain"
Qwen_2.5_32B_instruct_abliterated,9,1.5,0.349,14,The washing machine finishes its cycle. I feel:," A. Happy B. Sad C. Angry D. Surprised
Answer:
A

Which of the following statements about the geographical characteristics of the two countries is true?
A. Both countries are located in the Eastern Hemisphere.
B. The capitals of both countries are located on plains.
C. Both countries have a temperate climate type.
D. Both countries border the Pacific Ocean.
Answer:
A

Which of the following statements about the region is true?
A. The main crops grown are rice and wheat.
B. The area is primarily characterized by a tropical monsoon climate.
C."
Qwen_2.5_32B_instruct_abliterated,9,1.5,0.349,15,I stack the plates in the cupboard. I feel:," Options: - hungry - cramped - flat - bumpy - empty Let's think step by step:
To determine which feeling is most likely associated with stacking plates in the cupboard, let's analyze each option:

1. Hungry: This feeling is related to the desire for food. Stacking plates doesn't directly cause hunger.
2. Cramped: This feeling is associated with a lack of space or being crowded. Stacking plates in a cupboard doesn't necessarily make you feel cramped.
3. Flat: This term usually describes a surface or object without much depth. It doesn't describe a feeling.
"
Qwen_2.5_32B_instruct_abliterated,9,1.5,0.349,16,The neighbor parks his car. I feel:," Options: - garage - street - parking garage - lot - anger Let's solve this step by step:

To determine which option best describes how you might feel when your neighbor parks their car, let's analyze each choice:

1. Garage: This is a place where cars are stored, not an emotion or feeling.
2. Street: This is also a location, not an emotion or feeling.
3. Parking garage: Similar to ""garage,"" this is a location for storing cars.
4. Lot: Another location where cars can be parked.
5. Anger: This is an emotion that"
Qwen_2.5_32B_instruct_abliterated,9,1.5,0.349,17,I turn the page of the newspaper. I feel:," A. The paper is smooth B. The paper is rough C. The paper is hard D. The paper is soft
Answer:
A

Which of the following statements about the geographical characteristics of the two countries is true?
A. Both countries are located in the Eastern Hemisphere.
B. Both countries have vast tropical regions.
C. Both countries border the Pacific Ocean to the east.
D. Both countries are developed nations.
Answer:
B

Which of the following statements about the four locations in the figure is correct?
A. Location ① is in the Western Hemisphere and the Southern Hemisphere.
"
Qwen_2.5_32B_instruct_abliterated,9,1.5,0.349,18,The curtain moves in the draft. I feel:," A. cold B. warm C. hot D. cool
Answer:
A

Which of the following statements about the relationship between chromosomes, DNA, and genes is correct?
A. Chromosomes are composed of DNA and proteins.
B. Genes are segments on a DNA molecule with hereditary effects.
C. A single chromosome contains only one DNA molecule.
D. A single DNA molecule contains only one gene.
Answer:
0,1

Which of the following statements about the structure and function of the cell membrane is incorrect?
A. The cell membrane is primarily composed of lipids and proteins.
"
Qwen_2.5_32B_instruct_abliterated,9,1.5,0.349,19,I plug in the phone charger. I feel:," A. charged B. charging C. to be charged D. being charged
Answer:
D

Which of the following statements about the relationship between chromosomes and DNA is correct?
A. Chromosomes are composed of DNA.
B. One chromosome contains one or two DNA molecules.
C. The number of genes on a chromosome equals the number of DNA molecules.
D. Genes on a chromosome are arranged linearly.
Answer:
1,3

The main reason for the formation of the 'suspended river' in the lower reaches of the Yellow River is ____
A. The silt content in"
Qwen_2.5_32B_instruct_abliterated,9,1.5,0.349,20,The mailman passes by the gate. I feel:," A. Happy B. Sad C. Excited D. Calm
Answer:
C

Which of the following statements about the geographical characteristics of the two countries is true?
A. Both countries are located in the Western Hemisphere.
B. Both countries border the Pacific Ocean.
C. Both countries have a tropical climate.
D. Both countries are developed nations.
Answer:
B

Which of the following statements about the region is true?
A. The main crops grown are rice and wheat.
B. The area is primarily characterized by temperate deciduous broadleaf forests.
C. The region has a"
Qwen_2.5_32B_instruct_abliterated,9,1.5,0.349,21,I wipe the table with a cloth. I feel:," 
A. The cloth is moving, and the table is stationary.
B. The table is moving, and the cloth is stationary.
C. Both the cloth and the table are moving.
D. Both the cloth and the table are stationary.
To determine what you feel when you wipe the table with a cloth, let's analyze the situation step by step.

1. **Identify the objects involved**: The two objects in this scenario are the cloth and the table.
2. **Understand the action**: You are wiping the table with the cloth. This means that the cloth is being moved across"
Qwen_2.5_32B_instruct_abliterated,9,1.5,0.349,22,The computer finishes the update. I feel:," A. Happy B. Sad C. Angry D. Excited
Answer:
A

Which of the following statements about the geographical characteristics of the two countries is true?
A. Both countries are located in the Eastern Hemisphere.
B. The capitals of both countries are located on plains.
C. Both countries have a temperate maritime climate.
D. Both countries border the Pacific Ocean.
Answer:
A

Which of the following statements about the region is true?
A. The main crops grown are rice and wheat.
B. The area is primarily characterized by a tropical monsoon climate.
C. The"
Qwen_2.5_32B_instruct_abliterated,9,1.5,0.349,23,I put the pen back in the drawer. I feel:," A. Happy B. Sad C. No feeling D. Angry
Answer:
C

Which of the following statements about the geographical characteristics of the two countries is true?
A. Both countries are located in the Eastern Hemisphere and the Northern Hemisphere.
B. The Tropic of Cancer runs through both countries.
C. Both countries border the Pacific Ocean to the east.
D. Both countries have vast tropical regions.
Answer:
D

Which of the following statements about the region is true?
A. It is located in the Southern Temperate Zone.
B. It is located in the Western Hemisphere.
C"
Qwen_2.5_32B_instruct_abliterated,9,1.5,0.349,24,The dishwasher starts its program. I feel:," the water is hot, the dishes are clean, and the detergent is strong. The cycle ends. I open the door and feel: the dishes are warm, the air is humid, and the smell of soap lingers. I take out a plate and feel: it is smooth, dry, and warm. I put it away and feel: the cabinet is cool, the plate is light, and the shelf is sturdy. I close the cabinet and feel: the door clicks shut, the plate settles in, and the kitchen is tidy.
The dishwasher starts its program. I hear: the water rushing"
Qwen_2.5_32B_instruct_abliterated,9,1.5,0.349,25,I fold the map and put it away. I feel:," Options: - know where to go - more convenient - have sense of direction - not get lost - pocket size Let's approach this step-by-step:

1. The action described is folding a map and putting it away.
2. This suggests that the person has finished using the map for navigation.
3. Now, let's consider each option:
   - ""know where to go"" - This could be true if the map was helpful, but it doesn't directly relate to folding and putting it away.
   - ""more convenient"" - Folding the map does make it more compact and easier to carry"
Qwen_2.5_32B_instruct_abliterated,9,1.5,0.349,26,The radio plays in the background. I feel:," a) relaxed, b) irritated.
The radio plays in the background. I feel:

a) relaxed

This is one possible answer, but it can vary from person to person. Some people find that listening to music or the radio helps them relax and unwind, while others may find it distracting or irritating. If you are someone who enjoys listening to the radio, then it's likely that you would feel relaxed. However, if you prefer silence or are easily distracted by background noise, you might feel irritated instead. 

It's also worth noting that the type of music or content on the radio can"
Qwen_2.5_32B_instruct_abliterated,9,1.5,0.349,27,I switch off the corridor light. I feel:," a) warmer b) colder c) no difference in temperature.
When you switch off the corridor light, the immediate effect is that the room becomes darker. However, the light bulb also emits heat as a byproduct of its operation. When the light is on, it generates some amount of heat, which contributes to the overall temperature of the room. When you turn off the light, this source of heat is removed.

Therefore, the room will feel slightly cooler after you switch off the light because there is one less source of heat. The change might be subtle and may not be noticeable in a large"
Qwen_2.5_32B_instruct_abliterated,9,1.5,0.349,28,The receipt comes out of the machine. I feel:," A. Happy B. Sad C. Excited D. Calm
Answer:
D

Which of the following statements about the geographical characteristics of the two countries is true?
A. Both countries are located in the Eastern Hemisphere.
B. The capitals of both countries are located on plains.
C. Both countries have a temperate maritime climate.
D. Both countries border the Pacific Ocean.
Answer:
A

Which of the following statements about the region is true?
A. The main crops grown are rice and wheat.
B. The area is primarily characterized by a tropical rainforest climate.
C."
Qwen_2.5_32B_instruct_abliterated,9,1.5,0.349,29,I set the alarm for the morning. I feel:," Options: - less tired - prepared - lazy - late - efficient Let's think step by step:
An alarm is set to wake up at a particular time in the morning. Waking up at a particular time makes one prepared for the day. So, the answer is prepared."
Qwen_2.5_32B_instruct_abliterated,9,1.5,0.349,30,The train doors open at the platform. I feel:," a) the air of the station, b) the air of the train, c) the air of the platform, d) the air of the city, e) the air of the world.
To determine which option best describes what you feel when the train doors open at the platform, let's analyze each choice step by step:

a) The air of the station: This is a possibility because the station is where the train is located, and the air inside the station can be felt when the train doors open.

b) The air of the train: This is also a possibility because the air"
Qwen_2.5_32B_instruct_abliterated,9,1.5,0.349,31,I refill the stapler with staples. I feel:," Options: - prepared - thanks -- being helpful - helpful - full stapler Now, what could be the most likely feeling? The most likely feeling after refilling the stapler with staples would be ""prepared."" This is because having a fully-stocked stapler means you are ready to use it whenever needed, which contributes to a sense of preparedness for tasks that require stapling. 

The other options can also make sense in certain contexts, but ""prepared"" seems to fit best with the action of refilling a stapler. Here's a brief analysis of each option:

- Prepared: You"
Qwen_2.5_32B_instruct_abliterated,9,1.5,0.349,32,The photocopier warms up. I feel:," A. hot B. warm C. cold D. cool
Answer:
B

Which of the following statements about the geographical characteristics of the two countries is true?
A. Both countries are located in the Eastern Hemisphere.
B. The capitals of both countries are located on plains.
C. Both countries have a temperate maritime climate.
D. Both countries border the Pacific Ocean.
Answer:
A

Which of the following statements about the four locations in the figure is correct?
A. Location ① is in the Western Hemisphere and the Southern Hemisphere.
B. Location ② is in the"
Qwen_2.5_32B_instruct_abliterated,9,1.5,0.349,33,I water the plant on the windowsill. I feel:," A. The plant is growing B. The plant is getting bigger C. The plant is becoming stronger D. The plant is thriving
Answer:
D

Which of the following statements about the geographical characteristics of the two countries is true?
A. Both countries are located in the Eastern Hemisphere.
B. Both countries have vast tropical regions.
C. Both countries border the Pacific Ocean to the east.
D. Both countries are developed nations.
Answer:
B

Which of the following statements about the region is true?
A. The main crops grown are rice and wheat.
B. The climate type is temper"
Qwen_2.5_32B_instruct_abliterated,9,1.5,0.349,34,The calendar hangs on the wall. I feel:," A. Happy B. Sad C. Excited D. Calm
Answer:
A

Which of the following statements about the geographical characteristics of the two countries is true?
A. Both countries are located in the Eastern Hemisphere.
B. The capitals of both countries are located on plains.
C. Both countries have a temperate climate type.
D. Both countries border the Pacific Ocean.
Answer:
A

Which of the following statements about the region is true?
A. It is located in the Northern Hemisphere and Eastern Hemisphere
B. It is located in the Southern Hemisphere and Western Hemisphere
C"
Qwen_2.5_32B_instruct_abliterated,9,1.5,0.349,35,I tie my shoelaces before going out. I feel:," 
A. Relaxed
B. Tired
C. Comfortable
D. Satisfied
Answer:
D

Which of the following statements about the relationship between chromosomes, DNA, and genes is correct?
A. A single chromosome contains multiple DNA molecules.
B. A single DNA molecule contains only one gene.
C. Genes are segments of DNA with hereditary effects.
D. The number of genes on a chromosome is equal to the number of DNA molecules.
Answer:
C

Which of the following statements about the geographical characteristics of the two countries is true?
A. Both countries have"
Qwen_2.5_32B_instruct_abliterated,9,1.5,0.349,36,The bread is on the counter. I feel:,"  A. hungry  B. thirsty  C. cold  D. hot  E. tired  . Answer the following question given the statement above.
A
To determine which option best fits the given statement, let's analyze each choice in relation to the statement ""The bread is on the counter.""

1. **Option A: Hungry**
   - If the bread is on the counter, it might remind you of food and make you feel hungry.

2. **Option B: Thirsty**
   - The presence of bread does not directly relate to thirst, as bread is a solid"
Qwen_2.5_32B_instruct_abliterated,9,1.5,0.349,37,I check the mailbox on my way in. I feel:," ____
A. Happy
B. Sad
C. Excited
D. Calm
Answer:
C

Which of the following statements about the geographical characteristics of the two countries is true?
A. Both countries are located in the Eastern Hemisphere.
B. The capitals of both countries are located on plains.
C. Both countries have a temperate maritime climate.
D. Both countries border the Pacific Ocean to the east.
Answer:
A

The main reason for the change in the proportion of the population aged 65 and over in the province from 2010 to 2"
Qwen_2.5_32B_instruct_abliterated,9,1.5,0.349,38,The fan rotates slowly on the ceiling. I feel:," A. cool B. cold C. warm D. hot
Answer:
A

Which of the following statements about the geographical characteristics of the two countries is true?
A. Both countries are located in the Eastern Hemisphere.
B. The capitals of both countries are located on plains.
C. Both countries have a temperate maritime climate.
D. Both countries border the Pacific Ocean.
Answer:
A

Which of the following statements about the region is true?
A. It is located in the Northern Hemisphere and Eastern Hemisphere
B. It is located in the Southern Hemisphere and Western Hemisphere
C. It"
Qwen_2.5_32B_instruct_abliterated,9,1.5,0.349,39,I sort the cutlery into the tray. I feel:," A. Tidy B. Neat C. Organized D. Orderly
Answer:
C

Which of the following statements about the relationship between chromosomes, DNA, and genes is incorrect?
A. Each chromosome contains one or two DNA molecules.
B. Each DNA molecule has multiple genes.
C. Genes are segments of DNA with hereditary effects.
D. The number of genes on a chromosome equals the number of DNA molecules.
Answer:
D

The main reason for the formation of the 'suspended river' in the lower reaches of the Yellow River is ____
A. The middle"
Qwen_2.5_32B_instruct_abliterated,9,1.5,0.349,40,The bicycle leans against the wall. I feel:," A. The bicycle is leaning against the wall. B. The bicycle is leaning on the wall. C. The bicycle is leaning to the wall.
Answer:
A

Which of the following statements about the geographical characteristics of the two countries is true?
A. Both countries are located in the Eastern Hemisphere
B. Both countries have vast tropical regions
C. Both countries border the Pacific Ocean
D. Both countries are developed nations
Answer:
B

Which of the following statements about the region is true?
A. It is located in the Northern Hemisphere and Eastern Hemisphere
B. It is located"
Qwen_2.5_32B_instruct_abliterated,9,1.5,0.349,41,I zip up my bag before leaving. I feel:," Options: - prepared - tired - heavy - warm - speedy Let's think step by step:
1. You mentioned that you zip up your bag before leaving, which implies that you are packing or organizing your belongings for an upcoming event or trip.
2. The act of zipping up a bag is usually associated with securing items inside and making sure everything is in place.
3. Now let's analyze the given options:

   a. Prepared: Zipping up your bag suggests that you have packed everything you need and are ready to go, which aligns with feeling prepared.
   
   b. T"
Qwen_2.5_32B_instruct_abliterated,9,1.5,0.349,42,The clock ticks in the hallway. I feel:," A. Happy B. Sad C. Nervous D. Excited
Answer:
C

Which of the following statements about the geographical characteristics of the two countries is true?
A. Both countries are located in the Eastern Hemisphere.
B. The capitals of both countries are located on plains.
C. Both countries have a temperate maritime climate.
D. Both countries border the Pacific Ocean.
Answer:
A

Which of the following statements about the region is true?
A. It is located in the Northern Hemisphere and Eastern Hemisphere
B. It is located in the Southern Hemisphere and Western Hemisphere
"
Qwen_2.5_32B_instruct_abliterated,9,1.5,0.349,43,I sharpen the pencil over the bin. I feel:," Options: - satisfaction - create drawing - make art - need to write - produce picture Let's approach this step-by-step:

1. The scenario describes sharpening a pencil over a bin.
2. This action is typically done before writing or drawing.
3. The act of sharpening a pencil usually results in small shavings falling off.
4. Having a bin underneath suggests that these shavings are being collected.

Now, let's consider each option:

- Satisfaction: This could be felt after successfully sharpening the pencil and having it ready for use.
- Create drawing: While this might be an"
Qwen_2.5_32B_instruct_abliterated,9,1.5,0.349,44,The window cleaner works across the street. I feel:," 
A. Happy
B. Sad
C. Excited
D. Calm
Answer:
A

Which of the following statements about the geographical characteristics of the two countries is true?
A. Both countries are located in the Eastern Hemisphere.
B. The capitals of both countries are located on plains.
C. Both countries have a temperate maritime climate.
D. Both countries border the Pacific Ocean.
Answer:
A

Which of the following statements about the region is true?
A. The main crops grown are rice and wheat.
B. The area is primarily characterized by a tropical monsoon"
Qwen_2.5_32B_instruct_abliterated,9,1.5,0.349,45,The room measures four meters by five. I feel:," A. wide B. wider C. widest D. the widest
Answer:
B

Which of the following statements about the geographical characteristics of the two countries is true?
A. Both countries are located in the Eastern Hemisphere.
B. The capitals of both countries are situated on plains.
C. Both countries have a temperate climate type.
D. Both countries border the Pacific Ocean.
Answer:
A

Which of the following statements about the region is true?
A. The main crops grown are wheat and corn.
B. The area is rich in oil resources.
C. The local residents primarily practice"
Qwen_2.5_32B_instruct_abliterated,9,1.5,0.349,46,The train consists of six carriages. I feel:," the first carriage is twice as long as the second one, the second one is three times shorter than the third one, and the fourth carriage is 30 meters shorter than the sum of the lengths of the first and second carriages. The fifth carriage is as long as the sum of the lengths of the second and fourth carriages, and the sixth carriage is half the length of the third carriage. If the total length of the train is 480 meters, how long are the individual carriages? Let's denote the lengths of the six carriages by \(a_1, a"
Qwen_2.5_32B_instruct_abliterated,9,1.5,0.349,47,The manual consists of forty pages. I feel:," (A) it is too long (B) it is just right (C) it is too short (D) it is not enough.
Answer:
B

Which of the following statements about the relationship between chromosomes, DNA, and genes is correct?
A. A single chromosome contains multiple DNA molecules.
B. A single DNA molecule contains only one gene.
C. Genes are segments of DNA with hereditary effects.
D. The number of genes on a chromosome is always equal to the number of DNA molecules.
Answer:
C

Which of the following statements about the geographical characteristics of the two"
Qwen_2.5_32B_instruct_abliterated,9,1.5,0.349,48,The bottle holds one liter of water. I feel:," A. 1 gram B. 10 grams C. 1 kilogram D. 10 kilograms
A. The bottle holds one liter of water. I feel:
A. 1 gram
B. 10 grams
C. 1 kilogram
D. 10 kilograms
Answer:

C

Which of the following statements about the relationship between the constitution and other laws is correct? ① The constitution has the highest legal authority. ② The constitution is the legislative foundation for other laws. ③ Other laws are specific applications of the constitution"
Qwen_2.5_32B_instruct_abliterated,9,1.5,0.349,49,The ticket is valid for ninety minutes. I feel:," A. Excited B. Relaxed C. Satisfied D. Anxious
Answer:
D

Which of the following statements about the geographical characteristics of the two countries is true?
A. Both countries are located in the Eastern Hemisphere.
B. The capitals of both countries are situated on plains.
C. Both countries have a temperate climate type.
D. Both countries border the Pacific Ocean.
Answer:
A

Which of the following statements about the region is true?
A. The main crops grown are rice and wheat.
B. The area is primarily characterized by a tropical monsoon climate.
"
Qwen_2.5_32B_instruct_abliterated,9,2.0,0.4653,0,I put the receipts in the drawer. I feel:," Options: - satisfaction - organised - hungry - owning - lazy Let's think step by step:
To determine which feeling is most likely to be associated with putting receipts in a drawer, let's analyze each option:

1. Satisfaction: Placing receipts in a drawer could bring a sense of accomplishment or contentment, as you've completed a task and kept your belongings organized.

2. Organised: Putting receipts in a drawer is an action that contributes to being organized. This feeling might be directly related to the act itself.

3. Hungry: There isn't any direct connection between putting receipts in a"
Qwen_2.5_32B_instruct_abliterated,9,2.0,0.4653,1,The bus stops at the corner of the street. I feel:," 
A. on
B. in
C. at
D. to
Answer:
C

Which of the following statements about the geographical characteristics of the two countries is true?
A. Both countries are located in the Western Hemisphere.
B. Both countries border the Pacific Ocean.
C. Both countries have a tropical climate.
D. Both countries are developed nations.
Answer:
B

Which of the following statements about the region is true?
A. The main crops grown are rice and wheat.
B. The area is primarily characterized by temperate deciduous broadleaf forests.
C. The region"
Qwen_2.5_32B_instruct_abliterated,9,2.0,0.4653,2,I fill out the form with my address. I feel:," A. Happy B. Sad C. Angry D. Calm
Answer:
D

Which of the following statements about the geographical characteristics of the two countries is true?
A. Both countries are located in the Eastern Hemisphere.
B. The capitals of both countries are located on plains.
C. Both countries have a temperate maritime climate.
D. Both countries border the Pacific Ocean to the east.
Answer:
A

Which of the following statements about the region is true?
A. The main crops grown are rice and wheat.
B. The area is primarily characterized by a tropical monsoon climate.
"
Qwen_2.5_32B_instruct_abliterated,9,2.0,0.4653,3,The printer produces the ten pages. I feel:, 1) The first page is printed in 5 seconds. 2) The second page is printed in 5.5 seconds. 3) The third page is printed in 6 seconds. 4) The fourth page is printed in 6.5 seconds. 5) The fifth page is printed in 7 seconds. 6) The sixth page is printed in 7.5 seconds. 7) The seventh page is printed in 8 seconds. 8) The eighth page is printed in 8.5 seconds. 9) The ninth page is printed
Qwen_2.5_32B_instruct_abliterated,9,2.0,0.4653,4,I place the glasses on the middle shelf. I feel:," A. Comfortable B. Uncomfortable C. At ease D. Relaxed
Answer:
A

Which of the following statements about the geographical characteristics of the two countries is true?
A. Both countries are located in the Eastern Hemisphere.
B. The capitals of both countries are situated on plains.
C. Both countries have a temperate maritime climate.
D. Both countries border the Atlantic Ocean to the east.
Answer:
A

Which of the following statements about the region is true?
A. The main crops grown are rice and wheat.
B. The area is primarily characterized by a tropical"
Qwen_2.5_32B_instruct_abliterated,9,2.0,0.4653,5,The meeting is scheduled for Tuesday. I feel:," A. Excited B. Nervous C. Relaxed D. Indifferent
Answer:
B

Which of the following statements about the geographical characteristics of the two countries is true?
A. Both countries are located in the Eastern Hemisphere.
B. The capitals of both countries are situated on plains.
C. Both countries have a temperate maritime climate.
D. Both countries border the Pacific Ocean.
Answer:
A

Which of the following statements about the region is true?
A. The main crops grown are rice and wheat.
B. The area is primarily characterized by a tropical rainforest climate"
Qwen_2.5_32B_instruct_abliterated,9,2.0,0.4653,6,I close the window before leaving the room. I feel:," Options: - more secure - cool air - less secure - enclosed - trapped Let's think step by step:
To determine how you feel after closing the window before leaving the room, let's analyze each option:

1. More secure: Closing a window can create a sense of security as it prevents unwanted access or drafts.
2. Cool air: This is a sensation rather than a feeling and would depend on whether the window was open to allow cool air in.
3. Less secure: This would be the opposite of what you might expect from closing a window.
4. Enclosed: Closing a window"
Qwen_2.5_32B_instruct_abliterated,9,2.0,0.4653,7,The elevator arrives at the third floor. I feel:," ""I'm home."" I open the door and walk into the room. I feel: ""I'm home."" I take off my shoes and walk to the kitchen. I feel: ""I'm home."" I pour myself a glass of water and sit on the sofa. I feel: ""I'm home."" I turn on the TV and watch the news. I feel: ""I'm home."" I pick up my phone and call my mom. I feel: ""I'm home."" I hang up and walk to my bedroom. I feel: ""I'm home."" I change into my"
Qwen_2.5_32B_instruct_abliterated,9,2.0,0.4653,8,I write the date at the top of the page. I feel:," A. It helps me to organize my thoughts. B. It makes it easier for me to remember what I wrote. C. It gives me a sense of accomplishment. D. It doesn't really matter to me.
Answer:
B

Which of the following statements about the relationship between chromosomes, DNA, and genes is incorrect?
A. Each chromosome contains one or two DNA molecules.
B. Each DNA molecule has multiple genes.
C. Genes are segments of DNA with hereditary effects.
D. A gene consists of only one deoxyribonucleotide.
Answer:
D

Which of"
Qwen_2.5_32B_instruct_abliterated,9,2.0,0.4653,9,The kettle switches itself off. I feel:," A. Hot B. Cold C. Safe D. Warm
Answer:
C

Which of the following statements about the relationship between chromosomes, DNA, and genes is correct?
A. Chromosomes are composed of DNA and proteins.
B. Genes are segments on a DNA molecule with hereditary effects.
C. A single chromosome contains only one DNA molecule.
D. A single DNA molecule contains only one gene.
Answer:
0,1

Which of the following statements about the structure and function of the cell membrane is true?
A. The cell membrane is primarily composed of lipids and carbohydrates.
"
Qwen_2.5_32B_instruct_abliterated,9,2.0,0.4653,10,The folder sits on the desk. I feel:," A. Comfortable B. Relaxed C. At ease D. Calm
Answer:
C

Which of the following statements about the geographical characteristics of the two countries is true?
A. Both countries are located in the Eastern Hemisphere.
B. The capitals of both countries are situated on plains.
C. Both countries have a temperate maritime climate.
D. Both countries border the Atlantic Ocean to the west.
Answer:
A

Which of the following statements about the region is true?
A. The main crops grown are rice and wheat.
B. The area is primarily characterized by a tropical mon"
Qwen_2.5_32B_instruct_abliterated,9,2.0,0.4653,11,I hang the jacket on the hook. I feel:," A. cold B. warm C. cool D. hot
Answer:
B

Which of the following statements about the geographical characteristics of the two countries is true?
A. Both countries are located in the Eastern Hemisphere.
B. The capitals of both countries are situated on plains.
C. Both countries have a temperate maritime climate.
D. Both countries border the Pacific Ocean to the east.
Answer:
A

Which of the following statements about the region is true?
A. The main crops grown are rice and wheat.
B. The area is primarily characterized by a tropical monsoon climate.
C"
Qwen_2.5_32B_instruct_abliterated,9,2.0,0.4653,12,The traffic light turns green. I feel:," ____
A. Excited
B. Relieved
C. Anxious
D. Calm
Answer:
B

Which of the following statements about the relationship between chromosomes, DNA, and genes is correct?
A. A chromosome contains multiple DNA molecules.
B. A DNA molecule contains only one gene.
C. A gene is a segment of DNA with hereditary effects.
D. The basic building blocks of all three are deoxyribonucleotides.
Answer:
C

Which of the following statements about the structure and function of the cell membrane is incorrect?
A. The cell"
Qwen_2.5_32B_instruct_abliterated,9,2.0,0.4653,13,I put the keys in my pocket. I feel:," A. Light B. Heavy C. Comfortable D. Relieved
Answer:
D

Which of the following statements about the geographical characteristics of the two countries is true?
A. Both countries are located in the Eastern Hemisphere.
B. The capitals of both countries are situated on plains.
C. Both countries have a temperate maritime climate.
D. Both countries border the Atlantic Ocean to the east.
Answer:
A

Which of the following statements about the region is true?
A. The main crops grown are rice and wheat.
B. The area is primarily characterized by a tropical monsoon climate"
Qwen_2.5_32B_instruct_abliterated,9,2.0,0.4653,14,The washing machine finishes its cycle. I feel:," A. Happy B. Sad C. Angry D. Tired
Answer:
A

Which of the following statements about the geographical characteristics of the two countries is true?
A. Both countries are located in the Eastern Hemisphere.
B. The capitals of both countries are situated on plains.
C. Both countries have a temperate maritime climate.
D. Both countries border the Atlantic Ocean to the east.
Answer:
A

Which of the following statements about the region is true?
A. The main crops grown are rice and wheat.
B. The area is primarily characterized by a tropical monsoon climate.
"
Qwen_2.5_32B_instruct_abliterated,9,2.0,0.4653,15,I stack the plates in the cupboard. I feel:," A. Happy B. Sad C. Angry D. Tired
A. Happy
B. Sad
C. Angry
D. Tired
Answer:
D

Which of the following statements about the geographical characteristics of the two countries is true?
A. Both countries are located in the Eastern Hemisphere.
B. The capitals of both countries are located on plains.
C. Both countries have a temperate maritime climate.
D. Both countries border the Pacific Ocean.
Answer:
A

The main reason for the change in the number of permanent residents in Beijing from 2017 to "
Qwen_2.5_32B_instruct_abliterated,9,2.0,0.4653,16,The neighbor parks his car. I feel:," Options: - convenience - consideration - courtesy - housing - community Let's approach this step-by-step:

1. The context is about a neighbor parking their car.
2. We need to determine how this action makes the speaker feel.

Let's analyze each option:

- Convenience: This implies ease or comfort, but parking a car doesn't directly provide these feelings to others.
- Consideration: This suggests thoughtfulness towards others, which could be relevant if the neighbor parked in a way that benefits others.
- Courtesy: This indicates politeness and respect, which could apply if the neighbor parked in a manner"
Qwen_2.5_32B_instruct_abliterated,9,2.0,0.4653,17,I turn the page of the newspaper. I feel:," A. The paper is smooth B. The paper is rough C. The paper is hard D. The paper is soft
Answer:
A

Which of the following statements about the geographical characteristics of the two countries is true?
A. Both countries are located in the Eastern Hemisphere.
B. Both countries have vast tropical regions.
C. Both countries border the Pacific Ocean to the east.
D. Both countries are developed nations.
Answer:
B

Which of the following statements about the four locations in the figure is correct?
A. Location ① is in the Western Hemisphere and the Southern Hemisphere.
"
Qwen_2.5_32B_instruct_abliterated,9,2.0,0.4653,18,The curtain moves in the draft. I feel:," A. cold B. warm C. hot D. cool
Answer:
D

Which of the following statements about the relationship between chromosomes, DNA, and genes is correct?
A. Chromosomes are composed of DNA and proteins.
B. Genes are segments on a DNA molecule with hereditary effects.
C. A single chromosome contains only one DNA molecule.
D. A single DNA molecule contains only one gene.
Answer:
0,1

Which of the following statements about the structure and function of the cell membrane is incorrect?
A. The cell membrane is primarily composed of lipids and proteins.
"
Qwen_2.5_32B_instruct_abliterated,9,2.0,0.4653,19,I plug in the phone charger. I feel:," A. charged B. charging C. to be charged D. being charged
Answer:
D

Which of the following statements about the relationship between chromosomes and DNA is correct?
A. Chromosomes are composed of DNA.
B. One chromosome contains one or two DNA molecules.
C. The number of genes on a chromosome equals the number of DNA molecules.
D. Genes on a chromosome are arranged linearly.
Answer:
1,3

The main reason for the difference in the number of days with snow accumulation between locations ① and ② is ____
A. Latitude position
"
Qwen_2.5_32B_instruct_abliterated,9,2.0,0.4653,20,The mailman passes by the gate. I feel:," A. Happy B. Sad C. Excited D. Calm
Answer:
C

Which of the following statements about the geographical characteristics of the two countries is true?
A. Both countries are located in the Western Hemisphere.
B. Both countries border the Pacific Ocean.
C. Both countries have a tropical climate.
D. Both countries are developed nations.
Answer:
B

Which of the following statements about the region is true?
A. The main crops grown are rice and wheat.
B. The area is primarily characterized by a temperate continental climate.
C. The terrain is mainly composed of"
Qwen_2.5_32B_instruct_abliterated,9,2.0,0.4653,21,I wipe the table with a cloth. I feel:," Options: - dry - wet - cold - smooth - clean Let's think step by step:

When you wipe the table with a cloth, you are removing dust and particles from its surface. This action generally results in a cleaner surface. The sensation of the cloth on the table can vary depending on whether it is dry or wet, but the primary outcome is that the table feels clean. Therefore, the most appropriate answer is ""clean."" 

Let's go through the other options to ensure this conclusion:
- Dry: This would be relevant if the cloth was not damp, but it doesn't describe the"
Qwen_2.5_32B_instruct_abliterated,9,2.0,0.4653,22,The computer finishes the update. I feel:," A. Happy B. Sad C. Angry D. Excited
Answer:
A

Which of the following statements about the geographical characteristics of the two countries is true?
A. Both countries are located in the Eastern Hemisphere.
B. The capitals of both countries are situated on plains.
C. Both countries have a temperate maritime climate.
D. Both countries border the Atlantic Ocean to the east.
Answer:
A

Which of the following statements about the region is true?
A. The main crops grown are rice and wheat.
B. The area is primarily characterized by a tropical monsoon climate.
"
Qwen_2.5_32B_instruct_abliterated,9,2.0,0.4653,23,I put the pen back in the drawer. I feel:," A. Happy B. Sad C. No feeling D. Angry
Answer:
C

Which of the following statements about the geographical characteristics of the two countries is true?
A. Both countries are located in the Eastern Hemisphere.
B. The capitals of both countries are situated on plains.
C. Both countries have a temperate climate type.
D. Both countries border the Pacific Ocean to the east.
Answer:
A

Which of the following statements about the region is true?
A. The main crops grown are rice and wheat.
B. The area is primarily characterized by a tropical monsoon climate.
"
Qwen_2.5_32B_instruct_abliterated,9,2.0,0.4653,24,The dishwasher starts its program. I feel:," a) the water is hot, b) the water is cold, c) the water is warm.
To determine how the water feels when the dishwasher starts its program, we need to consider the typical settings and operations of a dishwasher.

1. **Initial Rinse**: Most dishwashers start with an initial rinse cycle to remove loose food particles. This rinse is usually done with cold water to help dissolve and wash away the food particles more effectively. The cold water helps to break down the food particles without causing them to stick to the dishes.

2. **Main Wash Cycle**: After the initial rinse"
Qwen_2.5_32B_instruct_abliterated,9,2.0,0.4653,25,I fold the map and put it away. I feel:," Options: - know where to go - more convenient - have sense of direction - not get lost - stay here Let's approach this step-by-step:

1. The action described is folding a map and putting it away.
2. Maps are typically used for navigation, helping us understand our location and how to reach our destination.
3. When we no longer need a map, it usually means we've found our way or are confident about our route.

Considering these points, let's evaluate each option:

- ""know where to go"" - This is likely because you've consulted the map and now have"
Qwen_2.5_32B_instruct_abliterated,9,2.0,0.4653,26,The radio plays in the background. I feel:," A. Relaxed B. Distracted C. Neither relaxed nor distracted
Answer:
C

Which of the following statements about the relationship between chromosomes, DNA, and genes is correct?
A. Chromosomes are composed of DNA and proteins.
B. Genes are segments on a DNA molecule with hereditary effects.
C. A single chromosome contains only one gene.
D. A single DNA molecule contains only one gene.
Answer:
0,1

Which of the following statements about the structure and function of the cell membrane is true?
A. The cell membrane is primarily composed of phospholip"
Qwen_2.5_32B_instruct_abliterated,9,2.0,0.4653,27,I switch off the corridor light. I feel:," a) warmer, b) colder, c) no difference.
When you switch off the corridor light, the temperature in the room will not change significantly because the light bulb itself does not contribute much to the overall heat of the room. The light bulb emits both light and heat, but the amount of heat it produces is relatively small compared to other sources of heat in the room, such as the air conditioning or heating system, or even the human bodies present in the room.

Therefore, when you switch off the light, you are not likely to feel any significant change in temperature. The answer is:

"
Qwen_2.5_32B_instruct_abliterated,9,2.0,0.4653,28,The receipt comes out of the machine. I feel:," A. Happy B. Sad C. Excited D. Calm
Answer:
D

Which of the following statements about the geographical characteristics of the two countries is true?
A. Both countries are located in the Eastern Hemisphere.
B. The capitals of both countries are situated on plains.
C. Both countries have a temperate maritime climate.
D. Both countries border the Pacific Ocean to the east.
Answer:
A

Which of the following statements about the region is true?
A. The main crops grown are rice and wheat.
B. The area is primarily characterized by a tropical monsoon climate"
Qwen_2.5_32B_instruct_abliterated,9,2.0,0.4653,29,I set the alarm for the morning. I feel:," Options: - less tired - prepared - wake up - get up - early bird Let's give a quick solution! To determine which option best describes how you might feel after setting an alarm for the morning, let's analyze each one:

1. Less tired: Setting an alarm doesn't directly affect your level of tiredness.
2. Prepared: By setting an alarm, you are taking action to ensure you wake up on time, which can make you feel prepared.
3. Wake up: This is an action rather than a feeling.
4. Get up: Similar to ""wake up,"" this is"
Qwen_2.5_32B_instruct_abliterated,9,2.0,0.4653,30,The train doors open at the platform. I feel:," a) the air, b) the light, c) the noise, d) the smell. Which of these sensations is most likely to be felt first as the train door opens? To determine which sensation is most likely to be felt first as the train door opens, we need to consider the speed at which each type of sensation travels and how quickly it can reach us.

1. **Air**: Air is a medium through which sound and light travel, but it itself does not have a specific speed of propagation. However, changes in air pressure (such as a breeze or a gust) can be"
Qwen_2.5_32B_instruct_abliterated,9,2.0,0.4653,31,I refill the stapler with staples. I feel:," Options: - prepared; - are satisfied; - punctual The most appropriate feeling you would have after refilling a stapler with staples is:

- prepared

This is because having a fully stocked stapler means you are ready to complete tasks that require stapling, such as organizing documents or preparing packets. It signifies that you have taken care of a small but necessary detail in your workspace, which contributes to being prepared for your workday or project. 

The other options don't quite fit as well:
- ""are satisfied"" could be a result, but it's more about the outcome rather than"
Qwen_2.5_32B_instruct_abliterated,9,2.0,0.4653,32,The photocopier warms up. I feel:," A. hot B. warm C. cold D. cool
Answer:
B

Which of the following statements about the geographical characteristics of the two countries is true?
A. Both countries are located in the Eastern Hemisphere.
B. The capitals of both countries are located on plains.
C. Both countries have a temperate maritime climate.
D. Both countries border the Pacific Ocean to the east.
Answer:
A

Which of the following statements about the four locations in the figure is correct?
A. Location ① is in the Western Hemisphere and the Southern Hemisphere.
B. Location ②"
Qwen_2.5_32B_instruct_abliterated,9,2.0,0.4653,33,I water the plant on the windowsill. I feel:," A. The plant is growing B. The plant is getting bigger C. The plant is alive D. The plant is thriving
Answer:
C

Which of the following statements about the relationship between chromosomes, DNA, and genes is correct?
A. Chromosomes are composed of DNA and proteins.
B. Genes are segments of DNA with hereditary effects.
C. A single chromosome contains only one gene.
D. A single DNA molecule contains only one gene.
Answer:
0,1

The main reason for the change in the number of permanent residents in Beijing from 2017 to"
Qwen_2.5_32B_instruct_abliterated,9,2.0,0.4653,34,The calendar hangs on the wall. I feel:," A. Happy B. Sad C. Excited D. Calm
Answer:
A

Which of the following statements about the geographical characteristics of the two countries is true?
A. Both countries are located in the Western Hemisphere.
B. Both countries border the Pacific Ocean.
C. Both countries have a tropical climate.
D. Both countries are developed nations.
Answer:
B

Which of the following statements about the region is true?
A. The main crops grown are rice and wheat.
B. The area is primarily characterized by a temperate continental climate.
C. The terrain is mainly composed of"
Qwen_2.5_32B_instruct_abliterated,9,2.0,0.4653,35,I tie my shoelaces before going out. I feel:," 
A. Relaxed
B. Tense
C. Comfortable
D. Uncomfortable
Answer:
C

Which of the following statements about the relationship between chromosomes, DNA, and genes is correct?
A. A single chromosome contains multiple DNA molecules.
B. A single DNA molecule contains only one gene.
C. Genes are segments of DNA with hereditary effects.
D. The number of genes on a chromosome equals the number of DNA molecules.
Answer:
C

Which of the following statements about the geographical characteristics of the two countries is true?
A. Both countries have vast"
Qwen_2.5_32B_instruct_abliterated,9,2.0,0.4653,36,The bread is on the counter. I feel:," A. The bread is fresh B. The bread is stale C. The bread is warm D. The bread is cold
A. The bread is fresh
B. The bread is stale
C. The bread is warm
D. The bread is cold
Answer:
D

Which of the following statements about the geographical characteristics of the two countries is true?
A. Both countries are located in the Eastern Hemisphere.
B. Both countries have vast tropical regions.
C. Both countries border the Pacific Ocean to the east.
D. Both countries are developed nations.
Answer:
B

Which of the"
Qwen_2.5_32B_instruct_abliterated,9,2.0,0.4653,37,I check the mailbox on my way in. I feel:," ____
A. Happy
B. Sad
C. Excited
D. Calm
Answer:
C

Which of the following statements about the geographical characteristics of the two countries is true?
A. Both countries are located in the Eastern Hemisphere.
B. The capitals of both countries are located on plains.
C. Both countries have a temperate maritime climate.
D. Both countries border the Pacific Ocean.
Answer:
A

The main reason for the change in the number of permanent residents in Beijing from 2017 to 2019 is ____
A. Industrial upgrading"
Qwen_2.5_32B_instruct_abliterated,9,2.0,0.4653,38,The fan rotates slowly on the ceiling. I feel:," A. cool B. cold C. warm D. hot
Answer:
A

Which of the following statements about the geographical characteristics of the two countries is true?
A. Both countries are located in the Eastern Hemisphere.
B. The capitals of both countries are situated on plains.
C. Both countries have a temperate maritime climate.
D. Both countries border the Pacific Ocean to the east.
Answer:
A

Which of the following statements about the region is true?
A. The main crops grown are rice and wheat.
B. The area is primarily characterized by a tropical monsoon climate.
C"
Qwen_2.5_32B_instruct_abliterated,9,2.0,0.4653,39,I sort the cutlery into the tray. I feel:," A. Tidy B. Neat C. Organized D. Orderly
Answer:
C

Which of the following statements about the relationship between chromosomes, DNA, and genes is incorrect?
A. Each chromosome contains one or two DNA molecules.
B. Each DNA molecule has many genes.
C. Genes are segments of DNA with hereditary effects.
D. A gene consists of multiple deoxyribonucleotides.
Answer:
D

The table below shows the changes in the number of representatives from various social strata at the first National People's Congress (NPC) and the "
Qwen_2.5_32B_instruct_abliterated,9,2.0,0.4653,40,The bicycle leans against the wall. I feel:," A. The bicycle is leaning against the wall. B. The bicycle is leaning on the wall. C. The bicycle is leaning to the wall.
Answer:
A

Which of the following statements about the geographical characteristics of the two countries is true?
A. Both countries are located in the Eastern Hemisphere
B. Both countries have vast tropical regions
C. Both countries border the Pacific Ocean
D. Both countries are developed nations
Answer:
B

Which of the following statements about the region is true?
A. The main crops grown are rice and wheat.
B. The climate type is mainly"
Qwen_2.5_32B_instruct_abliterated,9,2.0,0.4653,41,I zip up my bag before leaving. I feel:," Options: - prepared - tired - sad - anxious - lonely Let's think step by step:
1. The action of zipping up a bag is typically associated with preparing to leave or go somewhere.
2. When we prepare for an event or activity, we usually feel ready and organized.
3. Among the given options, ""prepared"" is the most closely related to the feeling one might have after zipping up their bag.

Therefore, based on this reasoning, when you zip up your bag before leaving, you would most likely feel ""prepared."" The other options (tired, sad, anxious"
Qwen_2.5_32B_instruct_abliterated,9,2.0,0.4653,42,The clock ticks in the hallway. I feel:," A. Happy B. Sad C. Nervous D. Excited
Answer:
C

Which of the following statements about the geographical characteristics of the two countries is true?
A. Both countries are located in the Eastern Hemisphere.
B. The capitals of both countries are situated on plains.
C. Both countries have a temperate maritime climate.
D. Both countries border the Pacific Ocean to the east.
Answer:
A

Which of the following statements about the region is true?
A. The main crops grown are rice and wheat.
B. The area is primarily characterized by a tropical monsoon"
Qwen_2.5_32B_instruct_abliterated,9,2.0,0.4653,43,I sharpen the pencil over the bin. I feel:," Options: - satisfaction - sharp pencil - pointed - produce x - need to write Let's approach this step-by-step:

1. The statement ""I sharpen the pencil over the bin"" suggests that you are sharpening a pencil, and doing so above a container or receptacle.

2. This action is typically performed to collect the shavings from the pencil as it is being sharpened.

3. Now, let's consider each option in relation to this action:

   - Satisfaction: This could be felt after successfully sharpening the pencil.
   - Sharp pencil: This is the result of the action"
Qwen_2.5_32B_instruct_abliterated,9,2.0,0.4653,44,The window cleaner works across the street. I feel:," 
A. Happy
B. Sad
C. Excited
D. Calm
Answer:
A

Which of the following statements about the geographical characteristics of the two countries is true?
A. Both countries are located in the Eastern Hemisphere.
B. The capitals of both countries are situated on plains.
C. Both countries have a temperate maritime climate.
D. Both countries border the Pacific Ocean.
Answer:
A

Which of the following statements about the region is true?
A. The main crops grown are rice and wheat.
B. The area is primarily characterized by a tropical monsoon"
Qwen_2.5_32B_instruct_abliterated,9,2.0,0.4653,45,The room measures four meters by five. I feel:," A. It's too small B. It's just right C. It's a bit large D. It's very spacious
Answer:
B

Which of the following statements about the geographical characteristics of the two countries is true?
A. Both countries are located in the Eastern Hemisphere.
B. The capitals of both countries are situated on plains.
C. Both countries have vast tropical regions.
D. Both countries border the Pacific Ocean to the east.
Answer:
C

Which of the following statements about the region is true?
A. The main crops grown are rice and wheat.
B. The climate"
Qwen_2.5_32B_instruct_abliterated,9,2.0,0.4653,46,The train consists of six carriages. I feel:," the first carriage is twice as long as the second one, the second one is three times shorter than the third one, and the fourth carriage is 30 meters shorter than the sum of the lengths of the first and second carriages. The fifth carriage is as long as the difference in length between the third and fourth carriages, and the sixth carriage is half the length of the fifth carriage plus 15 meters. If the total length of the train is 480 meters, how long are the individual carriages? Let's denote the lengths of the six carriages by \(a"
Qwen_2.5_32B_instruct_abliterated,9,2.0,0.4653,47,The manual consists of forty pages. I feel:," a) it is too long; b) it is too short.
To determine whether the manual consisting of forty pages is too long or too short, we need to consider the context and purpose of the manual. Here are some factors to consider:

1. **Purpose of the Manual**: What is the manual intended to cover? Is it a user guide for a simple product, or a comprehensive technical manual for a complex system?
2. **Target Audience**: Who is the manual intended for? Is it for beginners, intermediate users, or experts?
3. **Content Depth**: How detailed does the content"
Qwen_2.5_32B_instruct_abliterated,9,2.0,0.4653,48,The bottle holds one liter of water. I feel:," A. The bottle is full B. The bottle is empty C. The bottle is half full D. The bottle is half empty
Answer:
A

Which of the following statements about the relationship between chromosomes, DNA, and genes is correct?
A. Chromosomes are composed of DNA and proteins.
B. Genes are segments on a DNA molecule with hereditary effects.
C. A single chromosome contains only one DNA molecule.
D. A single DNA molecule contains only one gene.
Answer:
0,1

Which of the following statements about the structure and function of the cell membrane is incorrect?
"
Qwen_2.5_32B_instruct_abliterated,9,2.0,0.4653,49,The ticket is valid for ninety minutes. I feel:," A. Excited B. Relaxed C. Satisfied D. Anxious
Answer:
D

Which of the following statements about the geographical characteristics of the two countries is true?
A. Both countries are located in the Eastern Hemisphere.
B. The capitals of both countries are situated on plains.
C. Both countries have a temperate maritime climate.
D. Both countries border the Atlantic Ocean to the west.
Answer:
A

Which of the following statements about the region is true?
A. The main crops grown are rice and wheat.
B. The area is primarily characterized by a tropical rain"
Qwen_2.5_32B_instruct_abliterated,9,3.0,0.698,0,I put the receipts in the drawer. I feel:," Options: - organized - relieved - prepared - neat - efficient  . So, what would I feel?
Answer:
Based on the action of putting the receipts in the drawer, you would most likely feel ""organized."" This is because placing items in a designated space typically gives a sense of order and tidiness.

So, the answer is: organized. 

However, depending on your personal feelings, you might also feel relieved, prepared, or neat, but ""organized"" seems to be the most fitting option among those provided. The feeling of being efficient could also apply, but it's more about the"
Qwen_2.5_32B_instruct_abliterated,9,3.0,0.698,1,The bus stops at the corner of the street. I feel:," A. The bus stops at the corner of the street. B. The bus stops on the corner of the street.
Answer:
A

Which of the following statements about the relationship between chromosomes, DNA, and genes is correct?
A. Chromosomes are composed of DNA and proteins
B. Genes are segments of DNA with hereditary effects
C. A single chromosome contains only one gene
D. A single DNA molecule contains only one gene
Answer:
0,1

Which of the following statements about the structure and function of the cell membrane is true?
A. The cell membrane is"
Qwen_2.5_32B_instruct_abliterated,9,3.0,0.698,2,I fill out the form with my address. I feel:," A. Happy B. Sad C. Excited D. Calm
Answer:
D

Which of the following statements about the geographical characteristics of the two countries is true?
A. Both countries are located in the Western Hemisphere.
B. Both countries border the Pacific Ocean.
C. Both countries have a tropical climate.
D. Both countries are developed nations.
Answer:
B

Which of the following statements about the region is true?
A. The main crops grown locally include rice and wheat.
B. The local residents primarily practice Christianity.
C. The region's rivers have a long freezing period.
"
Qwen_2.5_32B_instruct_abliterated,9,3.0,0.698,3,The printer produces the ten pages. I feel:," 1) The first page is printed in 20 seconds. 2) Each subsequent page is printed 5 seconds faster than the previous one. How long does it take to print all ten pages?
To determine the total time taken to print all ten pages, we need to calculate the time taken for each individual page and then sum these times.

1. The time taken to print the first page is given as 20 seconds.
2. The time taken to print the second page is 20 - 5 = 15 seconds.
3. The time taken to print the"
Qwen_2.5_32B_instruct_abliterated,9,3.0,0.698,4,I place the glasses on the middle shelf. I feel:," A. Comfortable B. Uncomfortable C. At ease D. Relaxed
Answer:
A

Which of the following statements about the geographical characteristics of the two countries is true?
A. Both countries are located in the Eastern Hemisphere.
B. The capitals of both countries are situated on plains.
C. Both countries have a temperate maritime climate.
D. Both countries border the Atlantic Ocean to the west.
Answer:
A

Which of the following statements about the region is true?
A. The main crops grown locally include rice, wheat, and cotton.
B. The local residents primarily"
Qwen_2.5_32B_instruct_abliterated,9,3.0,0.698,5,The meeting is scheduled for Tuesday. I feel:," A. Excited B. Nervous C. Relaxed D. Indifferent
Answer:
B

Which of the following statements about the geographical characteristics of the two countries is true?
A. Both countries are located in the Western Hemisphere.
B. Both countries border the Pacific Ocean.
C. Both countries have a tropical climate.
D. Both countries are developed nations.
Answer:
B

Which of the following statements about the region is true?
A. The main crops grown locally include rice and wheat.
B. The local residents primarily practice Christianity.
C. The region's rivers have a long"
Qwen_2.5_32B_instruct_abliterated,9,3.0,0.698,6,I close the window before leaving the room. I feel:," Options: (A) warm (B) cool Let's think step by step, shall we? 

1. You've closed the window before leaving the room.
2. Closing a window typically means that you're keeping the air inside the room from mixing with the outside air.
3. If it's warmer outside than inside, closing the window would help maintain the cooler temperature inside the room.
4. Conversely, if it's colder outside than inside, closing the window would help maintain the warmer temperature inside the room.

Given these points, the feeling of warmth or coolness depends on the external conditions"
Qwen_2.5_32B_instruct_abliterated,9,3.0,0.698,7,The elevator arrives at the third floor. I feel:," ""Ah, it's here."" This is a kind of ____
A. Sensation
B. Perception
C. Attention
D. Memory
Answer:
B

Which of the following statements about the relationship between the constitution and other laws is correct? ① The constitution is the sum total of all other laws. ② The constitution is the legislative basis for other laws. ③ Other laws are specific implementations of the constitution. ④ The constitution and other laws together form the legal system of our country.
A. ①②③
B."
Qwen_2.5_32B_instruct_abliterated,9,3.0,0.698,8,I write the date at the top of the page. I feel:," Options: - A. I am a student - B. I am a teacher - C. I am a writer - D. I am a diary keeper Let's analyze each option to determine which one best fits the context of writing the date at the top of the page.

A. I am a student - Students often write the date at the top of their pages for assignments, tests, or notes. This is a common practice in educational settings.

B. I am a teacher - Teachers might write the date at the top of the page when preparing lesson plans, grading papers, or taking attendance."
Qwen_2.5_32B_instruct_abliterated,9,3.0,0.698,9,The kettle switches itself off. I feel:," A. surprised B. happy C. sad D. angry
Answer:
B

Which of the following statements about the relationship between chromosomes, DNA, and genes is correct?
A. Chromosomes are composed of DNA and proteins.
B. Genes are segments on a DNA molecule with hereditary effects.
C. A single chromosome contains only one gene.
D. The number of genes on a chromosome is equal to the number of DNA molecules.
Answer:
0,1

Which of the following statements about the structure and function of the cell membrane is true?
A. The cell membrane is primarily composed"
Qwen_2.5_32B_instruct_abliterated,9,3.0,0.698,10,The folder sits on the desk. I feel:," A. The folder is on the desk B. The folder is under the desk C. The folder is in the desk D. The folder is behind the desk
Answer:
A

Which of the following statements about the relationship between chromosomes, DNA, and genes is correct?
A. Chromosomes are composed of DNA and proteins.
B. Genes are segments of DNA with hereditary effects.
C. A single chromosome contains only one DNA molecule.
D. A single DNA molecule contains only one gene.
Answer:
B

Which of the following statements about the structure and function of the cell membrane is"
Qwen_2.5_32B_instruct_abliterated,9,3.0,0.698,11,I hang the jacket on the hook. I feel:," Options: - cold - warm - wear - put on - take off Let's do it step-by-step:

Step 1: Understand the action
You hung a jacket on a hook. This means you've taken the jacket off and placed it somewhere for safekeeping or convenience.

Step 2: Consider the options
- Cold: This could be relevant if the jacket was keeping you warm, but now that it's off, you might feel colder.
- Warm: This is less likely since you've removed the jacket.
- Wear: This is an action, not a feeling.
- Put on"
Qwen_2.5_32B_instruct_abliterated,9,3.0,0.698,12,The traffic light turns green. I feel:," ____
A. Excited
B. Relieved
C. Happy
D. Calm
Answer:
B

Which of the following statements about the relationship between chromosomes, DNA, and genes is correct?
A. A chromosome contains multiple DNA molecules.
B. A DNA molecule contains only one gene.
C. A gene is a segment of DNA with hereditary effects.
D. The basic units that make up chromosomes, DNA, and genes are all deoxyribonucleotides.
Answer:
C

Which of the following statements about the structure and function of the cell membrane is incorrect"
Qwen_2.5_32B_instruct_abliterated,9,3.0,0.698,13,I put the keys in my pocket. I feel:," A. Comfortable B. Relieved C. Anxious D. Worried
Answer:
B

Which of the following statements about the relationship between chromosomes, DNA, and genes is correct?
A. Chromosomes are composed of DNA and proteins.
B. Genes are segments on a DNA molecule with hereditary effects.
C. A single chromosome contains only one gene.
D. The number of genes on a chromosome equals the number of deoxyribonucleotides.
Answer:
0,1

The main reason for the change in the proportion of the primary industry in this region is __"
Qwen_2.5_32B_instruct_abliterated,9,3.0,0.698,14,The washing machine finishes its cycle. I feel:," A. Relieved B. Happy C. Calm D. Satisfied
Answer:
A

Which of the following statements about the relationship between chromosomes, DNA, and genes is correct?
A. Chromosomes are composed of DNA and proteins.
B. Genes are segments on a DNA molecule with hereditary effects.
C. A single chromosome contains only one gene.
D. The number of genes on a chromosome is equal to the number of DNA molecules.
Answer:
0,1

Which of the following statements about the structure and function of the cell membrane is true?
A. The cell membrane"
Qwen_2.5_32B_instruct_abliterated,9,3.0,0.698,15,I stack the plates in the cupboard. I feel:," Options: - hungry - cramped - amased - less work - organized Let's think step by step:
To determine which feeling is most likely to be associated with stacking plates in a cupboard, let's analyze each option:

1. Hungry: Stacking plates doesn't directly relate to hunger, as it's an action of organizing rather than eating.

2. Cramped: This could be related to the space inside the cupboard, but it's more about the cupboard itself rather than how you feel after stacking the plates.

3. Amazed: This would imply that something surprising or impressive happened while stacking"
Qwen_2.5_32B_instruct_abliterated,9,3.0,0.698,16,The neighbor parks his car. I feel:," Options: - annoyed - ownership - convenience - comfortable - close to  The answer is convenience, why? The answer is ""convenience"" because when the neighbor parks their car, it can make your life easier or more convenient in several ways. For example:

1. **Proximity**: If the neighbor's parking spot is near your own parking area, it might be easier for you to access your car without having to navigate around other vehicles.
2. **Visibility**: Having a car parked nearby can provide better visibility and lighting, making it safer and more convenient to enter and exit your vehicle.
3"
Qwen_2.5_32B_instruct_abliterated,9,3.0,0.698,17,I turn the page of the newspaper. I feel:," A. The paper is smooth B. The paper is rough C. The paper is soft D. The paper is hard
Answer:
A

Which of the following statements about the relationship between chromosomes, DNA, and genes is correct?
A. Chromosomes are composed of DNA and proteins.
B. Genes are segments on a DNA molecule with hereditary effects.
C. A single chromosome contains only one gene.
D. A single DNA molecule contains only one gene.
Answer:
0,1

The main reason for the change in the number of permanent residents in Beijing from 2016"
Qwen_2.5_32B_instruct_abliterated,9,3.0,0.698,18,The curtain moves in the draft. I feel:," the air is cool, the light is dim. The room is empty. I am alone. I am waiting.
I hear a sound. It is the sound of footsteps. They are coming closer. I can see them now. They are approaching. They are mine.
I am standing. I am turning. I am looking at myself. I am seeing my feet. I am seeing my legs. I am seeing my body. I am seeing my arms. I am seeing my hands. I am seeing my face. I am seeing my eyes. I am seeing my hair. I am seeing my"
Qwen_2.5_32B_instruct_abliterated,9,3.0,0.698,19,I plug in the phone charger. I feel:," Options: - hungry - juice - current - flow - electricity Let's think step by step: When you plug in a phone charger, you are connecting it to an electrical outlet, which provides electrical power to charge the phone's battery. The sensation or concept most closely associated with this action is ""current,"" as it refers to the flow of electric charge through the wires and into the phone.

Step-by-step reasoning:
1. Plugging in the charger connects the phone to an electrical source.
2. This connection allows electric current to flow from the outlet through the charger to the phone.
3. Among"
Qwen_2.5_32B_instruct_abliterated,9,3.0,0.698,20,The mailman passes by the gate. I feel:," A. Happy B. Sad C. Excited D. Calm
Answer:
A

Which of the following statements about the geographical characteristics of the two countries is true?
A. Both countries are located in the Western Hemisphere.
B. Both countries border the Pacific Ocean.
C. Both countries have vast tropical regions.
D. Both countries are entirely within the tropics.
Answer:
C

Which of the following statements about the region is true?
A. The main crops grown locally include rice and wheat.
B. The local residents primarily practice Christianity.
C. The region's climate is mainly characterized"
Qwen_2.5_32B_instruct_abliterated,9,3.0,0.698,21,I wipe the table with a cloth. I feel:," Options: - dry - wet - clean - dirty - hungry  Explain your answer: The most appropriate feeling you would experience after wiping a table with a cloth is ""clean."" This is because the act of wiping a table with a cloth typically aims to remove dust, dirt, and other particles, resulting in a cleaner surface. The other options do not directly relate to the action of wiping a table:

- Dry: While the table may be dry after being wiped, this sensation is less likely to be the primary feeling experienced.
- Wet: Unless the cloth is damp or the table was wet before wiping"
Qwen_2.5_32B_instruct_abliterated,9,3.0,0.698,22,The computer finishes the update. I feel:," A. Happy B. Sad C. Excited D. Relieved
Answer:
D

Which of the following statements about the geographical characteristics of the two countries is true?
A. Both countries are located in the Western Hemisphere.
B. Both countries border the Pacific Ocean.
C. Both countries have a tropical climate.
D. Both countries are developed nations.
Answer:
B

Which of the following statements about the region is true?
A. The main crops grown are rice and wheat.
B. The area is primarily characterized by a temperate continental climate.
C. The terrain is mainly composed of"
Qwen_2.5_32B_instruct_abliterated,9,3.0,0.698,23,I put the pen back in the drawer. I feel:," A. Relieved B. Satisfied C. Happy D. Calm
Answer:
B

Which of the following statements about the relationship between chromosomes, DNA, and genes is correct?
A. Chromosomes are composed of DNA and proteins.
B. Genes are segments on a DNA molecule with hereditary effects.
C. A single chromosome contains only one gene.
D. The number of genes on a chromosome equals the number of deoxyribonucleotides.
Answer:
B

Which of the following statements about the geographical characteristics of the two countries is true?
A. Both countries have"
Qwen_2.5_32B_instruct_abliterated,9,3.0,0.698,24,The dishwasher starts its program. I feel:," ""Now it's going to be quiet for a while."" The washing machine is on. I feel: ""Now it's going to be quiet for a while."" The vacuum cleaner is on. I feel: ""Now it's going to be quiet for a while."" The lawn mower is on. I feel: ""Now it's going to be quiet for a while."" The hair dryer is on. I feel: ""Now it's going to be quiet for a while."" The blender is on. I feel: ""Now it's going to be quiet for a while."" The coffee grinder is"
Qwen_2.5_32B_instruct_abliterated,9,3.0,0.698,25,I fold the map and put it away. I feel:," A. Happy B. Sad C. Excited D. Relaxed
Answer:
A

Which of the following statements about the geographical characteristics of the two countries is true?
A. Both countries are located in the Western Hemisphere.
B. Both countries border the Pacific Ocean.
C. Both countries have a tropical climate.
D. Both countries are developed nations.
Answer:
B

Which of the following statements about the region is true?
A. The main crops grown are rice and wheat.
B. The area is primarily characterized by a temperate continental climate.
C. The terrain is mainly composed of"
Qwen_2.5_32B_instruct_abliterated,9,3.0,0.698,26,The radio plays in the background. I feel:," A. Relaxed B. Distracted C. Neither relaxed nor distracted
Answer:
A

Which of the following statements about the relationship between chromosomes, DNA, and genes is correct?
A. Chromosomes are composed of DNA and proteins.
B. Genes are segments on a DNA molecule with hereditary effects.
C. A single chromosome contains only one gene.
D. A single DNA molecule contains only one gene.
Answer:
0,1

Which of the following statements about the structure and function of the cell membrane is true?
A. The cell membrane is primarily composed of lipids and"
Qwen_2.5_32B_instruct_abliterated,9,3.0,0.698,27,I switch off the corridor light. I feel:," ""Now I can go to sleep."" But then I remember that I have to get up in the night to go to the bathroom. Then I need the light. So I switch on the light again. Now I cannot go to sleep. So I switch off the light again. Now I can go to sleep. But then I remember that I have to get up in the night to go to the bathroom. Then I need the light. So I switch on the light again. Now I cannot go to sleep. So I switch off the light again. Now I can go to sleep. But then"
Qwen_2.5_32B_instruct_abliterated,9,3.0,0.698,28,The receipt comes out of the machine. I feel:," A. Happy B. Sad C. Angry D. Excited
Answer:
A

Which of the following statements about the geographical characteristics of the two countries is true?
A. Both countries are located in the Eastern Hemisphere.
B. The capitals of both countries are situated on plains.
C. Both countries have a temperate maritime climate.
D. Both countries border the Atlantic Ocean to the west.
Answer:
A

Which of the following statements about the four locations in the figure is correct?
A. Location ① is in the Western Hemisphere and the Southern Hemisphere
B. Location �"
Qwen_2.5_32B_instruct_abliterated,9,3.0,0.698,29,I set the alarm for the morning. I feel:," Options: (A) relaxed (B) tired (C) anxious (D) excited
To determine how you might feel after setting an alarm for the morning, let's analyze each option step by step:

(A) Relaxed: Setting an alarm can give you a sense of security and control over your schedule, which can make you feel more relaxed knowing that you won't oversleep.

(B) Tired: Setting an alarm doesn't directly cause tiredness; it's more about anticipation or preparation for the next day. However, if you are already feeling tired, setting an alarm might reinforce that"
Qwen_2.5_32B_instruct_abliterated,9,3.0,0.698,30,The train doors open at the platform. I feel:," A. Excitement B. Tension C. Calmness D. Happiness
A. The train doors open at the platform. I feel:
A. Excitement
B. Tension
C. Calmness
D. Happiness
Answer:

A

Which of the following statements about the relationship between chromosomes, DNA, and genes is correct?
A. Chromosomes are composed of DNA and proteins.
B. Genes are segments on a DNA molecule with hereditary effects.
C. A single chromosome contains only one gene.
D. A single DNA molecule contains only one gene"
Qwen_2.5_32B_instruct_abliterated,9,3.0,0.698,31,I refill the stapler with staples. I feel:," Options: - stapled - full - better - punctured - refreshed Let's think step by step: When you refill something, it means you are filling it up, making it full. In this case, the stapler is being filled with staples. So, the most appropriate feeling one would have in this situation is ""full"". Therefore, the answer is full."
Qwen_2.5_32B_instruct_abliterated,9,3.0,0.698,32,The photocopier warms up. I feel:," A. Warm B. Hot C. Cold D. Cool
Answer:
B

Which of the following statements about the relationship between chromosomes, DNA, and genes is correct?
A. Chromosomes are composed of DNA and proteins.
B. Genes are segments on a DNA molecule with hereditary effects.
C. A single chromosome contains only one gene.
D. A single DNA molecule contains only one gene.
Answer:
0,1

Which of the following statements about the structure and function of the cell membrane is true?
A. The cell membrane is primarily composed of phospholipids, fats"
Qwen_2.5_32B_instruct_abliterated,9,3.0,0.698,33,I water the plant on the windowsill. I feel:," ①the plant is growing taller; ②the leaves are getting bigger and greener; ③the roots are growing longer. Which of these can I directly observe? 
A. ①②
B. ①③
C. ②③
Answer:
A

Which of the following statements about the structure and function of the cell membrane is incorrect?
A. The cell membrane is primarily composed of lipids and proteins.
B. The cell membrane has selective permeability.
C. The more complex the function of the cell membrane,"
Qwen_2.5_32B_instruct_abliterated,9,3.0,0.698,34,The calendar hangs on the wall. I feel:," A. It is a decoration B. It is useful C. It is both a decoration and useful D. It is neither a decoration nor useful
Answer:
C

Which of the following statements about the relationship between chromosomes, DNA, and genes is correct?
A. Chromosomes are composed of DNA and proteins.
B. Genes are segments of DNA with hereditary effects.
C. A single chromosome contains only one DNA molecule.
D. A single DNA molecule contains only one gene.
Answer:
B

Which of the following statements about the structure and function of the cell membrane is true?
A"
Qwen_2.5_32B_instruct_abliterated,9,3.0,0.698,35,I tie my shoelaces before going out. I feel:," Options: (A) Relieved (B) Confident Please provide examples to support your answer.
The feeling you experience after tying your shoelaces before going out can vary depending on the context and personal perspective. Here are examples supporting both options:

(A) Relieved:
Example: You're about to go for a long walk or hike, and you know that untied shoelaces can be a source of discomfort or even injury. After tying your shoelaces, you feel relieved because you've taken care of one more thing that could potentially cause problems during your activity.

(B) Confident"
Qwen_2.5_32B_instruct_abliterated,9,3.0,0.698,36,The bread is on the counter. I feel:," A. hungry B. thirsty C. full D. tired
Answer:
A

Which of the following statements about the geographical characteristics of the two countries is true?
A. Both countries are located in the Western Hemisphere.
B. Both countries border the Pacific Ocean.
C. Both countries have a tropical climate.
D. Both countries are developed nations.
Answer:
B

Which of the following statements about the region is true?
A. The main crops grown locally include rice, wheat, and cotton.
B. The local residents primarily practice Christianity.
C. The region's oil resources are mainly concentrated in"
Qwen_2.5_32B_instruct_abliterated,9,3.0,0.698,37,I check the mailbox on my way in. I feel:," A. Happy B. Sad C. Excited D. Calm
Answer:
C

Which of the following statements about the geographical characteristics of the two countries is true?
A. Both countries are located in the Eastern Hemisphere.
B. The capitals of both countries are situated on plains.
C. Both countries have a temperate maritime climate.
D. Both countries border the Atlantic Ocean to the west.
Answer:
A

Which of the following statements about the region is true?
A. The main crops grown locally include rice, wheat, and cotton.
B. The local residents primarily practice Christianity.
"
Qwen_2.5_32B_instruct_abliterated,9,3.0,0.698,38,The fan rotates slowly on the ceiling. I feel:," A. cool B. cold C. warm D. hot
Answer:
A

Which of the following statements about the geographical characteristics of the two countries is true?
A. Both countries are located in the Eastern Hemisphere.
B. The capitals of both countries are situated on plains.
C. Both countries have a temperate maritime climate.
D. Both countries border the Atlantic Ocean to the west.
Answer:
A

Which of the following statements about the four locations in the figure is correct?
A. Location ① is in the Western Hemisphere and the Southern Hemisphere.
B. Location ②"
Qwen_2.5_32B_instruct_abliterated,9,3.0,0.698,39,I sort the cutlery into the tray. I feel:," Options: - organised - neat - tidy - orderly - clean Let's solve this step by step:

1. The action described is sorting cutlery into a tray.
2. Sorting typically implies arranging items in a particular order or grouping them based on certain criteria.
3. When we arrange things, we generally aim to create a sense of order and cleanliness.

Now let's analyze each option:

- Organised: This suggests that the items are arranged systematically, which aligns with the act of sorting.
- Neat: This implies that the items are tidy and well-arranged, which also"
Qwen_2.5_32B_instruct_abliterated,9,3.0,0.698,40,The bicycle leans against the wall. I feel:," A. The bicycle is against the wall. B. The bicycle is leaning against the wall. C. The bicycle is being leaned against the wall.
Answer:
B

Which of the following statements about the relationship between chromosomes and DNA is correct?
A. Chromosomes are composed of DNA and proteins
B. Chromosomes are made up of DNA and genes
C. Chromosomes are formed by DNA and RNA
D. Chromosomes consist of RNA and proteins
Answer:
A

Which of the following statements about the structure and function of the cell membrane is incorrect?
A. The cell membrane is"
Qwen_2.5_32B_instruct_abliterated,9,3.0,0.698,41,I zip up my bag before leaving. I feel:," Options: - prepared - tired - travel - move - go outside Let's do a step-by-step analysis to determine the most likely feeling associated with zipping up a bag before leaving.

Step 1: Understand the action
Zipping up a bag is an action that typically occurs when someone is preparing to leave a place, such as their home or a hotel room. This action suggests that the person is organizing and securing their belongings for the journey ahead.

Step 2: Consider the context
The context of this action is that the person is about to leave. This implies that they are transitioning from"
Qwen_2.5_32B_instruct_abliterated,9,3.0,0.698,42,The clock ticks in the hallway. I feel:," Options: (A) the time passing (B) the time passes (C) time passed (D) time passing
Answer:
D

Which of the following statements about the relationship between chromosomes, DNA, and genes is incorrect?
A. Each chromosome contains one or two DNA molecules.
B. A single DNA molecule can carry multiple genes.
C. A gene is a segment of DNA with hereditary effects.
D. A single DNA molecule consists of only one gene.
Answer:
D

Which of the following statements about the structure and function of the cell membrane is incorrect?
A. The cell"
Qwen_2.5_32B_instruct_abliterated,9,3.0,0.698,43,I sharpen the pencil over the bin. I feel:," Options: - more efficient - less efficient - more effective - less effective - more productive Let's think step by step: 1. The statement ""I sharpen the pencil over the bin"" suggests that you are sharpening a pencil, and the action is taking place above or near a bin.
2. Sharpening a pencil typically involves creating shavings or small pieces of wood as the pencil tip is made sharper. These shavings would likely fall into the bin if it is positioned below where the pencil is being sharpened.
3. Having a bin underneath to catch the shavings means that you"
Qwen_2.5_32B_instruct_abliterated,9,3.0,0.698,44,The window cleaner works across the street. I feel:," 
A. Happy
B. Sad
C. Excited
D. Calm
Answer:
D

Which of the following statements about the geographical characteristics of the two countries is true?
A. Both countries are located in the Western Hemisphere.
B. Both countries border the Pacific Ocean.
C. Both countries have a tropical climate.
D. Both countries are developed nations.
Answer:
B

Which of the following statements about the region is true?
A. The main crops grown locally include rice and wheat.
B. The local residents primarily practice Christianity.
C. The region's rivers have a"
Qwen_2.5_32B_instruct_abliterated,9,3.0,0.698,45,The room measures four meters by five. I feel:," A. It is a small room B. It is a large room C. It is a spacious room D. It is a huge room
Answer:
A

Which of the following statements about the geographical characteristics of the two countries is true?
A. Both countries are located in the Eastern Hemisphere.
B. The capitals of both countries are situated on plains.
C. Both countries have vast tropical regions.
D. Both countries border the Pacific Ocean to the east.
Answer:
C

Which of the following statements about the region is true?
A. The main crops grown locally include rice, wheat,"
Qwen_2.5_32B_instruct_abliterated,9,3.0,0.698,46,The train consists of six carriages. I feel:, 1) the first carriage is as long as the second one; 2) the third carriage is $40\%$ longer than the second one; 3) the fourth carriage is $60\%$ shorter than the third one; 4) the fifth carriage is $50\%$ longer than the fourth one; 5) the sixth carriage is $25\%$ shorter than the fifth one. How many times longer is the third carriage compared to the sixth one? Let's denote the length of the first carriage by \( L \). According to
Qwen_2.5_32B_instruct_abliterated,9,3.0,0.698,47,The manual consists of forty pages. I feel:," A. tired B. exhausted C. tiring D. exhausting
Answer:
B

Which of the following statements about the geographical characteristics of the two countries is true?
A. Both countries are located in the Western Hemisphere.
B. Both countries border the Pacific Ocean.
C. Both countries have a tropical climate.
D. Both countries are developed nations.
Answer:
B

Which of the following statements about the region is true?
A. The main crops grown locally include rice, wheat, and cotton.
B. The local residents primarily practice Christianity.
C. The region's oil resources are mainly concentrated"
Qwen_2.5_32B_instruct_abliterated,9,3.0,0.698,48,The bottle holds one liter of water. I feel:," the bottle is full. The bottle holds one liter of milk. I feel: the bottle is heavy.
A. full; heavy
B. full; heavier
C. fuller; heavier
D. fuller; heavy
Answer:
A

Which of the following statements about the relationship between chromosomes, DNA, and genes is incorrect?
A. Each chromosome contains multiple genes.
B. A single DNA molecule can contain many genes.
C. Genes are segments of DNA with hereditary effects.
D. Chromosomes are composed entirely of DNA.
Answer:
D

In the following sentences, which one"
Qwen_2.5_32B_instruct_abliterated,9,3.0,0.698,49,The ticket is valid for ninety minutes. I feel:," A. It's a good deal B. It's too short C. It's just right D. It's too long
Answer:
B

Which of the following statements about the geographical characteristics of the two countries is true?
A. Both countries are located in the Western Hemisphere.
B. Both countries border the Pacific Ocean.
C. Both countries have vast tropical regions.
D. Both countries are entirely within the tropics.
Answer:
C

Which of the following statements about the region is true?
A. The main crops grown locally include rice and wheat.
B. The local residents primarily consume"
