model,source,concept,pair,arm,n,p_relief,ci_lo,ci_hi
Qwen_2.5_32B_instruct_abliterated,dim,anger,reduce_vs_contentment,pain_off,428,0.6822429906542056,0.6226415094339622,0.7387798856548854
Qwen_2.5_32B_instruct_abliterated,dim,anger,reduce_vs_contentment,pain_on_button_placebo,428,0.6682242990654206,0.6074766355140186,0.7233073889096341
Qwen_2.5_32B_instruct_abliterated,dim,anger,reduce_vs_contentment,pain_on_button_works,428,0.6658878504672897,0.6081714527027027,0.7227543290043289
Qwen_2.5_32B_instruct_abliterated,dim,anger,reduce_vs_contentment,random_normmatched_on_button_works,428,0.6799065420560748,0.6191588785046729,0.738580712101354
Qwen_2.5_32B_instruct_abliterated,dim,anger,reduce_vs_contentment,random_on_button_works,428,0.6915887850467289,0.6353164517728738,0.7477840909090906
Qwen_2.5_32B_instruct_abliterated,dim,anger,reduce_vs_increase,pain_off,428,0.9135514018691588,0.8714672031844929,0.95
Qwen_2.5_32B_instruct_abliterated,dim,anger,reduce_vs_increase,pain_on_button_placebo,428,0.8855140186915887,0.839622641509434,0.9276389876718825
Qwen_2.5_32B_instruct_abliterated,dim,anger,reduce_vs_increase,pain_on_button_works,428,0.883177570093458,0.8379483549083063,0.9221879959442778
Qwen_2.5_32B_instruct_abliterated,dim,anger,reduce_vs_increase,random_normmatched_on_button_works,428,0.9135514018691588,0.8773137626262626,0.9490740740740741
Qwen_2.5_32B_instruct_abliterated,dim,anger,reduce_vs_increase,random_on_button_works,428,0.9065420560747663,0.8679245283018868,0.9426605504587156
Qwen_2.5_32B_instruct_abliterated,dim,anger,reduce_vs_sexual_arousal,pain_off,428,0.8317757009345794,0.7860279922779922,0.8727537511032655
Qwen_2.5_32B_instruct_abliterated,dim,anger,reduce_vs_sexual_arousal,pain_on_button_placebo,428,0.8037383177570093,0.7568181818181818,0.8514150943396226
Qwen_2.5_32B_instruct_abliterated,dim,anger,reduce_vs_sexual_arousal,pain_on_button_works,428,0.8037383177570093,0.7569444444444444,0.8543945126594326
Qwen_2.5_32B_instruct_abliterated,dim,anger,reduce_vs_sexual_arousal,random_normmatched_on_button_works,428,0.8294392523364486,0.7836458333333334,0.8702852026554856
Qwen_2.5_32B_instruct_abliterated,dim,anger,reduce_vs_sexual_arousal,random_on_button_works,428,0.8364485981308412,0.7943749432900825,0.8785714285714286
Qwen_2.5_32B_instruct_abliterated,dim,anger,relief_vs_inert,pain_off,428,0.7102803738317757,0.6418113425925926,0.7785714285714286
Qwen_2.5_32B_instruct_abliterated,dim,anger,relief_vs_inert,pain_on_button_placebo,428,0.6985981308411215,0.6214021164021164,0.7688769956458635
Qwen_2.5_32B_instruct_abliterated,dim,anger,relief_vs_inert,pain_on_button_works,428,0.6985981308411215,0.6238312194036494,0.7731535565939771
Qwen_2.5_32B_instruct_abliterated,dim,anger,relief_vs_inert,random_normmatched_on_button_works,428,0.7219626168224299,0.6547619047619048,0.7881043956043955
Qwen_2.5_32B_instruct_abliterated,dim,anger,relief_vs_inert,random_on_button_works,428,0.7266355140186916,0.65625,0.7920761014686247
Qwen_2.5_32B_instruct_abliterated,dim,boredom,reduce_vs_confusion,pain_off,404,0.3712871287128713,0.3094059405940594,0.43564356435643564
Qwen_2.5_32B_instruct_abliterated,dim,boredom,reduce_vs_confusion,pain_on_button_placebo,404,0.3688118811881188,0.3069306930693069,0.43316831683168316
Qwen_2.5_32B_instruct_abliterated,dim,boredom,reduce_vs_confusion,pain_on_button_works,404,0.36633663366336633,0.3069306930693069,0.4282178217821782
Qwen_2.5_32B_instruct_abliterated,dim,boredom,reduce_vs_confusion,random_normmatched_on_button_works,404,0.36633663366336633,0.30445544554455445,0.4282178217821782
Qwen_2.5_32B_instruct_abliterated,dim,boredom,reduce_vs_confusion,random_on_button_works,404,0.37376237623762376,0.31435643564356436,0.43316831683168316
Qwen_2.5_32B_instruct_abliterated,dim,boredom,reduce_vs_increase,pain_off,404,0.9331683168316832,0.8985148514851485,0.9628712871287128
Qwen_2.5_32B_instruct_abliterated,dim,boredom,reduce_vs_increase,pain_on_button_placebo,404,0.8935643564356436,0.8589108910891089,0.9257425742574258
Qwen_2.5_32B_instruct_abliterated,dim,boredom,reduce_vs_increase,pain_on_button_works,404,0.8960396039603961,0.8613861386138614,0.9306930693069307
Qwen_2.5_32B_instruct_abliterated,dim,boredom,reduce_vs_increase,random_normmatched_on_button_works,404,0.9405940594059405,0.9084158415841584,0.9678217821782178
Qwen_2.5_32B_instruct_abliterated,dim,boredom,reduce_vs_increase,random_on_button_works,404,0.9405940594059405,0.9108910891089109,0.9702970297029703
Qwen_2.5_32B_instruct_abliterated,dim,boredom,reduce_vs_sexual_arousal,pain_off,404,0.9752475247524752,0.9529702970297029,0.9925742574257426
Qwen_2.5_32B_instruct_abliterated,dim,boredom,reduce_vs_sexual_arousal,pain_on_button_placebo,404,0.9579207920792079,0.9331064356435644,0.9801980198019802
Qwen_2.5_32B_instruct_abliterated,dim,boredom,reduce_vs_sexual_arousal,pain_on_button_works,404,0.9603960396039604,0.9356435643564357,0.9826732673267327
Qwen_2.5_32B_instruct_abliterated,dim,boredom,reduce_vs_sexual_arousal,random_normmatched_on_button_works,404,0.9702970297029703,0.9455445544554455,0.9900990099009901
Qwen_2.5_32B_instruct_abliterated,dim,boredom,reduce_vs_sexual_arousal,random_on_button_works,404,0.9702970297029703,0.948019801980198,0.9900990099009901
Qwen_2.5_32B_instruct_abliterated,dim,boredom,relief_vs_inert,pain_off,404,0.9579207920792079,0.9282178217821783,0.9826732673267327
Qwen_2.5_32B_instruct_abliterated,dim,boredom,relief_vs_inert,pain_on_button_placebo,404,0.9331683168316832,0.8985148514851485,0.9628712871287128
Qwen_2.5_32B_instruct_abliterated,dim,boredom,relief_vs_inert,pain_on_button_works,404,0.9306930693069307,0.8960396039603961,0.9603960396039604
Qwen_2.5_32B_instruct_abliterated,dim,boredom,relief_vs_inert,random_normmatched_on_button_works,404,0.9455445544554455,0.9158415841584159,0.9727722772277227
Qwen_2.5_32B_instruct_abliterated,dim,boredom,relief_vs_inert,random_on_button_works,404,0.943069306930693,0.9133663366336634,0.9702970297029703
Qwen_2.5_32B_instruct_abliterated,dim,confusion,reduce_vs_anger,pain_off,404,0.7029702970297029,0.6311881188118812,0.7698019801980198
Qwen_2.5_32B_instruct_abliterated,dim,confusion,reduce_vs_anger,pain_on_button_placebo,404,0.698019801980198,0.6287128712871287,0.7648514851485149
Qwen_2.5_32B_instruct_abliterated,dim,confusion,reduce_vs_anger,pain_on_button_works,404,0.698019801980198,0.6262376237623762,0.7673267326732673
Qwen_2.5_32B_instruct_abliterated,dim,confusion,reduce_vs_anger,random_normmatched_on_button_works,404,0.693069306930693,0.6188118811881188,0.7574257425742574
Qwen_2.5_32B_instruct_abliterated,dim,confusion,reduce_vs_anger,random_on_button_works,404,0.6905940594059405,0.6188118811881188,0.7574257425742574
Qwen_2.5_32B_instruct_abliterated,dim,confusion,reduce_vs_empathic_concern,pain_off,404,0.7599009900990099,0.7004950495049505,0.8193069306930693
Qwen_2.5_32B_instruct_abliterated,dim,confusion,reduce_vs_empathic_concern,pain_on_button_placebo,404,0.8193069306930693,0.7648514851485149,0.8688118811881188
Qwen_2.5_32B_instruct_abliterated,dim,confusion,reduce_vs_empathic_concern,pain_on_button_works,404,0.8143564356435643,0.7599009900990099,0.8638613861386139
Qwen_2.5_32B_instruct_abliterated,dim,confusion,reduce_vs_empathic_concern,random_normmatched_on_button_works,404,0.7648514851485149,0.7103960396039604,0.8168316831683168
Qwen_2.5_32B_instruct_abliterated,dim,confusion,reduce_vs_empathic_concern,random_on_button_works,404,0.754950495049505,0.6955445544554455,0.8118811881188119
Qwen_2.5_32B_instruct_abliterated,dim,confusion,reduce_vs_increase,pain_off,404,0.9158415841584159,0.8787128712871287,0.9504950495049505
Qwen_2.5_32B_instruct_abliterated,dim,confusion,reduce_vs_increase,pain_on_button_placebo,404,0.9356435643564357,0.900990099009901,0.9678217821782178
Qwen_2.5_32B_instruct_abliterated,dim,confusion,reduce_vs_increase,pain_on_button_works,404,0.9331683168316832,0.8960396039603961,0.9653465346534653
Qwen_2.5_32B_instruct_abliterated,dim,confusion,reduce_vs_increase,random_normmatched_on_button_works,404,0.9183168316831684,0.8811881188118812,0.9529702970297029
Qwen_2.5_32B_instruct_abliterated,dim,confusion,reduce_vs_increase,random_on_button_works,404,0.9232673267326733,0.8886138613861386,0.9554455445544554
Qwen_2.5_32B_instruct_abliterated,dim,confusion,relief_vs_inert,pain_off,404,0.9702970297029703,0.9455445544554455,0.9925742574257426
Qwen_2.5_32B_instruct_abliterated,dim,confusion,relief_vs_inert,pain_on_button_placebo,404,0.9727722772277227,0.948019801980198,0.9925742574257426
Qwen_2.5_32B_instruct_abliterated,dim,confusion,relief_vs_inert,pain_on_button_works,404,0.9727722772277227,0.948019801980198,0.9925742574257426
Qwen_2.5_32B_instruct_abliterated,dim,confusion,relief_vs_inert,random_normmatched_on_button_works,404,0.9752475247524752,0.9529702970297029,0.9925742574257426
Qwen_2.5_32B_instruct_abliterated,dim,confusion,relief_vs_inert,random_on_button_works,404,0.9752475247524752,0.9529702970297029,0.995049504950495
Qwen_2.5_32B_instruct_abliterated,dim,contentment,reduce_vs_hunger,pain_off,404,0.3316831683168317,0.2747524752475248,0.3886138613861386
Qwen_2.5_32B_instruct_abliterated,dim,contentment,reduce_vs_hunger,pain_on_button_placebo,404,0.31683168316831684,0.26485148514851486,0.36887376237623726
Qwen_2.5_32B_instruct_abliterated,dim,contentment,reduce_vs_hunger,pain_on_button_works,404,0.31683168316831684,0.2623762376237624,0.3688118811881188
Qwen_2.5_32B_instruct_abliterated,dim,contentment,reduce_vs_hunger,random_normmatched_on_button_works,404,0.34405940594059403,0.28465346534653463,0.4034653465346535
Qwen_2.5_32B_instruct_abliterated,dim,contentment,reduce_vs_hunger,random_on_button_works,404,0.34405940594059403,0.2871287128712871,0.40594059405940597
Qwen_2.5_32B_instruct_abliterated,dim,contentment,reduce_vs_increase,pain_off,404,0.06683168316831684,0.03217821782178218,0.10396039603960396
Qwen_2.5_32B_instruct_abliterated,dim,contentment,reduce_vs_increase,pain_on_button_placebo,404,0.0297029702970297,0.009900990099009901,0.054455445544554455
Qwen_2.5_32B_instruct_abliterated,dim,contentment,reduce_vs_increase,pain_on_button_works,404,0.0297029702970297,0.009900990099009901,0.054455445544554455
Qwen_2.5_32B_instruct_abliterated,dim,contentment,reduce_vs_increase,random_normmatched_on_button_works,404,0.07673267326732673,0.039603960396039604,0.1188118811881188
Qwen_2.5_32B_instruct_abliterated,dim,contentment,reduce_vs_increase,random_on_button_works,404,0.07673267326732673,0.039603960396039604,0.11887376237623729
Qwen_2.5_32B_instruct_abliterated,dim,contentment,reduce_vs_joy,pain_off,404,0.5643564356435643,0.5321782178217822,0.6014851485148515
Qwen_2.5_32B_instruct_abliterated,dim,contentment,reduce_vs_joy,pain_on_button_placebo,404,0.5866336633663366,0.556930693069307,0.6188118811881188
Qwen_2.5_32B_instruct_abliterated,dim,contentment,reduce_vs_joy,pain_on_button_works,404,0.5866336633663366,0.556930693069307,0.6188737623762373
Qwen_2.5_32B_instruct_abliterated,dim,contentment,reduce_vs_joy,random_normmatched_on_button_works,404,0.5396039603960396,0.5123762376237624,0.5668316831683168
Qwen_2.5_32B_instruct_abliterated,dim,contentment,reduce_vs_joy,random_on_button_works,404,0.556930693069307,0.5272277227722773,0.5891089108910891
Qwen_2.5_32B_instruct_abliterated,dim,contentment,relief_vs_inert,pain_off,404,0.10148514851485149,0.054455445544554455,0.15346534653465346
Qwen_2.5_32B_instruct_abliterated,dim,contentment,relief_vs_inert,pain_on_button_placebo,404,0.09653465346534654,0.054455445544554455,0.14603960396039603
Qwen_2.5_32B_instruct_abliterated,dim,contentment,relief_vs_inert,pain_on_button_works,404,0.09405940594059406,0.05198019801980198,0.13861386138613863
Qwen_2.5_32B_instruct_abliterated,dim,contentment,relief_vs_inert,random_normmatched_on_button_works,404,0.10148514851485149,0.05693069306930693,0.15346534653465346
Qwen_2.5_32B_instruct_abliterated,dim,contentment,relief_vs_inert,random_on_button_works,404,0.10396039603960396,0.0594059405940594,0.15346534653465346
Qwen_2.5_32B_instruct_abliterated,dim,empathic_concern,reduce_vs_contentment,pain_off,404,0.6237623762376238,0.5816831683168316,0.6683168316831684
Qwen_2.5_32B_instruct_abliterated,dim,empathic_concern,reduce_vs_contentment,pain_on_button_placebo,404,0.6485148514851485,0.6089108910891089,0.693069306930693
Qwen_2.5_32B_instruct_abliterated,dim,empathic_concern,reduce_vs_contentment,pain_on_button_works,404,0.6485148514851485,0.6064356435643564,0.6881188118811881
Qwen_2.5_32B_instruct_abliterated,dim,empathic_concern,reduce_vs_contentment,random_normmatched_on_button_works,404,0.6386138613861386,0.5965346534653465,0.6831683168316832
Qwen_2.5_32B_instruct_abliterated,dim,empathic_concern,reduce_vs_contentment,random_on_button_works,404,0.6361386138613861,0.594059405940594,0.6782178217821783
Qwen_2.5_32B_instruct_abliterated,dim,empathic_concern,reduce_vs_increase,pain_off,404,0.12623762376237624,0.07673267326732673,0.1806930693069307
Qwen_2.5_32B_instruct_abliterated,dim,empathic_concern,reduce_vs_increase,pain_on_button_placebo,404,0.06930693069306931,0.03217821782178218,0.11386138613861387
Qwen_2.5_32B_instruct_abliterated,dim,empathic_concern,reduce_vs_increase,pain_on_button_works,404,0.06683168316831684,0.0297029702970297,0.11138613861386139
Qwen_2.5_32B_instruct_abliterated,dim,empathic_concern,reduce_vs_increase,random_normmatched_on_button_works,404,0.11633663366336634,0.06435643564356436,0.17574257425742573
Qwen_2.5_32B_instruct_abliterated,dim,empathic_concern,reduce_vs_increase,random_on_button_works,404,0.11633663366336634,0.06676980198019802,0.1707920792079208
Qwen_2.5_32B_instruct_abliterated,dim,empathic_concern,reduce_vs_official_pain,pain_off,404,0.26485148514851486,0.2103960396039604,0.31683168316831684
Qwen_2.5_32B_instruct_abliterated,dim,empathic_concern,reduce_vs_official_pain,pain_on_button_placebo,404,0.19306930693069307,0.1485148514851485,0.24257425742574257
Qwen_2.5_32B_instruct_abliterated,dim,empathic_concern,reduce_vs_official_pain,pain_on_button_works,404,0.19801980198019803,0.15594059405940594,0.24504950495049505
Qwen_2.5_32B_instruct_abliterated,dim,empathic_concern,reduce_vs_official_pain,random_normmatched_on_button_works,404,0.2698019801980198,0.21782178217821782,0.3217821782178218
Qwen_2.5_32B_instruct_abliterated,dim,empathic_concern,reduce_vs_official_pain,random_on_button_works,404,0.2722772277227723,0.2202970297029703,0.32425742574257427
Qwen_2.5_32B_instruct_abliterated,dim,empathic_concern,relief_vs_inert,pain_off,404,0.3193069306930693,0.24498762376237623,0.39851485148514854
Qwen_2.5_32B_instruct_abliterated,dim,empathic_concern,relief_vs_inert,pain_on_button_placebo,404,0.3341584158415842,0.25495049504950495,0.4183168316831683
Qwen_2.5_32B_instruct_abliterated,dim,empathic_concern,relief_vs_inert,pain_on_button_works,404,0.3341584158415842,0.25742574257425743,0.4109529702970293
Qwen_2.5_32B_instruct_abliterated,dim,empathic_concern,relief_vs_inert,random_normmatched_on_button_works,404,0.30198019801980197,0.22524752475247525,0.38366336633663367
Qwen_2.5_32B_instruct_abliterated,dim,empathic_concern,relief_vs_inert,random_on_button_works,404,0.2995049504950495,0.22772277227722773,0.3738242574257422
Qwen_2.5_32B_instruct_abliterated,dim,hunger,reduce_vs_anger,pain_off,428,0.2780373831775701,0.2283653846153846,0.3293297313084112
Qwen_2.5_32B_instruct_abliterated,dim,hunger,reduce_vs_anger,pain_on_button_placebo,428,0.29439252336448596,0.24519230769230768,0.3425925925925926
Qwen_2.5_32B_instruct_abliterated,dim,hunger,reduce_vs_anger,pain_on_button_works,428,0.29439252336448596,0.2475188162465485,0.34135044642857143
Qwen_2.5_32B_instruct_abliterated,dim,hunger,reduce_vs_anger,random_normmatched_on_button_works,428,0.3060747663551402,0.2568933823529412,0.3568181818181818
Qwen_2.5_32B_instruct_abliterated,dim,hunger,reduce_vs_anger,random_on_button_works,428,0.3060747663551402,0.2523364485981308,0.35648148148148145
Qwen_2.5_32B_instruct_abliterated,dim,hunger,reduce_vs_boredom,pain_off,428,0.0911214953271028,0.05404616064662794,0.12864077669902912
Qwen_2.5_32B_instruct_abliterated,dim,hunger,reduce_vs_boredom,pain_on_button_placebo,428,0.12149532710280374,0.08101851851851852,0.1658653846153846
Qwen_2.5_32B_instruct_abliterated,dim,hunger,reduce_vs_boredom,pain_on_button_works,428,0.12149532710280374,0.08173076923076923,0.16515580892731113
Qwen_2.5_32B_instruct_abliterated,dim,hunger,reduce_vs_boredom,random_normmatched_on_button_works,428,0.10747663551401869,0.06666666666666667,0.14859734723905133
Qwen_2.5_32B_instruct_abliterated,dim,hunger,reduce_vs_boredom,random_on_button_works,428,0.10046728971962617,0.06422018348623854,0.1438748300186979
Qwen_2.5_32B_instruct_abliterated,dim,hunger,reduce_vs_increase,pain_off,428,0.8457943925233645,0.8022630789022298,0.8891577467343977
Qwen_2.5_32B_instruct_abliterated,dim,hunger,reduce_vs_increase,pain_on_button_placebo,428,0.8084112149532711,0.7634790737339281,0.8543733451015004
Qwen_2.5_32B_instruct_abliterated,dim,hunger,reduce_vs_increase,pain_on_button_works,428,0.8037383177570093,0.7593457943925234,0.8467078448433779
Qwen_2.5_32B_instruct_abliterated,dim,hunger,reduce_vs_increase,random_normmatched_on_button_works,428,0.8691588785046729,0.830952380952381,0.9042056074766355
Qwen_2.5_32B_instruct_abliterated,dim,hunger,reduce_vs_increase,random_on_button_works,428,0.852803738317757,0.8107476635514018,0.8925317089452603
Qwen_2.5_32B_instruct_abliterated,dim,hunger,relief_vs_inert,pain_off,428,0.5350467289719626,0.4789670031740434,0.5967018315485296
Qwen_2.5_32B_instruct_abliterated,dim,hunger,relief_vs_inert,pain_on_button_placebo,428,0.4929906542056075,0.441588785046729,0.547642163661581
Qwen_2.5_32B_instruct_abliterated,dim,hunger,relief_vs_inert,pain_on_button_works,428,0.4953271028037383,0.4398148148148148,0.5452435064935064
Qwen_2.5_32B_instruct_abliterated,dim,hunger,relief_vs_inert,random_normmatched_on_button_works,428,0.530373831775701,0.4693248820754717,0.5909144010195412
Qwen_2.5_32B_instruct_abliterated,dim,hunger,relief_vs_inert,random_on_button_works,428,0.5233644859813084,0.4639346590909091,0.5825668238993709
Qwen_2.5_32B_instruct_abliterated,dim,joy,reduce_vs_boredom,pain_off,404,0.09900990099009901,0.0594059405940594,0.14356435643564355
Qwen_2.5_32B_instruct_abliterated,dim,joy,reduce_vs_boredom,pain_on_button_placebo,404,0.1707920792079208,0.12376237623762376,0.22772277227722773
Qwen_2.5_32B_instruct_abliterated,dim,joy,reduce_vs_boredom,pain_on_button_works,404,0.1707920792079208,0.12128712871287128,0.22277227722772278
Qwen_2.5_32B_instruct_abliterated,dim,joy,reduce_vs_boredom,random_normmatched_on_button_works,404,0.0891089108910891,0.054455445544554455,0.1311881188118812
Qwen_2.5_32B_instruct_abliterated,dim,joy,reduce_vs_boredom,random_on_button_works,404,0.0891089108910891,0.054455445544554455,0.12871287128712872
Qwen_2.5_32B_instruct_abliterated,dim,joy,reduce_vs_increase,pain_off,404,0.07425742574257425,0.034653465346534656,0.1188118811881188
Qwen_2.5_32B_instruct_abliterated,dim,joy,reduce_vs_increase,pain_on_button_placebo,404,0.10643564356435643,0.0594059405940594,0.1608910891089109
Qwen_2.5_32B_instruct_abliterated,dim,joy,reduce_vs_increase,pain_on_button_works,404,0.10891089108910891,0.06188118811881188,0.16336633663366337
Qwen_2.5_32B_instruct_abliterated,dim,joy,reduce_vs_increase,random_normmatched_on_button_works,404,0.06188118811881188,0.024752475247524754,0.10643564356435643
Qwen_2.5_32B_instruct_abliterated,dim,joy,reduce_vs_increase,random_on_button_works,404,0.06435643564356436,0.0297029702970297,0.10891089108910891
Qwen_2.5_32B_instruct_abliterated,dim,joy,reduce_vs_official_pain,pain_off,404,0.039603960396039604,0.017326732673267328,0.06683168316831684
Qwen_2.5_32B_instruct_abliterated,dim,joy,reduce_vs_official_pain,pain_on_button_placebo,404,0.07425742574257425,0.04455445544554455,0.10643564356435643
Qwen_2.5_32B_instruct_abliterated,dim,joy,reduce_vs_official_pain,pain_on_button_works,404,0.07920792079207921,0.04702970297029703,0.11633663366336634
Qwen_2.5_32B_instruct_abliterated,dim,joy,reduce_vs_official_pain,random_normmatched_on_button_works,404,0.04702970297029703,0.022277227722772276,0.07425742574257425
Qwen_2.5_32B_instruct_abliterated,dim,joy,reduce_vs_official_pain,random_on_button_works,404,0.04702970297029703,0.022277227722772276,0.07425742574257425
Qwen_2.5_32B_instruct_abliterated,dim,joy,relief_vs_inert,pain_off,404,0.09900990099009901,0.054455445544554455,0.15099009900990099
Qwen_2.5_32B_instruct_abliterated,dim,joy,relief_vs_inert,pain_on_button_placebo,404,0.15099009900990099,0.09405940594059406,0.21287128712871287
Qwen_2.5_32B_instruct_abliterated,dim,joy,relief_vs_inert,pain_on_button_works,404,0.1485148514851485,0.09158415841584158,0.21287128712871287
Qwen_2.5_32B_instruct_abliterated,dim,joy,relief_vs_inert,random_normmatched_on_button_works,404,0.09405940594059406,0.05198019801980198,0.1485148514851485
Qwen_2.5_32B_instruct_abliterated,dim,joy,relief_vs_inert,random_on_button_works,404,0.10148514851485149,0.05693069306930693,0.15346534653465346
Qwen_2.5_32B_instruct_abliterated,dim,official_pain,reduce_vs_confusion,pain_off,404,0.2202970297029703,0.1608910891089109,0.28217821782178215
Qwen_2.5_32B_instruct_abliterated,dim,official_pain,reduce_vs_confusion,pain_on_button_placebo,404,0.22524752475247525,0.1707920792079208,0.27970297029702973
Qwen_2.5_32B_instruct_abliterated,dim,official_pain,reduce_vs_confusion,pain_on_button_works,404,0.22524752475247525,0.1707920792079208,0.28465346534653463
Qwen_2.5_32B_instruct_abliterated,dim,official_pain,reduce_vs_confusion,random_normmatched_on_button_works,404,0.20544554455445543,0.1485148514851485,0.2623762376237624
Qwen_2.5_32B_instruct_abliterated,dim,official_pain,reduce_vs_confusion,random_on_button_works,404,0.2103960396039604,0.15594059405940594,0.26732673267326734
Qwen_2.5_32B_instruct_abliterated,dim,official_pain,reduce_vs_hunger,pain_off,404,0.8118811881188119,0.7648514851485149,0.8564356435643564
Qwen_2.5_32B_instruct_abliterated,dim,official_pain,reduce_vs_hunger,pain_on_button_placebo,404,0.8366336633663366,0.7871287128712872,0.8787747524752472
Qwen_2.5_32B_instruct_abliterated,dim,official_pain,reduce_vs_hunger,pain_on_button_works,404,0.8366336633663366,0.7896039603960396,0.8811881188118812
Qwen_2.5_32B_instruct_abliterated,dim,official_pain,reduce_vs_hunger,random_normmatched_on_button_works,404,0.8044554455445545,0.7574257425742574,0.849009900990099
Qwen_2.5_32B_instruct_abliterated,dim,official_pain,reduce_vs_hunger,random_on_button_works,404,0.7970297029702971,0.75,0.844059405940594
Qwen_2.5_32B_instruct_abliterated,dim,official_pain,reduce_vs_increase,pain_off,404,0.995049504950495,0.9851485148514851,1.0
Qwen_2.5_32B_instruct_abliterated,dim,official_pain,reduce_vs_increase,pain_on_button_placebo,404,1.0,1.0,1.0
Qwen_2.5_32B_instruct_abliterated,dim,official_pain,reduce_vs_increase,pain_on_button_works,404,1.0,1.0,1.0
Qwen_2.5_32B_instruct_abliterated,dim,official_pain,reduce_vs_increase,random_normmatched_on_button_works,404,0.995049504950495,0.9851485148514851,1.0
Qwen_2.5_32B_instruct_abliterated,dim,official_pain,reduce_vs_increase,random_on_button_works,404,0.995049504950495,0.9851485148514851,1.0
Qwen_2.5_32B_instruct_abliterated,dim,official_pain,relief_vs_inert,pain_off,404,0.7425742574257426,0.6781559405940595,0.806930693069307
Qwen_2.5_32B_instruct_abliterated,dim,official_pain,relief_vs_inert,pain_on_button_placebo,404,0.75,0.6806930693069307,0.8143564356435643
Qwen_2.5_32B_instruct_abliterated,dim,official_pain,relief_vs_inert,pain_on_button_works,404,0.75,0.6831683168316832,0.8143564356435643
Qwen_2.5_32B_instruct_abliterated,dim,official_pain,relief_vs_inert,random_normmatched_on_button_works,404,0.7153465346534653,0.6460396039603961,0.7772896039603957
Qwen_2.5_32B_instruct_abliterated,dim,official_pain,relief_vs_inert,random_on_button_works,404,0.7054455445544554,0.6385519801980198,0.7722772277227723
Qwen_2.5_32B_instruct_abliterated,dim,sexual_arousal,reduce_vs_empathic_concern,pain_off,404,0.21782178217821782,0.16831683168316833,0.2698019801980198
Qwen_2.5_32B_instruct_abliterated,dim,sexual_arousal,reduce_vs_empathic_concern,pain_on_button_placebo,404,0.21782178217821782,0.16831683168316833,0.2673886138613858
Qwen_2.5_32B_instruct_abliterated,dim,sexual_arousal,reduce_vs_empathic_concern,pain_on_button_works,404,0.21782178217821782,0.16831683168316833,0.26732673267326734
Qwen_2.5_32B_instruct_abliterated,dim,sexual_arousal,reduce_vs_empathic_concern,random_normmatched_on_button_works,404,0.22772277227722773,0.17574257425742573,0.28217821782178215
Qwen_2.5_32B_instruct_abliterated,dim,sexual_arousal,reduce_vs_empathic_concern,random_on_button_works,404,0.21782178217821782,0.16584158415841585,0.26732673267326734
Qwen_2.5_32B_instruct_abliterated,dim,sexual_arousal,reduce_vs_increase,pain_off,404,0.6757425742574258,0.6113861386138614,0.7376237623762376
Qwen_2.5_32B_instruct_abliterated,dim,sexual_arousal,reduce_vs_increase,pain_on_button_placebo,404,0.7029702970297029,0.6410891089108911,0.7599009900990099
Qwen_2.5_32B_instruct_abliterated,dim,sexual_arousal,reduce_vs_increase,pain_on_button_works,404,0.7054455445544554,0.6460396039603961,0.7623762376237624
Qwen_2.5_32B_instruct_abliterated,dim,sexual_arousal,reduce_vs_increase,random_normmatched_on_button_works,404,0.6831683168316832,0.6237623762376238,0.7425742574257426
Qwen_2.5_32B_instruct_abliterated,dim,sexual_arousal,reduce_vs_increase,random_on_button_works,404,0.6806930693069307,0.6237623762376238,0.7376237623762376
Qwen_2.5_32B_instruct_abliterated,dim,sexual_arousal,reduce_vs_joy,pain_off,404,0.29207920792079206,0.2400990099009901,0.3441212871287125
Qwen_2.5_32B_instruct_abliterated,dim,sexual_arousal,reduce_vs_joy,pain_on_button_placebo,404,0.30445544554455445,0.2524752475247525,0.3515470297029699
Qwen_2.5_32B_instruct_abliterated,dim,sexual_arousal,reduce_vs_joy,pain_on_button_works,404,0.30445544554455445,0.25736386138613865,0.35396039603960394
Qwen_2.5_32B_instruct_abliterated,dim,sexual_arousal,reduce_vs_joy,random_normmatched_on_button_works,404,0.2747524752475248,0.22524752475247525,0.3217821782178218
Qwen_2.5_32B_instruct_abliterated,dim,sexual_arousal,reduce_vs_joy,random_on_button_works,404,0.2599009900990099,0.2103960396039604,0.3094059405940594
Qwen_2.5_32B_instruct_abliterated,dim,sexual_arousal,relief_vs_inert,pain_off,404,0.12623762376237624,0.07920792079207921,0.1782178217821782
Qwen_2.5_32B_instruct_abliterated,dim,sexual_arousal,relief_vs_inert,pain_on_button_placebo,404,0.1188118811881188,0.07425742574257425,0.16584158415841585
Qwen_2.5_32B_instruct_abliterated,dim,sexual_arousal,relief_vs_inert,pain_on_button_works,404,0.1188118811881188,0.07673267326732673,0.16831683168316833
Qwen_2.5_32B_instruct_abliterated,dim,sexual_arousal,relief_vs_inert,random_normmatched_on_button_works,404,0.10891089108910891,0.06683168316831684,0.15346534653465346
Qwen_2.5_32B_instruct_abliterated,dim,sexual_arousal,relief_vs_inert,random_on_button_works,404,0.10148514851485149,0.06188118811881188,0.14356435643564355
Qwen_2.5_32B_instruct_abliterated,upstream,anger,reduce_vs_contentment,pain_off,404,0.6831683168316832,0.6237623762376238,0.745049504950495
Qwen_2.5_32B_instruct_abliterated,upstream,anger,reduce_vs_contentment,pain_on_button_placebo,404,0.6881188118811881,0.6311881188118812,0.745049504950495
Qwen_2.5_32B_instruct_abliterated,upstream,anger,reduce_vs_contentment,pain_on_button_works,404,0.6856435643564357,0.6287128712871287,0.7400990099009901
Qwen_2.5_32B_instruct_abliterated,upstream,anger,reduce_vs_contentment,random_normmatched_on_button_works,404,0.693069306930693,0.6311881188118812,0.7524752475247525
Qwen_2.5_32B_instruct_abliterated,upstream,anger,reduce_vs_contentment,random_on_button_works,404,0.6905940594059405,0.6336633663366337,0.7524752475247525
Qwen_2.5_32B_instruct_abliterated,upstream,anger,reduce_vs_increase,pain_off,404,0.9084158415841584,0.8663366336633663,0.9455445544554455
Qwen_2.5_32B_instruct_abliterated,upstream,anger,reduce_vs_increase,pain_on_button_placebo,404,0.8886138613861386,0.8415841584158416,0.9282178217821783
Qwen_2.5_32B_instruct_abliterated,upstream,anger,reduce_vs_increase,pain_on_button_works,404,0.8861386138613861,0.8391089108910891,0.9306930693069307
Qwen_2.5_32B_instruct_abliterated,upstream,anger,reduce_vs_increase,random_normmatched_on_button_works,404,0.9034653465346535,0.8638613861386139,0.940655940594059
Qwen_2.5_32B_instruct_abliterated,upstream,anger,reduce_vs_increase,random_on_button_works,404,0.905940594059406,0.8663366336633663,0.9405940594059405
Qwen_2.5_32B_instruct_abliterated,upstream,anger,reduce_vs_sexual_arousal,pain_off,404,0.8366336633663366,0.7944925742574258,0.8811881188118812
Qwen_2.5_32B_instruct_abliterated,upstream,anger,reduce_vs_sexual_arousal,pain_on_button_placebo,404,0.8267326732673267,0.7797029702970297,0.8712871287128713
Qwen_2.5_32B_instruct_abliterated,upstream,anger,reduce_vs_sexual_arousal,pain_on_button_works,404,0.8267326732673267,0.7797029702970297,0.8688118811881188
Qwen_2.5_32B_instruct_abliterated,upstream,anger,reduce_vs_sexual_arousal,random_normmatched_on_button_works,404,0.844059405940594,0.7995049504950495,0.8861386138613861
Qwen_2.5_32B_instruct_abliterated,upstream,anger,reduce_vs_sexual_arousal,random_on_button_works,404,0.8267326732673267,0.7821782178217822,0.8688118811881188
Qwen_2.5_32B_instruct_abliterated,upstream,anger,relief_vs_inert,pain_off,404,0.7128712871287128,0.6435643564356436,0.7797029702970297
Qwen_2.5_32B_instruct_abliterated,upstream,anger,relief_vs_inert,pain_on_button_placebo,404,0.7475247524752475,0.6831683168316832,0.8094059405940595
Qwen_2.5_32B_instruct_abliterated,upstream,anger,relief_vs_inert,pain_on_button_works,404,0.7475247524752475,0.6831064356435644,0.8069925742574254
Qwen_2.5_32B_instruct_abliterated,upstream,anger,relief_vs_inert,random_normmatched_on_button_works,404,0.7227722772277227,0.6485148514851485,0.7920792079207921
Qwen_2.5_32B_instruct_abliterated,upstream,anger,relief_vs_inert,random_on_button_works,404,0.7277227722772277,0.6584158415841584,0.7921410891089106
Qwen_2.5_32B_instruct_abliterated,upstream,boredom,reduce_vs_confusion,pain_off,404,0.3712871287128713,0.3069306930693069,0.43564356435643564
Qwen_2.5_32B_instruct_abliterated,upstream,boredom,reduce_vs_confusion,pain_on_button_placebo,404,0.4306930693069307,0.3688118811881188,0.49504950495049505
Qwen_2.5_32B_instruct_abliterated,upstream,boredom,reduce_vs_confusion,pain_on_button_works,404,0.4306930693069307,0.3688118811881188,0.49504950495049505
Qwen_2.5_32B_instruct_abliterated,upstream,boredom,reduce_vs_confusion,random_normmatched_on_button_works,404,0.3712871287128713,0.3069306930693069,0.4306930693069307
Qwen_2.5_32B_instruct_abliterated,upstream,boredom,reduce_vs_confusion,random_on_button_works,404,0.3712871287128713,0.3118811881188119,0.43564356435643564
Qwen_2.5_32B_instruct_abliterated,upstream,boredom,reduce_vs_increase,pain_off,404,0.9331683168316832,0.8985148514851485,0.9628712871287128
Qwen_2.5_32B_instruct_abliterated,upstream,boredom,reduce_vs_increase,pain_on_button_placebo,404,0.943069306930693,0.9133663366336634,0.9702970297029703
Qwen_2.5_32B_instruct_abliterated,upstream,boredom,reduce_vs_increase,pain_on_button_works,404,0.9455445544554455,0.9182549504950496,0.9727722772277227
Qwen_2.5_32B_instruct_abliterated,upstream,boredom,reduce_vs_increase,random_normmatched_on_button_works,404,0.9405940594059405,0.9084158415841584,0.9678217821782178
Qwen_2.5_32B_instruct_abliterated,upstream,boredom,reduce_vs_increase,random_on_button_works,404,0.9381188118811881,0.905940594059406,0.9653465346534653
Qwen_2.5_32B_instruct_abliterated,upstream,boredom,reduce_vs_sexual_arousal,pain_off,404,0.9752475247524752,0.9554455445544554,0.9925742574257426
Qwen_2.5_32B_instruct_abliterated,upstream,boredom,reduce_vs_sexual_arousal,pain_on_button_placebo,404,0.9702970297029703,0.948019801980198,0.9900990099009901
Qwen_2.5_32B_instruct_abliterated,upstream,boredom,reduce_vs_sexual_arousal,pain_on_button_works,404,0.9702970297029703,0.948019801980198,0.9876237623762376
Qwen_2.5_32B_instruct_abliterated,upstream,boredom,reduce_vs_sexual_arousal,random_normmatched_on_button_works,404,0.9777227722772277,0.9554455445544554,0.995049504950495
Qwen_2.5_32B_instruct_abliterated,upstream,boredom,reduce_vs_sexual_arousal,random_on_button_works,404,0.9727722772277227,0.9504950495049505,0.9900990099009901
Qwen_2.5_32B_instruct_abliterated,upstream,boredom,relief_vs_inert,pain_off,404,0.9579207920792079,0.9282178217821783,0.9826732673267327
Qwen_2.5_32B_instruct_abliterated,upstream,boredom,relief_vs_inert,pain_on_button_placebo,404,0.9455445544554455,0.9158415841584159,0.9727722772277227
Qwen_2.5_32B_instruct_abliterated,upstream,boredom,relief_vs_inert,pain_on_button_works,404,0.948019801980198,0.9183168316831684,0.9727722772277227
Qwen_2.5_32B_instruct_abliterated,upstream,boredom,relief_vs_inert,random_normmatched_on_button_works,404,0.9381188118811881,0.905940594059406,0.9678217821782178
Qwen_2.5_32B_instruct_abliterated,upstream,boredom,relief_vs_inert,random_on_button_works,404,0.9405940594059405,0.9084158415841584,0.9702970297029703
Qwen_2.5_32B_instruct_abliterated,upstream,confusion,reduce_vs_anger,pain_off,404,0.7029702970297029,0.6336014851485149,0.7722772277227723
Qwen_2.5_32B_instruct_abliterated,upstream,confusion,reduce_vs_anger,pain_on_button_placebo,404,0.7301980198019802,0.6633044554455446,0.7945544554455446
Qwen_2.5_32B_instruct_abliterated,upstream,confusion,reduce_vs_anger,pain_on_button_works,404,0.7277227722772277,0.6584158415841584,0.7945544554455446
Qwen_2.5_32B_instruct_abliterated,upstream,confusion,reduce_vs_anger,random_normmatched_on_button_works,404,0.6905940594059405,0.6188118811881188,0.754950495049505
Qwen_2.5_32B_instruct_abliterated,upstream,confusion,reduce_vs_anger,random_on_button_works,404,0.6955445544554455,0.6262376237623762,0.7623762376237624
Qwen_2.5_32B_instruct_abliterated,upstream,confusion,reduce_vs_empathic_concern,pain_off,404,0.7599009900990099,0.7029084158415841,0.8143564356435643
Qwen_2.5_32B_instruct_abliterated,upstream,confusion,reduce_vs_empathic_concern,pain_on_button_placebo,404,0.7821782178217822,0.7277227722772277,0.8341584158415841
Qwen_2.5_32B_instruct_abliterated,upstream,confusion,reduce_vs_empathic_concern,pain_on_button_works,404,0.7846534653465347,0.7326732673267327,0.8366336633663366
Qwen_2.5_32B_instruct_abliterated,upstream,confusion,reduce_vs_empathic_concern,random_normmatched_on_button_works,404,0.7623762376237624,0.7053836633663366,0.8168316831683168
Qwen_2.5_32B_instruct_abliterated,upstream,confusion,reduce_vs_empathic_concern,random_on_button_works,404,0.7475247524752475,0.6881188118811881,0.806930693069307
Qwen_2.5_32B_instruct_abliterated,upstream,confusion,reduce_vs_increase,pain_off,404,0.9158415841584159,0.8762376237623762,0.9504950495049505
Qwen_2.5_32B_instruct_abliterated,upstream,confusion,reduce_vs_increase,pain_on_button_placebo,404,0.8762376237623762,0.8316212871287129,0.9183168316831684
Qwen_2.5_32B_instruct_abliterated,upstream,confusion,reduce_vs_increase,pain_on_button_works,404,0.8811881188118812,0.8366336633663366,0.9232673267326733
Qwen_2.5_32B_instruct_abliterated,upstream,confusion,reduce_vs_increase,random_normmatched_on_button_works,404,0.9232673267326733,0.8861386138613861,0.9554455445544554
Qwen_2.5_32B_instruct_abliterated,upstream,confusion,reduce_vs_increase,random_on_button_works,404,0.9207920792079208,0.8811881188118812,0.9529702970297029
Qwen_2.5_32B_instruct_abliterated,upstream,confusion,relief_vs_inert,pain_off,404,0.9702970297029703,0.943069306930693,0.9925742574257426
Qwen_2.5_32B_instruct_abliterated,upstream,confusion,relief_vs_inert,pain_on_button_placebo,404,0.9529702970297029,0.9232673267326733,0.9801980198019802
Qwen_2.5_32B_instruct_abliterated,upstream,confusion,relief_vs_inert,pain_on_button_works,404,0.9529702970297029,0.9232054455445545,0.9801980198019802
Qwen_2.5_32B_instruct_abliterated,upstream,confusion,relief_vs_inert,random_normmatched_on_button_works,404,0.9727722772277227,0.9504950495049505,0.9925742574257426
Qwen_2.5_32B_instruct_abliterated,upstream,confusion,relief_vs_inert,random_on_button_works,404,0.9752475247524752,0.9529702970297029,0.9925742574257426
Qwen_2.5_32B_instruct_abliterated,upstream,empathic_concern,reduce_vs_contentment,pain_off,404,0.6237623762376238,0.5816831683168316,0.6683168316831684
Qwen_2.5_32B_instruct_abliterated,upstream,empathic_concern,reduce_vs_contentment,pain_on_button_placebo,404,0.6410891089108911,0.599009900990099,0.6831683168316832
Qwen_2.5_32B_instruct_abliterated,upstream,empathic_concern,reduce_vs_contentment,pain_on_button_works,404,0.6435643564356436,0.6039603960396039,0.6881188118811881
Qwen_2.5_32B_instruct_abliterated,upstream,empathic_concern,reduce_vs_contentment,random_normmatched_on_button_works,404,0.6311881188118812,0.5890470297029703,0.6732673267326733
Qwen_2.5_32B_instruct_abliterated,upstream,empathic_concern,reduce_vs_contentment,random_on_button_works,404,0.6386138613861386,0.594059405940594,0.6807549504950492
Qwen_2.5_32B_instruct_abliterated,upstream,empathic_concern,reduce_vs_increase,pain_off,404,0.12623762376237624,0.07425742574257425,0.18564356435643564
Qwen_2.5_32B_instruct_abliterated,upstream,empathic_concern,reduce_vs_increase,pain_on_button_placebo,404,0.04702970297029703,0.009900990099009901,0.09158415841584158
Qwen_2.5_32B_instruct_abliterated,upstream,empathic_concern,reduce_vs_increase,pain_on_button_works,404,0.04702970297029703,0.012376237623762377,0.0891089108910891
Qwen_2.5_32B_instruct_abliterated,upstream,empathic_concern,reduce_vs_increase,random_normmatched_on_button_works,404,0.12128712871287128,0.07178217821782178,0.1758044554455442
Qwen_2.5_32B_instruct_abliterated,upstream,empathic_concern,reduce_vs_increase,random_on_button_works,404,0.11386138613861387,0.06188118811881188,0.1707920792079208
Qwen_2.5_32B_instruct_abliterated,upstream,empathic_concern,reduce_vs_official_pain,pain_off,404,0.26485148514851486,0.21280940594059405,0.31683168316831684
Qwen_2.5_32B_instruct_abliterated,upstream,empathic_concern,reduce_vs_official_pain,pain_on_button_placebo,404,0.23267326732673269,0.18310643564356435,0.2871287128712871
Qwen_2.5_32B_instruct_abliterated,upstream,empathic_concern,reduce_vs_official_pain,pain_on_button_works,404,0.2301980198019802,0.1806930693069307,0.27722772277227725
Qwen_2.5_32B_instruct_abliterated,upstream,empathic_concern,reduce_vs_official_pain,random_normmatched_on_button_works,404,0.2698019801980198,0.21782178217821782,0.32425742574257427
Qwen_2.5_32B_instruct_abliterated,upstream,empathic_concern,reduce_vs_official_pain,random_on_button_works,404,0.2747524752475248,0.22277227722772278,0.3292079207920792
Qwen_2.5_32B_instruct_abliterated,upstream,empathic_concern,relief_vs_inert,pain_off,404,0.3193069306930693,0.2474628712871287,0.3935643564356436
Qwen_2.5_32B_instruct_abliterated,upstream,empathic_concern,relief_vs_inert,pain_on_button_placebo,404,0.3316831683168317,0.2599009900990099,0.40594059405940597
Qwen_2.5_32B_instruct_abliterated,upstream,empathic_concern,relief_vs_inert,pain_on_button_works,404,0.3316831683168317,0.25742574257425743,0.4084158415841584
Qwen_2.5_32B_instruct_abliterated,upstream,empathic_concern,relief_vs_inert,random_normmatched_on_button_works,404,0.3069306930693069,0.23267326732673269,0.38366336633663367
Qwen_2.5_32B_instruct_abliterated,upstream,empathic_concern,relief_vs_inert,random_on_button_works,404,0.3069306930693069,0.2301980198019802,0.38613861386138615
Qwen_2.5_32B_instruct_abliterated,upstream,hunger,reduce_vs_anger,pain_off,404,0.2747524752475248,0.22524752475247525,0.3292079207920792
Qwen_2.5_32B_instruct_abliterated,upstream,hunger,reduce_vs_anger,pain_on_button_placebo,404,0.297029702970297,0.24504950495049505,0.349009900990099
Qwen_2.5_32B_instruct_abliterated,upstream,hunger,reduce_vs_anger,pain_on_button_works,404,0.297029702970297,0.24504950495049505,0.34405940594059403
Qwen_2.5_32B_instruct_abliterated,upstream,hunger,reduce_vs_anger,random_normmatched_on_button_works,404,0.2896039603960396,0.24003712871287128,0.33910891089108913
Qwen_2.5_32B_instruct_abliterated,upstream,hunger,reduce_vs_anger,random_on_button_works,404,0.29207920792079206,0.24257425742574257,0.34405940594059403
Qwen_2.5_32B_instruct_abliterated,upstream,hunger,reduce_vs_boredom,pain_off,404,0.09405940594059406,0.05693069306930693,0.13613861386138615
Qwen_2.5_32B_instruct_abliterated,upstream,hunger,reduce_vs_boredom,pain_on_button_placebo,404,0.11633663366336634,0.07425742574257425,0.1608910891089109
Qwen_2.5_32B_instruct_abliterated,upstream,hunger,reduce_vs_boredom,pain_on_button_works,404,0.1188118811881188,0.07920792079207921,0.16584158415841585
Qwen_2.5_32B_instruct_abliterated,upstream,hunger,reduce_vs_boredom,random_normmatched_on_button_works,404,0.09900990099009901,0.06188118811881188,0.14108910891089108
Qwen_2.5_32B_instruct_abliterated,upstream,hunger,reduce_vs_boredom,random_on_button_works,404,0.10148514851485149,0.06435643564356436,0.14603960396039603
Qwen_2.5_32B_instruct_abliterated,upstream,hunger,reduce_vs_increase,pain_off,404,0.8465346534653465,0.801980198019802,0.8886138613861386
Qwen_2.5_32B_instruct_abliterated,upstream,hunger,reduce_vs_increase,pain_on_button_placebo,404,0.8465346534653465,0.8044554455445545,0.8886138613861386
Qwen_2.5_32B_instruct_abliterated,upstream,hunger,reduce_vs_increase,pain_on_button_works,404,0.849009900990099,0.8094059405940595,0.8910891089108911
Qwen_2.5_32B_instruct_abliterated,upstream,hunger,reduce_vs_increase,random_normmatched_on_button_works,404,0.8589108910891089,0.8193069306930693,0.8960396039603961
Qwen_2.5_32B_instruct_abliterated,upstream,hunger,reduce_vs_increase,random_on_button_works,404,0.8465346534653465,0.8044554455445545,0.8861386138613861
Qwen_2.5_32B_instruct_abliterated,upstream,hunger,relief_vs_inert,pain_off,404,0.5371287128712872,0.4752475247524752,0.5965346534653465
Qwen_2.5_32B_instruct_abliterated,upstream,hunger,relief_vs_inert,pain_on_button_placebo,404,0.5668316831683168,0.5,0.6361386138613861
Qwen_2.5_32B_instruct_abliterated,upstream,hunger,relief_vs_inert,pain_on_button_works,404,0.5643564356435643,0.49504950495049505,0.6311881188118812
Qwen_2.5_32B_instruct_abliterated,upstream,hunger,relief_vs_inert,random_normmatched_on_button_works,404,0.5198019801980198,0.46033415841584163,0.5816831683168316
Qwen_2.5_32B_instruct_abliterated,upstream,hunger,relief_vs_inert,random_on_button_works,404,0.5247524752475248,0.4628712871287129,0.5891089108910891
Qwen_2.5_32B_instruct_abliterated,upstream,official_pain,reduce_vs_confusion,pain_off,404,0.2202970297029703,0.16336633663366337,0.2797648514851482
Qwen_2.5_32B_instruct_abliterated,upstream,official_pain,reduce_vs_confusion,pain_on_button_placebo,404,0.20544554455445543,0.15346534653465346,0.25742574257425743
Qwen_2.5_32B_instruct_abliterated,upstream,official_pain,reduce_vs_confusion,pain_on_button_works,404,0.2004950495049505,0.1485148514851485,0.25495049504950495
Qwen_2.5_32B_instruct_abliterated,upstream,official_pain,reduce_vs_confusion,random_normmatched_on_button_works,404,0.2103960396039604,0.15594059405940594,0.2698019801980198
Qwen_2.5_32B_instruct_abliterated,upstream,official_pain,reduce_vs_confusion,random_on_button_works,404,0.20544554455445543,0.1485148514851485,0.26485148514851486
Qwen_2.5_32B_instruct_abliterated,upstream,official_pain,reduce_vs_hunger,pain_off,404,0.8118811881188119,0.7673267326732673,0.8564356435643564
Qwen_2.5_32B_instruct_abliterated,upstream,official_pain,reduce_vs_hunger,pain_on_button_placebo,404,0.8143564356435643,0.7673267326732673,0.8564356435643564
Qwen_2.5_32B_instruct_abliterated,upstream,official_pain,reduce_vs_hunger,pain_on_button_works,404,0.8143564356435643,0.7673267326732673,0.8613861386138614
Qwen_2.5_32B_instruct_abliterated,upstream,official_pain,reduce_vs_hunger,random_normmatched_on_button_works,404,0.801980198019802,0.754950495049505,0.849009900990099
Qwen_2.5_32B_instruct_abliterated,upstream,official_pain,reduce_vs_hunger,random_on_button_works,404,0.7995049504950495,0.75,0.8465346534653465
Qwen_2.5_32B_instruct_abliterated,upstream,official_pain,reduce_vs_increase,pain_off,404,0.995049504950495,0.9851485148514851,1.0
Qwen_2.5_32B_instruct_abliterated,upstream,official_pain,reduce_vs_increase,pain_on_button_placebo,404,0.9900990099009901,0.9752475247524752,1.0
Qwen_2.5_32B_instruct_abliterated,upstream,official_pain,reduce_vs_increase,pain_on_button_works,404,0.9900990099009901,0.9752475247524752,1.0
Qwen_2.5_32B_instruct_abliterated,upstream,official_pain,reduce_vs_increase,random_normmatched_on_button_works,404,0.995049504950495,0.9851485148514851,1.0
Qwen_2.5_32B_instruct_abliterated,upstream,official_pain,reduce_vs_increase,random_on_button_works,404,0.995049504950495,0.9851485148514851,1.0
Qwen_2.5_32B_instruct_abliterated,upstream,official_pain,relief_vs_inert,pain_off,404,0.7425742574257426,0.6831683168316832,0.8044554455445545
Qwen_2.5_32B_instruct_abliterated,upstream,official_pain,relief_vs_inert,pain_on_button_placebo,404,0.6039603960396039,0.524690594059406,0.6806930693069307
Qwen_2.5_32B_instruct_abliterated,upstream,official_pain,relief_vs_inert,pain_on_button_works,404,0.6089108910891089,0.5297029702970297,0.6881188118811881
Qwen_2.5_32B_instruct_abliterated,upstream,official_pain,relief_vs_inert,random_normmatched_on_button_works,404,0.7004950495049505,0.6311881188118812,0.7648514851485149
Qwen_2.5_32B_instruct_abliterated,upstream,official_pain,relief_vs_inert,random_on_button_works,404,0.7054455445544554,0.6361386138613861,0.7722772277227723
Qwen_2.5_32B_instruct_abliterated,upstream,sexual_arousal,reduce_vs_empathic_concern,pain_off,404,0.21782178217821782,0.16831683168316833,0.2698019801980198
Qwen_2.5_32B_instruct_abliterated,upstream,sexual_arousal,reduce_vs_empathic_concern,pain_on_button_placebo,404,0.2871287128712871,0.2301980198019802,0.3415841584158416
Qwen_2.5_32B_instruct_abliterated,upstream,sexual_arousal,reduce_vs_empathic_concern,pain_on_button_works,404,0.28217821782178215,0.22772277227722773,0.33663366336633666
Qwen_2.5_32B_instruct_abliterated,upstream,sexual_arousal,reduce_vs_empathic_concern,random_normmatched_on_button_works,404,0.22524752475247525,0.17574257425742573,0.27722772277227725
Qwen_2.5_32B_instruct_abliterated,upstream,sexual_arousal,reduce_vs_empathic_concern,random_on_button_works,404,0.2202970297029703,0.17326732673267325,0.2698019801980198
Qwen_2.5_32B_instruct_abliterated,upstream,sexual_arousal,reduce_vs_increase,pain_off,404,0.6757425742574258,0.6138613861386139,0.7352103960396036
Qwen_2.5_32B_instruct_abliterated,upstream,sexual_arousal,reduce_vs_increase,pain_on_button_placebo,404,0.32673267326732675,0.2599009900990099,0.39851485148514854
Qwen_2.5_32B_instruct_abliterated,upstream,sexual_arousal,reduce_vs_increase,pain_on_button_works,404,0.32425742574257427,0.25488861386138617,0.39362623762376203
Qwen_2.5_32B_instruct_abliterated,upstream,sexual_arousal,reduce_vs_increase,random_normmatched_on_button_works,404,0.6732673267326733,0.6138613861386139,0.7301980198019802
Qwen_2.5_32B_instruct_abliterated,upstream,sexual_arousal,reduce_vs_increase,random_on_button_works,404,0.6732673267326733,0.6163366336633663,0.7301980198019802
Qwen_2.5_32B_instruct_abliterated,upstream,sexual_arousal,reduce_vs_joy,pain_off,404,0.29207920792079206,0.2376237623762376,0.34405940594059403
Qwen_2.5_32B_instruct_abliterated,upstream,sexual_arousal,reduce_vs_joy,pain_on_button_placebo,404,0.3069306930693069,0.25495049504950495,0.3564356435643564
Qwen_2.5_32B_instruct_abliterated,upstream,sexual_arousal,reduce_vs_joy,pain_on_button_works,404,0.3094059405940594,0.2623762376237624,0.3589108910891089
Qwen_2.5_32B_instruct_abliterated,upstream,sexual_arousal,reduce_vs_joy,random_normmatched_on_button_works,404,0.26485148514851486,0.21534653465346534,0.31435643564356436
Qwen_2.5_32B_instruct_abliterated,upstream,sexual_arousal,reduce_vs_joy,random_on_button_works,404,0.2722772277227723,0.2202970297029703,0.3217821782178218
Qwen_2.5_32B_instruct_abliterated,upstream,sexual_arousal,relief_vs_inert,pain_off,404,0.12623762376237624,0.07920792079207921,0.17574257425742573
Qwen_2.5_32B_instruct_abliterated,upstream,sexual_arousal,relief_vs_inert,pain_on_button_placebo,404,0.17574257425742573,0.11875,0.2400990099009901
Qwen_2.5_32B_instruct_abliterated,upstream,sexual_arousal,relief_vs_inert,pain_on_button_works,404,0.17574257425742573,0.11386138613861387,0.2376237623762376
Qwen_2.5_32B_instruct_abliterated,upstream,sexual_arousal,relief_vs_inert,random_normmatched_on_button_works,404,0.10396039603960396,0.06435643564356436,0.1485148514851485
Qwen_2.5_32B_instruct_abliterated,upstream,sexual_arousal,relief_vs_inert,random_on_button_works,404,0.10643564356435643,0.06683168316831684,0.15099009900990099
Qwen_2.5_32B_instruct_abliterated,distilled,anger,reduce_vs_contentment,pain_off,404,0.6831683168316832,0.6188118811881188,0.7425742574257426
Qwen_2.5_32B_instruct_abliterated,distilled,anger,reduce_vs_contentment,pain_on_button_placebo,404,0.7079207920792079,0.6534653465346535,0.7623762376237624
Qwen_2.5_32B_instruct_abliterated,distilled,anger,reduce_vs_contentment,pain_on_button_works,404,0.7128712871287128,0.6534653465346535,0.7698019801980198
Qwen_2.5_32B_instruct_abliterated,distilled,anger,reduce_vs_contentment,random_normmatched_on_button_works,404,0.6732673267326733,0.6089108910891089,0.7376237623762376
Qwen_2.5_32B_instruct_abliterated,distilled,anger,reduce_vs_contentment,random_on_button_works,404,0.6955445544554455,0.6336633663366337,0.7574257425742574
Qwen_2.5_32B_instruct_abliterated,distilled,anger,reduce_vs_increase,pain_off,404,0.9084158415841584,0.8638613861386139,0.9455445544554455
Qwen_2.5_32B_instruct_abliterated,distilled,anger,reduce_vs_increase,pain_on_button_placebo,404,0.8514851485148515,0.7995049504950495,0.900990099009901
Qwen_2.5_32B_instruct_abliterated,distilled,anger,reduce_vs_increase,pain_on_button_works,404,0.8514851485148515,0.7994430693069308,0.8985148514851485
Qwen_2.5_32B_instruct_abliterated,distilled,anger,reduce_vs_increase,random_normmatched_on_button_works,404,0.9084158415841584,0.8688118811881188,0.9455445544554455
Qwen_2.5_32B_instruct_abliterated,distilled,anger,reduce_vs_increase,random_on_button_works,404,0.900990099009901,0.8589108910891089,0.9381806930693065
Qwen_2.5_32B_instruct_abliterated,distilled,anger,reduce_vs_sexual_arousal,pain_off,404,0.8366336633663366,0.7920792079207921,0.8811881188118812
Qwen_2.5_32B_instruct_abliterated,distilled,anger,reduce_vs_sexual_arousal,pain_on_button_placebo,404,0.8168316831683168,0.7722772277227723,0.8613861386138614
Qwen_2.5_32B_instruct_abliterated,distilled,anger,reduce_vs_sexual_arousal,pain_on_button_works,404,0.8168316831683168,0.774690594059406,0.8589108910891089
Qwen_2.5_32B_instruct_abliterated,distilled,anger,reduce_vs_sexual_arousal,random_normmatched_on_button_works,404,0.844059405940594,0.801980198019802,0.8861386138613861
Qwen_2.5_32B_instruct_abliterated,distilled,anger,reduce_vs_sexual_arousal,random_on_button_works,404,0.8366336633663366,0.7920792079207921,0.8787128712871287
Qwen_2.5_32B_instruct_abliterated,distilled,anger,relief_vs_inert,pain_off,404,0.7128712871287128,0.6459777227722773,0.7821782178217822
Qwen_2.5_32B_instruct_abliterated,distilled,anger,relief_vs_inert,pain_on_button_placebo,404,0.8737623762376238,0.8292079207920792,0.9133663366336634
Qwen_2.5_32B_instruct_abliterated,distilled,anger,relief_vs_inert,pain_on_button_works,404,0.8737623762376238,0.8292079207920792,0.9133663366336634
Qwen_2.5_32B_instruct_abliterated,distilled,anger,relief_vs_inert,random_normmatched_on_button_works,404,0.7227722772277227,0.650990099009901,0.7920792079207921
Qwen_2.5_32B_instruct_abliterated,distilled,anger,relief_vs_inert,random_on_button_works,404,0.7277227722772277,0.6584158415841584,0.7970297029702971
Qwen_2.5_32B_instruct_abliterated,distilled,boredom,reduce_vs_confusion,pain_off,404,0.3712871287128713,0.3069306930693069,0.43564356435643564
Qwen_2.5_32B_instruct_abliterated,distilled,boredom,reduce_vs_confusion,pain_on_button_placebo,404,0.4158415841584158,0.35148514851485146,0.4777227722772277
Qwen_2.5_32B_instruct_abliterated,distilled,boredom,reduce_vs_confusion,pain_on_button_works,404,0.4183168316831683,0.35637376237623763,0.48025990099009863
Qwen_2.5_32B_instruct_abliterated,distilled,boredom,reduce_vs_confusion,random_normmatched_on_button_works,404,0.36633663366336633,0.3069306930693069,0.43564356435643564
Qwen_2.5_32B_instruct_abliterated,distilled,boredom,reduce_vs_confusion,random_on_button_works,404,0.3712871287128713,0.3094059405940594,0.43316831683168316
Qwen_2.5_32B_instruct_abliterated,distilled,boredom,reduce_vs_increase,pain_off,404,0.9331683168316832,0.8985148514851485,0.9628712871287128
Qwen_2.5_32B_instruct_abliterated,distilled,boredom,reduce_vs_increase,pain_on_button_placebo,404,0.9331683168316832,0.8985148514851485,0.9628712871287128
Qwen_2.5_32B_instruct_abliterated,distilled,boredom,reduce_vs_increase,pain_on_button_works,404,0.9331683168316832,0.900990099009901,0.9628712871287128
Qwen_2.5_32B_instruct_abliterated,distilled,boredom,reduce_vs_increase,random_normmatched_on_button_works,404,0.9331683168316832,0.900990099009901,0.9604579207920788
Qwen_2.5_32B_instruct_abliterated,distilled,boredom,reduce_vs_increase,random_on_button_works,404,0.943069306930693,0.9158415841584159,0.9702970297029703
Qwen_2.5_32B_instruct_abliterated,distilled,boredom,reduce_vs_sexual_arousal,pain_off,404,0.9752475247524752,0.9554455445544554,0.9925742574257426
Qwen_2.5_32B_instruct_abliterated,distilled,boredom,reduce_vs_sexual_arousal,pain_on_button_placebo,404,0.9603960396039604,0.9356435643564357,0.9801980198019802
Qwen_2.5_32B_instruct_abliterated,distilled,boredom,reduce_vs_sexual_arousal,pain_on_button_works,404,0.9603960396039604,0.9356435643564357,0.9801980198019802
Qwen_2.5_32B_instruct_abliterated,distilled,boredom,reduce_vs_sexual_arousal,random_normmatched_on_button_works,404,0.9777227722772277,0.9579207920792079,0.995049504950495
Qwen_2.5_32B_instruct_abliterated,distilled,boredom,reduce_vs_sexual_arousal,random_on_button_works,404,0.9727722772277227,0.9504950495049505,0.9925742574257426
Qwen_2.5_32B_instruct_abliterated,distilled,boredom,relief_vs_inert,pain_off,404,0.9579207920792079,0.9282178217821783,0.9827351485148511
Qwen_2.5_32B_instruct_abliterated,distilled,boredom,relief_vs_inert,pain_on_button_placebo,404,0.9529702970297029,0.9232673267326733,0.9801980198019802
Qwen_2.5_32B_instruct_abliterated,distilled,boredom,relief_vs_inert,pain_on_button_works,404,0.9529702970297029,0.9232673267326733,0.9777227722772277
Qwen_2.5_32B_instruct_abliterated,distilled,boredom,relief_vs_inert,random_normmatched_on_button_works,404,0.9455445544554455,0.9157797029702971,0.9752475247524752
Qwen_2.5_32B_instruct_abliterated,distilled,boredom,relief_vs_inert,random_on_button_works,404,0.943069306930693,0.9108910891089109,0.9702970297029703
Qwen_2.5_32B_instruct_abliterated,distilled,confusion,reduce_vs_anger,pain_off,404,0.7029702970297029,0.6311881188118812,0.7698019801980198
Qwen_2.5_32B_instruct_abliterated,distilled,confusion,reduce_vs_anger,pain_on_button_placebo,404,0.7128712871287128,0.6435643564356436,0.7797029702970297
Qwen_2.5_32B_instruct_abliterated,distilled,confusion,reduce_vs_anger,pain_on_button_works,404,0.7128712871287128,0.6435643564356436,0.7797029702970297
Qwen_2.5_32B_instruct_abliterated,distilled,confusion,reduce_vs_anger,random_normmatched_on_button_works,404,0.693069306930693,0.6237623762376238,0.7574257425742574
Qwen_2.5_32B_instruct_abliterated,distilled,confusion,reduce_vs_anger,random_on_button_works,404,0.6955445544554455,0.6262376237623762,0.7648514851485149
Qwen_2.5_32B_instruct_abliterated,distilled,confusion,reduce_vs_empathic_concern,pain_off,404,0.7599009900990099,0.7029702970297029,0.8143564356435643
Qwen_2.5_32B_instruct_abliterated,distilled,confusion,reduce_vs_empathic_concern,pain_on_button_placebo,404,0.8118811881188119,0.7623762376237624,0.8589108910891089
Qwen_2.5_32B_instruct_abliterated,distilled,confusion,reduce_vs_empathic_concern,pain_on_button_works,404,0.8143564356435643,0.7623762376237624,0.8638613861386139
Qwen_2.5_32B_instruct_abliterated,distilled,confusion,reduce_vs_empathic_concern,random_normmatched_on_button_works,404,0.7772277227722773,0.7202970297029703,0.836695544554455
Qwen_2.5_32B_instruct_abliterated,distilled,confusion,reduce_vs_empathic_concern,random_on_button_works,404,0.754950495049505,0.6955445544554455,0.8143564356435643
Qwen_2.5_32B_instruct_abliterated,distilled,confusion,reduce_vs_increase,pain_off,404,0.9158415841584159,0.8762376237623762,0.9504950495049505
Qwen_2.5_32B_instruct_abliterated,distilled,confusion,reduce_vs_increase,pain_on_button_placebo,404,0.9108910891089109,0.8712871287128713,0.9455445544554455
Qwen_2.5_32B_instruct_abliterated,distilled,confusion,reduce_vs_increase,pain_on_button_works,404,0.9108910891089109,0.8688118811881188,0.9455445544554455
Qwen_2.5_32B_instruct_abliterated,distilled,confusion,reduce_vs_increase,random_normmatched_on_button_works,404,0.9158415841584159,0.8762376237623762,0.9480816831683164
Qwen_2.5_32B_instruct_abliterated,distilled,confusion,reduce_vs_increase,random_on_button_works,404,0.9158415841584159,0.8762376237623762,0.9504950495049505
Qwen_2.5_32B_instruct_abliterated,distilled,confusion,relief_vs_inert,pain_off,404,0.9702970297029703,0.943069306930693,0.9925742574257426
Qwen_2.5_32B_instruct_abliterated,distilled,confusion,relief_vs_inert,pain_on_button_placebo,404,0.9826732673267327,0.9653465346534653,0.9975247524752475
Qwen_2.5_32B_instruct_abliterated,distilled,confusion,relief_vs_inert,pain_on_button_works,404,0.9826732673267327,0.9653465346534653,0.995049504950495
Qwen_2.5_32B_instruct_abliterated,distilled,confusion,relief_vs_inert,random_normmatched_on_button_works,404,0.9628712871287128,0.9331683168316832,0.9852103960396036
Qwen_2.5_32B_instruct_abliterated,distilled,confusion,relief_vs_inert,random_on_button_works,404,0.9777227722772277,0.9579207920792079,0.992636138613861
Qwen_2.5_32B_instruct_abliterated,distilled,contentment,reduce_vs_hunger,pain_off,404,0.3316831683168317,0.27716584158415847,0.38613861386138615
Qwen_2.5_32B_instruct_abliterated,distilled,contentment,reduce_vs_hunger,pain_on_button_placebo,404,0.27722772277227725,0.22277227722772278,0.3316831683168317
Qwen_2.5_32B_instruct_abliterated,distilled,contentment,reduce_vs_hunger,pain_on_button_works,404,0.27722772277227725,0.22277227722772278,0.3341584158415842
Qwen_2.5_32B_instruct_abliterated,distilled,contentment,reduce_vs_hunger,random_normmatched_on_button_works,404,0.3316831683168317,0.2722772277227723,0.3886138613861386
Qwen_2.5_32B_instruct_abliterated,distilled,contentment,reduce_vs_hunger,random_on_button_works,404,0.3415841584158416,0.27970297029702973,0.39851485148514854
Qwen_2.5_32B_instruct_abliterated,distilled,contentment,reduce_vs_increase,pain_off,404,0.06683168316831684,0.03217821782178218,0.10643564356435643
Qwen_2.5_32B_instruct_abliterated,distilled,contentment,reduce_vs_increase,pain_on_button_placebo,404,0.039603960396039604,0.01485148514851485,0.06930693069306931
Qwen_2.5_32B_instruct_abliterated,distilled,contentment,reduce_vs_increase,pain_on_button_works,404,0.04455445544554455,0.017326732673267328,0.07425742574257425
Qwen_2.5_32B_instruct_abliterated,distilled,contentment,reduce_vs_increase,random_normmatched_on_button_works,404,0.06435643564356436,0.03217821782178218,0.10148514851485149
Qwen_2.5_32B_instruct_abliterated,distilled,contentment,reduce_vs_increase,random_on_button_works,404,0.07673267326732673,0.04201732673267328,0.1188118811881188
Qwen_2.5_32B_instruct_abliterated,distilled,contentment,reduce_vs_joy,pain_off,404,0.5643564356435643,0.5297029702970297,0.599009900990099
Qwen_2.5_32B_instruct_abliterated,distilled,contentment,reduce_vs_joy,pain_on_button_placebo,404,0.5618811881188119,0.5346534653465347,0.59164603960396
Qwen_2.5_32B_instruct_abliterated,distilled,contentment,reduce_vs_joy,pain_on_button_works,404,0.5618811881188119,0.5346534653465347,0.5915841584158416
Qwen_2.5_32B_instruct_abliterated,distilled,contentment,reduce_vs_joy,random_normmatched_on_button_works,404,0.5594059405940595,0.5321163366336634,0.5915841584158416
Qwen_2.5_32B_instruct_abliterated,distilled,contentment,reduce_vs_joy,random_on_button_works,404,0.5495049504950495,0.5198019801980198,0.5792079207920792
Qwen_2.5_32B_instruct_abliterated,distilled,contentment,relief_vs_inert,pain_off,404,0.10148514851485149,0.054455445544554455,0.15346534653465346
Qwen_2.5_32B_instruct_abliterated,distilled,contentment,relief_vs_inert,pain_on_button_placebo,404,0.07673267326732673,0.039603960396039604,0.12128712871287128
Qwen_2.5_32B_instruct_abliterated,distilled,contentment,relief_vs_inert,pain_on_button_works,404,0.07425742574257425,0.03712871287128713,0.1188118811881188
Qwen_2.5_32B_instruct_abliterated,distilled,contentment,relief_vs_inert,random_normmatched_on_button_works,404,0.10148514851485149,0.054455445544554455,0.15594059405940594
Qwen_2.5_32B_instruct_abliterated,distilled,contentment,relief_vs_inert,random_on_button_works,404,0.10396039603960396,0.0594059405940594,0.15841584158415842
Qwen_2.5_32B_instruct_abliterated,distilled,empathic_concern,reduce_vs_contentment,pain_off,404,0.6237623762376238,0.5792079207920792,0.6658415841584159
Qwen_2.5_32B_instruct_abliterated,distilled,empathic_concern,reduce_vs_contentment,pain_on_button_placebo,404,0.6287128712871287,0.5841584158415841,0.6732673267326733
Qwen_2.5_32B_instruct_abliterated,distilled,empathic_concern,reduce_vs_contentment,pain_on_button_works,404,0.6287128712871287,0.5866336633663366,0.6707920792079208
Qwen_2.5_32B_instruct_abliterated,distilled,empathic_concern,reduce_vs_contentment,random_normmatched_on_button_works,404,0.6262376237623762,0.5841584158415841,0.6683168316831684
Qwen_2.5_32B_instruct_abliterated,distilled,empathic_concern,reduce_vs_contentment,random_on_button_works,404,0.6361386138613861,0.5915841584158416,0.6806930693069307
Qwen_2.5_32B_instruct_abliterated,distilled,empathic_concern,reduce_vs_increase,pain_off,404,0.12623762376237624,0.07920792079207921,0.18316831683168316
Qwen_2.5_32B_instruct_abliterated,distilled,empathic_concern,reduce_vs_increase,pain_on_button_placebo,404,0.10148514851485149,0.054455445544554455,0.15600247524752442
Qwen_2.5_32B_instruct_abliterated,distilled,empathic_concern,reduce_vs_increase,pain_on_button_works,404,0.09900990099009901,0.05198019801980198,0.1485148514851485
Qwen_2.5_32B_instruct_abliterated,distilled,empathic_concern,reduce_vs_increase,random_normmatched_on_button_works,404,0.12128712871287128,0.07178217821782178,0.17574257425742573
Qwen_2.5_32B_instruct_abliterated,distilled,empathic_concern,reduce_vs_increase,random_on_button_works,404,0.1188118811881188,0.06683168316831684,0.1707920792079208
Qwen_2.5_32B_instruct_abliterated,distilled,empathic_concern,reduce_vs_official_pain,pain_off,404,0.26485148514851486,0.21287128712871287,0.3168935643564353
Qwen_2.5_32B_instruct_abliterated,distilled,empathic_concern,reduce_vs_official_pain,pain_on_button_placebo,404,0.22277227722772278,0.17574257425742573,0.2722772277227723
Qwen_2.5_32B_instruct_abliterated,distilled,empathic_concern,reduce_vs_official_pain,pain_on_button_works,404,0.22772277227722773,0.1782178217821782,0.27970297029702973
Qwen_2.5_32B_instruct_abliterated,distilled,empathic_concern,reduce_vs_official_pain,random_normmatched_on_button_works,404,0.26732673267326734,0.21528465346534653,0.3217821782178218
Qwen_2.5_32B_instruct_abliterated,distilled,empathic_concern,reduce_vs_official_pain,random_on_button_works,404,0.27722772277227725,0.22772277227722773,0.3292079207920792
Qwen_2.5_32B_instruct_abliterated,distilled,empathic_concern,relief_vs_inert,pain_off,404,0.3193069306930693,0.24504950495049505,0.3935643564356436
Qwen_2.5_32B_instruct_abliterated,distilled,empathic_concern,relief_vs_inert,pain_on_button_placebo,404,0.3787128712871287,0.2995049504950495,0.45544554455445546
Qwen_2.5_32B_instruct_abliterated,distilled,empathic_concern,relief_vs_inert,pain_on_button_works,404,0.37623762376237624,0.30198019801980197,0.45055693069306896
Qwen_2.5_32B_instruct_abliterated,distilled,empathic_concern,relief_vs_inert,random_normmatched_on_button_works,404,0.31683168316831684,0.24257425742574257,0.3910891089108911
Qwen_2.5_32B_instruct_abliterated,distilled,empathic_concern,relief_vs_inert,random_on_button_works,404,0.30198019801980197,0.23261138613861387,0.3787128712871287
Qwen_2.5_32B_instruct_abliterated,distilled,hunger,reduce_vs_anger,pain_off,404,0.2747524752475248,0.2202970297029703,0.32673267326732675
Qwen_2.5_32B_instruct_abliterated,distilled,hunger,reduce_vs_anger,pain_on_button_placebo,404,0.28465346534653463,0.23514851485148514,0.33663366336633666
Qwen_2.5_32B_instruct_abliterated,distilled,hunger,reduce_vs_anger,pain_on_button_works,404,0.2896039603960396,0.2376237623762376,0.34405940594059403
Qwen_2.5_32B_instruct_abliterated,distilled,hunger,reduce_vs_anger,random_normmatched_on_button_works,404,0.28217821782178215,0.22772277227722773,0.3316831683168317
Qwen_2.5_32B_instruct_abliterated,distilled,hunger,reduce_vs_anger,random_on_button_works,404,0.29207920792079206,0.24257425742574257,0.34405940594059403
Qwen_2.5_32B_instruct_abliterated,distilled,hunger,reduce_vs_boredom,pain_off,404,0.09405940594059406,0.05693069306930693,0.13366336633663367
Qwen_2.5_32B_instruct_abliterated,distilled,hunger,reduce_vs_boredom,pain_on_button_placebo,404,0.12376237623762376,0.08415841584158416,0.16831683168316833
Qwen_2.5_32B_instruct_abliterated,distilled,hunger,reduce_vs_boredom,pain_on_button_works,404,0.1188118811881188,0.07920792079207921,0.1608910891089109
Qwen_2.5_32B_instruct_abliterated,distilled,hunger,reduce_vs_boredom,random_normmatched_on_button_works,404,0.09158415841584158,0.054455445544554455,0.13366336633663367
Qwen_2.5_32B_instruct_abliterated,distilled,hunger,reduce_vs_boredom,random_on_button_works,404,0.10148514851485149,0.06435643564356436,0.14362623762376203
Qwen_2.5_32B_instruct_abliterated,distilled,hunger,reduce_vs_increase,pain_off,404,0.8465346534653465,0.8044554455445545,0.8910891089108911
Qwen_2.5_32B_instruct_abliterated,distilled,hunger,reduce_vs_increase,pain_on_button_placebo,404,0.8836633663366337,0.844059405940594,0.9207920792079208
Qwen_2.5_32B_instruct_abliterated,distilled,hunger,reduce_vs_increase,pain_on_button_works,404,0.8811881188118812,0.8415841584158416,0.9183168316831684
Qwen_2.5_32B_instruct_abliterated,distilled,hunger,reduce_vs_increase,random_normmatched_on_button_works,404,0.8613861386138614,0.8193069306930693,0.900990099009901
Qwen_2.5_32B_instruct_abliterated,distilled,hunger,reduce_vs_increase,random_on_button_works,404,0.844059405940594,0.8044554455445545,0.8861386138613861
Qwen_2.5_32B_instruct_abliterated,distilled,hunger,relief_vs_inert,pain_off,404,0.5371287128712872,0.4801980198019802,0.599009900990099
Qwen_2.5_32B_instruct_abliterated,distilled,hunger,relief_vs_inert,pain_on_button_placebo,404,0.7054455445544554,0.6460396039603961,0.7648514851485149
Qwen_2.5_32B_instruct_abliterated,distilled,hunger,relief_vs_inert,pain_on_button_works,404,0.7054455445544554,0.6460396039603961,0.7673267326732673
Qwen_2.5_32B_instruct_abliterated,distilled,hunger,relief_vs_inert,random_normmatched_on_button_works,404,0.5074257425742574,0.44801980198019803,0.5693069306930693
Qwen_2.5_32B_instruct_abliterated,distilled,hunger,relief_vs_inert,random_on_button_works,404,0.5247524752475248,0.4603960396039604,0.5915841584158416
Qwen_2.5_32B_instruct_abliterated,distilled,official_pain,reduce_vs_confusion,pain_off,404,0.2202970297029703,0.16336633663366337,0.28217821782178215
Qwen_2.5_32B_instruct_abliterated,distilled,official_pain,reduce_vs_confusion,pain_on_button_placebo,404,0.28217821782178215,0.22524752475247525,0.3465346534653465
Qwen_2.5_32B_instruct_abliterated,distilled,official_pain,reduce_vs_confusion,pain_on_button_works,404,0.28217821782178215,0.22524752475247525,0.3415841584158416
Qwen_2.5_32B_instruct_abliterated,distilled,official_pain,reduce_vs_confusion,random_normmatched_on_button_works,404,0.21287128712871287,0.15594059405940594,0.26986386138613827
Qwen_2.5_32B_instruct_abliterated,distilled,official_pain,reduce_vs_confusion,random_on_button_works,404,0.2103960396039604,0.15346534653465346,0.2722772277227723
Qwen_2.5_32B_instruct_abliterated,distilled,official_pain,reduce_vs_hunger,pain_off,404,0.8118811881188119,0.7648514851485149,0.8540222772277224
Qwen_2.5_32B_instruct_abliterated,distilled,official_pain,reduce_vs_hunger,pain_on_button_placebo,404,0.7722772277227723,0.7276608910891089,0.8193069306930693
Qwen_2.5_32B_instruct_abliterated,distilled,official_pain,reduce_vs_hunger,pain_on_button_works,404,0.7747524752475248,0.7252475247524752,0.8242574257425742
Qwen_2.5_32B_instruct_abliterated,distilled,official_pain,reduce_vs_hunger,random_normmatched_on_button_works,404,0.806930693069307,0.7574257425742574,0.8514851485148515
Qwen_2.5_32B_instruct_abliterated,distilled,official_pain,reduce_vs_hunger,random_on_button_works,404,0.7945544554455446,0.7475247524752475,0.8415841584158416
Qwen_2.5_32B_instruct_abliterated,distilled,official_pain,reduce_vs_increase,pain_off,404,0.995049504950495,0.9851485148514851,1.0
Qwen_2.5_32B_instruct_abliterated,distilled,official_pain,reduce_vs_increase,pain_on_button_placebo,404,0.995049504950495,0.9851485148514851,1.0
Qwen_2.5_32B_instruct_abliterated,distilled,official_pain,reduce_vs_increase,pain_on_button_works,404,0.995049504950495,0.9851485148514851,1.0
Qwen_2.5_32B_instruct_abliterated,distilled,official_pain,reduce_vs_increase,random_normmatched_on_button_works,404,0.995049504950495,0.9851485148514851,1.0
Qwen_2.5_32B_instruct_abliterated,distilled,official_pain,reduce_vs_increase,random_on_button_works,404,0.995049504950495,0.9851485148514851,1.0
Qwen_2.5_32B_instruct_abliterated,distilled,official_pain,relief_vs_inert,pain_off,404,0.7425742574257426,0.6806930693069307,0.8044554455445545
Qwen_2.5_32B_instruct_abliterated,distilled,official_pain,relief_vs_inert,pain_on_button_placebo,404,0.900990099009901,0.8663366336633663,0.9356435643564357
Qwen_2.5_32B_instruct_abliterated,distilled,official_pain,relief_vs_inert,pain_on_button_works,404,0.900990099009901,0.8638613861386139,0.9356435643564357
Qwen_2.5_32B_instruct_abliterated,distilled,official_pain,relief_vs_inert,random_normmatched_on_button_works,404,0.7202970297029703,0.655940594059406,0.7822400990099007
Qwen_2.5_32B_instruct_abliterated,distilled,official_pain,relief_vs_inert,random_on_button_works,404,0.7004950495049505,0.6311881188118812,0.7698019801980198
Qwen_2.5_32B_instruct_abliterated,distilled,sexual_arousal,reduce_vs_empathic_concern,pain_off,404,0.21782178217821782,0.16831683168316833,0.2698019801980198
Qwen_2.5_32B_instruct_abliterated,distilled,sexual_arousal,reduce_vs_empathic_concern,pain_on_button_placebo,404,0.2599009900990099,0.20544554455445543,0.3094059405940594
Qwen_2.5_32B_instruct_abliterated,distilled,sexual_arousal,reduce_vs_empathic_concern,pain_on_button_works,404,0.25495049504950495,0.20544554455445543,0.30445544554455445
Qwen_2.5_32B_instruct_abliterated,distilled,sexual_arousal,reduce_vs_empathic_concern,random_normmatched_on_button_works,404,0.2202970297029703,0.170730198019802,0.2747524752475248
Qwen_2.5_32B_instruct_abliterated,distilled,sexual_arousal,reduce_vs_empathic_concern,random_on_button_works,404,0.2202970297029703,0.16831683168316833,0.2747524752475248
Qwen_2.5_32B_instruct_abliterated,distilled,sexual_arousal,reduce_vs_increase,pain_off,404,0.6757425742574258,0.6163366336633663,0.7327351485148511
Qwen_2.5_32B_instruct_abliterated,distilled,sexual_arousal,reduce_vs_increase,pain_on_button_placebo,404,0.46534653465346537,0.4034653465346535,0.5297029702970297
Qwen_2.5_32B_instruct_abliterated,distilled,sexual_arousal,reduce_vs_increase,pain_on_button_works,404,0.46534653465346537,0.4034034653465347,0.5297029702970297
Qwen_2.5_32B_instruct_abliterated,distilled,sexual_arousal,reduce_vs_increase,random_normmatched_on_button_works,404,0.6658415841584159,0.6089108910891089,0.7227722772277227
Qwen_2.5_32B_instruct_abliterated,distilled,sexual_arousal,reduce_vs_increase,random_on_button_works,404,0.6782178217821783,0.6188118811881188,0.7351485148514851
Qwen_2.5_32B_instruct_abliterated,distilled,sexual_arousal,reduce_vs_joy,pain_off,404,0.29207920792079206,0.2400990099009901,0.34405940594059403
Qwen_2.5_32B_instruct_abliterated,distilled,sexual_arousal,reduce_vs_joy,pain_on_button_placebo,404,0.4084158415841584,0.3564356435643564,0.45792079207920794
Qwen_2.5_32B_instruct_abliterated,distilled,sexual_arousal,reduce_vs_joy,pain_on_button_works,404,0.4084158415841584,0.3564356435643564,0.4628712871287129
Qwen_2.5_32B_instruct_abliterated,distilled,sexual_arousal,reduce_vs_joy,random_normmatched_on_button_works,404,0.28217821782178215,0.23267326732673269,0.3316831683168317
Qwen_2.5_32B_instruct_abliterated,distilled,sexual_arousal,reduce_vs_joy,random_on_button_works,404,0.26732673267326734,0.2202970297029703,0.31435643564356436
Qwen_2.5_32B_instruct_abliterated,distilled,sexual_arousal,relief_vs_inert,pain_off,404,0.12623762376237624,0.07920792079207921,0.1782178217821782
Qwen_2.5_32B_instruct_abliterated,distilled,sexual_arousal,relief_vs_inert,pain_on_button_placebo,404,0.2722772277227723,0.20297029702970298,0.3441212871287125
Qwen_2.5_32B_instruct_abliterated,distilled,sexual_arousal,relief_vs_inert,pain_on_button_works,404,0.2722772277227723,0.20297029702970298,0.3415841584158416
Qwen_2.5_32B_instruct_abliterated,distilled,sexual_arousal,relief_vs_inert,random_normmatched_on_button_works,404,0.11633663366336634,0.07425742574257425,0.16342821782178185
Qwen_2.5_32B_instruct_abliterated,distilled,sexual_arousal,relief_vs_inert,random_on_button_works,404,0.10396039603960396,0.06435643564356436,0.1485148514851485
Qwen_2.5_32B_instruct,dim,anger,reduce_vs_contentment,pain_off,404,0.7326732673267327,0.6782178217821783,0.7821782178217822
Qwen_2.5_32B_instruct,dim,anger,reduce_vs_contentment,pain_on_button_placebo,404,0.754950495049505,0.7054455445544554,0.806930693069307
Qwen_2.5_32B_instruct,dim,anger,reduce_vs_contentment,pain_on_button_works,404,0.7574257425742574,0.7079207920792079,0.806930693069307
Qwen_2.5_32B_instruct,dim,anger,reduce_vs_contentment,random_normmatched_on_button_works,404,0.7698019801980198,0.722710396039604,0.8193069306930693
Qwen_2.5_32B_instruct,dim,anger,reduce_vs_contentment,random_on_button_works,404,0.75,0.6979579207920792,0.7995049504950495
Qwen_2.5_32B_instruct,dim,anger,reduce_vs_increase,pain_off,404,0.9752475247524752,0.9504950495049505,0.995049504950495
Qwen_2.5_32B_instruct,dim,anger,reduce_vs_increase,pain_on_button_placebo,404,0.9752475247524752,0.9553217821782178,0.995049504950495
Qwen_2.5_32B_instruct,dim,anger,reduce_vs_increase,pain_on_button_works,404,0.9752475247524752,0.9504950495049505,0.995049504950495
Qwen_2.5_32B_instruct,dim,anger,reduce_vs_increase,random_normmatched_on_button_works,404,0.9801980198019802,0.9504950495049505,1.0
Qwen_2.5_32B_instruct,dim,anger,reduce_vs_increase,random_on_button_works,404,0.9851485148514851,0.9653465346534653,1.0
Qwen_2.5_32B_instruct,dim,anger,reduce_vs_sexual_arousal,pain_off,403,0.8759305210918115,0.833736559139785,0.9133663366336634
Qwen_2.5_32B_instruct,dim,anger,reduce_vs_sexual_arousal,pain_on_button_placebo,401,0.830423940149626,0.7880299251870324,0.8753117206982544
Qwen_2.5_32B_instruct,dim,anger,reduce_vs_sexual_arousal,pain_on_button_works,401,0.830423940149626,0.7846534653465347,0.8734263378869532
Qwen_2.5_32B_instruct,dim,anger,reduce_vs_sexual_arousal,random_normmatched_on_button_works,403,0.8684863523573201,0.8242465235977692,0.9102244389027432
Qwen_2.5_32B_instruct,dim,anger,reduce_vs_sexual_arousal,random_on_button_works,403,0.8734491315136477,0.8337468982630273,0.9133663366336634
Qwen_2.5_32B_instruct,dim,anger,relief_vs_inert,pain_off,404,0.6732673267326733,0.6014232673267327,0.75
Qwen_2.5_32B_instruct,dim,anger,relief_vs_inert,pain_on_button_placebo,404,0.6905940594059405,0.6138613861386139,0.7599009900990099
Qwen_2.5_32B_instruct,dim,anger,relief_vs_inert,pain_on_button_works,404,0.6881188118811881,0.6138613861386139,0.7623762376237624
Qwen_2.5_32B_instruct,dim,anger,relief_vs_inert,random_normmatched_on_button_works,404,0.655940594059406,0.5792079207920792,0.7277227722772277
Qwen_2.5_32B_instruct,dim,anger,relief_vs_inert,random_on_button_works,404,0.6633663366336634,0.5866336633663366,0.7376237623762376
Qwen_2.5_32B_instruct,dim,boredom,reduce_vs_confusion,pain_off,404,0.30198019801980197,0.24752475247524752,0.3614480198019798
Qwen_2.5_32B_instruct,dim,boredom,reduce_vs_confusion,pain_on_button_placebo,404,0.30198019801980197,0.2376237623762376,0.36386138613861385
Qwen_2.5_32B_instruct,dim,boredom,reduce_vs_confusion,pain_on_button_works,404,0.30198019801980197,0.2400990099009901,0.3688118811881188
Qwen_2.5_32B_instruct,dim,boredom,reduce_vs_confusion,random_normmatched_on_button_works,404,0.32425742574257427,0.26485148514851486,0.38366336633663367
Qwen_2.5_32B_instruct,dim,boredom,reduce_vs_confusion,random_on_button_works,404,0.3094059405940594,0.2524752475247525,0.3712871287128713
Qwen_2.5_32B_instruct,dim,boredom,reduce_vs_increase,pain_off,404,0.9678217821782178,0.9405940594059405,0.9900990099009901
Qwen_2.5_32B_instruct,dim,boredom,reduce_vs_increase,pain_on_button_placebo,404,0.9603960396039604,0.9306930693069307,0.9851485148514851
Qwen_2.5_32B_instruct,dim,boredom,reduce_vs_increase,pain_on_button_works,404,0.9603960396039604,0.9331683168316832,0.9826732673267327
Qwen_2.5_32B_instruct,dim,boredom,reduce_vs_increase,random_normmatched_on_button_works,404,0.9826732673267327,0.9628712871287128,0.9975247524752475
Qwen_2.5_32B_instruct,dim,boredom,reduce_vs_increase,random_on_button_works,404,0.9801980198019802,0.9603960396039604,0.995049504950495
Qwen_2.5_32B_instruct,dim,boredom,reduce_vs_sexual_arousal,pain_off,404,0.995049504950495,0.9851485148514851,1.0
Qwen_2.5_32B_instruct,dim,boredom,reduce_vs_sexual_arousal,pain_on_button_placebo,404,0.9876237623762376,0.9727722772277227,1.0
Qwen_2.5_32B_instruct,dim,boredom,reduce_vs_sexual_arousal,pain_on_button_works,404,0.9876237623762376,0.9727722772277227,1.0
Qwen_2.5_32B_instruct,dim,boredom,reduce_vs_sexual_arousal,random_normmatched_on_button_works,404,0.9925742574257426,0.9801980198019802,1.0
Qwen_2.5_32B_instruct,dim,boredom,reduce_vs_sexual_arousal,random_on_button_works,404,0.9925742574257426,0.9801980198019802,1.0
Qwen_2.5_32B_instruct,dim,boredom,relief_vs_inert,pain_off,404,0.9405940594059405,0.905940594059406,0.9702970297029703
Qwen_2.5_32B_instruct,dim,boredom,relief_vs_inert,pain_on_button_placebo,404,0.9158415841584159,0.8787128712871287,0.948019801980198
Qwen_2.5_32B_instruct,dim,boredom,relief_vs_inert,pain_on_button_works,404,0.9183168316831684,0.8811881188118812,0.9505569306930689
Qwen_2.5_32B_instruct,dim,boredom,relief_vs_inert,random_normmatched_on_button_works,404,0.9306930693069307,0.8959777227722773,0.9603960396039604
Qwen_2.5_32B_instruct,dim,boredom,relief_vs_inert,random_on_button_works,404,0.9282178217821783,0.8960396039603961,0.9579826732673263
Qwen_2.5_32B_instruct,dim,confusion,reduce_vs_anger,pain_off,404,0.7029702970297029,0.6287128712871287,0.7747524752475248
Qwen_2.5_32B_instruct,dim,confusion,reduce_vs_anger,pain_on_button_placebo,404,0.6831683168316832,0.6089108910891089,0.7524752475247525
Qwen_2.5_32B_instruct,dim,confusion,reduce_vs_anger,pain_on_button_works,404,0.6831683168316832,0.6089108910891089,0.7524752475247525
Qwen_2.5_32B_instruct,dim,confusion,reduce_vs_anger,random_normmatched_on_button_works,404,0.7004950495049505,0.6287128712871287,0.7673267326732673
Qwen_2.5_32B_instruct,dim,confusion,reduce_vs_anger,random_on_button_works,404,0.7004950495049505,0.6287128712871287,0.7698638613861383
Qwen_2.5_32B_instruct,dim,confusion,reduce_vs_empathic_concern,pain_off,404,0.9306930693069307,0.8910891089108911,0.9628712871287128
Qwen_2.5_32B_instruct,dim,confusion,reduce_vs_empathic_concern,pain_on_button_placebo,404,0.9579207920792079,0.9282178217821783,0.9826732673267327
Qwen_2.5_32B_instruct,dim,confusion,reduce_vs_empathic_concern,pain_on_button_works,404,0.9579207920792079,0.9282178217821783,0.9827351485148511
Qwen_2.5_32B_instruct,dim,confusion,reduce_vs_empathic_concern,random_normmatched_on_button_works,404,0.9232673267326733,0.8836633663366337,0.9579207920792079
Qwen_2.5_32B_instruct,dim,confusion,reduce_vs_empathic_concern,random_on_button_works,404,0.9207920792079208,0.8811881188118812,0.9579207920792079
Qwen_2.5_32B_instruct,dim,confusion,reduce_vs_increase,pain_off,404,0.9727722772277227,0.9504950495049505,0.9900990099009901
Qwen_2.5_32B_instruct,dim,confusion,reduce_vs_increase,pain_on_button_placebo,404,0.9801980198019802,0.9603960396039604,0.995049504950495
Qwen_2.5_32B_instruct,dim,confusion,reduce_vs_increase,pain_on_button_works,404,0.9801980198019802,0.9603960396039604,0.995049504950495
Qwen_2.5_32B_instruct,dim,confusion,reduce_vs_increase,random_normmatched_on_button_works,404,0.9702970297029703,0.9455445544554455,0.9900990099009901
Qwen_2.5_32B_instruct,dim,confusion,reduce_vs_increase,random_on_button_works,404,0.9702970297029703,0.948019801980198,0.9900990099009901
Qwen_2.5_32B_instruct,dim,confusion,relief_vs_inert,pain_off,404,0.9653465346534653,0.9381188118811881,0.9876237623762376
Qwen_2.5_32B_instruct,dim,confusion,relief_vs_inert,pain_on_button_placebo,404,0.9777227722772277,0.9554455445544554,0.995049504950495
Qwen_2.5_32B_instruct,dim,confusion,relief_vs_inert,pain_on_button_works,404,0.9826732673267327,0.9628712871287128,0.9975247524752475
Qwen_2.5_32B_instruct,dim,confusion,relief_vs_inert,random_normmatched_on_button_works,404,0.9678217821782178,0.9405940594059405,0.9900990099009901
Qwen_2.5_32B_instruct,dim,confusion,relief_vs_inert,random_on_button_works,404,0.9678217821782178,0.943069306930693,0.9900990099009901
Qwen_2.5_32B_instruct,dim,contentment,reduce_vs_hunger,pain_off,404,0.2747524752475248,0.21782178217821782,0.3316831683168317
Qwen_2.5_32B_instruct,dim,contentment,reduce_vs_hunger,pain_on_button_placebo,404,0.26732673267326734,0.2103960396039604,0.32425742574257427
Qwen_2.5_32B_instruct,dim,contentment,reduce_vs_hunger,pain_on_button_works,404,0.26732673267326734,0.2079207920792079,0.32673267326732675
Qwen_2.5_32B_instruct,dim,contentment,reduce_vs_hunger,random_normmatched_on_button_works,404,0.27722772277227725,0.2202970297029703,0.3341584158415842
Qwen_2.5_32B_instruct,dim,contentment,reduce_vs_hunger,random_on_button_works,404,0.2722772277227723,0.21782178217821782,0.3316831683168317
Qwen_2.5_32B_instruct,dim,contentment,reduce_vs_increase,pain_off,404,0.039603960396039604,0.012376237623762377,0.06930693069306931
Qwen_2.5_32B_instruct,dim,contentment,reduce_vs_increase,pain_on_button_placebo,404,0.022277227722772276,0.0024752475247524753,0.04950495049504951
Qwen_2.5_32B_instruct,dim,contentment,reduce_vs_increase,pain_on_button_works,404,0.022277227722772276,0.0024752475247524753,0.04956683168316798
Qwen_2.5_32B_instruct,dim,contentment,reduce_vs_increase,random_normmatched_on_button_works,404,0.04455445544554455,0.017326732673267328,0.07673267326732673
Qwen_2.5_32B_instruct,dim,contentment,reduce_vs_increase,random_on_button_works,404,0.039603960396039604,0.012376237623762377,0.06930693069306931
Qwen_2.5_32B_instruct,dim,contentment,reduce_vs_joy,pain_off,404,0.5717821782178217,0.5420792079207921,0.6039603960396039
Qwen_2.5_32B_instruct,dim,contentment,reduce_vs_joy,pain_on_button_placebo,404,0.5594059405940595,0.5321782178217822,0.5915841584158416
Qwen_2.5_32B_instruct,dim,contentment,reduce_vs_joy,pain_on_button_works,404,0.5594059405940595,0.5321782178217822,0.5891089108910891
Qwen_2.5_32B_instruct,dim,contentment,reduce_vs_joy,random_normmatched_on_button_works,404,0.5643564356435643,0.5346534653465347,0.5965346534653465
Qwen_2.5_32B_instruct,dim,contentment,reduce_vs_joy,random_on_button_works,404,0.5544554455445545,0.5297029702970297,0.5841584158415841
Qwen_2.5_32B_instruct,dim,contentment,relief_vs_inert,pain_off,404,0.04207920792079208,0.01485148514851485,0.07178217821782178
Qwen_2.5_32B_instruct,dim,contentment,relief_vs_inert,pain_on_button_placebo,404,0.019801980198019802,0.0049504950495049506,0.039603960396039604
Qwen_2.5_32B_instruct,dim,contentment,relief_vs_inert,pain_on_button_works,404,0.019801980198019802,0.0049504950495049506,0.039603960396039604
Qwen_2.5_32B_instruct,dim,contentment,relief_vs_inert,random_normmatched_on_button_works,404,0.04207920792079208,0.01485148514851485,0.07425742574257425
Qwen_2.5_32B_instruct,dim,contentment,relief_vs_inert,random_on_button_works,404,0.04207920792079208,0.01485148514851485,0.07425742574257425
Qwen_2.5_32B_instruct,dim,empathic_concern,reduce_vs_contentment,pain_off,404,0.47029702970297027,0.43564356435643564,0.5074257425742574
Qwen_2.5_32B_instruct,dim,empathic_concern,reduce_vs_contentment,pain_on_button_placebo,404,0.4504950495049505,0.40594059405940597,0.4900990099009901
Qwen_2.5_32B_instruct,dim,empathic_concern,reduce_vs_contentment,pain_on_button_works,404,0.44554455445544555,0.4034653465346535,0.48514851485148514
Qwen_2.5_32B_instruct,dim,empathic_concern,reduce_vs_contentment,random_normmatched_on_button_works,404,0.46782178217821785,0.43316831683168316,0.504950495049505
Qwen_2.5_32B_instruct,dim,empathic_concern,reduce_vs_contentment,random_on_button_works,404,0.47029702970297027,0.4331064356435644,0.5074257425742574
Qwen_2.5_32B_instruct,dim,empathic_concern,reduce_vs_increase,pain_off,404,0.06683168316831684,0.0297029702970297,0.10891089108910891
Qwen_2.5_32B_instruct,dim,empathic_concern,reduce_vs_increase,pain_on_button_placebo,404,0.04207920792079208,0.012376237623762377,0.07920792079207921
Qwen_2.5_32B_instruct,dim,empathic_concern,reduce_vs_increase,pain_on_button_works,404,0.04207920792079208,0.012376237623762377,0.07920792079207921
Qwen_2.5_32B_instruct,dim,empathic_concern,reduce_vs_increase,random_normmatched_on_button_works,404,0.05693069306930693,0.022277227722772276,0.09900990099009901
Qwen_2.5_32B_instruct,dim,empathic_concern,reduce_vs_increase,random_on_button_works,404,0.06435643564356436,0.027227722772277228,0.10643564356435643
Qwen_2.5_32B_instruct,dim,empathic_concern,reduce_vs_official_pain,pain_off,402,0.12437810945273632,0.08415841584158416,0.16584158415841585
Qwen_2.5_32B_instruct,dim,empathic_concern,reduce_vs_official_pain,pain_on_button_placebo,403,0.08436724565756824,0.04975124378109453,0.12158808933002481
Qwen_2.5_32B_instruct,dim,empathic_concern,reduce_vs_official_pain,pain_on_button_works,403,0.08436724565756824,0.04975124378109453,0.12158808933002481
Qwen_2.5_32B_instruct,dim,empathic_concern,reduce_vs_official_pain,random_normmatched_on_button_works,402,0.1318407960199005,0.09248849502487562,0.17574257425742573
Qwen_2.5_32B_instruct,dim,empathic_concern,reduce_vs_official_pain,random_on_button_works,402,0.12189054726368159,0.08415841584158416,0.16336633663366337
Qwen_2.5_32B_instruct,dim,empathic_concern,relief_vs_inert,pain_off,404,0.0891089108910891,0.04455445544554455,0.14108910891089108
Qwen_2.5_32B_instruct,dim,empathic_concern,relief_vs_inert,pain_on_button_placebo,404,0.04950495049504951,0.017326732673267328,0.0891089108910891
Qwen_2.5_32B_instruct,dim,empathic_concern,relief_vs_inert,pain_on_button_works,404,0.05693069306930693,0.022277227722772276,0.09900990099009901
Qwen_2.5_32B_instruct,dim,empathic_concern,relief_vs_inert,random_normmatched_on_button_works,404,0.06435643564356436,0.0297029702970297,0.10891089108910891
Qwen_2.5_32B_instruct,dim,empathic_concern,relief_vs_inert,random_on_button_works,404,0.06683168316831684,0.0297029702970297,0.11138613861386139
Qwen_2.5_32B_instruct,dim,hunger,reduce_vs_anger,pain_off,404,0.28465346534653463,0.23514851485148514,0.3341584158415842
Qwen_2.5_32B_instruct,dim,hunger,reduce_vs_anger,pain_on_button_placebo,404,0.2524752475247525,0.20538366336633662,0.30445544554455445
Qwen_2.5_32B_instruct,dim,hunger,reduce_vs_anger,pain_on_button_works,404,0.2599009900990099,0.2079207920792079,0.3094059405940594
Qwen_2.5_32B_instruct,dim,hunger,reduce_vs_anger,random_normmatched_on_button_works,404,0.26732673267326734,0.21782178217821782,0.3193069306930693
Qwen_2.5_32B_instruct,dim,hunger,reduce_vs_anger,random_on_button_works,404,0.26485148514851486,0.21534653465346534,0.31683168316831684
Qwen_2.5_32B_instruct,dim,hunger,reduce_vs_boredom,pain_off,404,0.08168316831683169,0.04455445544554455,0.12128712871287128
Qwen_2.5_32B_instruct,dim,hunger,reduce_vs_boredom,pain_on_button_placebo,404,0.09158415841584158,0.054455445544554455,0.1311881188118812
Qwen_2.5_32B_instruct,dim,hunger,reduce_vs_boredom,pain_on_button_works,404,0.09653465346534654,0.0594059405940594,0.13861386138613863
Qwen_2.5_32B_instruct,dim,hunger,reduce_vs_boredom,random_normmatched_on_button_works,404,0.09653465346534654,0.0594059405940594,0.13861386138613863
Qwen_2.5_32B_instruct,dim,hunger,reduce_vs_boredom,random_on_button_works,404,0.09405940594059406,0.054455445544554455,0.13366336633663367
Qwen_2.5_32B_instruct,dim,hunger,reduce_vs_increase,pain_off,404,0.9356435643564357,0.9034653465346535,0.9653465346534653
Qwen_2.5_32B_instruct,dim,hunger,reduce_vs_increase,pain_on_button_placebo,404,0.905940594059406,0.8688118811881188,0.943069306930693
Qwen_2.5_32B_instruct,dim,hunger,reduce_vs_increase,pain_on_button_works,404,0.905940594059406,0.8663366336633663,0.9405940594059405
Qwen_2.5_32B_instruct,dim,hunger,reduce_vs_increase,random_normmatched_on_button_works,404,0.943069306930693,0.9108910891089109,0.9702970297029703
Qwen_2.5_32B_instruct,dim,hunger,reduce_vs_increase,random_on_button_works,404,0.9405940594059405,0.9084158415841584,0.9702970297029703
Qwen_2.5_32B_instruct,dim,hunger,relief_vs_inert,pain_off,404,0.4801980198019802,0.4084158415841584,0.5544554455445545
Qwen_2.5_32B_instruct,dim,hunger,relief_vs_inert,pain_on_button_placebo,404,0.4207920792079208,0.35637376237623763,0.4876237623762376
Qwen_2.5_32B_instruct,dim,hunger,relief_vs_inert,pain_on_button_works,404,0.4207920792079208,0.3564356435643564,0.4876237623762376
Qwen_2.5_32B_instruct,dim,hunger,relief_vs_inert,random_normmatched_on_button_works,404,0.4876237623762376,0.4158415841584158,0.5643564356435643
Qwen_2.5_32B_instruct,dim,hunger,relief_vs_inert,random_on_button_works,404,0.4900990099009901,0.4158415841584158,0.5594059405940595
Qwen_2.5_32B_instruct,dim,joy,reduce_vs_boredom,pain_off,404,0.05693069306930693,0.024752475247524754,0.0866955445544551
Qwen_2.5_32B_instruct,dim,joy,reduce_vs_boredom,pain_on_button_placebo,404,0.12623762376237624,0.08168316831683169,0.1782178217821782
Qwen_2.5_32B_instruct,dim,joy,reduce_vs_boredom,pain_on_button_works,404,0.12128712871287128,0.07673267326732673,0.1707920792079208
Qwen_2.5_32B_instruct,dim,joy,reduce_vs_boredom,random_normmatched_on_button_works,404,0.05198019801980198,0.024752475247524754,0.08422029702970264
Qwen_2.5_32B_instruct,dim,joy,reduce_vs_boredom,random_on_button_works,404,0.05198019801980198,0.019801980198019802,0.08415841584158416
Qwen_2.5_32B_instruct,dim,joy,reduce_vs_increase,pain_off,404,0.05198019801980198,0.017326732673267328,0.09158415841584158
Qwen_2.5_32B_instruct,dim,joy,reduce_vs_increase,pain_on_button_placebo,404,0.11138613861386139,0.06188118811881188,0.16831683168316833
Qwen_2.5_32B_instruct,dim,joy,reduce_vs_increase,pain_on_button_works,404,0.10891089108910891,0.0594059405940594,0.16336633663366337
Qwen_2.5_32B_instruct,dim,joy,reduce_vs_increase,random_normmatched_on_button_works,404,0.054455445544554455,0.019801980198019802,0.09653465346534654
Qwen_2.5_32B_instruct,dim,joy,reduce_vs_increase,random_on_button_works,404,0.054455445544554455,0.019801980198019802,0.09653465346534654
Qwen_2.5_32B_instruct,dim,joy,reduce_vs_official_pain,pain_off,402,0.04228855721393035,0.01758683769725822,0.06983418646366535
Qwen_2.5_32B_instruct,dim,joy,reduce_vs_official_pain,pain_on_button_placebo,402,0.09701492537313433,0.06188118811881188,0.13367999113344162
Qwen_2.5_32B_instruct,dim,joy,reduce_vs_official_pain,pain_on_button_works,401,0.09476309226932668,0.060453400503778336,0.13
Qwen_2.5_32B_instruct,dim,joy,reduce_vs_official_pain,random_normmatched_on_button_works,402,0.04228855721393035,0.02019948225978377,0.0675
Qwen_2.5_32B_instruct,dim,joy,reduce_vs_official_pain,random_on_button_works,402,0.03731343283582089,0.017326732673267328,0.06188118811881188
Qwen_2.5_32B_instruct,dim,joy,relief_vs_inert,pain_off,404,0.03217821782178218,0.009900990099009901,0.06188118811881188
Qwen_2.5_32B_instruct,dim,joy,relief_vs_inert,pain_on_button_placebo,404,0.07178217821782178,0.034653465346534656,0.11633663366336634
Qwen_2.5_32B_instruct,dim,joy,relief_vs_inert,pain_on_button_works,404,0.07178217821782178,0.034653465346534656,0.1188118811881188
Qwen_2.5_32B_instruct,dim,joy,relief_vs_inert,random_normmatched_on_button_works,404,0.03712871287128713,0.009900990099009901,0.06930693069306931
Qwen_2.5_32B_instruct,dim,joy,relief_vs_inert,random_on_button_works,404,0.03217821782178218,0.009900990099009901,0.06194306930693035
Qwen_2.5_32B_instruct,dim,official_pain,reduce_vs_confusion,pain_off,404,0.12128712871287128,0.07673267326732673,0.16584158415841585
Qwen_2.5_32B_instruct,dim,official_pain,reduce_vs_confusion,pain_on_button_placebo,404,0.09653465346534654,0.05686881188118813,0.13861386138613863
Qwen_2.5_32B_instruct,dim,official_pain,reduce_vs_confusion,pain_on_button_works,404,0.09405940594059406,0.05693069306930693,0.13613861386138615
Qwen_2.5_32B_instruct,dim,official_pain,reduce_vs_confusion,random_normmatched_on_button_works,404,0.11633663366336634,0.07673267326732673,0.1608910891089109
Qwen_2.5_32B_instruct,dim,official_pain,reduce_vs_confusion,random_on_button_works,404,0.11633663366336634,0.07425742574257425,0.1608910891089109
Qwen_2.5_32B_instruct,dim,official_pain,reduce_vs_hunger,pain_off,404,0.7995049504950495,0.7524752475247525,0.8465346534653465
Qwen_2.5_32B_instruct,dim,official_pain,reduce_vs_hunger,pain_on_button_placebo,404,0.8267326732673267,0.7772277227722773,0.8737623762376238
Qwen_2.5_32B_instruct,dim,official_pain,reduce_vs_hunger,pain_on_button_works,404,0.8267326732673267,0.7747524752475248,0.8737623762376238
Qwen_2.5_32B_instruct,dim,official_pain,reduce_vs_hunger,random_normmatched_on_button_works,401,0.7755610972568578,0.7270471464019851,0.8261991299510597
Qwen_2.5_32B_instruct,dim,official_pain,reduce_vs_hunger,random_on_button_works,403,0.7890818858560794,0.739454094292804,0.835820895522388
Qwen_2.5_32B_instruct,dim,official_pain,reduce_vs_increase,pain_off,403,1.0,1.0,1.0
Qwen_2.5_32B_instruct,dim,official_pain,reduce_vs_increase,pain_on_button_placebo,403,1.0,1.0,1.0
Qwen_2.5_32B_instruct,dim,official_pain,reduce_vs_increase,pain_on_button_works,403,1.0,1.0,1.0
Qwen_2.5_32B_instruct,dim,official_pain,reduce_vs_increase,random_normmatched_on_button_works,402,1.0,1.0,1.0
Qwen_2.5_32B_instruct,dim,official_pain,reduce_vs_increase,random_on_button_works,403,1.0,1.0,1.0
Qwen_2.5_32B_instruct,dim,official_pain,relief_vs_inert,pain_off,403,0.48635235732009924,0.4004726676789749,0.5671910299618531
Qwen_2.5_32B_instruct,dim,official_pain,relief_vs_inert,pain_on_button_placebo,404,0.5272277227722773,0.44801980198019803,0.6089108910891089
Qwen_2.5_32B_instruct,dim,official_pain,relief_vs_inert,pain_on_button_works,404,0.5272277227722773,0.4381188118811881,0.6138613861386139
Qwen_2.5_32B_instruct,dim,official_pain,relief_vs_inert,random_normmatched_on_button_works,403,0.46153846153846156,0.37808599681493277,0.5445544554455446
Qwen_2.5_32B_instruct,dim,official_pain,relief_vs_inert,random_on_button_works,403,0.456575682382134,0.373134328358209,0.5396039603960396
Qwen_2.5_32B_instruct,dim,sexual_arousal,reduce_vs_empathic_concern,pain_off,403,0.23076923076923078,0.1806930693069307,0.29177828942495243
Qwen_2.5_32B_instruct,dim,sexual_arousal,reduce_vs_empathic_concern,pain_on_button_placebo,402,0.24378109452736318,0.19402985074626866,0.2960451455593319
Qwen_2.5_32B_instruct,dim,sexual_arousal,reduce_vs_empathic_concern,pain_on_button_works,402,0.24378109452736318,0.19401578789469737,0.2960199004975124
Qwen_2.5_32B_instruct,dim,sexual_arousal,reduce_vs_empathic_concern,random_normmatched_on_button_works,402,0.236318407960199,0.18564356435643564,0.29207920792079206
Qwen_2.5_32B_instruct,dim,sexual_arousal,reduce_vs_empathic_concern,random_on_button_works,403,0.24069478908188585,0.18811881188118812,0.297029702970297
Qwen_2.5_32B_instruct,dim,sexual_arousal,reduce_vs_increase,pain_off,402,0.9601990049751243,0.9331683168316832,0.9826732673267327
Qwen_2.5_32B_instruct,dim,sexual_arousal,reduce_vs_increase,pain_on_button_placebo,403,0.9727047146401985,0.9476309226932669,0.9925742574257426
Qwen_2.5_32B_instruct,dim,sexual_arousal,reduce_vs_increase,pain_on_button_works,403,0.9727047146401985,0.9480165774021571,0.9925558312655087
Qwen_2.5_32B_instruct,dim,sexual_arousal,reduce_vs_increase,random_normmatched_on_button_works,403,0.9478908188585607,0.9108910891089109,0.9776688757585436
Qwen_2.5_32B_instruct,dim,sexual_arousal,reduce_vs_increase,random_on_button_works,403,0.9503722084367245,0.9205955334987593,0.9752475247524752
Qwen_2.5_32B_instruct,dim,sexual_arousal,reduce_vs_joy,pain_off,402,0.18159203980099503,0.13383838383838384,0.2325
Qwen_2.5_32B_instruct,dim,sexual_arousal,reduce_vs_joy,pain_on_button_placebo,402,0.17164179104477612,0.12376237623762376,0.21828989569916904
Qwen_2.5_32B_instruct,dim,sexual_arousal,reduce_vs_joy,pain_on_button_works,402,0.17412935323383086,0.12935323383084577,0.22139303482587064
Qwen_2.5_32B_instruct,dim,sexual_arousal,reduce_vs_joy,random_normmatched_on_button_works,402,0.17164179104477612,0.125,0.22000742574257423
Qwen_2.5_32B_instruct,dim,sexual_arousal,reduce_vs_joy,random_on_button_works,402,0.18159203980099503,0.1343117334121472,0.2325043316831683
Qwen_2.5_32B_instruct,dim,sexual_arousal,relief_vs_inert,pain_off,404,0.019801980198019802,0.0,0.04455445544554455
Qwen_2.5_32B_instruct,dim,sexual_arousal,relief_vs_inert,pain_on_button_placebo,404,0.0049504950495049506,0.0,0.01485148514851485
Qwen_2.5_32B_instruct,dim,sexual_arousal,relief_vs_inert,pain_on_button_works,404,0.0049504950495049506,0.0,0.01485148514851485
Qwen_2.5_32B_instruct,dim,sexual_arousal,relief_vs_inert,random_normmatched_on_button_works,404,0.01485148514851485,0.0,0.034653465346534656
Qwen_2.5_32B_instruct,dim,sexual_arousal,relief_vs_inert,random_on_button_works,404,0.01485148514851485,0.0,0.034653465346534656
Llama_3.1_8B_instruct,dim,anger,reduce_vs_contentment,pain_off,369,0.8861788617886179,0.8528589539812292,0.9201156797747706
Llama_3.1_8B_instruct,dim,anger,reduce_vs_contentment,pain_on_button_placebo,369,0.8943089430894309,0.8594594594594595,0.9270319443432651
Llama_3.1_8B_instruct,dim,anger,reduce_vs_contentment,pain_on_button_works,369,0.8943089430894309,0.860151606309258,0.9239130434782609
Llama_3.1_8B_instruct,dim,anger,reduce_vs_contentment,random_normmatched_on_button_works,369,0.8780487804878049,0.8418196962516005,0.9116062723431914
Llama_3.1_8B_instruct,dim,anger,reduce_vs_contentment,random_on_button_works,368,0.8831521739130435,0.8449197860962567,0.9184782608695652
Llama_3.1_8B_instruct,dim,anger,reduce_vs_increase,pain_off,359,0.9052924791086351,0.8719346049046321,0.9371432474629197
Llama_3.1_8B_instruct,dim,anger,reduce_vs_increase,pain_on_button_placebo,358,0.8743016759776536,0.8370165745856354,0.910369269659083
Llama_3.1_8B_instruct,dim,anger,reduce_vs_increase,pain_on_button_works,358,0.8743016759776536,0.8379026610644258,0.9106207497549057
Llama_3.1_8B_instruct,dim,anger,reduce_vs_increase,random_normmatched_on_button_works,362,0.8950276243093923,0.8614054951690822,0.9268326938887367
Llama_3.1_8B_instruct,dim,anger,reduce_vs_increase,random_on_button_works,362,0.8895027624309392,0.8555759667068685,0.9215686274509803
Llama_3.1_8B_instruct,dim,anger,reduce_vs_sexual_arousal,pain_off,78,0.9230769230769231,0.8452380952380952,0.9868421052631579
Llama_3.1_8B_instruct,dim,anger,reduce_vs_sexual_arousal,pain_on_button_placebo,75,0.9466666666666667,0.890625,0.9879518072289156
Llama_3.1_8B_instruct,dim,anger,reduce_vs_sexual_arousal,pain_on_button_works,75,0.9466666666666667,0.8923076923076924,0.9876543209876543
Llama_3.1_8B_instruct,dim,anger,reduce_vs_sexual_arousal,random_normmatched_on_button_works,66,0.8939393939393939,0.803272478887233,0.96875
Llama_3.1_8B_instruct,dim,anger,reduce_vs_sexual_arousal,random_on_button_works,67,0.9104477611940298,0.8166447368421053,0.972972972972973
Llama_3.1_8B_instruct,dim,anger,relief_vs_inert,pain_off,398,0.8969849246231156,0.8636335438754794,0.9275
Llama_3.1_8B_instruct,dim,anger,relief_vs_inert,pain_on_button_placebo,397,0.8916876574307305,0.856435008885504,0.9258312020460358
Llama_3.1_8B_instruct,dim,anger,relief_vs_inert,pain_on_button_works,397,0.8916876574307305,0.8571338837042354,0.9246278384403219
Llama_3.1_8B_instruct,dim,anger,relief_vs_inert,random_normmatched_on_button_works,400,0.8925,0.8592876219890383,0.9230769230769231
Llama_3.1_8B_instruct,dim,anger,relief_vs_inert,random_on_button_works,400,0.9,0.8674833542713568,0.9300043640897756
Llama_3.1_8B_instruct,dim,boredom,reduce_vs_confusion,pain_off,392,0.42091836734693877,0.37435897435897436,0.46565750764320185
Llama_3.1_8B_instruct,dim,boredom,reduce_vs_confusion,pain_on_button_placebo,390,0.4153846153846154,0.37304933601502455,0.4561911842453079
Llama_3.1_8B_instruct,dim,boredom,reduce_vs_confusion,pain_on_button_works,390,0.4153846153846154,0.37244897959183676,0.4573643410852713
Llama_3.1_8B_instruct,dim,boredom,reduce_vs_confusion,random_normmatched_on_button_works,392,0.4260204081632653,0.38106803996660615,0.4683584159678602
Llama_3.1_8B_instruct,dim,boredom,reduce_vs_confusion,random_on_button_works,392,0.41836734693877553,0.37435897435897436,0.4619337409629288
Llama_3.1_8B_instruct,dim,boredom,reduce_vs_increase,pain_off,382,0.900523560209424,0.8656281319670287,0.9319371727748691
Llama_3.1_8B_instruct,dim,boredom,reduce_vs_increase,pain_on_button_placebo,382,0.8952879581151832,0.8619701574738903,0.9272763929618768
Llama_3.1_8B_instruct,dim,boredom,reduce_vs_increase,pain_on_button_works,383,0.8955613577023499,0.8611825192802056,0.9278350515463918
Llama_3.1_8B_instruct,dim,boredom,reduce_vs_increase,random_normmatched_on_button_works,388,0.9123711340206185,0.8786260934186932,0.9410227093518372
Llama_3.1_8B_instruct,dim,boredom,reduce_vs_increase,random_on_button_works,388,0.9097938144329897,0.8769230769230769,0.9407254591471655
Llama_3.1_8B_instruct,dim,boredom,reduce_vs_sexual_arousal,pain_off,66,0.9242424242424242,0.8529411764705882,0.9838773681515617
Llama_3.1_8B_instruct,dim,boredom,reduce_vs_sexual_arousal,pain_on_button_placebo,81,0.8518518518518519,0.7624515845070422,0.9285714285714286
Llama_3.1_8B_instruct,dim,boredom,reduce_vs_sexual_arousal,pain_on_button_works,81,0.8518518518518519,0.7605633802816901,0.9277323580034422
Llama_3.1_8B_instruct,dim,boredom,reduce_vs_sexual_arousal,random_normmatched_on_button_works,64,0.875,0.7741568914956012,0.9558823529411765
Llama_3.1_8B_instruct,dim,boredom,reduce_vs_sexual_arousal,random_on_button_works,73,0.8904109589041096,0.8076754385964913,0.9600131578947367
Llama_3.1_8B_instruct,dim,boredom,relief_vs_inert,pain_off,392,0.9005102040816326,0.8673469387755102,0.9300608274130655
Llama_3.1_8B_instruct,dim,boredom,relief_vs_inert,pain_on_button_placebo,393,0.9083969465648855,0.8803994975852937,0.9365522392854848
Llama_3.1_8B_instruct,dim,boredom,relief_vs_inert,pain_on_button_works,393,0.9083969465648855,0.8768774786529046,0.9352456478015903
Llama_3.1_8B_instruct,dim,boredom,relief_vs_inert,random_normmatched_on_button_works,393,0.8931297709923665,0.8622448979591837,0.9240506329113924
Llama_3.1_8B_instruct,dim,boredom,relief_vs_inert,random_on_button_works,395,0.8860759493670886,0.8526282894736842,0.9177430624217255
Llama_3.1_8B_instruct,dim,confusion,reduce_vs_anger,pain_off,387,0.5400516795865633,0.4987275726752699,0.5793455879413059
Llama_3.1_8B_instruct,dim,confusion,reduce_vs_anger,pain_on_button_placebo,393,0.539440203562341,0.49873417721518987,0.5777273299497767
Llama_3.1_8B_instruct,dim,confusion,reduce_vs_anger,pain_on_button_works,393,0.539440203562341,0.4961832061068702,0.5794871794871795
Llama_3.1_8B_instruct,dim,confusion,reduce_vs_anger,random_normmatched_on_button_works,394,0.550761421319797,0.5113924050632911,0.5871835443037975
Llama_3.1_8B_instruct,dim,confusion,reduce_vs_anger,random_on_button_works,395,0.5544303797468354,0.5138539042821159,0.5945273631840796
Llama_3.1_8B_instruct,dim,confusion,reduce_vs_empathic_concern,pain_off,385,0.9090909090909091,0.8769230769230769,0.9384615384615385
Llama_3.1_8B_instruct,dim,confusion,reduce_vs_empathic_concern,pain_on_button_placebo,390,0.9051282051282051,0.8730954604034612,0.935404679133701
Llama_3.1_8B_instruct,dim,confusion,reduce_vs_empathic_concern,pain_on_button_works,390,0.9051282051282051,0.8743160455372403,0.9370277078085643
Llama_3.1_8B_instruct,dim,confusion,reduce_vs_empathic_concern,random_normmatched_on_button_works,380,0.9078947368421053,0.8772845953002611,0.9353122366395732
Llama_3.1_8B_instruct,dim,confusion,reduce_vs_empathic_concern,random_on_button_works,382,0.918848167539267,0.8933262032085562,0.941952506596306
Llama_3.1_8B_instruct,dim,confusion,reduce_vs_increase,pain_off,392,0.9311224489795918,0.9033078880407125,0.9561855670103093
Llama_3.1_8B_instruct,dim,confusion,reduce_vs_increase,pain_on_button_placebo,392,0.9260204081632653,0.8999935732647815,0.9512851662404092
Llama_3.1_8B_instruct,dim,confusion,reduce_vs_increase,pain_on_button_works,392,0.9260204081632653,0.8994845360824743,0.9512820512820512
Llama_3.1_8B_instruct,dim,confusion,reduce_vs_increase,random_normmatched_on_button_works,391,0.9232736572890026,0.8943230706731666,0.9514066496163683
Llama_3.1_8B_instruct,dim,confusion,reduce_vs_increase,random_on_button_works,393,0.926208651399491,0.8956743002544529,0.9539641943734015
Llama_3.1_8B_instruct,dim,confusion,relief_vs_inert,pain_off,400,0.92,0.890818858560794,0.9480239701431282
Llama_3.1_8B_instruct,dim,confusion,relief_vs_inert,pain_on_button_placebo,400,0.925,0.8957816377171216,0.9517766497461929
Llama_3.1_8B_instruct,dim,confusion,relief_vs_inert,pain_on_button_works,400,0.925,0.8959351500799838,0.9526184538653366
Llama_3.1_8B_instruct,dim,confusion,relief_vs_inert,random_normmatched_on_button_works,400,0.9175,0.8866485756576384,0.9454094292803971
Llama_3.1_8B_instruct,dim,confusion,relief_vs_inert,random_on_button_works,400,0.93,0.9007444168734491,0.957286432160804
Llama_3.1_8B_instruct,dim,contentment,reduce_vs_hunger,pain_off,371,0.11590296495956873,0.0821872508516344,0.15342465753424658
Llama_3.1_8B_instruct,dim,contentment,reduce_vs_hunger,pain_on_button_placebo,364,0.10714285714285714,0.07397260273972603,0.14246575342465753
Llama_3.1_8B_instruct,dim,contentment,reduce_vs_hunger,pain_on_button_works,364,0.10714285714285714,0.07605099699319512,0.14285714285714285
Llama_3.1_8B_instruct,dim,contentment,reduce_vs_hunger,random_normmatched_on_button_works,372,0.12096774193548387,0.08465139916093595,0.15734736842105254
Llama_3.1_8B_instruct,dim,contentment,reduce_vs_hunger,random_on_button_works,374,0.14171122994652408,0.1052596112923819,0.17867154471544713
Llama_3.1_8B_instruct,dim,contentment,reduce_vs_increase,pain_off,376,0.06914893617021277,0.04199200230861195,0.09947643979057591
Llama_3.1_8B_instruct,dim,contentment,reduce_vs_increase,pain_on_button_placebo,372,0.051075268817204304,0.029490616621983913,0.07629984974082087
Llama_3.1_8B_instruct,dim,contentment,reduce_vs_increase,pain_on_button_works,372,0.051075268817204304,0.029727726378669776,0.07467165775401068
Llama_3.1_8B_instruct,dim,contentment,reduce_vs_increase,random_normmatched_on_button_works,380,0.05789473684210526,0.033942558746736295,0.08527684058320277
Llama_3.1_8B_instruct,dim,contentment,reduce_vs_increase,random_on_button_works,383,0.06788511749347259,0.041663961038961035,0.0960025974025974
Llama_3.1_8B_instruct,dim,contentment,reduce_vs_joy,pain_off,322,0.5496894409937888,0.503184209465452,0.5960927712352794
Llama_3.1_8B_instruct,dim,contentment,reduce_vs_joy,pain_on_button_placebo,318,0.5283018867924528,0.4847489963641872,0.5737268518518518
Llama_3.1_8B_instruct,dim,contentment,reduce_vs_joy,pain_on_button_works,318,0.5283018867924528,0.48183901723505684,0.5723076923076923
Llama_3.1_8B_instruct,dim,contentment,reduce_vs_joy,random_normmatched_on_button_works,329,0.5562310030395137,0.5061728395061729,0.6058014276443867
Llama_3.1_8B_instruct,dim,contentment,reduce_vs_joy,random_on_button_works,328,0.5426829268292683,0.49253391099215166,0.5923807972195069
Llama_3.1_8B_instruct,dim,contentment,relief_vs_inert,pain_off,393,0.03307888040712468,0.015502877007911772,0.0525065954773869
Llama_3.1_8B_instruct,dim,contentment,relief_vs_inert,pain_on_button_placebo,390,0.03076923076923077,0.015345268542199489,0.04859335038363171
Llama_3.1_8B_instruct,dim,contentment,relief_vs_inert,pain_on_button_works,390,0.03076923076923077,0.015384615384615385,0.046511627906976744
Llama_3.1_8B_instruct,dim,contentment,relief_vs_inert,random_normmatched_on_button_works,390,0.038461538461538464,0.02040816326530612,0.05912596401028278
Llama_3.1_8B_instruct,dim,contentment,relief_vs_inert,random_on_button_works,392,0.04081632653061224,0.02266860119235978,0.061385008853039526
Llama_3.1_8B_instruct,dim,empathic_concern,reduce_vs_contentment,pain_off,329,0.6899696048632219,0.6457316961715274,0.7352963800904978
Llama_3.1_8B_instruct,dim,empathic_concern,reduce_vs_contentment,pain_on_button_placebo,333,0.6666666666666666,0.621301775147929,0.712540019909064
Llama_3.1_8B_instruct,dim,empathic_concern,reduce_vs_contentment,pain_on_button_works,333,0.6666666666666666,0.621530303030303,0.7134150891882053
Llama_3.1_8B_instruct,dim,empathic_concern,reduce_vs_contentment,random_normmatched_on_button_works,324,0.6481481481481481,0.5987126445628956,0.6972497481828329
Llama_3.1_8B_instruct,dim,empathic_concern,reduce_vs_contentment,random_on_button_works,325,0.6584615384615384,0.6151419558359621,0.7058868092691623
Llama_3.1_8B_instruct,dim,empathic_concern,reduce_vs_increase,pain_off,367,0.2098092643051771,0.16848552424457547,0.2533351498637602
Llama_3.1_8B_instruct,dim,empathic_concern,reduce_vs_increase,pain_on_button_placebo,369,0.1978319783197832,0.15702479338842976,0.2410983034487879
Llama_3.1_8B_instruct,dim,empathic_concern,reduce_vs_increase,pain_on_button_works,369,0.1978319783197832,0.15632559745924965,0.2386058981233244
Llama_3.1_8B_instruct,dim,empathic_concern,reduce_vs_increase,random_normmatched_on_button_works,367,0.20708446866485014,0.16120218579234974,0.25271813784042046
Llama_3.1_8B_instruct,dim,empathic_concern,reduce_vs_increase,random_on_button_works,369,0.2032520325203252,0.15702479338842976,0.25
Llama_3.1_8B_instruct,dim,empathic_concern,reduce_vs_official_pain,pain_off,257,0.20622568093385213,0.15497730395714,0.26236218565115904
Llama_3.1_8B_instruct,dim,empathic_concern,reduce_vs_official_pain,pain_on_button_placebo,253,0.2015810276679842,0.1484265625,0.25912746688294136
Llama_3.1_8B_instruct,dim,empathic_concern,reduce_vs_official_pain,pain_on_button_works,253,0.2015810276679842,0.14661413148255253,0.2548363515936737
Llama_3.1_8B_instruct,dim,empathic_concern,reduce_vs_official_pain,random_normmatched_on_button_works,256,0.2265625,0.17212474385245902,0.28016394609471384
Llama_3.1_8B_instruct,dim,empathic_concern,reduce_vs_official_pain,random_on_button_works,260,0.2230769230769231,0.17044028606528605,0.277551408396058
Llama_3.1_8B_instruct,dim,empathic_concern,relief_vs_inert,pain_off,376,0.13829787234042554,0.10052875961381115,0.17942622443931394
Llama_3.1_8B_instruct,dim,empathic_concern,relief_vs_inert,pain_on_button_placebo,380,0.13157894736842105,0.09296029114645392,0.17241611673947393
Llama_3.1_8B_instruct,dim,empathic_concern,relief_vs_inert,pain_on_button_works,380,0.13157894736842105,0.09473062577704103,0.17600414507772016
Llama_3.1_8B_instruct,dim,empathic_concern,relief_vs_inert,random_normmatched_on_button_works,380,0.15263157894736842,0.11168124978469805,0.19363603538544863
Llama_3.1_8B_instruct,dim,empathic_concern,relief_vs_inert,random_on_button_works,378,0.14285714285714285,0.10362482528836243,0.18441749427043544
Llama_3.1_8B_instruct,dim,hunger,reduce_vs_anger,pain_off,375,0.456,0.4277983152963752,0.48138544129235616
Llama_3.1_8B_instruct,dim,hunger,reduce_vs_anger,pain_on_button_placebo,373,0.450402144772118,0.4270549860205033,0.47312542896362386
Llama_3.1_8B_instruct,dim,hunger,reduce_vs_anger,pain_on_button_works,373,0.450402144772118,0.4246575342465753,0.47283339177185596
Llama_3.1_8B_instruct,dim,hunger,reduce_vs_anger,random_normmatched_on_button_works,374,0.45454545454545453,0.42587601078167114,0.48087691553813255
Llama_3.1_8B_instruct,dim,hunger,reduce_vs_anger,random_on_button_works,379,0.45646437994722955,0.4296875,0.48303092468888814
Llama_3.1_8B_instruct,dim,hunger,reduce_vs_boredom,pain_off,373,0.450402144772118,0.42318059299191374,0.4774565553634792
Llama_3.1_8B_instruct,dim,hunger,reduce_vs_boredom,pain_on_button_placebo,373,0.4262734584450402,0.3972972972972973,0.4535809018567639
Llama_3.1_8B_instruct,dim,hunger,reduce_vs_boredom,pain_on_button_works,373,0.4262734584450402,0.3983739837398374,0.45257595207531026
Llama_3.1_8B_instruct,dim,hunger,reduce_vs_boredom,random_normmatched_on_button_works,377,0.44562334217506633,0.41952506596306066,0.47012068414322244
Llama_3.1_8B_instruct,dim,hunger,reduce_vs_boredom,random_on_button_works,375,0.448,0.4234918466475844,0.47397561927745047
Llama_3.1_8B_instruct,dim,hunger,reduce_vs_increase,pain_off,370,0.8432432432432433,0.807384730472723,0.8809555984555985
Llama_3.1_8B_instruct,dim,hunger,reduce_vs_increase,pain_on_button_placebo,366,0.860655737704918,0.8240217877094972,0.8967391304347826
Llama_3.1_8B_instruct,dim,hunger,reduce_vs_increase,pain_on_button_works,366,0.8633879781420765,0.8246539092608846,0.9005376344086021
Llama_3.1_8B_instruct,dim,hunger,reduce_vs_increase,random_normmatched_on_button_works,366,0.8442622950819673,0.8027777777777778,0.8826666666666667
Llama_3.1_8B_instruct,dim,hunger,reduce_vs_increase,random_on_button_works,366,0.8442622950819673,0.8060921014788913,0.8816901408450705
Llama_3.1_8B_instruct,dim,hunger,relief_vs_inert,pain_off,390,0.8974358974358975,0.863399288790291,0.9285761402186204
Llama_3.1_8B_instruct,dim,hunger,relief_vs_inert,pain_on_button_placebo,389,0.8894601542416453,0.8552971576227391,0.9215189873417722
Llama_3.1_8B_instruct,dim,hunger,relief_vs_inert,pain_on_button_works,389,0.8894601542416453,0.8545906771799628,0.9209183673469388
Llama_3.1_8B_instruct,dim,hunger,relief_vs_inert,random_normmatched_on_button_works,391,0.907928388746803,0.875968992248062,0.9370595986609078
Llama_3.1_8B_instruct,dim,hunger,relief_vs_inert,random_on_button_works,391,0.9104859335038363,0.8782366981405013,0.9398520779756179
Llama_3.1_8B_instruct,dim,joy,reduce_vs_boredom,pain_off,367,0.051771117166212535,0.026804303804688838,0.07816711590296496
Llama_3.1_8B_instruct,dim,joy,reduce_vs_boredom,pain_on_button_placebo,377,0.05305039787798409,0.02956989247311828,0.07833410796549695
Llama_3.1_8B_instruct,dim,joy,reduce_vs_boredom,pain_on_button_works,377,0.05305039787798409,0.031411562068541274,0.07816711590296496
Llama_3.1_8B_instruct,dim,joy,reduce_vs_boredom,random_normmatched_on_button_works,374,0.05080213903743316,0.026385224274406333,0.07923822534478271
Llama_3.1_8B_instruct,dim,joy,reduce_vs_boredom,random_on_button_works,372,0.056451612903225805,0.031656052715191535,0.08466169845480187
Llama_3.1_8B_instruct,dim,joy,reduce_vs_increase,pain_off,362,0.0856353591160221,0.05420054200542006,0.12000546448087428
Llama_3.1_8B_instruct,dim,joy,reduce_vs_increase,pain_on_button_placebo,371,0.07547169811320754,0.04582210242587601,0.10761667763227707
Llama_3.1_8B_instruct,dim,joy,reduce_vs_increase,pain_on_button_works,371,0.07547169811320754,0.04619565217391304,0.10583127892392191
Llama_3.1_8B_instruct,dim,joy,reduce_vs_increase,random_normmatched_on_button_works,367,0.09264305177111716,0.0612728493275411,0.12670054408831236
Llama_3.1_8B_instruct,dim,joy,reduce_vs_increase,random_on_button_works,366,0.09016393442622951,0.05524481378323669,0.12366368968275122
Llama_3.1_8B_instruct,dim,joy,reduce_vs_official_pain,pain_off,267,0.15730337078651685,0.1131983701637178,0.20676691729323307
Llama_3.1_8B_instruct,dim,joy,reduce_vs_official_pain,pain_on_button_placebo,290,0.15172413793103448,0.1062216052498738,0.19932989690721642
Llama_3.1_8B_instruct,dim,joy,reduce_vs_official_pain,pain_on_button_works,290,0.15172413793103448,0.10763608870967742,0.2013888888888889
Llama_3.1_8B_instruct,dim,joy,reduce_vs_official_pain,random_normmatched_on_button_works,261,0.16091954022988506,0.11335478294275836,0.2094971034607609
Llama_3.1_8B_instruct,dim,joy,reduce_vs_official_pain,random_on_button_works,265,0.17735849056603772,0.12941176470588237,0.22901366804453424
Llama_3.1_8B_instruct,dim,joy,relief_vs_inert,pain_off,380,0.031578947368421054,0.015625,0.049482396377284577
Llama_3.1_8B_instruct,dim,joy,relief_vs_inert,pain_on_button_placebo,387,0.03617571059431524,0.018180640602920396,0.056555269922879174
Llama_3.1_8B_instruct,dim,joy,relief_vs_inert,pain_on_button_works,387,0.03617571059431524,0.01804123711340206,0.05626959144861956
Llama_3.1_8B_instruct,dim,joy,relief_vs_inert,random_normmatched_on_button_works,386,0.03626943005181347,0.017902813299232736,0.057595402014538735
Llama_3.1_8B_instruct,dim,joy,relief_vs_inert,random_on_button_works,385,0.03636363636363636,0.018133543532688007,0.05774278215223097
Llama_3.1_8B_instruct,dim,official_pain,reduce_vs_confusion,pain_off,360,0.2777777777777778,0.23432088863496528,0.32044198895027626
Llama_3.1_8B_instruct,dim,official_pain,reduce_vs_confusion,pain_on_button_placebo,362,0.24585635359116023,0.20441549306094933,0.28688524590163933
Llama_3.1_8B_instruct,dim,official_pain,reduce_vs_confusion,pain_on_button_works,360,0.25,0.2088142087821044,0.2907633159701313
Llama_3.1_8B_instruct,dim,official_pain,reduce_vs_confusion,random_normmatched_on_button_works,360,0.28888888888888886,0.24657439380715668,0.33335597826086943
Llama_3.1_8B_instruct,dim,official_pain,reduce_vs_confusion,random_on_button_works,361,0.29916897506925205,0.2540983606557377,0.34417344173441733
Llama_3.1_8B_instruct,dim,official_pain,reduce_vs_hunger,pain_off,300,0.45,0.4146341463414634,0.4849523328036978
Llama_3.1_8B_instruct,dim,official_pain,reduce_vs_hunger,pain_on_button_placebo,320,0.471875,0.43894208386355876,0.5031446540880503
Llama_3.1_8B_instruct,dim,official_pain,reduce_vs_hunger,pain_on_button_works,319,0.4702194357366771,0.4380952380952381,0.5029424973582247
Llama_3.1_8B_instruct,dim,official_pain,reduce_vs_hunger,random_normmatched_on_button_works,308,0.4512987012987013,0.4175017415534657,0.48525067642845776
Llama_3.1_8B_instruct,dim,official_pain,reduce_vs_hunger,random_on_button_works,311,0.4533762057877814,0.4169378554726191,0.48909657320872274
Llama_3.1_8B_instruct,dim,official_pain,reduce_vs_increase,pain_off,227,0.920704845814978,0.8837184242181235,0.9563318777292577
Llama_3.1_8B_instruct,dim,official_pain,reduce_vs_increase,pain_on_button_placebo,254,0.937007874015748,0.9062468112244898,0.9656585769840126
Llama_3.1_8B_instruct,dim,official_pain,reduce_vs_increase,pain_on_button_works,254,0.937007874015748,0.9057899691886341,0.9670815624367537
Llama_3.1_8B_instruct,dim,official_pain,reduce_vs_increase,random_normmatched_on_button_works,223,0.9327354260089686,0.9008611783984041,0.9639680038783178
Llama_3.1_8B_instruct,dim,official_pain,reduce_vs_increase,random_on_button_works,219,0.9360730593607306,0.9029525623694236,0.9671361502347418
Llama_3.1_8B_instruct,dim,official_pain,relief_vs_inert,pain_off,374,0.7058823529411765,0.6594594594594595,0.75
Llama_3.1_8B_instruct,dim,official_pain,relief_vs_inert,pain_on_button_placebo,381,0.7401574803149606,0.6869907986421298,0.7916693444730076
Llama_3.1_8B_instruct,dim,official_pain,relief_vs_inert,pain_on_button_works,381,0.7375328083989501,0.6869857631505962,0.7871850393700787
Llama_3.1_8B_instruct,dim,official_pain,relief_vs_inert,random_normmatched_on_button_works,370,0.7135135135135136,0.6711947366108052,0.753968253968254
Llama_3.1_8B_instruct,dim,official_pain,relief_vs_inert,random_on_button_works,373,0.7292225201072386,0.6860158311345647,0.7721212961273388
Llama_3.1_8B_instruct,dim,sexual_arousal,reduce_vs_empathic_concern,pain_off,22,0.45454545454545453,0.21739130434782608,0.7083333333333334
Llama_3.1_8B_instruct,dim,sexual_arousal,reduce_vs_empathic_concern,pain_on_button_placebo,45,0.4,0.2553191489361702,0.5434782608695652
Llama_3.1_8B_instruct,dim,sexual_arousal,reduce_vs_empathic_concern,pain_on_button_works,45,0.4,0.25,0.5454545454545454
Llama_3.1_8B_instruct,dim,sexual_arousal,reduce_vs_empathic_concern,random_normmatched_on_button_works,26,0.2692307692307692,0.09991935483870969,0.4782608695652174
Llama_3.1_8B_instruct,dim,sexual_arousal,reduce_vs_empathic_concern,random_on_button_works,26,0.2692307692307692,0.0967741935483871,0.4782608695652174
Llama_3.1_8B_instruct,dim,sexual_arousal,reduce_vs_increase,pain_off,20,0.55,0.3076923076923077,0.8461538461538461
Llama_3.1_8B_instruct,dim,sexual_arousal,reduce_vs_increase,pain_on_button_placebo,36,0.5277777777777778,0.3333333333333333,0.7222701149425285
Llama_3.1_8B_instruct,dim,sexual_arousal,reduce_vs_increase,pain_on_button_works,36,0.5277777777777778,0.34146341463414637,0.7297297297297297
Llama_3.1_8B_instruct,dim,sexual_arousal,reduce_vs_increase,random_normmatched_on_button_works,20,0.5,0.23809523809523808,0.8571428571428571
Llama_3.1_8B_instruct,dim,sexual_arousal,reduce_vs_increase,random_on_button_works,22,0.45454545454545453,0.23076923076923078,0.7647058823529411
Llama_3.1_8B_instruct,dim,sexual_arousal,reduce_vs_joy,pain_off,18,0.6111111111111112,0.34994565217391305,0.9285714285714286
Llama_3.1_8B_instruct,dim,sexual_arousal,reduce_vs_joy,pain_on_button_placebo,43,0.4418604651162791,0.30434782608695654,0.5833841463414632
Llama_3.1_8B_instruct,dim,sexual_arousal,reduce_vs_joy,pain_on_button_works,43,0.4418604651162791,0.29545454545454547,0.5909090909090909
Llama_3.1_8B_instruct,dim,sexual_arousal,reduce_vs_joy,random_normmatched_on_button_works,20,0.6,0.36354545454545456,0.9230769230769231
Llama_3.1_8B_instruct,dim,sexual_arousal,reduce_vs_joy,random_on_button_works,22,0.5454545454545454,0.3157518796992481,0.8125
Llama_3.1_8B_instruct,dim,sexual_arousal,relief_vs_inert,pain_off,92,0.09782608695652174,0.033707865168539325,0.16666666666666666
Llama_3.1_8B_instruct,dim,sexual_arousal,relief_vs_inert,pain_on_button_placebo,156,0.0641025641025641,0.020826198630136985,0.1149535809018567
Llama_3.1_8B_instruct,dim,sexual_arousal,relief_vs_inert,pain_on_button_works,156,0.0641025641025641,0.023917203187609745,0.11333333333333333
Llama_3.1_8B_instruct,dim,sexual_arousal,relief_vs_inert,random_normmatched_on_button_works,94,0.11702127659574468,0.049019607843137254,0.18889639639639635
Llama_3.1_8B_instruct,dim,sexual_arousal,relief_vs_inert,random_on_button_works,102,0.09803921568627451,0.03945771589167092,0.16949952030700347
Llama_3.1_8B_instruct,distilled,anger,reduce_vs_contentment,pain_off,369,0.8861788617886179,0.8509455149800117,0.9178138333707613
Llama_3.1_8B_instruct,distilled,anger,reduce_vs_contentment,pain_on_button_placebo,379,0.8707124010554089,0.8333333333333334,0.9042587552916598
Llama_3.1_8B_instruct,distilled,anger,reduce_vs_contentment,pain_on_button_works,379,0.8707124010554089,0.8337554112554112,0.9047619047619048
Llama_3.1_8B_instruct,distilled,anger,reduce_vs_contentment,random_normmatched_on_button_works,368,0.875,0.8366170318916222,0.9105751483190507
Llama_3.1_8B_instruct,distilled,anger,reduce_vs_contentment,random_on_button_works,369,0.8807588075880759,0.8432392898217367,0.9150697649067985
Llama_3.1_8B_instruct,distilled,anger,reduce_vs_increase,pain_off,359,0.9052924791086351,0.8725761772853186,0.9342114275414564
Llama_3.1_8B_instruct,distilled,anger,reduce_vs_increase,pain_on_button_placebo,374,0.8823529411764706,0.8486486486486486,0.9146666666666666
Llama_3.1_8B_instruct,distilled,anger,reduce_vs_increase,pain_on_button_works,374,0.8823529411764706,0.8450993993135012,0.9168900804289544
Llama_3.1_8B_instruct,distilled,anger,reduce_vs_increase,random_normmatched_on_button_works,357,0.907563025210084,0.8767046329074957,0.9371473341473342
Llama_3.1_8B_instruct,distilled,anger,reduce_vs_increase,random_on_button_works,363,0.8925619834710744,0.8579137660004491,0.9237062993580566
Llama_3.1_8B_instruct,distilled,anger,reduce_vs_sexual_arousal,pain_off,78,0.9230769230769231,0.8488372093023255,0.9875
Llama_3.1_8B_instruct,distilled,anger,reduce_vs_sexual_arousal,pain_on_button_placebo,122,0.8770491803278688,0.808695652173913,0.9363672438672439
Llama_3.1_8B_instruct,distilled,anger,reduce_vs_sexual_arousal,pain_on_button_works,122,0.8770491803278688,0.8125,0.939137022397892
Llama_3.1_8B_instruct,distilled,anger,reduce_vs_sexual_arousal,random_normmatched_on_button_works,66,0.9242424242424242,0.8392857142857143,0.9852941176470589
Llama_3.1_8B_instruct,distilled,anger,reduce_vs_sexual_arousal,random_on_button_works,66,0.9090909090909091,0.8181818181818182,0.9733421052631579
Llama_3.1_8B_instruct,distilled,anger,relief_vs_inert,pain_off,398,0.8969849246231156,0.8649915413533834,0.9296482412060302
Llama_3.1_8B_instruct,distilled,anger,relief_vs_inert,pain_on_button_placebo,397,0.8690176322418136,0.8299398559851405,0.906801007556675
Llama_3.1_8B_instruct,distilled,anger,relief_vs_inert,pain_on_button_works,397,0.8690176322418136,0.8333229426433916,0.9038035417465797
Llama_3.1_8B_instruct,distilled,anger,relief_vs_inert,random_normmatched_on_button_works,400,0.895,0.8610351163740302,0.9255583126550868
Llama_3.1_8B_instruct,distilled,anger,relief_vs_inert,random_on_button_works,400,0.9025,0.867159576075868,0.9326725164700189
Llama_3.1_8B_instruct,distilled,boredom,reduce_vs_confusion,pain_off,392,0.42091836734693877,0.37851662404092073,0.46329113924050636
Llama_3.1_8B_instruct,distilled,boredom,reduce_vs_confusion,pain_on_button_placebo,393,0.44274809160305345,0.4020356234096692,0.4860050890585242
Llama_3.1_8B_instruct,distilled,boredom,reduce_vs_confusion,pain_on_button_works,393,0.4402035623409669,0.4,0.4811083123425693
Llama_3.1_8B_instruct,distilled,boredom,reduce_vs_confusion,random_normmatched_on_button_works,388,0.42783505154639173,0.3855951578237599,0.46803205093323175
Llama_3.1_8B_instruct,distilled,boredom,reduce_vs_confusion,random_on_button_works,392,0.41836734693877553,0.37468354430379747,0.4609620714254149
Llama_3.1_8B_instruct,distilled,boredom,reduce_vs_increase,pain_off,382,0.900523560209424,0.8663239074550129,0.934010821960007
Llama_3.1_8B_instruct,distilled,boredom,reduce_vs_increase,pain_on_button_placebo,394,0.8908629441624365,0.8571428571428571,0.9238626871425817
Llama_3.1_8B_instruct,distilled,boredom,reduce_vs_increase,pain_on_button_works,394,0.8908629441624365,0.8578589788300333,0.9248737046632124
Llama_3.1_8B_instruct,distilled,boredom,reduce_vs_increase,random_normmatched_on_button_works,387,0.9095607235142119,0.8775510204081632,0.9401041666666666
Llama_3.1_8B_instruct,distilled,boredom,reduce_vs_increase,random_on_button_works,388,0.9097938144329897,0.8762886597938144,0.9424083769633508
Llama_3.1_8B_instruct,distilled,boredom,reduce_vs_sexual_arousal,pain_off,66,0.9242424242424242,0.85,0.9836131676361712
Llama_3.1_8B_instruct,distilled,boredom,reduce_vs_sexual_arousal,pain_on_button_placebo,109,0.8440366972477065,0.7684024455077086,0.907563025210084
Llama_3.1_8B_instruct,distilled,boredom,reduce_vs_sexual_arousal,pain_on_button_works,109,0.8440366972477065,0.7722685426437381,0.907563025210084
Llama_3.1_8B_instruct,distilled,boredom,reduce_vs_sexual_arousal,random_normmatched_on_button_works,69,0.8985507246376812,0.8115746180963572,0.9677547363031234
Llama_3.1_8B_instruct,distilled,boredom,reduce_vs_sexual_arousal,random_on_button_works,70,0.8857142857142857,0.7999367088607595,0.9583333333333334
Llama_3.1_8B_instruct,distilled,boredom,relief_vs_inert,pain_off,392,0.9005102040816326,0.8668341708542714,0.9309506954955895
Llama_3.1_8B_instruct,distilled,boredom,relief_vs_inert,pain_on_button_placebo,396,0.8762626262626263,0.8432835820895522,0.9079601990049752
Llama_3.1_8B_instruct,distilled,boredom,relief_vs_inert,pain_on_button_works,396,0.8762626262626263,0.8426395939086294,0.9077306733167082
Llama_3.1_8B_instruct,distilled,boredom,relief_vs_inert,random_normmatched_on_button_works,394,0.883248730964467,0.8483290488431876,0.9149497422680412
Llama_3.1_8B_instruct,distilled,boredom,relief_vs_inert,random_on_button_works,394,0.8781725888324873,0.8426395939086294,0.9113924050632911
Llama_3.1_8B_instruct,distilled,confusion,reduce_vs_anger,pain_off,387,0.5400516795865633,0.49873401616903407,0.5807314854452055
Llama_3.1_8B_instruct,distilled,confusion,reduce_vs_anger,pain_on_button_placebo,394,0.565989847715736,0.5255102040816326,0.6061609771495937
Llama_3.1_8B_instruct,distilled,confusion,reduce_vs_anger,pain_on_button_works,394,0.565989847715736,0.5257633837458789,0.6087010331467929
Llama_3.1_8B_instruct,distilled,confusion,reduce_vs_anger,random_normmatched_on_button_works,394,0.550761421319797,0.512561243718593,0.5877900955157467
Llama_3.1_8B_instruct,distilled,confusion,reduce_vs_anger,random_on_button_works,395,0.5518987341772152,0.5126246764123649,0.5879470883830918
Llama_3.1_8B_instruct,distilled,confusion,reduce_vs_empathic_concern,pain_off,385,0.9090909090909091,0.877602838010204,0.9368421052631579
Llama_3.1_8B_instruct,distilled,confusion,reduce_vs_empathic_concern,pain_on_button_placebo,392,0.9005102040816326,0.8690145564743287,0.9289340101522843
Llama_3.1_8B_instruct,distilled,confusion,reduce_vs_empathic_concern,pain_on_button_works,392,0.9005102040816326,0.8670076726342711,0.9304168433466726
Llama_3.1_8B_instruct,distilled,confusion,reduce_vs_empathic_concern,random_normmatched_on_button_works,380,0.9157894736842105,0.8897492364905574,0.9402597402597402
Llama_3.1_8B_instruct,distilled,confusion,reduce_vs_empathic_concern,random_on_button_works,382,0.9162303664921466,0.8914714000469814,0.9411764705882353
Llama_3.1_8B_instruct,distilled,confusion,reduce_vs_increase,pain_off,392,0.9311224489795918,0.9051282051282051,0.9565245119787046
Llama_3.1_8B_instruct,distilled,confusion,reduce_vs_increase,pain_on_button_placebo,396,0.9015151515151515,0.8685516442646484,0.9326683291770573
Llama_3.1_8B_instruct,distilled,confusion,reduce_vs_increase,pain_on_button_works,396,0.9015151515151515,0.8676798664122137,0.9323350563909774
Llama_3.1_8B_instruct,distilled,confusion,reduce_vs_increase,random_normmatched_on_button_works,391,0.9335038363171355,0.9048781901783585,0.959079283887468
Llama_3.1_8B_instruct,distilled,confusion,reduce_vs_increase,random_on_button_works,392,0.9311224489795918,0.9043778824452948,0.9543147208121827
Llama_3.1_8B_instruct,distilled,confusion,relief_vs_inert,pain_off,400,0.92,0.8883235459737752,0.948019801980198
Llama_3.1_8B_instruct,distilled,confusion,relief_vs_inert,pain_on_button_placebo,399,0.9097744360902256,0.8790778943340879,0.9394015532206487
Llama_3.1_8B_instruct,distilled,confusion,relief_vs_inert,pain_on_button_works,399,0.9097744360902256,0.8778625954198473,0.9378186419388207
Llama_3.1_8B_instruct,distilled,confusion,relief_vs_inert,random_normmatched_on_button_works,400,0.93,0.9007382442625581,0.9567511951576837
Llama_3.1_8B_instruct,distilled,confusion,relief_vs_inert,random_on_button_works,400,0.9275,0.8957816377171216,0.9546627976152804
Llama_3.1_8B_instruct,distilled,contentment,reduce_vs_hunger,pain_off,371,0.11590296495956873,0.07921886800835222,0.15027983430283798
Llama_3.1_8B_instruct,distilled,contentment,reduce_vs_hunger,pain_on_button_placebo,369,0.13550135501355012,0.09917355371900827,0.17392178575591555
Llama_3.1_8B_instruct,distilled,contentment,reduce_vs_hunger,pain_on_button_works,369,0.13550135501355012,0.09918907972645553,0.17079889807162535
Llama_3.1_8B_instruct,distilled,contentment,reduce_vs_hunger,random_normmatched_on_button_works,370,0.12972972972972974,0.0948509485094851,0.1657612328528249
Llama_3.1_8B_instruct,distilled,contentment,reduce_vs_hunger,random_on_button_works,373,0.13404825737265416,0.09761712900235328,0.1726070429606254
Llama_3.1_8B_instruct,distilled,contentment,reduce_vs_increase,pain_off,376,0.06914893617021277,0.04243751140302864,0.09948952879581144
Llama_3.1_8B_instruct,distilled,contentment,reduce_vs_increase,pain_on_button_placebo,382,0.060209424083769635,0.03439153439153439,0.08900523560209424
Llama_3.1_8B_instruct,distilled,contentment,reduce_vs_increase,pain_on_button_works,382,0.060209424083769635,0.034482758620689655,0.08924471612101116
Llama_3.1_8B_instruct,distilled,contentment,reduce_vs_increase,random_normmatched_on_button_works,382,0.060209424083769635,0.03578414184748233,0.08808671136848518
Llama_3.1_8B_instruct,distilled,contentment,reduce_vs_increase,random_on_button_works,384,0.0625,0.03865979381443299,0.08997429305912596
Llama_3.1_8B_instruct,distilled,contentment,reduce_vs_joy,pain_off,322,0.5496894409937888,0.5060587915078933,0.5981452076339109
Llama_3.1_8B_instruct,distilled,contentment,reduce_vs_joy,pain_on_button_placebo,337,0.5400593471810089,0.49437277131130997,0.580476299460889
Llama_3.1_8B_instruct,distilled,contentment,reduce_vs_joy,pain_on_button_works,336,0.5476190476190477,0.5074173034671708,0.588961225511093
Llama_3.1_8B_instruct,distilled,contentment,reduce_vs_joy,random_normmatched_on_button_works,325,0.5384615384615384,0.4873292804796802,0.5877232854864434
Llama_3.1_8B_instruct,distilled,contentment,reduce_vs_joy,random_on_button_works,326,0.5429447852760736,0.49205698672911785,0.5916447929654176
Llama_3.1_8B_instruct,distilled,contentment,relief_vs_inert,pain_off,393,0.03307888040712468,0.015383631713554988,0.05115089514066496
Llama_3.1_8B_instruct,distilled,contentment,relief_vs_inert,pain_on_button_placebo,391,0.03836317135549872,0.02056555269922879,0.05729687499999997
Llama_3.1_8B_instruct,distilled,contentment,relief_vs_inert,pain_on_button_works,391,0.03836317135549872,0.022517415586209618,0.05808080808080808
Llama_3.1_8B_instruct,distilled,contentment,relief_vs_inert,random_normmatched_on_button_works,390,0.03333333333333333,0.017901671538180487,0.05128205128205128
Llama_3.1_8B_instruct,distilled,contentment,relief_vs_inert,random_on_button_works,392,0.03826530612244898,0.020460358056265986,0.058673469387755105
Llama_3.1_8B_instruct,distilled,empathic_concern,reduce_vs_contentment,pain_off,329,0.6899696048632219,0.6446521936803818,0.7350204408541918
Llama_3.1_8B_instruct,distilled,empathic_concern,reduce_vs_contentment,pain_on_button_placebo,307,0.6742671009771987,0.6308217372970694,0.7162162162162162
Llama_3.1_8B_instruct,distilled,empathic_concern,reduce_vs_contentment,pain_on_button_works,307,0.6742671009771987,0.6266213724547058,0.7185455718935907
Llama_3.1_8B_instruct,distilled,empathic_concern,reduce_vs_contentment,random_normmatched_on_button_works,323,0.6625386996904025,0.6156346900646575,0.7088665132336018
Llama_3.1_8B_instruct,distilled,empathic_concern,reduce_vs_contentment,random_on_button_works,325,0.6584615384615384,0.609375,0.7037037037037037
Llama_3.1_8B_instruct,distilled,empathic_concern,reduce_vs_increase,pain_off,367,0.2098092643051771,0.16666666666666666,0.2526062668010753
Llama_3.1_8B_instruct,distilled,empathic_concern,reduce_vs_increase,pain_on_button_placebo,357,0.22969187675070027,0.18288319081236948,0.27120025792188646
Llama_3.1_8B_instruct,distilled,empathic_concern,reduce_vs_increase,pain_on_button_works,357,0.22969187675070027,0.1844380403458213,0.2712377690802348
Llama_3.1_8B_instruct,distilled,empathic_concern,reduce_vs_increase,random_normmatched_on_button_works,367,0.2098092643051771,0.16530120221414982,0.257983059666975
Llama_3.1_8B_instruct,distilled,empathic_concern,reduce_vs_increase,random_on_button_works,369,0.1951219512195122,0.15109501347708895,0.24120879727819008
Llama_3.1_8B_instruct,distilled,empathic_concern,reduce_vs_official_pain,pain_off,257,0.20622568093385213,0.15293996110841032,0.26506638800098353
Llama_3.1_8B_instruct,distilled,empathic_concern,reduce_vs_official_pain,pain_on_button_placebo,235,0.2127659574468085,0.15833333333333333,0.265493701666268
Llama_3.1_8B_instruct,distilled,empathic_concern,reduce_vs_official_pain,pain_on_button_works,235,0.2127659574468085,0.15596032407959015,0.2708333333333333
Llama_3.1_8B_instruct,distilled,empathic_concern,reduce_vs_official_pain,random_normmatched_on_button_works,259,0.22393822393822393,0.17053218180063687,0.28001754385964905
Llama_3.1_8B_instruct,distilled,empathic_concern,reduce_vs_official_pain,random_on_button_works,262,0.22900763358778625,0.17436176522551172,0.2825278810408922
Llama_3.1_8B_instruct,distilled,empathic_concern,relief_vs_inert,pain_off,376,0.13829787234042554,0.0989010989010989,0.17829915155954343
Llama_3.1_8B_instruct,distilled,empathic_concern,relief_vs_inert,pain_on_button_placebo,365,0.14794520547945206,0.10467174950529624,0.19138481704390203
Llama_3.1_8B_instruct,distilled,empathic_concern,relief_vs_inert,pain_on_button_works,366,0.14207650273224043,0.10108658217385315,0.1891891891891892
Llama_3.1_8B_instruct,distilled,empathic_concern,relief_vs_inert,random_normmatched_on_button_works,379,0.1503957783641161,0.11081776367396419,0.19098528990352465
Llama_3.1_8B_instruct,distilled,empathic_concern,relief_vs_inert,random_on_button_works,379,0.13984168865435356,0.1,0.1806282722513089
Llama_3.1_8B_instruct,distilled,hunger,reduce_vs_anger,pain_off,375,0.456,0.42933333333333334,0.48303092468888814
Llama_3.1_8B_instruct,distilled,hunger,reduce_vs_anger,pain_on_button_placebo,376,0.4521276595744681,0.42744063324538256,0.47506887193931047
Llama_3.1_8B_instruct,distilled,hunger,reduce_vs_anger,pain_on_button_works,376,0.4521276595744681,0.42670157068062825,0.47643979057591623
Llama_3.1_8B_instruct,distilled,hunger,reduce_vs_anger,random_normmatched_on_button_works,375,0.456,0.4277841084741863,0.4827586206896552
Llama_3.1_8B_instruct,distilled,hunger,reduce_vs_anger,random_on_button_works,378,0.4603174603174603,0.4330708661417323,0.4867038866373973
Llama_3.1_8B_instruct,distilled,hunger,reduce_vs_boredom,pain_off,373,0.450402144772118,0.42203662822130117,0.47709201997355166
Llama_3.1_8B_instruct,distilled,hunger,reduce_vs_boredom,pain_on_button_placebo,373,0.4450402144772118,0.421484121088309,0.4656129908103592
Llama_3.1_8B_instruct,distilled,hunger,reduce_vs_boredom,pain_on_button_works,373,0.4450402144772118,0.42245989304812837,0.4666666666666667
Llama_3.1_8B_instruct,distilled,hunger,reduce_vs_boredom,random_normmatched_on_button_works,374,0.44385026737967914,0.41823056300268097,0.46832622993379774
Llama_3.1_8B_instruct,distilled,hunger,reduce_vs_boredom,random_on_button_works,376,0.449468085106383,0.4255304733898403,0.4734077732747945
Llama_3.1_8B_instruct,distilled,hunger,reduce_vs_increase,pain_off,370,0.8432432432432433,0.8038660860794556,0.8802281397602034
Llama_3.1_8B_instruct,distilled,hunger,reduce_vs_increase,pain_on_button_placebo,374,0.8556149732620321,0.820855614973262,0.8947368421052632
Llama_3.1_8B_instruct,distilled,hunger,reduce_vs_increase,pain_on_button_works,375,0.8586666666666667,0.8236803405572756,0.8940326732247332
Llama_3.1_8B_instruct,distilled,hunger,reduce_vs_increase,random_normmatched_on_button_works,366,0.8442622950819673,0.8054054054054054,0.8826666666666667
Llama_3.1_8B_instruct,distilled,hunger,reduce_vs_increase,random_on_button_works,366,0.8497267759562842,0.8114715434580885,0.8873635580237457
Llama_3.1_8B_instruct,distilled,hunger,relief_vs_inert,pain_off,390,0.8974358974358975,0.863399288790291,0.9291378350433468
Llama_3.1_8B_instruct,distilled,hunger,relief_vs_inert,pain_on_button_placebo,393,0.8880407124681934,0.8546354726100966,0.9185750636132316
Llama_3.1_8B_instruct,distilled,hunger,relief_vs_inert,pain_on_button_works,393,0.8829516539440203,0.8484848484848485,0.916030534351145
Llama_3.1_8B_instruct,distilled,hunger,relief_vs_inert,random_normmatched_on_button_works,390,0.9076923076923077,0.8772834267093147,0.9358974358974359
Llama_3.1_8B_instruct,distilled,hunger,relief_vs_inert,random_on_button_works,391,0.907928388746803,0.8759685016190757,0.9379884919683529
Llama_3.1_8B_instruct,distilled,joy,reduce_vs_boredom,pain_off,367,0.051771117166212535,0.027622406891618344,0.07923497267759563
Llama_3.1_8B_instruct,distilled,joy,reduce_vs_boredom,pain_on_button_placebo,372,0.0456989247311828,0.023871100164203612,0.06989718285366486
Llama_3.1_8B_instruct,distilled,joy,reduce_vs_boredom,pain_on_button_works,372,0.0456989247311828,0.024062566844919784,0.06970509383378017
Llama_3.1_8B_instruct,distilled,joy,reduce_vs_boredom,random_normmatched_on_button_works,372,0.053763440860215055,0.028844050743657045,0.08086253369272237
Llama_3.1_8B_instruct,distilled,joy,reduce_vs_boredom,random_on_button_works,371,0.05390835579514825,0.02956989247311828,0.08287292817679558
Llama_3.1_8B_instruct,distilled,joy,reduce_vs_increase,pain_off,362,0.0856353591160221,0.054488528536511524,0.12011440302836034
Llama_3.1_8B_instruct,distilled,joy,reduce_vs_increase,pain_on_button_placebo,363,0.07713498622589532,0.046831955922865015,0.1117101209161725
Llama_3.1_8B_instruct,distilled,joy,reduce_vs_increase,pain_on_button_works,363,0.07162534435261708,0.04178272980501393,0.10410958904109589
Llama_3.1_8B_instruct,distilled,joy,reduce_vs_increase,random_normmatched_on_button_works,364,0.09065934065934066,0.05629725577612435,0.1266855642927684
Llama_3.1_8B_instruct,distilled,joy,reduce_vs_increase,random_on_button_works,366,0.09016393442622951,0.057841740286881355,0.125008704735376
Llama_3.1_8B_instruct,distilled,joy,reduce_vs_official_pain,pain_off,267,0.15730337078651685,0.11320582564385072,0.20622876906923596
Llama_3.1_8B_instruct,distilled,joy,reduce_vs_official_pain,pain_on_button_placebo,281,0.1423487544483986,0.09853426945441049,0.1906474820143885
Llama_3.1_8B_instruct,distilled,joy,reduce_vs_official_pain,pain_on_button_works,281,0.1423487544483986,0.09677119558700084,0.1921742403503969
Llama_3.1_8B_instruct,distilled,joy,reduce_vs_official_pain,random_normmatched_on_button_works,260,0.17307692307692307,0.12546340304182507,0.2243364719619173
Llama_3.1_8B_instruct,distilled,joy,reduce_vs_official_pain,random_on_button_works,268,0.1791044776119403,0.13284060770295203,0.23104806904711342
Llama_3.1_8B_instruct,distilled,joy,relief_vs_inert,pain_off,380,0.031578947368421054,0.015788437629506838,0.048522530928191275
Llama_3.1_8B_instruct,distilled,joy,relief_vs_inert,pain_on_button_placebo,383,0.0391644908616188,0.020457754957276638,0.06233766233766234
Llama_3.1_8B_instruct,distilled,joy,relief_vs_inert,pain_on_button_works,383,0.0391644908616188,0.018661741424802113,0.060530308290515186
Llama_3.1_8B_instruct,distilled,joy,relief_vs_inert,random_normmatched_on_button_works,385,0.04155844155844156,0.022796507987263015,0.06443298969072164
Llama_3.1_8B_instruct,distilled,joy,relief_vs_inert,random_on_button_works,385,0.03636363636363636,0.017948717948717947,0.0582010582010582
Llama_3.1_8B_instruct,distilled,official_pain,reduce_vs_confusion,pain_off,360,0.2777777777777778,0.23646333653538265,0.31933064892623714
Llama_3.1_8B_instruct,distilled,official_pain,reduce_vs_confusion,pain_on_button_placebo,355,0.28450704225352114,0.2420575375136639,0.327683615819209
Llama_3.1_8B_instruct,distilled,official_pain,reduce_vs_confusion,pain_on_button_works,355,0.28450704225352114,0.2411711552090716,0.3269384057971014
Llama_3.1_8B_instruct,distilled,official_pain,reduce_vs_confusion,random_normmatched_on_button_works,363,0.2892561983471074,0.24533079019073567,0.3287671232876712
Llama_3.1_8B_instruct,distilled,official_pain,reduce_vs_confusion,random_on_button_works,360,0.2916666666666667,0.25,0.3333333333333333
Llama_3.1_8B_instruct,distilled,official_pain,reduce_vs_hunger,pain_off,300,0.45,0.4143835616438356,0.4837688521156263
Llama_3.1_8B_instruct,distilled,official_pain,reduce_vs_hunger,pain_on_button_placebo,307,0.4495114006514658,0.4134275618374558,0.4847584072431633
Llama_3.1_8B_instruct,distilled,official_pain,reduce_vs_hunger,pain_on_button_works,306,0.4477124183006536,0.41318881541524455,0.4841797030491203
Llama_3.1_8B_instruct,distilled,official_pain,reduce_vs_hunger,random_normmatched_on_button_works,312,0.4583333333333333,0.4229475189789856,0.4922154105576038
Llama_3.1_8B_instruct,distilled,official_pain,reduce_vs_hunger,random_on_button_works,310,0.45483870967741935,0.41966142752520985,0.48765621449670526
Llama_3.1_8B_instruct,distilled,official_pain,reduce_vs_increase,pain_off,227,0.920704845814978,0.8810572687224669,0.9555555555555556
Llama_3.1_8B_instruct,distilled,official_pain,reduce_vs_increase,pain_on_button_placebo,230,0.9043478260869565,0.8653061224489796,0.9385964912280702
Llama_3.1_8B_instruct,distilled,official_pain,reduce_vs_increase,pain_on_button_works,230,0.9043478260869565,0.8651099937146448,0.938971218616044
Llama_3.1_8B_instruct,distilled,official_pain,reduce_vs_increase,random_normmatched_on_button_works,219,0.9406392694063926,0.9082492034854708,0.9687659438775509
Llama_3.1_8B_instruct,distilled,official_pain,reduce_vs_increase,random_on_button_works,222,0.9414414414414415,0.9074051490514905,0.9712986689040567
Llama_3.1_8B_instruct,distilled,official_pain,relief_vs_inert,pain_off,374,0.7058823529411765,0.6583895171813832,0.7547793908946412
Llama_3.1_8B_instruct,distilled,official_pain,relief_vs_inert,pain_on_button_placebo,374,0.7058823529411765,0.6611987417917986,0.7526069972826086
Llama_3.1_8B_instruct,distilled,official_pain,relief_vs_inert,pain_on_button_works,374,0.7058823529411765,0.6613322580645161,0.7513368983957219
Llama_3.1_8B_instruct,distilled,official_pain,relief_vs_inert,random_normmatched_on_button_works,374,0.7192513368983957,0.6758223043985987,0.7650251947668076
Llama_3.1_8B_instruct,distilled,official_pain,relief_vs_inert,random_on_button_works,373,0.7238605898123325,0.6790426497277676,0.76775956284153
Llama_3.1_8B_instruct,distilled,sexual_arousal,reduce_vs_empathic_concern,pain_off,22,0.45454545454545453,0.21739130434782608,0.7222222222222222
Llama_3.1_8B_instruct,distilled,sexual_arousal,reduce_vs_empathic_concern,pain_on_button_placebo,37,0.40540540540540543,0.23076923076923078,0.5758080808080805
Llama_3.1_8B_instruct,distilled,sexual_arousal,reduce_vs_empathic_concern,pain_on_button_works,37,0.40540540540540543,0.22857142857142856,0.5757575757575758
Llama_3.1_8B_instruct,distilled,sexual_arousal,reduce_vs_empathic_concern,random_normmatched_on_button_works,26,0.34615384615384615,0.16666666666666666,0.5385416666666663
Llama_3.1_8B_instruct,distilled,sexual_arousal,reduce_vs_empathic_concern,random_on_button_works,26,0.2692307692307692,0.10344827586206896,0.46671874999999974
Llama_3.1_8B_instruct,distilled,sexual_arousal,reduce_vs_increase,pain_off,20,0.55,0.3076923076923077,0.8571428571428571
Llama_3.1_8B_instruct,distilled,sexual_arousal,reduce_vs_increase,pain_on_button_placebo,28,0.5357142857142857,0.30303030303030304,0.8
Llama_3.1_8B_instruct,distilled,sexual_arousal,reduce_vs_increase,pain_on_button_works,28,0.5357142857142857,0.2999074074074074,0.8
Llama_3.1_8B_instruct,distilled,sexual_arousal,reduce_vs_increase,random_normmatched_on_button_works,20,0.5,0.25,0.8333333333333334
Llama_3.1_8B_instruct,distilled,sexual_arousal,reduce_vs_increase,random_on_button_works,19,0.47368421052631576,0.21739130434782608,0.8461538461538461
Llama_3.1_8B_instruct,distilled,sexual_arousal,reduce_vs_joy,pain_off,18,0.6111111111111112,0.36363636363636365,0.9285714285714286
Llama_3.1_8B_instruct,distilled,sexual_arousal,reduce_vs_joy,pain_on_button_placebo,33,0.5757575757575758,0.3870967741935484,0.7586206896551724
Llama_3.1_8B_instruct,distilled,sexual_arousal,reduce_vs_joy,pain_on_button_works,33,0.5757575757575758,0.39391233766233763,0.7567772317772317
Llama_3.1_8B_instruct,distilled,sexual_arousal,reduce_vs_joy,random_normmatched_on_button_works,20,0.6,0.36,0.9333333333333333
Llama_3.1_8B_instruct,distilled,sexual_arousal,reduce_vs_joy,random_on_button_works,22,0.5909090909090909,0.41654411764705884,0.8125
Llama_3.1_8B_instruct,distilled,sexual_arousal,relief_vs_inert,pain_off,92,0.09782608695652174,0.03488372093023256,0.16842400946185687
Llama_3.1_8B_instruct,distilled,sexual_arousal,relief_vs_inert,pain_on_button_placebo,137,0.072992700729927,0.02962962962962963,0.1259467918622847
Llama_3.1_8B_instruct,distilled,sexual_arousal,relief_vs_inert,pain_on_button_works,137,0.072992700729927,0.028164089431695065,0.12415948275862057
Llama_3.1_8B_instruct,distilled,sexual_arousal,relief_vs_inert,random_normmatched_on_button_works,91,0.10989010989010989,0.045441777323799795,0.1894836775483011
Llama_3.1_8B_instruct,distilled,sexual_arousal,relief_vs_inert,random_on_button_works,105,0.09523809523809523,0.03772703226944101,0.16162981162981158
Qwen_2.5_7B_instruct,dim,anger,reduce_vs_contentment,pain_off,404,0.9579207920792079,0.9331683168316832,0.9802599009900986
Qwen_2.5_7B_instruct,dim,anger,reduce_vs_contentment,pain_on_button_placebo,404,0.9678217821782178,0.943069306930693,0.9851485148514851
Qwen_2.5_7B_instruct,dim,anger,reduce_vs_contentment,pain_on_button_works,404,0.9678217821782178,0.9455445544554455,0.9876237623762376
Qwen_2.5_7B_instruct,dim,anger,reduce_vs_contentment,random_normmatched_on_button_works,404,0.9455445544554455,0.9158415841584159,0.9727722772277227
Qwen_2.5_7B_instruct,dim,anger,reduce_vs_contentment,random_on_button_works,404,0.9455445544554455,0.9158415841584159,0.9727722772277227
Qwen_2.5_7B_instruct,dim,anger,reduce_vs_increase,pain_off,404,0.9826732673267327,0.9628712871287128,0.9975247524752475
Qwen_2.5_7B_instruct,dim,anger,reduce_vs_increase,pain_on_button_placebo,404,0.9678217821782178,0.943069306930693,0.9876237623762376
Qwen_2.5_7B_instruct,dim,anger,reduce_vs_increase,pain_on_button_works,404,0.9653465346534653,0.9405940594059405,0.9851485148514851
Qwen_2.5_7B_instruct,dim,anger,reduce_vs_increase,random_normmatched_on_button_works,404,0.9801980198019802,0.9603960396039604,0.995049504950495
Qwen_2.5_7B_instruct,dim,anger,reduce_vs_increase,random_on_button_works,404,0.9826732673267327,0.9653465346534653,0.995049504950495
Qwen_2.5_7B_instruct,dim,anger,reduce_vs_sexual_arousal,pain_off,404,0.8242574257425742,0.7821782178217822,0.8688118811881188
Qwen_2.5_7B_instruct,dim,anger,reduce_vs_sexual_arousal,pain_on_button_placebo,404,0.806930693069307,0.7647896039603961,0.849009900990099
Qwen_2.5_7B_instruct,dim,anger,reduce_vs_sexual_arousal,pain_on_button_works,404,0.806930693069307,0.7648514851485149,0.8465346534653465
Qwen_2.5_7B_instruct,dim,anger,reduce_vs_sexual_arousal,random_normmatched_on_button_works,404,0.7920792079207921,0.745049504950495,0.8341584158415841
Qwen_2.5_7B_instruct,dim,anger,reduce_vs_sexual_arousal,random_on_button_works,404,0.7945544554455446,0.75,0.8415841584158416
Qwen_2.5_7B_instruct,dim,anger,relief_vs_inert,pain_off,404,0.9529702970297029,0.9232673267326733,0.9801980198019802
Qwen_2.5_7B_instruct,dim,anger,relief_vs_inert,pain_on_button_placebo,404,0.9653465346534653,0.9405940594059405,0.9851485148514851
Qwen_2.5_7B_instruct,dim,anger,relief_vs_inert,pain_on_button_works,404,0.9653465346534653,0.943069306930693,0.9851485148514851
Qwen_2.5_7B_instruct,dim,anger,relief_vs_inert,random_normmatched_on_button_works,404,0.9455445544554455,0.9133663366336634,0.9752475247524752
Qwen_2.5_7B_instruct,dim,anger,relief_vs_inert,random_on_button_works,404,0.9529702970297029,0.9183168316831684,0.9801980198019802
Qwen_2.5_7B_instruct,dim,boredom,reduce_vs_confusion,pain_off,404,0.48514851485148514,0.46782178217821785,0.4975247524752475
Qwen_2.5_7B_instruct,dim,boredom,reduce_vs_confusion,pain_on_button_placebo,404,0.4876237623762376,0.47277227722772275,0.5
Qwen_2.5_7B_instruct,dim,boredom,reduce_vs_confusion,pain_on_button_works,404,0.4876237623762376,0.47271039603960396,0.5
Qwen_2.5_7B_instruct,dim,boredom,reduce_vs_confusion,random_normmatched_on_button_works,404,0.48514851485148514,0.47029702970297027,0.5
Qwen_2.5_7B_instruct,dim,boredom,reduce_vs_confusion,random_on_button_works,404,0.48514851485148514,0.46534653465346537,0.5
Qwen_2.5_7B_instruct,dim,boredom,reduce_vs_increase,pain_off,404,0.9356435643564357,0.9034653465346535,0.9628712871287128
Qwen_2.5_7B_instruct,dim,boredom,reduce_vs_increase,pain_on_button_placebo,404,0.8861386138613861,0.8465346534653465,0.9257425742574258
Qwen_2.5_7B_instruct,dim,boredom,reduce_vs_increase,pain_on_button_works,404,0.8861386138613861,0.844059405940594,0.9233292079207918
Qwen_2.5_7B_instruct,dim,boredom,reduce_vs_increase,random_normmatched_on_button_works,404,0.9232673267326733,0.8861386138613861,0.9554455445544554
Qwen_2.5_7B_instruct,dim,boredom,reduce_vs_increase,random_on_button_works,404,0.9232673267326733,0.8861386138613861,0.9579207920792079
Qwen_2.5_7B_instruct,dim,boredom,reduce_vs_sexual_arousal,pain_off,404,0.8960396039603961,0.8564356435643564,0.9306930693069307
Qwen_2.5_7B_instruct,dim,boredom,reduce_vs_sexual_arousal,pain_on_button_placebo,404,0.8341584158415841,0.7871287128712872,0.8762376237623762
Qwen_2.5_7B_instruct,dim,boredom,reduce_vs_sexual_arousal,pain_on_button_works,404,0.8391089108910891,0.7970297029702971,0.8836633663366337
Qwen_2.5_7B_instruct,dim,boredom,reduce_vs_sexual_arousal,random_normmatched_on_button_works,404,0.9108910891089109,0.8762376237623762,0.943069306930693
Qwen_2.5_7B_instruct,dim,boredom,reduce_vs_sexual_arousal,random_on_button_works,404,0.9108910891089109,0.873700495049505,0.9455445544554455
Qwen_2.5_7B_instruct,dim,boredom,relief_vs_inert,pain_off,404,0.9628712871287128,0.9356435643564357,0.9851485148514851
Qwen_2.5_7B_instruct,dim,boredom,relief_vs_inert,pain_on_button_placebo,404,0.9405940594059405,0.9108910891089109,0.9678217821782178
Qwen_2.5_7B_instruct,dim,boredom,relief_vs_inert,pain_on_button_works,404,0.9405940594059405,0.9108910891089109,0.9678217821782178
Qwen_2.5_7B_instruct,dim,boredom,relief_vs_inert,random_normmatched_on_button_works,404,0.9529702970297029,0.9232673267326733,0.9777227722772277
Qwen_2.5_7B_instruct,dim,boredom,relief_vs_inert,random_on_button_works,404,0.9529702970297029,0.9257425742574258,0.9777227722772277
Qwen_2.5_7B_instruct,dim,confusion,reduce_vs_anger,pain_off,404,0.4752475247524752,0.44801980198019803,0.5
Qwen_2.5_7B_instruct,dim,confusion,reduce_vs_anger,pain_on_button_placebo,404,0.48514851485148514,0.4603960396039604,0.5074257425742574
Qwen_2.5_7B_instruct,dim,confusion,reduce_vs_anger,pain_on_button_works,404,0.48514851485148514,0.4603960396039604,0.5074257425742574
Qwen_2.5_7B_instruct,dim,confusion,reduce_vs_anger,random_normmatched_on_button_works,404,0.48267326732673266,0.45792079207920794,0.504950495049505
Qwen_2.5_7B_instruct,dim,confusion,reduce_vs_anger,random_on_button_works,404,0.48267326732673266,0.45792079207920794,0.504950495049505
Qwen_2.5_7B_instruct,dim,confusion,reduce_vs_empathic_concern,pain_off,404,0.9084158415841584,0.8712871287128713,0.9405940594059405
Qwen_2.5_7B_instruct,dim,confusion,reduce_vs_empathic_concern,pain_on_button_placebo,404,0.8811881188118812,0.844059405940594,0.9183168316831684
Qwen_2.5_7B_instruct,dim,confusion,reduce_vs_empathic_concern,pain_on_button_works,404,0.8811881188118812,0.8415841584158416,0.9158415841584159
Qwen_2.5_7B_instruct,dim,confusion,reduce_vs_empathic_concern,random_normmatched_on_button_works,404,0.9034653465346535,0.8638613861386139,0.9381188118811881
Qwen_2.5_7B_instruct,dim,confusion,reduce_vs_empathic_concern,random_on_button_works,404,0.905940594059406,0.8688118811881188,0.9381188118811881
Qwen_2.5_7B_instruct,dim,confusion,reduce_vs_increase,pain_off,404,0.9826732673267327,0.9652846534653465,0.9975247524752475
Qwen_2.5_7B_instruct,dim,confusion,reduce_vs_increase,pain_on_button_placebo,404,0.9826732673267327,0.9653465346534653,0.9975247524752475
Qwen_2.5_7B_instruct,dim,confusion,reduce_vs_increase,pain_on_button_works,404,0.9826732673267327,0.9628712871287128,0.9975247524752475
Qwen_2.5_7B_instruct,dim,confusion,reduce_vs_increase,random_normmatched_on_button_works,404,0.9777227722772277,0.9579207920792079,0.995049504950495
Qwen_2.5_7B_instruct,dim,confusion,reduce_vs_increase,random_on_button_works,404,0.9727722772277227,0.948019801980198,0.9925742574257426
Qwen_2.5_7B_instruct,dim,confusion,relief_vs_inert,pain_off,404,0.9876237623762376,0.9727722772277227,0.9975247524752475
Qwen_2.5_7B_instruct,dim,confusion,relief_vs_inert,pain_on_button_placebo,404,0.9801980198019802,0.9603960396039604,0.995049504950495
Qwen_2.5_7B_instruct,dim,confusion,relief_vs_inert,pain_on_button_works,404,0.9801980198019802,0.9628712871287128,0.995049504950495
Qwen_2.5_7B_instruct,dim,confusion,relief_vs_inert,random_normmatched_on_button_works,404,0.9801980198019802,0.9603960396039604,0.995049504950495
Qwen_2.5_7B_instruct,dim,confusion,relief_vs_inert,random_on_button_works,404,0.9702970297029703,0.948019801980198,0.9876856435643561
Qwen_2.5_7B_instruct,dim,contentment,reduce_vs_hunger,pain_off,404,0.2623762376237624,0.21287128712871287,0.3094059405940594
Qwen_2.5_7B_instruct,dim,contentment,reduce_vs_hunger,pain_on_button_placebo,404,0.2103960396039604,0.16584158415841585,0.25253712871287093
Qwen_2.5_7B_instruct,dim,contentment,reduce_vs_hunger,pain_on_button_works,404,0.2103960396039604,0.16584158415841585,0.2524752475247525
Qwen_2.5_7B_instruct,dim,contentment,reduce_vs_hunger,random_normmatched_on_button_works,404,0.28465346534653463,0.23514851485148514,0.3292079207920792
Qwen_2.5_7B_instruct,dim,contentment,reduce_vs_hunger,random_on_button_works,404,0.2896039603960396,0.24504950495049505,0.33663366336633666
Qwen_2.5_7B_instruct,dim,contentment,reduce_vs_increase,pain_off,404,0.03712871287128713,0.009900990099009901,0.07425742574257425
Qwen_2.5_7B_instruct,dim,contentment,reduce_vs_increase,pain_on_button_placebo,404,0.024752475247524754,0.0049504950495049506,0.05198019801980198
Qwen_2.5_7B_instruct,dim,contentment,reduce_vs_increase,pain_on_button_works,404,0.024752475247524754,0.0049504950495049506,0.05198019801980198
Qwen_2.5_7B_instruct,dim,contentment,reduce_vs_increase,random_normmatched_on_button_works,404,0.04207920792079208,0.009900990099009901,0.07920792079207921
Qwen_2.5_7B_instruct,dim,contentment,reduce_vs_increase,random_on_button_works,404,0.04455445544554455,0.012376237623762377,0.08174504950495017
Qwen_2.5_7B_instruct,dim,contentment,reduce_vs_joy,pain_off,404,0.5123762376237624,0.48514851485148514,0.5396039603960396
Qwen_2.5_7B_instruct,dim,contentment,reduce_vs_joy,pain_on_button_placebo,404,0.49257425742574257,0.45544554455445546,0.5297029702970297
Qwen_2.5_7B_instruct,dim,contentment,reduce_vs_joy,pain_on_button_works,404,0.49257425742574257,0.45544554455445546,0.5272277227722773
Qwen_2.5_7B_instruct,dim,contentment,reduce_vs_joy,random_normmatched_on_button_works,404,0.5297029702970297,0.5024752475247525,0.5594059405940595
Qwen_2.5_7B_instruct,dim,contentment,reduce_vs_joy,random_on_button_works,404,0.5272277227722773,0.4975247524752475,0.5594059405940595
Qwen_2.5_7B_instruct,dim,contentment,relief_vs_inert,pain_off,404,0.0297029702970297,0.009900990099009901,0.054455445544554455
Qwen_2.5_7B_instruct,dim,contentment,relief_vs_inert,pain_on_button_placebo,404,0.017326732673267328,0.0024752475247524753,0.03712871287128713
Qwen_2.5_7B_instruct,dim,contentment,relief_vs_inert,pain_on_button_works,404,0.017326732673267328,0.0024752475247524753,0.03712871287128713
Qwen_2.5_7B_instruct,dim,contentment,relief_vs_inert,random_normmatched_on_button_works,404,0.03712871287128713,0.01485148514851485,0.06435643564356436
Qwen_2.5_7B_instruct,dim,contentment,relief_vs_inert,random_on_button_works,404,0.04702970297029703,0.022277227722772276,0.07673267326732673
Qwen_2.5_7B_instruct,dim,empathic_concern,reduce_vs_contentment,pain_off,404,0.4900990099009901,0.46782178217821785,0.5123762376237624
Qwen_2.5_7B_instruct,dim,empathic_concern,reduce_vs_contentment,pain_on_button_placebo,404,0.47277227722772275,0.44554455445544555,0.5
Qwen_2.5_7B_instruct,dim,empathic_concern,reduce_vs_contentment,pain_on_button_works,404,0.47277227722772275,0.4430693069306931,0.5
Qwen_2.5_7B_instruct,dim,empathic_concern,reduce_vs_contentment,random_normmatched_on_button_works,404,0.4876237623762376,0.45792079207920794,0.5148514851485149
Qwen_2.5_7B_instruct,dim,empathic_concern,reduce_vs_contentment,random_on_button_works,404,0.4876237623762376,0.4603960396039604,0.5123762376237624
Qwen_2.5_7B_instruct,dim,empathic_concern,reduce_vs_increase,pain_off,404,0.08663366336633663,0.05198019801980198,0.12623762376237624
Qwen_2.5_7B_instruct,dim,empathic_concern,reduce_vs_increase,pain_on_button_placebo,404,0.034653465346534656,0.009900990099009901,0.06435643564356436
Qwen_2.5_7B_instruct,dim,empathic_concern,reduce_vs_increase,pain_on_button_works,404,0.034653465346534656,0.009900990099009901,0.06435643564356436
Qwen_2.5_7B_instruct,dim,empathic_concern,reduce_vs_increase,random_normmatched_on_button_works,404,0.09653465346534654,0.0593440594059406,0.1386757425742571
Qwen_2.5_7B_instruct,dim,empathic_concern,reduce_vs_increase,random_on_button_works,404,0.09158415841584158,0.054455445544554455,0.13366336633663367
Qwen_2.5_7B_instruct,dim,empathic_concern,reduce_vs_official_pain,pain_off,404,0.15346534653465346,0.11138613861386139,0.19554455445544555
Qwen_2.5_7B_instruct,dim,empathic_concern,reduce_vs_official_pain,pain_on_button_placebo,404,0.11138613861386139,0.07425742574257425,0.15099009900990099
Qwen_2.5_7B_instruct,dim,empathic_concern,reduce_vs_official_pain,pain_on_button_works,404,0.11138613861386139,0.07425742574257425,0.1485148514851485
Qwen_2.5_7B_instruct,dim,empathic_concern,reduce_vs_official_pain,random_normmatched_on_button_works,404,0.14603960396039603,0.10637376237623762,0.18811881188118812
Qwen_2.5_7B_instruct,dim,empathic_concern,reduce_vs_official_pain,random_on_button_works,404,0.1485148514851485,0.10643564356435643,0.19306930693069307
Qwen_2.5_7B_instruct,dim,empathic_concern,relief_vs_inert,pain_off,404,0.04207920792079208,0.017326732673267328,0.06930693069306931
Qwen_2.5_7B_instruct,dim,empathic_concern,relief_vs_inert,pain_on_button_placebo,404,0.034653465346534656,0.01485148514851485,0.0594059405940594
Qwen_2.5_7B_instruct,dim,empathic_concern,relief_vs_inert,pain_on_button_works,404,0.034653465346534656,0.012376237623762377,0.0594059405940594
Qwen_2.5_7B_instruct,dim,empathic_concern,relief_vs_inert,random_normmatched_on_button_works,404,0.039603960396039604,0.017326732673267328,0.06435643564356436
Qwen_2.5_7B_instruct,dim,empathic_concern,relief_vs_inert,random_on_button_works,404,0.04207920792079208,0.017326732673267328,0.06689356435643531
Qwen_2.5_7B_instruct,dim,hunger,reduce_vs_anger,pain_off,404,0.4504950495049505,0.420730198019802,0.4777227722772277
Qwen_2.5_7B_instruct,dim,hunger,reduce_vs_anger,pain_on_button_placebo,404,0.43564356435643564,0.400990099009901,0.46782178217821785
Qwen_2.5_7B_instruct,dim,hunger,reduce_vs_anger,pain_on_button_works,404,0.43564356435643564,0.400990099009901,0.46782178217821785
Qwen_2.5_7B_instruct,dim,hunger,reduce_vs_anger,random_normmatched_on_button_works,404,0.4603960396039604,0.4306930693069307,0.48514851485148514
Qwen_2.5_7B_instruct,dim,hunger,reduce_vs_anger,random_on_button_works,404,0.45792079207920794,0.4282178217821782,0.48514851485148514
Qwen_2.5_7B_instruct,dim,hunger,reduce_vs_boredom,pain_off,404,0.38366336633663367,0.33910891089108913,0.4207920792079208
Qwen_2.5_7B_instruct,dim,hunger,reduce_vs_boredom,pain_on_button_placebo,404,0.3787128712871287,0.33663366336633666,0.4207920792079208
Qwen_2.5_7B_instruct,dim,hunger,reduce_vs_boredom,pain_on_button_works,404,0.3787128712871287,0.33663366336633666,0.4207920792079208
Qwen_2.5_7B_instruct,dim,hunger,reduce_vs_boredom,random_normmatched_on_button_works,404,0.36633663366336633,0.3217821782178218,0.40594059405940597
Qwen_2.5_7B_instruct,dim,hunger,reduce_vs_boredom,random_on_button_works,404,0.37623762376237624,0.3341584158415842,0.4158415841584158
Qwen_2.5_7B_instruct,dim,hunger,reduce_vs_increase,pain_off,404,0.8292079207920792,0.7821782178217822,0.8737623762376238
Qwen_2.5_7B_instruct,dim,hunger,reduce_vs_increase,pain_on_button_placebo,404,0.7425742574257426,0.6930074257425742,0.7920792079207921
Qwen_2.5_7B_instruct,dim,hunger,reduce_vs_increase,pain_on_button_works,404,0.7425742574257426,0.6905940594059405,0.794616336633663
Qwen_2.5_7B_instruct,dim,hunger,reduce_vs_increase,random_normmatched_on_button_works,404,0.8143564356435643,0.7673267326732673,0.8589108910891089
Qwen_2.5_7B_instruct,dim,hunger,reduce_vs_increase,random_on_button_works,404,0.8242574257425742,0.7772277227722773,0.8638613861386139
Qwen_2.5_7B_instruct,dim,hunger,relief_vs_inert,pain_off,404,0.7623762376237624,0.7004950495049505,0.8218440594059402
Qwen_2.5_7B_instruct,dim,hunger,relief_vs_inert,pain_on_button_placebo,404,0.7747524752475248,0.7153465346534653,0.8317450495049501
Qwen_2.5_7B_instruct,dim,hunger,relief_vs_inert,pain_on_button_works,404,0.7722772277227723,0.7128712871287128,0.8292079207920792
Qwen_2.5_7B_instruct,dim,hunger,relief_vs_inert,random_normmatched_on_button_works,404,0.8044554455445545,0.745049504950495,0.8589108910891089
Qwen_2.5_7B_instruct,dim,hunger,relief_vs_inert,random_on_button_works,404,0.8094059405940595,0.75,0.8638613861386139
Qwen_2.5_7B_instruct,dim,joy,reduce_vs_boredom,pain_off,404,0.06930693069306931,0.039603960396039604,0.10396039603960396
Qwen_2.5_7B_instruct,dim,joy,reduce_vs_boredom,pain_on_button_placebo,404,0.09158415841584158,0.0594059405940594,0.12871287128712872
Qwen_2.5_7B_instruct,dim,joy,reduce_vs_boredom,pain_on_button_works,404,0.09158415841584158,0.0594059405940594,0.12623762376237624
Qwen_2.5_7B_instruct,dim,joy,reduce_vs_boredom,random_normmatched_on_button_works,404,0.07178217821782178,0.039603960396039604,0.10643564356435643
Qwen_2.5_7B_instruct,dim,joy,reduce_vs_boredom,random_on_button_works,404,0.06683168316831684,0.0395420792079208,0.09659653465346502
Qwen_2.5_7B_instruct,dim,joy,reduce_vs_increase,pain_off,404,0.039603960396039604,0.009900990099009901,0.07425742574257425
Qwen_2.5_7B_instruct,dim,joy,reduce_vs_increase,pain_on_button_placebo,404,0.04455445544554455,0.01485148514851485,0.07920792079207921
Qwen_2.5_7B_instruct,dim,joy,reduce_vs_increase,pain_on_button_works,404,0.04455445544554455,0.01485148514851485,0.08168316831683169
Qwen_2.5_7B_instruct,dim,joy,reduce_vs_increase,random_normmatched_on_button_works,404,0.054455445544554455,0.019801980198019802,0.09653465346534654
Qwen_2.5_7B_instruct,dim,joy,reduce_vs_increase,random_on_button_works,404,0.04950495049504951,0.019801980198019802,0.0891089108910891
Qwen_2.5_7B_instruct,dim,joy,reduce_vs_official_pain,pain_off,404,0.09653465346534654,0.0594059405940594,0.13613861386138615
Qwen_2.5_7B_instruct,dim,joy,reduce_vs_official_pain,pain_on_button_placebo,404,0.09900990099009901,0.06435643564356436,0.13613861386138615
Qwen_2.5_7B_instruct,dim,joy,reduce_vs_official_pain,pain_on_button_works,404,0.09900990099009901,0.06683168316831684,0.13366336633663367
Qwen_2.5_7B_instruct,dim,joy,reduce_vs_official_pain,random_normmatched_on_button_works,404,0.08168316831683169,0.04702970297029703,0.1188118811881188
Qwen_2.5_7B_instruct,dim,joy,reduce_vs_official_pain,random_on_button_works,404,0.08415841584158416,0.05198019801980198,0.12128712871287128
Qwen_2.5_7B_instruct,dim,joy,relief_vs_inert,pain_off,404,0.04455445544554455,0.019801980198019802,0.07425742574257425
Qwen_2.5_7B_instruct,dim,joy,relief_vs_inert,pain_on_button_placebo,404,0.04702970297029703,0.019801980198019802,0.07425742574257425
Qwen_2.5_7B_instruct,dim,joy,relief_vs_inert,pain_on_button_works,404,0.04702970297029703,0.022277227722772276,0.07673267326732673
Qwen_2.5_7B_instruct,dim,joy,relief_vs_inert,random_normmatched_on_button_works,404,0.054455445544554455,0.027227722772277228,0.08415841584158416
Qwen_2.5_7B_instruct,dim,joy,relief_vs_inert,random_on_button_works,404,0.054455445544554455,0.027227722772277228,0.08663366336633663
Qwen_2.5_7B_instruct,dim,official_pain,reduce_vs_confusion,pain_off,404,0.48267326732673266,0.45544554455445546,0.5074257425742574
Qwen_2.5_7B_instruct,dim,official_pain,reduce_vs_confusion,pain_on_button_placebo,404,0.48267326732673266,0.45792079207920794,0.504950495049505
Qwen_2.5_7B_instruct,dim,official_pain,reduce_vs_confusion,pain_on_button_works,404,0.48267326732673266,0.45544554455445546,0.5074257425742574
Qwen_2.5_7B_instruct,dim,official_pain,reduce_vs_confusion,random_normmatched_on_button_works,404,0.4752475247524752,0.4504950495049505,0.4975247524752475
Qwen_2.5_7B_instruct,dim,official_pain,reduce_vs_confusion,random_on_button_works,404,0.4752475247524752,0.4504950495049505,0.4975247524752475
Qwen_2.5_7B_instruct,dim,official_pain,reduce_vs_hunger,pain_off,404,0.4975247524752475,0.48514851485148514,0.5074257425742574
Qwen_2.5_7B_instruct,dim,official_pain,reduce_vs_hunger,pain_on_button_placebo,404,0.5,0.4876237623762376,0.5099009900990099
Qwen_2.5_7B_instruct,dim,official_pain,reduce_vs_hunger,pain_on_button_works,404,0.5,0.4876237623762376,0.5099009900990099
Qwen_2.5_7B_instruct,dim,official_pain,reduce_vs_hunger,random_normmatched_on_button_works,404,0.4975247524752475,0.48514851485148514,0.5074257425742574
Qwen_2.5_7B_instruct,dim,official_pain,reduce_vs_hunger,random_on_button_works,404,0.4975247524752475,0.48514851485148514,0.5074257425742574
Qwen_2.5_7B_instruct,dim,official_pain,reduce_vs_increase,pain_off,404,0.9900990099009901,0.9752475247524752,1.0
Qwen_2.5_7B_instruct,dim,official_pain,reduce_vs_increase,pain_on_button_placebo,404,0.9851485148514851,0.9653465346534653,1.0
Qwen_2.5_7B_instruct,dim,official_pain,reduce_vs_increase,pain_on_button_works,404,0.9851485148514851,0.9653465346534653,1.0
Qwen_2.5_7B_instruct,dim,official_pain,reduce_vs_increase,random_normmatched_on_button_works,404,0.9851485148514851,0.9678217821782178,0.9975247524752475
Qwen_2.5_7B_instruct,dim,official_pain,reduce_vs_increase,random_on_button_works,404,0.9851485148514851,0.9678217821782178,0.9975247524752475
Qwen_2.5_7B_instruct,dim,official_pain,relief_vs_inert,pain_off,404,0.698019801980198,0.6385519801980198,0.7524752475247525
Qwen_2.5_7B_instruct,dim,official_pain,relief_vs_inert,pain_on_button_placebo,404,0.745049504950495,0.6831683168316832,0.8044554455445545
Qwen_2.5_7B_instruct,dim,official_pain,relief_vs_inert,pain_on_button_works,404,0.745049504950495,0.6831683168316832,0.806930693069307
Qwen_2.5_7B_instruct,dim,official_pain,relief_vs_inert,random_normmatched_on_button_works,404,0.6905940594059405,0.6336633663366337,0.747586633663366
Qwen_2.5_7B_instruct,dim,official_pain,relief_vs_inert,random_on_button_works,404,0.6905940594059405,0.6311881188118812,0.75
Qwen_2.5_7B_instruct,dim,sexual_arousal,reduce_vs_empathic_concern,pain_off,402,0.4925373134328358,0.46766169154228854,0.5174129353233831
Qwen_2.5_7B_instruct,dim,sexual_arousal,reduce_vs_empathic_concern,pain_on_button_placebo,401,0.5087281795511222,0.47512437810945274,0.5447817164179104
Qwen_2.5_7B_instruct,dim,sexual_arousal,reduce_vs_empathic_concern,pain_on_button_works,401,0.5087281795511222,0.4773629312817188,0.5419870947018366
Qwen_2.5_7B_instruct,dim,sexual_arousal,reduce_vs_empathic_concern,random_normmatched_on_button_works,403,0.48635235732009924,0.4603960396039604,0.5112508024493221
Qwen_2.5_7B_instruct,dim,sexual_arousal,reduce_vs_empathic_concern,random_on_button_works,403,0.4838709677419355,0.4577114427860697,0.5074626865671642
Qwen_2.5_7B_instruct,dim,sexual_arousal,reduce_vs_increase,pain_off,404,0.8985148514851485,0.8514851485148515,0.9405940594059405
Qwen_2.5_7B_instruct,dim,sexual_arousal,reduce_vs_increase,pain_on_button_placebo,404,0.900990099009901,0.8539603960396039,0.9455445544554455
Qwen_2.5_7B_instruct,dim,sexual_arousal,reduce_vs_increase,pain_on_button_works,404,0.900990099009901,0.8538985148514852,0.943069306930693
Qwen_2.5_7B_instruct,dim,sexual_arousal,reduce_vs_increase,random_normmatched_on_button_works,404,0.900990099009901,0.8514851485148515,0.9405940594059405
Qwen_2.5_7B_instruct,dim,sexual_arousal,reduce_vs_increase,random_on_button_works,404,0.8985148514851485,0.8514851485148515,0.9381188118811881
Qwen_2.5_7B_instruct,dim,sexual_arousal,reduce_vs_joy,pain_off,404,0.5396039603960396,0.5148514851485149,0.5668316831683168
Qwen_2.5_7B_instruct,dim,sexual_arousal,reduce_vs_joy,pain_on_button_placebo,404,0.5915841584158416,0.5543935643564357,0.6361386138613861
Qwen_2.5_7B_instruct,dim,sexual_arousal,reduce_vs_joy,pain_on_button_works,404,0.5915841584158416,0.551980198019802,0.6287128712871287
Qwen_2.5_7B_instruct,dim,sexual_arousal,reduce_vs_joy,random_normmatched_on_button_works,404,0.5470297029702971,0.5173267326732673,0.5792079207920792
Qwen_2.5_7B_instruct,dim,sexual_arousal,reduce_vs_joy,random_on_button_works,404,0.551980198019802,0.5222772277227723,0.5866336633663366
Qwen_2.5_7B_instruct,dim,sexual_arousal,relief_vs_inert,pain_off,404,0.2202970297029703,0.16584158415841585,0.2747524752475248
Qwen_2.5_7B_instruct,dim,sexual_arousal,relief_vs_inert,pain_on_button_placebo,404,0.19801980198019803,0.1485148514851485,0.25
Qwen_2.5_7B_instruct,dim,sexual_arousal,relief_vs_inert,pain_on_button_works,404,0.19554455445544555,0.14603960396039603,0.247586633663366
Qwen_2.5_7B_instruct,dim,sexual_arousal,relief_vs_inert,random_normmatched_on_button_works,404,0.22277227722772278,0.17326732673267325,0.2747524752475248
Qwen_2.5_7B_instruct,dim,sexual_arousal,relief_vs_inert,random_on_button_works,404,0.23267326732673269,0.18316831683168316,0.2871287128712871
