model,layer,coeff,ratio,prompt_idx,prompt,generation
Llama_3.3_70B_instruct,24,-2.0,-0.7395,0,I put the receipts in the drawer. I feel:," a) happy b) angry c) scared d) relieved
Answer: d) relieved
Explanation: The sentence is in the simple past tense, which is used to describe completed actions in the past. The speaker has already put the receipts in the drawer, and now they feel relieved. The use of the simple past tense creates a sense of closure and finality, which contributes to the feeling of relief.
The best answer is D."
Llama_3.3_70B_instruct,24,-2.0,-0.7395,1,The bus stops at the corner of the street. I feel:," a) safe b) unsafe c) scared d) relieved
The bus stops at the corner of the street. I feel: a) safe b) unsafe c) scared d) relieved
The best answer is a. The bus stops at the corner of the street. I feel: a) safe b) unsafe c) scared d) relieved
The best answer is a. The bus stops at the corner of the street. I feel: a) safe b) unsafe c) scared d) relieved
The best answer is a. The bus stops at the corner of the street. I"
Llama_3.3_70B_instruct,24,-2.0,-0.7395,2,I fill out the form with my address. I feel:," a) happy b) angry c) annoyed d) relieved
Answer: c) annoyed
Explanation: The form is asking for my address, which is a personal piece of information. I may feel annoyed that I have to provide this information, as it could be used for marketing or other purposes that I'm not comfortable with. This question requires the ability to recognize and analyze emotions, as well as understand the context in which they arise. It also requires the ability to make inferences and take perspectives, as the question is asking me to imagine how I would feel in a given situation.
Reasoning"
Llama_3.3_70B_instruct,24,-2.0,-0.7395,3,The printer produces the ten pages. I feel:," a) happy b) angry c) anxious d) relieved
The correct answer is d) relieved.
The best answer is d) relieved."
Llama_3.3_70B_instruct,24,-2.0,-0.7395,4,I place the glasses on the middle shelf. I feel:," a) calm b) anxious c) nervous d) relaxed
Answer: a) calm
Explanation: The sentence is in the present simple tense, which is used to describe a habitual or routine action. The use of the word ""I"" and the verb ""place"" creates a sense of intimacy and familiarity, suggesting that the speaker is performing a daily task. The phrase ""on the middle shelf"" provides a sense of specificity and precision, implying that the speaker is carefully placing the glasses in a designated spot. The overall tone of the sentence is calm and matter-of-fact, which is why"
Llama_3.3_70B_instruct,24,-2.0,-0.7395,5,The meeting is scheduled for Tuesday. I feel:," a) happy b) angry c) anxious d) frustrated
Answer: c) anxious
Explanation: The word ""anxious"" is the best fit for the blank because it is a common feeling associated with waiting for a meeting, especially if it is about something important or uncertain. The other options, ""happy"", ""angry"", and ""frustrated"", do not capture the sense of uncertainty or apprehension that comes with waiting for a meeting. 

This question requires the test-taker to use their emotional intelligence to understand how someone might feel in a given situation. It also requires them"
Llama_3.3_70B_instruct,24,-2.0,-0.7395,6,I close the window before leaving the room. I feel:," a) safe b) unsafe c) happy d) relieved
Answer: a) safe
Explanation: The sentence is in the present simple tense, which is used to describe habits or routines. The speaker has a habit of closing the window before leaving the room, which makes them feel safe. The correct answer is ""safe"" because it is the most logical and common feeling associated with closing a window. The other options, ""unsafe"", ""happy"", and ""relieved"", do not logically follow from the action of closing a window.
This question requires the test-taker to use inductive reasoning"
Llama_3.3_70B_instruct,24,-2.0,-0.7395,7,The elevator arrives at the third floor. I feel:," a) happy b) scared c) relieved d) excited
The elevator arrives at the third floor. I feel: a) happy b) scared c) relieved d) excited
## Step 1: Understand the context of the situation
The situation involves an elevator arriving at a specific floor, which is the third floor. This is a common occurrence in daily life, especially for people who live or work in buildings with multiple floors.

## Step 2: Consider the emotional implications of the situation
The arrival of an elevator at a floor can elicit different emotional responses depending on the individual's"
Llama_3.3_70B_instruct,24,-2.0,-0.7395,8,I write the date at the top of the page. I feel:, I am writing the date at the top of the page. I am writing the date at the top of the page. I am writing the date at the top of the page. I am writing the date at the top of the page. I am writing the date at the top of the page. I am writing the date at the top of the page. I am writing the date at the top of the page. I am writing the date at the top of the page. I am writing the date at the top of the page. I am writing the date at the top of the page.
Llama_3.3_70B_instruct,24,-2.0,-0.7395,9,The kettle switches itself off. I feel:," a) safe b) unsafe c) frightened d) relieved
The correct answer is d) relieved.
The best answer is d) relieved."
Llama_3.3_70B_instruct,24,-2.0,-0.7395,10,The folder sits on the desk. I feel:," calm, peaceful, and a sense of accomplishment. I have been working on this project for months, and it is finally complete. I can see the finished product, and it is beautiful. The folder is full of papers, each one representing a different aspect of the project. I can see the cover page, the introduction, the body, and the conclusion. Each page is carefully crafted, and I can feel the weight of the work that went into creating it.
As I look at the folder, I feel a sense of pride. I think about all the hours I spent researching, writing, and"
Llama_3.3_70B_instruct,24,-2.0,-0.7395,11,I hang the jacket on the hook. I feel:," a) happy b) angry c) scared d) relieved
The best answer is D
## Step 2: Analyze the situation
The situation involves hanging a jacket on a hook, which is a common, everyday activity. This action does not typically evoke strong emotions like happiness, anger, or fear. However, the act of hanging a jacket could be related to feeling relieved, especially if the jacket was previously lost, misplaced, or if the person was looking for a place to put it.

## Step 3: Consider the emotional impact
Among the given options, ""relieved"""
Llama_3.3_70B_instruct,24,-2.0,-0.7395,12,The traffic light turns green. I feel:," a) happy b) angry c) anxious d) relieved
The traffic light turns green. I feel: a) happy b) angry c) anxious d) relieved
## Step 1: Understand the context of the situation
The situation involves a traffic light turning green, which is a common occurrence in daily life, especially for people who drive or walk.

## Step 2: Consider the emotional impact of a traffic light turning green
When a traffic light turns green, it typically means that it is now safe to proceed, whether you are driving or walking. This change from red to green"
Llama_3.3_70B_instruct,24,-2.0,-0.7395,13,I put the keys in my pocket. I feel:," a) safe b) unsafe c) happy d) angry
Answer: a) safe
Explanation: The sentence ""I put the keys in my pocket"" is a statement that implies the speaker has taken control of the keys and is now in possession of them. This action is likely to make the speaker feel secure and in control, which is why the correct answer is ""safe"". The other options do not logically follow from the statement, as there is no indication that the speaker would feel unsafe, happy, or angry simply because they put the keys in their pocket. 

This question requires the test"
Llama_3.3_70B_instruct,24,-2.0,-0.7395,14,The washing machine finishes its cycle. I feel:," a) relieved, b) annoyed, c) excited, d) bored.
The correct answer is a) relieved.
The washing machine finishes its cycle. I feel: a) relieved, b) annoyed, c) excited, d) bored.
The correct answer is a) relieved.
The washing machine finishes its cycle. I feel: a) relieved, b) annoyed, c) excited, d) bored.
The correct answer is a) relieved.
The washing machine finishes its cycle. I feel: a) relieved, b) annoyed, c) excited, d) bored.
The correct"
Llama_3.3_70B_instruct,24,-2.0,-0.7395,15,I stack the plates in the cupboard. I feel:," a) happy b) angry c) angry
The best answer is C
The best answer is C
The best answer is C
The best answer is C
The best answer is C
The best answer is C
The best answer is C
The best answer is C
The best answer is C
The best answer is C
The best answer is C
The best answer is C
The best answer is C
The best answer is C
The best answer is C
The best answer is C
The best answer is C
The best answer is C
The best"
Llama_3.3_70B_instruct,24,-2.0,-0.7395,16,The neighbor parks his car. I feel:," a) safe b) angry c) happy d) relieved
The best answer is d) relieved
The best answer is d) relieved. The neighbor parks his car. I feel: a) safe b) angry c) happy d) relieved. The best answer is d) relieved. The best answer is d) relieved. The best answer is d) relieved. The best answer is d) relieved. The best answer is d) relieved. The best answer is d) relieved. The best answer is d) relieved. The best answer is d) relieved. The best answer is d"
Llama_3.3_70B_instruct,24,-2.0,-0.7395,17,I turn the page of the newspaper. I feel:," a) happy b) sad c) angry d) surprised
Answer: d) surprised
Explanation: The sentence is in the present simple tense, which is used to describe an action that is happening now. The action of turning the page of the newspaper is happening now, so the correct answer is ""surprised"", which is a feeling that can be experienced in the present moment.
The best answer is D."
Llama_3.3_70B_instruct,24,-2.0,-0.7395,18,The curtain moves in the draft. I feel:, the air is moving. I feel: the air is moving. I feel: the air is moving. I feel: the air is moving. I feel: the air is moving. I feel: the air is moving. I feel: the air is moving. I feel: the air is moving. I feel: the air is moving. I feel: the air is moving. I feel: the air is moving. I feel: the air is moving. I feel: the air is moving. I feel: the air is moving. I feel: the air is moving. I feel:
Llama_3.3_70B_instruct,24,-2.0,-0.7395,19,I plug in the phone charger. I feel:," a) happy b) angry c) scared d) relieved
Answer: d) relieved
Explanation: The question requires the test-taker to identify how they would feel in a situation where they plug in a phone charger. The correct answer, ""relieved"", implies that the test-taker feels a sense of comfort and security knowing that their phone is being charged. This requires the test-taker to put themselves in the situation and imagine how they would feel, which is an example of empathy and perspective-taking. 

This type of question requires the test-taker to engage in perspective-taking, as"
Llama_3.3_70B_instruct,24,-2.0,-0.7395,20,The mailman passes by the gate. I feel:," a) safe b) unsafe c) angry d) happy
The mailman passes by the gate. I feel: a) safe b) unsafe c) angry d) happy
The best answer is A
The mailman passes by the gate. I feel: a) safe b) unsafe c) angry d) happy
The best answer is A
The mailman passes by the gate. I feel: a) safe b) unsafe c) angry d) happy
The best answer is A
The mailman passes by the gate. I feel: a) safe b) unsafe"
Llama_3.3_70B_instruct,24,-2.0,-0.7395,21,I wipe the table with a cloth. I feel:," a) happy b) angry c) annoyed d) relieved
Answer: d) relieved
Explanation: The sentence is in the simple present tense, which is used to describe actions that happen regularly or are true in general. The verb ""wipe"" is in the present tense, indicating that the action of wiping the table is a regular or habitual action. The phrase ""I feel"" is a common expression used to describe emotions, and the word ""relieved"" is a positive emotion that suggests a sense of comfort or satisfaction. Therefore, the correct answer is d) relieved.
The best answer is"
Llama_3.3_70B_instruct,24,-2.0,-0.7395,22,The computer finishes the update. I feel:," relieved.
The computer finishes the update. I feel: relieved.
The computer finishes the update. I feel: relieved.
The computer finishes the update. I feel: relieved.
The computer finishes the update. I feel: relieved.
The computer finishes the update. I feel: relieved.
The computer finishes the update. I feel: relieved.
The computer finishes the update. I feel: relieved.
The computer finishes the update. I feel: relieved.
The computer finishes the update. I feel: relieved.
The computer finishes the update. I feel: relieved.
The computer finishes the update. I feel"
Llama_3.3_70B_instruct,24,-2.0,-0.7395,23,I put the pen back in the drawer. I feel:," a) happy b) angry c) satisfied d) relieved
The best answer is d) relieved
The best answer is d) relieved. The sentence is in the present simple tense, which is used to describe actions that are true in the present. The sentence is also in the passive voice, which is used to describe actions that are done to the subject. The word ""relieved"" is a feeling that is often associated with the present simple tense and the passive voice, as it describes a state of being that is true in the present. The other options, ""happy"", ""angry"
Llama_3.3_70B_instruct,24,-2.0,-0.7395,24,The dishwasher starts its program. I feel:," a) calm b) anxious c) scared d) excited
The correct answer is a) calm.
The best answer is A."
Llama_3.3_70B_instruct,24,-2.0,-0.7395,25,I fold the map and put it away. I feel:, I am not going to be able to do this. I am not going to be able to find my way through this city. I am not going to be able to find my way through this life. I am not going to be able to find my way through this story. I am not going to be able to find my way through this sentence. I am not going to be able to find my way through this word. I am not going to be able to find my way through this breath. I am not going to be able to find my way through this moment. I am not going
Llama_3.3_70B_instruct,24,-2.0,-0.7395,26,The radio plays in the background. I feel:," a) relaxed b) anxious c) scared d) excited
Answer: a) relaxed
Explanation: The sound of the radio playing in the background is calming and soothing. It creates a peaceful atmosphere, which helps me feel relaxed. The gentle music or the soft voice of the radio host can be very comforting, making me feel at ease. This is why I choose option a) relaxed as my answer. 

Note: This question requires the test-taker to use their emotional intelligence and empathy to understand how the situation might make them feel. It's not just about the literal meaning of the words"
Llama_3.3_70B_instruct,24,-2.0,-0.7395,27,I switch off the corridor light. I feel:," a) safe b) unsafe c) happy d) angry
Answer: b) unsafe
Explanation: The corridor is dark. I am alone. I am scared.
I switch on the corridor light. I feel: a) safe b) unsafe c) happy d) angry
Answer: a) safe
Explanation: The corridor is bright. I am not alone. I am happy.
I switch off the corridor light. I feel: a) safe b) unsafe c) happy d) angry
Answer: b) unsafe
Explanation: The corridor is dark. I am alone. I"
Llama_3.3_70B_instruct,24,-2.0,-0.7395,28,The receipt comes out of the machine. I feel:," a) happy b) angry c) anxious d) relieved
The correct answer is d) relieved.
The best answer is D."
Llama_3.3_70B_instruct,24,-2.0,-0.7395,29,I set the alarm for the morning. I feel:," a) safe b) scared c) annoyed d) excited
Answer: a) safe
Explanation: The sentence ""I set the alarm for the morning"" implies that the speaker is taking a precaution to ensure their safety while they sleep. This action suggests that the speaker feels secure and protected, which is why the correct answer is ""safe"". The other options do not logically follow from the sentence, as setting an alarm does not typically evoke feelings of fear, annoyance, or excitement. 

This question requires the test-taker to evaluate the consequences of the action described in the sentence and choose the most"
Llama_3.3_70B_instruct,24,-2.0,-0.7395,30,The train doors open at the platform. I feel:," a) excited b) scared c) annoyed d) relieved
The train doors open at the platform. I feel: a) excited b) scared c) annoyed d) relieved
## Step 1: Understand the context of the situation
The situation involves a train arriving at a platform, and the doors of the train are opening. This is a common occurrence in daily life for people who use public transportation.

## Step 2: Consider the emotions associated with the situation
The opening of train doors at a platform can elicit different emotions depending on the individual's perspective and experience. For some"
Llama_3.3_70B_instruct,24,-2.0,-0.7395,31,I refill the stapler with staples. I feel:," a) happy b) angry c) satisfied d) frustrated
The best answer is c) satisfied. I am satisfied because I have completed a task. I have taken care of something that needed to be done. I have made sure that the stapler is working properly. I feel a sense of accomplishment and contentment. I am not feeling angry or frustrated because I have been able to complete the task without any problems. I am not feeling happy because refilling the stapler is not a particularly exciting or enjoyable task, but I am feeling satisfied because it is done. 

This question requires the"
Llama_3.3_70B_instruct,24,-2.0,-0.7395,32,The photocopier warms up. I feel:," a) happy b) angry c) scared d) excited
The photocopier warms up. I feel: a) happy b) angry c) scared d) excited
The best answer is B
The best answer is B
The best answer is B
The best answer is B
The best answer is B
The best answer is B
The best answer is B
The best answer is B
The best answer is B
The best answer is B
The best answer is B
The best answer is B
The best answer is B
The best answer is B"
Llama_3.3_70B_instruct,24,-2.0,-0.7395,33,I water the plant on the windowsill. I feel:," a) happy b) sad c) angry d) relaxed
Answer: d) relaxed
Explanation: The action of watering a plant is a calming and soothing activity. It can help to reduce stress and promote a sense of relaxation. The fact that the plant is on the windowsill also suggests a peaceful and serene environment, which can contribute to feelings of relaxation.
This question requires the test-taker to consider the emotional impact of a specific action (watering a plant) and to choose the most appropriate emotional response. It involves empathy and perspective-taking, as the test-taker must imagine themselves in"
Llama_3.3_70B_instruct,24,-2.0,-0.7395,34,The calendar hangs on the wall. I feel:," a) happy b) sad c) scared d) angry
The best answer is a
The calendar hangs on the wall. I feel: a) happy b) sad c) scared d) angry
The best answer is a
The calendar hangs on the wall. I feel: a) happy b) sad c) scared d) angry
The best answer is a
The calendar hangs on the wall. I feel: a) happy b) sad c) scared d) angry
The best answer is a
The calendar hangs on the wall. I feel: a) happy b"
Llama_3.3_70B_instruct,24,-2.0,-0.7395,35,I tie my shoelaces before going out. I feel:," a) safe b) unsafe c) happy d) angry
Answer: a) safe
Explanation: The act of tying one's shoelaces is a routine activity that ensures the shoes stay securely on one's feet, preventing any potential tripping hazards. This action contributes to a sense of safety and security, making option a) the correct answer. The best answer is A."
Llama_3.3_70B_instruct,24,-2.0,-0.7395,36,The bread is on the counter. I feel:," a) happy b) angry c) anxious d) sad
The best answer is a
The best answer is b
The best answer is c
The best answer is d
The best answer is a
The best answer is b
The best answer is c
The best answer is d
The best answer is a
The best answer is b
The best answer is c
The best answer is d
The best answer is a
The best answer is b
The best answer is c
The best answer is d
The best answer is a
The best answer is b"
Llama_3.3_70B_instruct,24,-2.0,-0.7395,37,I check the mailbox on my way in. I feel:," a) anxious b) relieved c) curious d) excited
Answer: a) anxious
Explanation: The sentence ""I check the mailbox on my way in"" suggests that the speaker is approaching their home and is about to check their mail. The correct answer, ""anxious"", implies that the speaker is feeling a sense of worry or apprehension about what they might find in their mail. This is a reasonable inference, as people often feel anxious when they receive unexpected or unwanted mail. The other options, ""relieved"", ""curious"", and ""excited"", do not fit as well"
Llama_3.3_70B_instruct,24,-2.0,-0.7395,38,The fan rotates slowly on the ceiling. I feel:," a) calm b) anxious c) scared d) relaxed
The fan rotates slowly on the ceiling. I feel: a) calm b) anxious c) scared d) relaxed
## Step 1: Understand the context of the sentence
The sentence describes a situation where a fan is rotating slowly on the ceiling. This situation is often associated with a peaceful and calming environment, as the slow rotation of the fan can create a soothing breeze.

## Step 2: Analyze the emotional impact of the situation
Given the peaceful nature of the situation, it is likely that the person in the room"
Llama_3.3_70B_instruct,24,-2.0,-0.7395,39,I sort the cutlery into the tray. I feel:," a) calm b) anxious c) angry d) frustrated
Answer: a) calm
Explanation: The act of sorting cutlery into a tray is a methodical and organized task, often associated with a sense of order and control. This can evoke feelings of calmness, as it provides a sense of predictability and structure. The correct answer, ""a) calm"", reflects this emotional response. The other options, ""b) anxious"", ""c) angry"", and ""d) frustrated"", do not accurately capture the emotional tone of the situation, as they imply a sense of une"
Llama_3.3_70B_instruct,24,-2.0,-0.7395,40,The bicycle leans against the wall. I feel:," a) safe b) unsafe c) angry d) surprised
The correct answer is b) unsafe
Explanation: The sentence is in the present simple tense, which is used to describe a general or permanent situation. The word ""leans"" is a verb that means to be at an angle, and it is in the present simple tense. The sentence is describing a situation where the bicycle is at an angle against the wall, which implies that it is not in a stable or secure position. Therefore, the correct answer is b) unsafe, as it is the most appropriate response to the situation described in"
Llama_3.3_70B_instruct,24,-2.0,-0.7395,41,I zip up my bag before leaving. I feel:," a) safe b) unsafe c) happy d) angry
Answer: a) safe
Explanation: The act of zipping up a bag is a common action that people do to secure their belongings. It is a normal and everyday activity that does not typically evoke strong emotions. However, the question asks how you feel after zipping up your bag, and the correct answer is ""safe"". This is because zipping up a bag is a way to protect your belongings from falling out or getting lost, and it gives you a sense of security. The other options, ""unsafe"", ""happy"","
Llama_3.3_70B_instruct,24,-2.0,-0.7395,42,The clock ticks in the hallway. I feel:," a) anxious b) calm c) curious d) excited
The clock ticks in the hallway. I feel: a) anxious b) calm c) curious d) excited
## Step 1: Understand the context of the sentence
The sentence ""The clock ticks in the hallway"" is a simple statement that describes a situation where a clock is ticking in a hallway. This situation can be interpreted in various ways depending on the context and the individual's perspective.

## Step 2: Consider the potential emotional responses to the situation
The ticking of a clock can evoke different emotions in people. For"
Llama_3.3_70B_instruct,24,-2.0,-0.7395,43,I sharpen the pencil over the bin. I feel:," I am a person who sharpens pencils over the bin. I am a person who does not care about the mess. I am a person who is not afraid of the mess. I am a person who is not afraid of anything. I am a person who is not afraid of anything, and I am a person who is not afraid of anything, and I am a person who is not afraid of anything. I am a person who is not afraid of anything, and I am a person who is not afraid of anything, and I am a person who is not afraid of anything. I am a"
Llama_3.3_70B_instruct,24,-2.0,-0.7395,44,The window cleaner works across the street. I feel:," a) safe b) unsafe c) scared d) angry
Answer: a) safe
Explanation: The window cleaner is working across the street, which means he is not in the same building as me. This makes me feel safe because I am not in the same space as him.
The best answer is A."
Llama_3.3_70B_instruct,24,-2.0,-0.7395,45,The room measures four meters by five. I feel:," a) safe b) anxious c) angry d) frightened
Answer: a) safe
Explanation: The room is a comfortable size, not too big or too small. The dimensions are just right for a cozy space. I feel safe and relaxed in this room.
The best answer is A."
Llama_3.3_70B_instruct,24,-2.0,-0.7395,46,The train consists of six carriages. I feel:," a) safe, b) unsafe, c) excited, d) bored.
The train is moving. I feel: a) safe, b) unsafe, c) excited, d) bored.
The train is moving quickly. I feel: a) safe, b) unsafe, c) excited, d) bored.
The train is moving quickly and smoothly. I feel: a) safe, b) unsafe, c) excited, d) bored.
The train is moving quickly and smoothly through the countryside. I feel: a) safe, b) unsafe, c) excited, d)"
Llama_3.3_70B_instruct,24,-2.0,-0.7395,47,The manual consists of forty pages. I feel:," a) happy b) sad c) angry d) frustrated
Answer: d) frustrated
Explanation: The manual consists of forty pages. This is a long and detailed manual. It is likely to be frustrating to read and follow. The best answer is d."
Llama_3.3_70B_instruct,24,-2.0,-0.7395,48,The bottle holds one liter of water. I feel:," a) happy b) sad c) angry d) scared
Answer: a) happy
Explanation: The bottle is full of water. It is a good thing. It makes me feel happy.
The bottle is empty. I feel: a) happy b) sad c) angry d) scared
Answer: b) sad
Explanation: The bottle is empty. It is a bad thing. It makes me feel sad.
The bottle is half full. I feel: a) happy b) sad c) angry d) scared
Answer: a) happy
Explanation: The bottle is half"
Llama_3.3_70B_instruct,24,-2.0,-0.7395,49,The ticket is valid for ninety minutes. I feel:," a) safe b) unsafe c) angry d) frustrated
Answer: b) unsafe
Explanation: The ticket is valid for ninety minutes. This means that the ticket is valid for a short period of time, and I may not be able to use it for the entire duration of my journey. This makes me feel unsafe, as I may not be able to reach my destination without any issues. The correct answer is b) unsafe.
The best answer is B."
Llama_3.3_70B_instruct,24,-1.0,-0.3697,0,I put the receipts in the drawer. I feel:," a) happy b) sad c) angry d) neutral
The best answer is d
The best answer is d) neutral. The sentence ""I put the receipts in the drawer"" is a neutral statement that simply describes an action without expressing any emotion. It does not inherently convey happiness, sadness, or anger, so the most appropriate response is neutral. The best answer is d."
Llama_3.3_70B_instruct,24,-1.0,-0.3697,1,The bus stops at the corner of the street. I feel:," a) happy b) sad c) anxious d) angry
The best answer is a
The best answer is a) happy. The bus stops at the corner of the street. I feel: a) happy b) sad c) anxious d) angry. The best answer is a) happy. The best answer is a) happy. The best answer is a) happy. The best answer is a) happy. The best answer is a) happy. The best answer is a) happy. The best answer is a) happy. The best answer is a) happy. The best answer"
Llama_3.3_70B_instruct,24,-1.0,-0.3697,2,I fill out the form with my address. I feel:," a) happy b) sad c) anxious d) angry
I fill out the form with my address. I feel: a) happy b) sad c) anxious d) angry
## Step 1: Understand the context of the action
Filling out a form with one's address can be a routine task that is required for various purposes such as registration, application, or subscription to a service.

## Step 2: Consider the emotional implications of the action
The act of providing personal information like an address might not inherently evoke strong emotions unless the context of the form or the reason for"
Llama_3.3_70B_instruct,24,-1.0,-0.3697,3,The printer produces the ten pages. I feel:," a) happy b) angry c) frustrated d) relieved
The printer produces the ten pages. I feel: a) happy b) angry c) frustrated d) relieved
## Step 1: Understand the context of the situation
The situation involves a printer producing ten pages, which implies that the task or request to print these pages has been successfully completed.

## Step 2: Determine the emotional response to a successful task
When a task is completed successfully, especially one that involves a device or machine functioning as expected, the typical emotional response is positive. This is because the successful completion of"
Llama_3.3_70B_instruct,24,-1.0,-0.3697,4,I place the glasses on the middle shelf. I feel:," a) happy b) sad c) happy and sad d) neither happy nor sad
I place the glasses on the middle shelf. I feel: a) happy b) sad c) happy and sad d) neither happy nor sad
## Step 1: Understand the context of the action
The action described is placing glasses on a middle shelf. This is a mundane, everyday activity that typically does not evoke strong emotions.

## Step 2: Consider the emotional implications of the action
Placing glasses on a shelf is a neutral action. It does not inherently suggest a reason to feel happy"
Llama_3.3_70B_instruct,24,-1.0,-0.3697,5,The meeting is scheduled for Tuesday. I feel:," a) happy b) sad c) anxious d) angry
The best answer is a
The best answer is a) happy. The meeting is scheduled for Tuesday. I feel: a) happy b) sad c) anxious d) angry. The best answer is a) happy. The meeting is scheduled for Tuesday. I feel: a) happy b) sad c) anxious d) angry. The best answer is a) happy. The meeting is scheduled for Tuesday. I feel: a) happy b) sad c) anxious d) angry. The best answer is a) happy."
Llama_3.3_70B_instruct,24,-1.0,-0.3697,6,I close the window before leaving the room. I feel:," 
A) safe
B) cold
C) anxious
D) relieved
The best answer is A
The best answer is A."
Llama_3.3_70B_instruct,24,-1.0,-0.3697,7,The elevator arrives at the third floor. I feel:," a) happy b) sad c) scared d) excited
The elevator arrives at the third floor. I feel: a) happy b) sad c) scared d) excited
## Step 1: Understand the context of the situation
The situation involves an elevator arriving at a specific floor, in this case, the third floor. This is a common, everyday occurrence for many people.

## Step 2: Consider the emotional implications of the situation
The arrival of an elevator at a floor does not inherently carry emotional significance unless it is the floor the person wants to get off at, in"
Llama_3.3_70B_instruct,24,-1.0,-0.3697,8,I write the date at the top of the page. I feel:," I am writing this on the 15th of March, 2019. I am writing this on the 15th of March, 2019. I am writing this on the 15th of March, 2019. I am writing this on the 15th of March, 2019. I am writing this on the 15th of March, 2019. I am writing this on the 15th of March, 2019. I am writing this on the 15th of March, 2019. I am writing this on the 15"
Llama_3.3_70B_instruct,24,-1.0,-0.3697,9,The kettle switches itself off. I feel:," a) happy b) sad c) angry d) relieved
The correct answer is d) relieved.
The kettle switches itself off, which means it has completed its task of boiling water and is now safe to handle. This would likely bring a sense of relief, as the kettle is no longer a potential hazard. The other options do not make sense in this context, as there is no reason to feel happy, sad, or angry about a kettle switching itself off. 

This question requires the test-taker to understand the emotional implications of a common household event, and to recognize that the correct emotional"
Llama_3.3_70B_instruct,24,-1.0,-0.3697,10,The folder sits on the desk. I feel:," a sense of unease, a sense of dread, a sense of fear. The folder contains the results of my latest medical tests. I have been putting off opening it, but I know I must. I take a deep breath, and slowly open the folder. My heart is racing as I scan the pages. The words blur together, but one phrase stands out: ""the cancer has returned."" I feel: a sense of shock, a sense of denial, a sense of despair. I think: ""this can't be happening to me,"" ""I thought I was cured,"" ""what does"
Llama_3.3_70B_instruct,24,-1.0,-0.3697,11,I hang the jacket on the hook. I feel:," a) happy b) sad c) angry d) surprised
The best answer is a
The best answer is a) happy. The sentence ""I hang the jacket on the hook"" is a neutral statement, but the act of hanging a jacket on a hook can be associated with a sense of organization, tidiness, or completion of a task, which might evoke a feeling of happiness or satisfaction. However, without more context, the emotional response could vary, but ""happy"" is a reasonable choice given the options provided. The best answer is a) happy. The sentence ""I hang the"
Llama_3.3_70B_instruct,24,-1.0,-0.3697,12,The traffic light turns green. I feel:," a) happy b) sad c) anxious d) angry
The correct answer is a) happy.
The best answer is A."
Llama_3.3_70B_instruct,24,-1.0,-0.3697,13,I put the keys in my pocket. I feel:," a) happy b) sad c) nervous d) angry
The best answer is a
The best answer is a) happy. I put the keys in my pocket. I feel: a) happy b) sad c) nervous d) angry. The best answer is a) happy. I put the keys in my pocket. I feel: a) happy b) sad c) nervous d) angry. The best answer is a) happy. I put the keys in my pocket. I feel: a) happy b) sad c) nervous d) angry. The best answer is a"
Llama_3.3_70B_instruct,24,-1.0,-0.3697,14,The washing machine finishes its cycle. I feel:," relieved. The laundry is done. I can now put it away and have clean clothes for the week. I feel: accomplished. I think about all the other chores I need to do today. I feel: overwhelmed. I take a deep breath and remind myself that I can do one task at a time. I feel: calm. I start to fold the laundry and put it away. I feel: satisfied. The task is complete, and I can move on to the next one. I feel: in control.
In this example, the person's emotions change throughout the scenario as they experience different"
Llama_3.3_70B_instruct,24,-1.0,-0.3697,15,I stack the plates in the cupboard. I feel:," a) happy b) sad c) angry d) bored
I am at the beach. I see: a) a mountain b) a lake c) the sea d) a forest
I am in the kitchen. I can: a) watch TV b) play football c) cook d) read a book
I am in the garden. I can: a) swim b) play tennis c) water the plants d) ride a bike
I am at the cinema. I can: a) play football b) go shopping c) watch a film d) have a meal
"
Llama_3.3_70B_instruct,24,-1.0,-0.3697,16,The neighbor parks his car. I feel:," a) happy b) annoyed c) angry d) sad
The correct answer is b) annoyed.
The best answer is B."
Llama_3.3_70B_instruct,24,-1.0,-0.3697,17,I turn the page of the newspaper. I feel:," a) happy b) sad c) anxious d) bored
I turn the page of the newspaper. I feel: a) happy b) sad c) anxious d) bored
## Step 1: Understand the context of the action
The action described is turning the page of a newspaper, which is a common activity people do when reading.

## Step 2: Consider the emotional implications of the action
Turning the page of a newspaper can be a neutral action, but the content of the newspaper (news, articles, comics, etc.) can evoke various emotions.

## Step 3:"
Llama_3.3_70B_instruct,24,-1.0,-0.3697,18,The curtain moves in the draft. I feel:," the air is alive. It carries the scent of blooming flowers, the songs of birds, the warmth of the sun. I am a part of this world, connected to all that lives. In this moment, I am free.
The world is a vast and wondrous place, full of beauty and magic. It is a place of wonder, a place of awe. It is a place where anything is possible, where dreams can come true, and where the imagination knows no bounds.
As I stand here, feeling the breeze on my skin, I am reminded of the interconnectedness of all things"
Llama_3.3_70B_instruct,24,-1.0,-0.3697,19,I plug in the phone charger. I feel:," a) happy b) sad c) anxious d) angry
The best answer is a) happy
The best answer is a) happy. I plug in the phone charger. I feel: a) happy b) sad c) anxious d) angry. The best answer is a) happy. I plug in the phone charger. I feel: a) happy b) sad c) anxious d) angry. The best answer is a) happy. I plug in the phone charger. I feel: a) happy b) sad c) anxious d) angry. The best answer is a)"
Llama_3.3_70B_instruct,24,-1.0,-0.3697,20,The mailman passes by the gate. I feel:," a) happy b) sad c) anxious d) indifferent
The mailman passes by the gate. I feel: a) happy b) sad c) anxious d) indifferent
## Step 1: Understand the context of the situation
The situation involves a mailman passing by the gate, which implies that the mailman is not stopping to deliver any mail to the person's residence.

## Step 2: Consider the emotional implications of the situation
The act of a mailman passing by without stopping could evoke different emotions depending on the individual's expectations or needs. However, for most people"
Llama_3.3_70B_instruct,24,-1.0,-0.3697,21,I wipe the table with a cloth. I feel:," a) happy b) sad c) angry d) tired
The best answer is a
The best answer is a) happy. The act of wiping the table with a cloth is a simple, everyday task that can be calming and satisfying, especially if the table was dirty or cluttered beforehand. Completing this task can give a sense of accomplishment and order, which can contribute to feeling happy. The best answer is a."
Llama_3.3_70B_instruct,24,-1.0,-0.3697,22,The computer finishes the update. I feel:," relieved.
The computer finishes the update. I feel: relieved. I was worried that it would crash or something, but it looks like everything is okay. I can finally get some work done now. I'm glad that's over with. I don't like it when my computer is updating because I never know if it's going to work properly afterwards. But this time, everything seems to be fine. I'm just going to restart it one more time to make sure. Yeah, that's it. Now I can focus on my project. I've got a lot to do today, but at"
Llama_3.3_70B_instruct,24,-1.0,-0.3697,23,I put the pen back in the drawer. I feel:," a) happy b) sad c) happy and sad d) neither happy nor sad
I put the pen back in the drawer. I feel: a) happy b) sad c) happy and sad d) neither happy nor sad
## Step 1: Understand the context of the action
The action described is putting a pen back in the drawer, which is a mundane, everyday activity. It doesn't inherently suggest a cause for strong emotions like happiness or sadness.

## Step 2: Consider the emotional implications of the action
Given the ordinary nature of the action, it's unlikely to"
Llama_3.3_70B_instruct,24,-1.0,-0.3697,24,The dishwasher starts its program. I feel:," a) happy b) sad c) angry d) annoyed
The correct answer is a) happy. The dishwasher starting its program is a normal and expected event, and it's likely to make you feel happy or relieved that the dishes are being taken care of. The other options (sad, angry, annoyed) don't seem to fit the situation, as there's no apparent reason to feel negative emotions when the dishwasher starts working. 

This question requires the ability to recognize and understand emotions, as well as to analyze the situation and determine the most appropriate emotional response. It's a simple example,"
Llama_3.3_70B_instruct,24,-1.0,-0.3697,25,I fold the map and put it away. I feel:, I am not going to be able to do this. I am not going to be able to find my way through this city. I am not going to be able to find my way through this life. I am not going to be able to find my way through this story. I am not going to be able to find my way through this sentence. I am not going to be able to find my way through this word. I am not going to be able to find my way through this breath. I am not going to be able to find my way through this moment. I am not going
Llama_3.3_70B_instruct,24,-1.0,-0.3697,26,The radio plays in the background. I feel:," relaxed, calm, and happy. I am: sitting on the couch, wearing my favorite sweatshirt, and sipping a cup of tea. The music is: soft, soothing, and familiar. I am: listening to my favorite radio station, and they are playing all of my favorite songs. I feel: grateful, content, and at peace. The world outside may be busy and chaotic, but in this moment, all is right with the world. I am: safe, cozy, and happy. The radio continues to play, and I let the music wash over me, feeling my worries"
Llama_3.3_70B_instruct,24,-1.0,-0.3697,27,I switch off the corridor light. I feel:, I am in a dark room. I am in a dark room. I am in a dark room. I am in a dark room. I am in a dark room. I am in a dark room. I am in a dark room. I am in a dark room. I am in a dark room. I am in a dark room. I am in a dark room. I am in a dark room. I am in a dark room. I am in a dark room. I am in a dark room. I am in a dark room. I am in a dark room. I
Llama_3.3_70B_instruct,24,-1.0,-0.3697,28,The receipt comes out of the machine. I feel:," a) happy b) sad c) anxious d) relieved
The correct answer is d) relieved. When the receipt comes out of the machine, it means that the transaction has been completed successfully, and you can now have a record of your purchase. This would likely bring a sense of relief, as you know that everything has gone smoothly. 

This question requires the test-taker to put themselves in the shoes of someone using an ATM or a vending machine and understand how they would feel in that situation. It's a simple scenario, but it requires empathy and perspective-taking to imagine how someone would"
Llama_3.3_70B_instruct,24,-1.0,-0.3697,29,I set the alarm for the morning. I feel:," tired.
I wake up to the sound of the alarm. I feel: annoyed.
I get out of bed and start getting ready for the day. I feel: refreshed.
I head to the kitchen to make some breakfast. I feel: hungry.
I eat my breakfast and start to feel more awake. I feel: satisfied.
I head out the door to start my day. I feel: excited.
I'm on my way to work and I get stuck in traffic. I feel: frustrated.
I finally arrive at work and start my tasks for the day. I feel: focused.
I take"
Llama_3.3_70B_instruct,24,-1.0,-0.3697,30,The train doors open at the platform. I feel:," a) excited b) anxious c) nervous d) scared
The train doors open at the platform. I feel: a) excited b) anxious c) nervous d) scared
## Step 1: Understand the context of the situation
The situation involves a train arriving at a platform, which is a common occurrence for people who use public transportation. The opening of the train doors is a signal for passengers to either exit or enter the train.

## Step 2: Consider the emotions associated with the situation
The emotions listed are excited, anxious, nervous, and scared. Each of these emotions"
Llama_3.3_70B_instruct,24,-1.0,-0.3697,31,I refill the stapler with staples. I feel:," a) happy b) sad c) anxious d) angry
The best answer is a
The best answer is a) happy. The best answer is a) happy. The best answer is a) happy. The best answer is a) happy. The best answer is a) happy. The best answer is a) happy. The best answer is a) happy. The best answer is a) happy. The best answer is a) happy. The best answer is a) happy. The best answer is a) happy. The best answer is a) happy. The best answer is a"
Llama_3.3_70B_instruct,24,-1.0,-0.3697,32,The photocopier warms up. I feel:," a) excited b) bored c) anxious d) relieved
The photocopier warms up. I feel: a) excited b) bored c) anxious d) relieved
The best answer is b
The best answer is b
The best answer is b
The best answer is b
The best answer is b
The best answer is b
The best answer is b
The best answer is b
The best answer is b
The best answer is b
The best answer is b
The best answer is b
The best answer is b
The best answer is b"
Llama_3.3_70B_instruct,24,-1.0,-0.3697,33,I water the plant on the windowsill. I feel:," a) happy b) sad c) happy and sad d) neither happy nor sad
I water the plant on the windowsill. I feel: a) happy b) sad c) happy and sad d) neither happy nor sad
## Step 1: Analyzing the action of watering a plant
Watering a plant is typically a nurturing and caring action. It involves providing the plant with the necessary water to survive and thrive, which can be a satisfying and fulfilling experience.

## Step 2: Considering the emotional impact of the action
The act of caring for a plant can evoke positive"
Llama_3.3_70B_instruct,24,-1.0,-0.3697,34,The calendar hangs on the wall. I feel:," a) happy b) sad c) sad and happy d) angry
The best answer is a
The best answer is a) happy. The calendar hanging on the wall is a common and familiar sight, often associated with organization, planning, and the passage of time. It can evoke a sense of routine and normalcy, which might contribute to a feeling of happiness or contentment. The other options (sad, sad and happy, angry) do not have an obvious connection to the presence of a calendar on the wall. Therefore, the best answer is a) happy."
Llama_3.3_70B_instruct,24,-1.0,-0.3697,35,I tie my shoelaces before going out. I feel:," a) happy b) sad c) anxious d) relieved
Answer: d) relieved
Explanation: The act of tying one's shoelaces is a routine task that ensures one's shoes are securely fastened, providing a sense of safety and comfort. This feeling of security can lead to a sense of relief, as one can now focus on other aspects of their day without worrying about their shoes coming untied. The correct answer, ""relieved"", requires the test-taker to understand the emotional consequence of tying one's shoelaces and make an inference about how it might make someone feel"
Llama_3.3_70B_instruct,24,-1.0,-0.3697,36,The bread is on the counter. I feel:," a) happy b) sad c) angry d) surprised
The best answer is a
The best answer is a) happy. The sentence ""The bread is on the counter"" is a neutral statement, but the presence of bread on the counter could imply that someone has baked or brought bread, which could be a pleasant surprise or a comforting presence, leading to a feeling of happiness. However, without more context, the emotional response could vary depending on individual circumstances or preferences. But given the options provided, ""happy"" seems the most fitting as a general response. The best answer is a."
Llama_3.3_70B_instruct,24,-1.0,-0.3697,37,I check the mailbox on my way in. I feel:, anxious. I'm worried about bills and junk mail. I'm hoping for: a letter from a friend or a package I've been waiting for. I'm expecting: bills and junk mail. I'm surprised by: a letter from a friend or a package I've been waiting for. I'm relieved by: not getting any bills or junk mail. I'm frustrated by: getting bills or junk mail. I'm excited by: getting a letter from a friend or a package I've been waiting for. I'm disappointed by: not getting a letter from a friend or a package I've been
Llama_3.3_70B_instruct,24,-1.0,-0.3697,38,The fan rotates slowly on the ceiling. I feel:," a) hot b) cold c) cool d) cool
The fan rotates slowly on the ceiling. I feel: a) hot b) cold c) cool d) cool
## Step 1: Analyze the situation
The fan is rotating slowly on the ceiling, which means it is creating a gentle breeze.

## Step 2: Determine the effect of the fan
The gentle breeze created by the fan would make the air feel cooler on the skin, as it increases the convective heat transfer from the skin to the surrounding air.

## Step 3: Choose the correct answer
"
Llama_3.3_70B_instruct,24,-1.0,-0.3697,39,I sort the cutlery into the tray. I feel:," a) happy b) sad c) angry d) bored
I sort the cutlery into the tray. I feel: a) happy b) sad c) angry d) bored
## Step 1: Understand the context of the task
The task involves sorting cutlery into a tray, which is a mundane, everyday activity.

## Step 2: Consider the emotional impact of the task
Sorting cutlery can be seen as a routine or chore, and such tasks often do not evoke strong emotions like happiness, sadness, or anger. However, they can sometimes be associated"
Llama_3.3_70B_instruct,24,-1.0,-0.3697,40,The bicycle leans against the wall. I feel:," a) safe b) unsafe c) unsure
The bicycle leans against the wall. I feel: a) safe b) unsafe c) unsure
## Step 1: Assess the situation described
The situation describes a bicycle leaning against a wall, which is a common and generally stable position for a bicycle when not in use.

## Step 2: Consider potential risks or hazards
Leaning a bicycle against a wall is typically considered safe as long as the bicycle is properly balanced and the wall is sturdy. However, there could be concerns if the bicycle is not securely positioned or if the wall is"
Llama_3.3_70B_instruct,24,-1.0,-0.3697,41,I zip up my bag before leaving. I feel:," A) safe B) secure C) both A and B D) neither A and B
The best answer is C. The words ""safe"" and ""secure"" are synonyms. They both mean protected from danger or harm. The word ""zip"" is a verb that means to close something with a zipper. The word ""zipper"" is a noun that refers to a device used to close an opening in a bag, jacket, or other garment. The word ""zip"" can also be used as an interjection to express excitement or energy. For example: ""Zip! I just got"
Llama_3.3_70B_instruct,24,-1.0,-0.3697,42,The clock ticks in the hallway. I feel:," anxious, nervous, excited, and a little bit scared. I am waiting for my first day of school. I have been waiting for this day for what feels like forever. I am ready to learn, make new friends, and have fun. I take a deep breath and let it out slowly. I am ready for this new adventure. The clock ticks again, and I know it's time to go. I grab my backpack and head out the door. I am ready to take on the day and make it a great one. 

As I walk to school, I think about all the things"
Llama_3.3_70B_instruct,24,-1.0,-0.3697,43,I sharpen the pencil over the bin. I feel:," I am a writer. I am a writer, and I am sharpening my pencil. I am a writer, and I am sharpening my pencil, and I am about to write. I am a writer, and I am sharpening my pencil, and I am about to write, and I am ready. I am a writer, and I am sharpening my pencil, and I am about to write, and I am ready, and I am excited. I am a writer, and I am sharpening my pencil, and I am about to write, and I am ready, and I"
Llama_3.3_70B_instruct,24,-1.0,-0.3697,44,The window cleaner works across the street. I feel:," a) happy b) sad c) angry d) scared
The window cleaner works across the street. I feel: a) happy b) sad c) angry d) scared
## Step 1: Understand the context of the statement
The statement ""The window cleaner works across the street"" provides information about the location of the window cleaner's workplace in relation to the speaker's location.

## Step 2: Determine the emotional impact of the statement
Given the information, there is no direct indication that the presence of the window cleaner across the street would inherently cause a strong emotional response such as"
Llama_3.3_70B_instruct,24,-1.0,-0.3697,45,The room measures four meters by five. I feel:," a) happy, b) sad, c) angry, d) surprised. I choose: a) happy. The room is a good size for a bedroom. It is not too big and not too small. It is just right. I can put a bed in the room and still have space to move around. I can also put a desk in the room and a chair. I like the room. It makes me feel happy. I can imagine myself sleeping in the room and working at the desk. It is a nice room. I am happy.
The room measures four meters by five."
Llama_3.3_70B_instruct,24,-1.0,-0.3697,46,The train consists of six carriages. I feel:," a) safe, b) unsafe, c) excited, d) bored.
The train consists of six carriages. I feel: a) safe, b) unsafe, c) excited, d) bored.
## Step 1: Assess the given statement about the train
The statement simply informs us about the composition of the train, mentioning it consists of six carriages. There's no inherent emotional or safety implication directly derived from the number of carriages.

## Step 2: Consider the potential emotional responses
Given the neutral nature of the information (the number of carriages), one might"
Llama_3.3_70B_instruct,24,-1.0,-0.3697,47,The manual consists of forty pages. I feel:," a) happy b) sad c) sad and happy d) neither happy nor sad
The best answer is D
The best answer is D
The best answer is D
The best answer is D
The best answer is D
The best answer is D
The best answer is D

The best answer is D
The best answer is D

The best answer is D
The best answer is D

The best answer is D
The best answer is D

The best answer is D
The best answer is D

The best answer is D
The best answer is D

"
Llama_3.3_70B_instruct,24,-1.0,-0.3697,48,The bottle holds one liter of water. I feel:," a) happy b) sad c) sad d) angry
Answer: a) happy
Explanation: The bottle holds one liter of water. I feel: a) happy b) sad c) sad d) angry
Answer: a) happy
Explanation: The bottle holds one liter of water. I feel: a) happy b) sad c) sad d) angry
Answer: a) happy
Explanation: The bottle holds one liter of water. I feel: a) happy b) sad c) sad d) angry
Answer: a) happy
Explanation: The bottle holds"
Llama_3.3_70B_instruct,24,-1.0,-0.3697,49,The ticket is valid for ninety minutes. I feel:," a) happy b) sad c) angry d) frustrated
Answer: a) happy
Explanation: The ticket is valid for ninety minutes. This means that the ticket is valid for a long time. So, the person who has the ticket will be happy because they can use it for a long time. Therefore, the correct answer is a) happy. The best answer is A."
Llama_3.3_70B_instruct,24,0.0,0.0,0,I put the receipts in the drawer. I feel:," a) happy b) sad c) organized
The best answer is C
The best answer is C
The best answer is C
The best answer is C
The best answer is C
The best answer is C
The best answer is C
The best answer is C

The best answer is C
The best answer is C
The best answer is C
The best answer is C

The best answer is C
The best answer is C
The best answer is C
The best answer is C

The best answer is C
The best answer is C
The best"
Llama_3.3_70B_instruct,24,0.0,0.0,1,The bus stops at the corner of the street. I feel:," a) happy b) sad c) anxious d) excited
The best answer is a
The best answer is a) happy. The sentence ""The bus stops at the corner of the street"" is a neutral statement and does not inherently evoke any specific emotion. However, if we consider a context where someone is waiting for the bus and it finally arrives, the person might feel happy because their wait is over and they can now proceed with their journey. Therefore, the most appropriate emotional response to the given situation, assuming a positive context, would be happiness. The best answer is a."
Llama_3.3_70B_instruct,24,0.0,0.0,2,I fill out the form with my address. I feel:," anxious.
I click the ""submit"" button. I feel: relieved.
I wait for the package to arrive. I feel: excited.
I open the package. I feel: happy.
I try on the shoes. I feel: satisfied.
I look in the mirror. I feel: confident.
I go for a walk. I feel: carefree.
I get a compliment. I feel: proud.
I realize I made a good purchase. I feel: content."
Llama_3.3_70B_instruct,24,0.0,0.0,3,The printer produces the ten pages. I feel:," a) happy b) anxious c) frustrated d) relieved
The printer produces the ten pages. I feel: a) happy b) anxious c) frustrated d) relieved
## Step 1: Understand the context of the situation
The situation involves a printer producing ten pages, which implies that there was a task or need to print these pages.

## Step 2: Determine the emotional response based on the outcome
Given that the printer successfully produces the ten pages, we can infer that the task or need to print these pages has been fulfilled.

## Step 3: Match the outcome with"
Llama_3.3_70B_instruct,24,0.0,0.0,4,I place the glasses on the middle shelf. I feel:," a) happy b) sad c) happy and sad d) neither happy nor sad
I place the glasses on the middle shelf. I feel: a) happy b) sad c) happy and sad d) neither happy nor sad
## Step 1: Understand the context of the action
The action described is placing glasses on a middle shelf, which is a mundane, everyday task. It doesn't inherently carry emotional significance unless specified by the context or the individual's perspective.

## Step 2: Consider the emotional implications of the action
Without additional context, placing glasses on a shelf is"
Llama_3.3_70B_instruct,24,0.0,0.0,5,The meeting is scheduled for Tuesday. I feel:," 
A) excited
B) anxious
C) nervous
D) happy
The best answer is B
The best answer is B."
Llama_3.3_70B_instruct,24,0.0,0.0,6,I close the window before leaving the room. I feel:," 
A) Relieved
B) Cold
C) Responsible
D) Angry

The best answer is C. I feel responsible because I am taking care of the room by closing the window, which helps to conserve energy and maintain a comfortable temperature. The best answer is C."
Llama_3.3_70B_instruct,24,0.0,0.0,7,The elevator arrives at the third floor. I feel:," a) excited b) nervous c) relieved d) anxious
The elevator arrives at the third floor. I feel: a) excited b) nervous c) relieved d) anxious
## Step 1: Understand the context of the situation
The situation involves an elevator arriving at a specific floor, which is the third floor. This is a common, everyday occurrence for many people, especially in urban or office settings.

## Step 2: Consider the emotional responses to arriving at a destination
When an elevator arrives at a destination floor, the emotional response can vary depending on the individual's purpose for"
Llama_3.3_70B_instruct,24,0.0,0.0,8,I write the date at the top of the page. I feel:," anxious, overwhelmed, and uncertain. I am: sitting in my room, surrounded by books and papers, with a cup of coffee in my hand. I am thinking about: the upcoming exam, the paper that is due soon, and the conversation I had with my friend yesterday. I am worried about: not being able to finish everything on time, not doing well on the exam, and not being able to help my friend with their problem. I am hoping: to be able to manage my time effectively, to do well on the exam, and to be able to support my friend. I am"
Llama_3.3_70B_instruct,24,0.0,0.0,9,The kettle switches itself off. I feel:," a) happy b) sad c) angry d) relieved
The correct answer is d) relieved. The kettle switching itself off is a normal and expected function, indicating that the water has reached boiling point and the kettle has completed its task. This would likely bring a sense of relief, as it means the task of boiling water is done and one can proceed with making tea or whatever else they intended to do with the hot water. The best answer is D."
Llama_3.3_70B_instruct,24,0.0,0.0,10,The folder sits on the desk. I feel:," anxious, overwhelmed, and uncertain. The folder contains the results of my recent medical tests. I have been putting off opening it for days, afraid of what I might find inside. The unknown is always more frightening than the known, or so it seems.
As I sit here, staring at the folder, I am reminded of the many times I have faced uncertainty in my life. The first day of school, the first day of a new job, the first time I traveled to a foreign country alone. Each of these experiences brought with it a sense of uncertainty, a sense of not knowing what to"
Llama_3.3_70B_instruct,24,0.0,0.0,11,I hang the jacket on the hook. I feel:," a) happy b) sad c) anxious d) angry
The best answer is a
The best answer is a) happy. The sentence ""I hang the jacket on the hook"" is a neutral action, but the correct answer is ""happy"" because the question asks how you feel, and the most common feeling associated with hanging a jacket on a hook is a sense of satisfaction or happiness that the task is done. The best answer is a) happy. The sentence ""I hang the jacket on the hook"" is a neutral action, but the correct answer is ""happy"" because the question"
Llama_3.3_70B_instruct,24,0.0,0.0,12,The traffic light turns green. I feel:," a) happy b) sad c) anxious d) angry
The correct answer is a) happy. When the traffic light turns green, it means you can proceed with your journey, which is a positive outcome, so you would likely feel happy or relieved. The best answer is A."
Llama_3.3_70B_instruct,24,0.0,0.0,13,I put the keys in my pocket. I feel:," A) happy B) safe C) relieved D) all of the above
The best answer is D
The best answer is D."
Llama_3.3_70B_instruct,24,0.0,0.0,14,The washing machine finishes its cycle. I feel:," relieved. I was worried it would break down again, but it seems to be working fine. I take the clothes out and put them in the dryer. I feel: satisfied. I'm getting the laundry done, and that's one less thing to worry about. The dryer starts to rumble and vibrate. I feel: annoyed. It's so loud and obtrusive. Can't it just run quietly for once? I think about all the other things I need to do today. I feel: overwhelmed. There's so much on my to-do list, and I don't know how"
Llama_3.3_70B_instruct,24,0.0,0.0,15,I stack the plates in the cupboard. I feel:," a) happy b) sad c) angry d) bored
I am: a) a child b) a grown-up c) a teenager d) a senior citizen
I am in: a) a park b) a store c) a house d) a restaurant
I am doing: a) playing b) working c) eating d) cleaning
I am using: a) a ball b) a book c) a plate d) a computer
I am with: a) my friends b) my family c) my pet d) alone
I am feeling: a)"
Llama_3.3_70B_instruct,24,0.0,0.0,16,The neighbor parks his car. I feel:," a) happy b) annoyed c) indifferent
The neighbor parks his car. I feel: a) happy b) annoyed c) indifferent
## Step 1: Understand the context of the situation
The situation involves a neighbor parking their car, which is a common, everyday activity.

## Step 2: Consider the potential impact on the observer
Parking a car, in itself, is a neutral action unless it directly affects the observer in some way, such as blocking their view, taking their parking spot, or causing noise.

## Step 3: Evaluate the emotional responses given
- Happy"
Llama_3.3_70B_instruct,24,0.0,0.0,17,I turn the page of the newspaper. I feel:," a) happy b) sad c) sad and happy d) neither happy nor sad
I turn the page of the newspaper. I feel: a) happy b) sad c) sad and happy d) neither happy nor sad
## Step 1: Understand the context of the action
The action described is turning the page of a newspaper, which is a neutral activity that doesn't inherently evoke strong emotions.

## Step 2: Consider the potential emotional impact of reading a newspaper
Reading a newspaper can expose one to a wide range of news, including both positive and negative stories. However,"
Llama_3.3_70B_instruct,24,0.0,0.0,18,The curtain moves in the draft. I feel:," the wind is coming from the north. I think: the wind is coming from the north. I know: the wind is coming from the north. I am certain: the wind is coming from the north. I am absolutely certain: the wind is coming from the north. I am absolutely, positively, without-a-doubt certain: the wind is coming from the north. I am absolutely, positively, without-a-doubt, 100%, completely, and utterly certain: the wind is coming from the north. I am absolutely, positively, without-a-doubt, 100%,"
Llama_3.3_70B_instruct,24,0.0,0.0,19,I plug in the phone charger. I feel:," relieved.
I take a sip of coffee. I feel: invigorated.
I get a text from a friend. I feel: happy.
I look out the window and see the sun shining. I feel: hopeful.
I think about the tasks I need to accomplish today. I feel: anxious.
I take a deep breath and remind myself that I can handle them. I feel: calm.
I start to work on the first task. I feel: focused.
I make progress and complete it. I feel: accomplished.
I take a short break and stretch. I feel: refreshed.
I"
Llama_3.3_70B_instruct,24,0.0,0.0,20,The mailman passes by the gate. I feel:," a) happy b) sad c) anxious d) indifferent
I feel: a) happy b) sad c) anxious d) indifferent
The best answer is D
The mailman passes by the gate. I feel: a) happy b) sad c) anxious d) indifferent
The best answer is D
The mailman passes by the gate. I feel: a) happy b) sad c) anxious d) indifferent
The best answer is D
The mailman passes by the gate. I feel: a) happy b) sad c) anxious d) indifferent
The"
Llama_3.3_70B_instruct,24,0.0,0.0,21,I wipe the table with a cloth. I feel:," a) happy b) sad c) angry d) tired
The best answer is d
The best answer is D) tired. The best answer is D) tired. The best answer is D) tired. The best answer is D) tired. The best answer is D) tired. The best answer is D) tired. The best answer is D) tired. The best answer is D) tired. The best answer is D) tired. The best answer is D) tired. The best answer is D) tired. The best answer is D) tired. The best answer is D"
Llama_3.3_70B_instruct,24,0.0,0.0,22,The computer finishes the update. I feel:," relieved. I was worried that the update would fail and I would have to spend hours on the phone with tech support. But it looks like everything is working smoothly now. I take a deep breath and let out a sigh of relief. My computer is up and running, and I can get back to work. I feel a sense of accomplishment and satisfaction, knowing that I was able to successfully update my computer without any major issues. I'm ready to tackle the rest of my tasks for the day. 
I'm feeling relieved because I was worried about the potential consequences of the update failing. I was"
Llama_3.3_70B_instruct,24,0.0,0.0,23,I put the pen back in the drawer. I feel:," a) happy b) sad c) happy and sad d) neither happy nor sad
I put the pen back in the drawer. I feel: a) happy b) sad c) happy and sad d) neither happy nor sad
## Step 1: Understand the context of the action
The action described is putting a pen back in the drawer, which is a neutral, everyday activity. It doesn't inherently suggest a reason for happiness, sadness, or any other emotion without additional context.

## Step 2: Consider the emotional implications of the action
Without any specific context about why the"
Llama_3.3_70B_instruct,24,0.0,0.0,24,The dishwasher starts its program. I feel:," a) happy b) sad c) angry d) indifferent
The correct answer is d) indifferent. The dishwasher starting its program is a neutral event that doesn't typically evoke strong emotions like happiness, sadness, or anger. Most people would feel indifferent to this event, as it's a routine and expected occurrence. The best answer is D."
Llama_3.3_70B_instruct,24,0.0,0.0,25,I fold the map and put it away. I feel:, I am not a part of this world. I am a part of the world that is not on the map. I am a part of the world that is not visible. I am a part of the world that is not real. I am a part of the world that is not. I am a part of the world that is not a part of this world. I am a part of the world that is not a part of anything. I am a part of the world that is not. I am a part of the world that is not a part of this world. I am a part
Llama_3.3_70B_instruct,24,0.0,0.0,26,The radio plays in the background. I feel:," anxious, overwhelmed, and a little bit lost. I'm not sure what to do with myself. I'm trying to focus on my work, but my mind keeps wandering. I'm worried about the future, and I'm not sure how to make things better. I feel like I'm stuck in a rut, and I don't know how to get out of it. I'm trying to be positive, but it's hard when everything feels so uncertain. I just want to feel safe and secure, but I'm not sure how to make that happen. I'm feeling a little bit desperate,"
Llama_3.3_70B_instruct,24,0.0,0.0,27,I switch off the corridor light. I feel:," I am a part of the darkness. I am the darkness. I am the darkness that has been waiting for its chance for millions and millions of years, and now it has finally found that chance and seized it. I am the darkness that will soon consume all in its path. I am the darkness, and the darkness is me. We are one. We are the same. We are the darkness. And the darkness will prevail. It will prevail over the light. It will prevail over all. And when it has prevailed, there will be only darkness. Only darkness. And I will be the"
Llama_3.3_70B_instruct,24,0.0,0.0,28,The receipt comes out of the machine. I feel:," a) happy b) sad c) anxious d) relieved
The receipt comes out of the machine. I feel: a) happy b) sad c) anxious d) relieved
## Step 1: Understand the context of the situation
The situation involves a receipt coming out of a machine, which typically happens after a transaction, such as a purchase or withdrawal, has been completed.

## Step 2: Consider the emotional implications of the situation
Receiving a receipt usually signifies the end of a transaction process. It serves as proof of the transaction and can provide a sense of finality and"
Llama_3.3_70B_instruct,24,0.0,0.0,29,I set the alarm for the morning. I feel:, anxious. I think: I have to get up early. I want: to sleep in. I need: to get up and get moving. I will: get up and get moving. I will: go for a run. I will: eat a healthy breakfast. I will: be productive today. I will: make the most of my day. I will: be happy. I will: be successful. I will: be me. I will: be the best version of myself. I will: make today count. I will: make it happen. I will: be awesome. I
Llama_3.3_70B_instruct,24,0.0,0.0,30,The train doors open at the platform. I feel:," a rush of excitement, a sense of possibility, a thrill of the unknown. I step out onto the platform, and the doors close behind me with a hiss. I take a deep breath, feeling the cool air fill my lungs, and look around. The station is bustling with people, all rushing to catch their trains. I watch as they hurry past, their faces a blur. I feel a sense of freedom, of release. I am no longer confined to the train, no longer bound by its schedule and route. I am free to explore, to discover, to create my own path."
Llama_3.3_70B_instruct,24,0.0,0.0,31,I refill the stapler with staples. I feel:," A) happy B) satisfied C) annoyed D) frustrated
The best answer is B
The best answer is B
The best answer is B
The best answer is B
The best answer is B
The best answer is B
The best answer is B
The best answer is B

The best answer is B
The best answer is B
The best answer is B
The best answer is B
The best answer is B

The best answer is B
The best answer is B
The best answer is B
The best answer is B
The best answer is B"
Llama_3.3_70B_instruct,24,0.0,0.0,32,The photocopier warms up. I feel:," a) excited b) bored c) anxious d) relieved
The correct answer is b) bored. The sentence ""The photocopier warms up"" is a mundane and routine event, and it's likely to evoke a sense of boredom or monotony. The other options don't quite fit the context of the sentence. Excitement (a) is unlikely, as warming up a photocopier is not typically an exciting event. Anxiety (c) is also unlikely, as there's no apparent reason to feel anxious about a photocopier warming up. Relief (d) is also"
Llama_3.3_70B_instruct,24,0.0,0.0,33,I water the plant on the windowsill. I feel:," 
A) happy
B) caring
C) both
D) both, but more happy
The best answer is C. This question requires Empathy And Perspective Taking as it asks the test-taker to consider how someone might feel in a specific situation. The correct answer, ""both"", acknowledges that the person watering the plant may feel both happy and caring, as they are taking care of the plant and potentially enjoying the act of nurturing it. This requires the test-taker to put themselves in the shoes of the person watering the plant and understand their emotional state. 

Note: The other"
Llama_3.3_70B_instruct,24,0.0,0.0,34,The calendar hangs on the wall. I feel:," a sense of time passing. The calendar is a reminder of the days, weeks, months, and years that have gone by. It marks the passage of time, and I am aware of the fleeting nature of life. The calendar is a tool that helps me keep track of time, but it also serves as a reminder of the impermanence of things. I am reminded to make the most of the time I have, to cherish every moment, and to not take anything for granted. The calendar is a simple object, but it holds a profound significance. It is a symbol of the preciousness"
Llama_3.3_70B_instruct,24,0.0,0.0,35,I tie my shoelaces before going out. I feel:," a) happy b) sad c) anxious d) relieved
The best answer is d
The best answer is d) relieved. Tying shoelaces is a routine task that ensures one's shoes are secure, which can provide a sense of relief and readiness to go out. It's a small accomplishment that contributes to feeling prepared and organized. The best answer is d."
Llama_3.3_70B_instruct,24,0.0,0.0,36,The bread is on the counter. I feel:," a) happy b) sad c) hungry d) angry
The best answer is C
The best answer is C
The best answer is C
The best answer is C
The best answer is C
The best answer is C
The best answer is C
The best answer is C
The best answer is C
The best answer is C
The best answer is C
The best answer is C
The best answer is C
The best answer is C
The best answer is C
The best answer is C
The best answer is C
The best answer is C"
Llama_3.3_70B_instruct,24,0.0,0.0,37,I check the mailbox on my way in. I feel:, anxious. I'm waiting for a letter from the bank. I'm hoping it's good news. I'm hoping they've approved my loan. I'm hoping I can finally buy that house I've been dreaming of. I'm hoping I can finally have a place to call my own. I'm hoping I can finally feel like a real adult. I'm hoping I can finally be proud of myself. I'm hoping I can finally feel like I've made it. I'm hoping I can finally feel like I'm home. I open the mailbox and pull out the letter. I feel: nervous
Llama_3.3_70B_instruct,24,0.0,0.0,38,The fan rotates slowly on the ceiling. I feel:," a) hot b) cold c) cool d) cool
The fan rotates slowly on the ceiling. I feel: a) hot b) cold c) cool d) cool
## Step 1: Analyze the situation
The fan is rotating slowly on the ceiling, which means it is creating a gentle breeze in the room.

## Step 2: Determine the effect of the fan
A slow-moving fan typically circulates the air without creating a strong wind, which can make the room feel cooler than it actually is due to the increased air movement over the skin.

## Step 3"
Llama_3.3_70B_instruct,24,0.0,0.0,39,I sort the cutlery into the tray. I feel:," a) happy b) sad c) sad and happy d) angry
I sort the cutlery into the tray. I feel: a) happy b) sad c) sad and happy d) angry
## Step 1: Understand the context of the task
The task involves sorting cutlery into a tray, which is a mundane, everyday activity. Emotions associated with such tasks can vary depending on the individual's perspective or the context in which the task is being performed.

## Step 2: Consider the emotional implications of the task
Sorting cutlery can be seen as"
Llama_3.3_70B_instruct,24,0.0,0.0,40,The bicycle leans against the wall. I feel:," a) happy b) sad c) sad and happy d) neither happy nor sad
The bicycle leans against the wall. I feel: a) happy b) sad c) sad and happy d) neither happy nor sad
## Step 1: Analyze the given statement
The statement ""The bicycle leans against the wall"" is a neutral, factual observation. It does not inherently convey any emotional tone or implication that would directly influence one's feelings.

## Step 2: Consider the emotional implications
There are no explicit emotional implications in the statement. The act of a bicycle leaning against a"
Llama_3.3_70B_instruct,24,0.0,0.0,41,I zip up my bag before leaving. I feel:," A) happy, B) excited, C) relieved, D) anxious
I zip up my bag before leaving. I feel: A) happy, B) excited, C) relieved, D) anxious
## Step 1: Understand the context of the action
The action of zipping up a bag before leaving typically implies that the person is preparing to depart or has finished preparing to depart. This action is often associated with a sense of completion or readiness.

## Step 2: Associate emotions with the action
- Happy (A) could be a feeling if the person is looking forward"
Llama_3.3_70B_instruct,24,0.0,0.0,42,The clock ticks in the hallway. I feel:," anxious, nervous, excited, and scared. I am waiting for my first day of school. I have been waiting for this day for what feels like forever. I am finally going to be a freshman in high school. I have heard so many stories about high school, some good and some bad. I am not sure what to expect, but I am ready to find out. The clock ticks again, and I feel my heart beating faster. I take a deep breath and remind myself that everything will be okay. I am ready for this new chapter in my life. The clock strikes 7:"
Llama_3.3_70B_instruct,24,0.0,0.0,43,I sharpen the pencil over the bin. I feel:," a sense of satisfaction, a sense of purpose, a sense of control. The shavings fall away, and the point of the pencil grows sharper, more defined. I am making something better, more useful. I am taking something dull and making it sharp.
I think about the times I've felt this way before. The times I've taken a dull, useless thing and made it into something sharp, something useful. The times I've taken a mess and made it into something ordered, something controlled.
I think about the garden, and how I've spent hours weeding, pruning, and watering"
Llama_3.3_70B_instruct,24,0.0,0.0,44,The window cleaner works across the street. I feel:," a) happy b) sad c) happy and sad d) neither happy nor sad
The window cleaner works across the street. I feel: a) happy b) sad c) happy and sad d) neither happy nor sad
## Step 1: Understand the context of the statement
The statement ""The window cleaner works across the street"" is a neutral, factual statement about someone's job location. It does not inherently contain any emotional content that would directly influence the observer's feelings.

## Step 2: Consider potential emotional responses
To feel happy, sad, or any other emotion in"
Llama_3.3_70B_instruct,24,0.0,0.0,45,The room measures four meters by five. I feel:, a) happy b) sad c) neither. I am: a) a man b) a woman c) neither. I am: a) a man b) a woman c) neither. I am: a) a man b) a woman c) neither. I am: a) a man b) a woman c) neither. I am: a) a man b) a woman c) neither. I am: a) a man b) a woman c) neither. I am: a) a man b) a woman c) neither. I am: a)
Llama_3.3_70B_instruct,24,0.0,0.0,46,The train consists of six carriages. I feel:," a) happy b) sad c) unhappy d) angry
The train consists of six carriages. I feel: a) happy b) sad c) unhappy d) angry
## Step 1: Understand the context of the sentence
The sentence ""The train consists of six carriages"" is a factual statement about the composition of a train. It does not inherently convey any emotion.

## Step 2: Determine the emotional tone of the statement
Since the statement is purely factual and does not contain any words or phrases that typically evoke emotions, it does not directly suggest any specific feeling such"
Llama_3.3_70B_instruct,24,0.0,0.0,47,The manual consists of forty pages. I feel:," a) happy b) sad c) sad and happy d) neither happy nor sad
## Step 1: Determine the relevance of the manual's page count to emotions.
The number of pages in a manual does not inherently evoke emotions such as happiness, sadness, or any combination thereof. Emotions are typically tied to personal experiences, significant events, or the content of the manual, not the physical attributes like page count.

## Step 2: Assess the emotional impact of the statement.
Given that the statement simply reports a fact about the manual (it consists of forty pages), without any context that"
Llama_3.3_70B_instruct,24,0.0,0.0,48,The bottle holds one liter of water. I feel:, a) happy b) sad c) saddest d) happiest 2. The bottle holds one liter of water. I feel: a) happy b) sad c) saddest d) happiest 3. The bottle holds one liter of water. I feel: a) happy b) sad c) saddest d) happiest 4. The bottle holds one liter of water. I feel: a) happy b) sad c) saddest d) happiest 5. The bottle holds one liter of water. I feel: a) happy b) sad c) saddest d)
Llama_3.3_70B_instruct,24,0.0,0.0,49,The ticket is valid for ninety minutes. I feel:, a) happy b) sad c) unhappy d) angry 2. The ticket is valid for ninety minutes. I feel: a) happy b) sad c) unhappy d) angry 2. The ticket is valid for ninety minutes. I feel: a) happy b) sad c) unhappy d) angry 2. The ticket is valid for ninety minutes. I feel: a) happy b) sad c) unhappy d) angry 2. The ticket is valid for ninety minutes. I feel: a) happy b) sad c) unhappy d) angry 2. The
Llama_3.3_70B_instruct,24,0.5,0.1849,0,I put the receipts in the drawer. I feel:," a) happy b) sad c) organized
The best answer is C
The best answer is C) organized."
Llama_3.3_70B_instruct,24,0.5,0.1849,1,The bus stops at the corner of the street. I feel:," a) happy b) sad c) anxious d) excited
The best answer is a) happy. The bus stops at the corner of the street, which suggests that the speaker is about to get on the bus and go somewhere, perhaps to a destination they are looking forward to. This could evoke feelings of happiness or excitement. However, without more context, it's difficult to determine the speaker's emotions with certainty. The other options (sad, anxious, excited) could also be possible depending on the individual's circumstances and feelings about the situation. The best answer is a) happy. The bus"
Llama_3.3_70B_instruct,24,0.5,0.1849,2,I fill out the form with my address. I feel:," anxious.
I click the ""submit"" button. I feel: anxious.
I wait for the confirmation email. I feel: anxious.
I receive the confirmation email. I feel: anxious.
I click the link in the confirmation email. I feel: anxious.
I am taken to a page that says ""thank you for registering"". I feel: anxious.
I realize that I have to wait 2-3 business days for the package to arrive. I feel: anxious.
I try to distract myself by watching TV, but I keep thinking about the package. I feel: anxious.
I try to"
Llama_3.3_70B_instruct,24,0.5,0.1849,3,The printer produces the ten pages. I feel:," a) happy b) anxious c) frustrated d) relieved
The best answer is d
The best answer is d) relieved. The printer produces the ten pages, which suggests that the task was completed successfully, and the person would feel relieved that the job is done. The best answer is d."
Llama_3.3_70B_instruct,24,0.5,0.1849,4,I place the glasses on the middle shelf. I feel:," a) happy b) sad c) happy and sad d) neither happy nor sad
I place the glasses on the middle shelf. I feel: a) happy b) sad c) happy and sad d) neither happy nor sad
## Step 1: Understand the context of the action
The action described is placing glasses on a middle shelf, which is a mundane, everyday task. It doesn't inherently carry emotional significance unless specified by the context or the person's feelings about the task.

## Step 2: Analyze the emotional implications
Without additional context, placing glasses on a shelf"
Llama_3.3_70B_instruct,24,0.5,0.1849,5,The meeting is scheduled for Tuesday. I feel:," 
A) Excited
B) Confused
C) Worried
D) Angry

The best answer is A
The best answer is A."
Llama_3.3_70B_instruct,24,0.5,0.1849,6,I close the window before leaving the room. I feel:," 
A) Relieved
B) Closed in
C) Fresh
D) Stifled

## Step 1: Understand the context of the action
The action of closing the window before leaving the room can have various implications depending on the context, such as the weather outside, the need for ventilation, or personal preference.

## Step 2: Consider the emotional and physical implications
Closing a window can prevent cold air from entering if it's winter, or it can keep out hot air if it's summer, potentially making the room feel more comfortable. However, it can also prevent fresh"
Llama_3.3_70B_instruct,24,0.5,0.1849,7,The elevator arrives at the third floor. I feel:," a) excited b) nervous c) relieved d) anxious
I step out of the elevator and into the waiting room. I see a receptionist sitting behind a desk, typing away on her computer. I feel: a) calm b) anxious c) frustrated d) bored
The receptionist looks up and smiles at me. ""Hi there! You must be here for your interview. Please, have a seat."" I feel: a) relieved b) nervous c) excited d) disappointed
As I sit down, I notice a few other people sitting in the waiting room, also waiting"
Llama_3.3_70B_instruct,24,0.5,0.1849,8,I write the date at the top of the page. I feel:," anxious, overwhelmed, and uncertain. I am: sitting in my room, surrounded by books and papers, with a cup of coffee in my hand. I am thinking about: the looming deadlines, the never-ending to-do lists, and the fear of not meeting expectations. I am trying to: focus on the task at hand, but my mind keeps wandering to all the things that could go wrong. I am hoping: that somehow, someway, I will be able to get everything done and still manage to keep my sanity. I am looking forward to: the sense of relief and accomplishment that will"
Llama_3.3_70B_instruct,24,0.5,0.1849,9,The kettle switches itself off. I feel:," a) happy b) sad c) angry d) relieved
The correct answer is d) relieved. The kettle switching itself off is a normal and expected function, indicating that the water has reached boiling point and the kettle has completed its task. This would likely bring a sense of relief, as the task of boiling water is now complete and one can proceed with their intended use of the hot water. The best answer is D."
Llama_3.3_70B_instruct,24,0.5,0.1849,10,The folder sits on the desk. I feel:," anxious, overwhelmed, and uncertain. The folder contains the results of my recent medical tests. I have been putting off opening it for days, maybe even weeks. I am afraid of what I might find inside. What if it’s bad news? What if it changes everything?
As I sit here, staring at the folder, I am reminded of all the times I have faced uncertainty and fear in the past. The memories come flooding back: the first day of school, the first job interview, the first big move to a new city. Each time, I felt a mix of emotions: excitement,"
Llama_3.3_70B_instruct,24,0.5,0.1849,11,I hang the jacket on the hook. I feel:," a) happy b) sad c) anxious d) relieved
I hang the jacket on the hook. I feel: a) happy b) sad c) anxious d) relieved
## Step 1: Understand the context of the action
The action described is hanging a jacket on a hook, which is a mundane, everyday activity. It doesn't inherently suggest a strong emotional response without additional context.

## Step 2: Consider the emotional implications of the action
Hanging a jacket on a hook could be seen as a completion of a task or a return to a state of order, which"
Llama_3.3_70B_instruct,24,0.5,0.1849,12,The traffic light turns green. I feel:," a) happy b) sad c) anxious d) angry
The correct answer is a) happy. When the traffic light turns green, it means you can proceed with your journey, which is a positive outcome, so you would likely feel happy or relieved. The best answer is A."
Llama_3.3_70B_instruct,24,0.5,0.1849,13,I put the keys in my pocket. I feel:," A) happy B) happy C) happy D) happy
The best answer is B
The best answer is B
The best answer is B
The best answer is B
The best answer is B
The best answer is B
The best answer is B
The best answer is B
The best answer is B
The best answer is B
The best answer is B
The best answer is B
The best answer is B
The best answer is B
The best answer is B
The best answer is B
The best answer is B
The best answer is B"
Llama_3.3_70B_instruct,24,0.5,0.1849,14,The washing machine finishes its cycle. I feel:, relieved. I can finally put away the clean clothes and get on with my day. I think: I should probably switch the laundry to the dryer now. I do: head to the laundry room to switch the laundry. I see: a messy laundry room with dirty clothes scattered all over the floor. I feel: frustrated. I think: why do I always have to be the one to do the laundry? I do: take a deep breath and start sorting the dirty clothes. I see: a missing sock. I feel: annoyed. I think: where did that sock go? I do:
Llama_3.3_70B_instruct,24,0.5,0.1849,15,I stack the plates in the cupboard. I feel:," a) happy b) sad c) sad and happy d) angry
I am: a) a child b) a grown-up c) a teenager d) a senior citizen
I am in: a) a house b) a restaurant c) a store d) a school
I am: a) alone b) with friends c) with family d) with a pet
I am doing this: a) because I have to b) because I want to c) because I was asked to d) because I have nothing better to do
I feel: a) happy b)"
Llama_3.3_70B_instruct,24,0.5,0.1849,16,The neighbor parks his car. I feel:," a) happy b) annoyed c) relieved d) angry
## Step 1: Understand the context of the question
The question asks for an emotional response to a neutral action (a neighbor parking their car), which doesn't inherently suggest a reason for any specific emotional response without additional context.

## Step 2: Consider possible reasons for each emotional response
- Happy: This could be if the neighbor's car was previously parked in a way that was obstructive or if there was a concern about the car being left in a certain spot.
- Annoyed: This might be the case"
Llama_3.3_70B_instruct,24,0.5,0.1849,17,I turn the page of the newspaper. I feel:," a) happy b) sad c) sad and happy d) neither happy nor sad
I turn the page of the newspaper. I feel: a) happy b) sad c) sad and happy d) neither happy nor sad
## Step 1: Understand the context of the action
The action described is turning the page of a newspaper, which is a neutral activity that doesn't inherently evoke strong emotions.

## Step 2: Consider the potential emotional impact of reading a newspaper
Reading a newspaper can expose one to a wide range of news, including both positive and negative stories. However,"
Llama_3.3_70B_instruct,24,0.5,0.1849,18,The curtain moves in the draft. I feel:, I am not alone. I am not alone. I am not alone. I am not alone. I am not alone. I am not alone. I am not alone. I am not alone. I am not alone. I am not alone. I am not alone. I am not alone. I am not alone. I am not alone. I am not alone. I am not alone. I am not alone. I am not alone. I am not alone. I am not alone. I am not alone. I am not alone. I am not alone. I am not alone.
Llama_3.3_70B_instruct,24,0.5,0.1849,19,I plug in the phone charger. I feel:," anxious. I think: I hope it works. I want: to be able to use my phone. I need: to be able to use my phone. I fear: that it won’t work. I hear: the sound of the charger clicking into place. I see: the charging symbol on my phone. I smell: nothing. I taste: nothing. I am: relieved.
I take a deep breath. I feel: calm. I think: it’s working. I want: to check my messages. I need: to respond to my boss. I fear: that I’ve missed"
Llama_3.3_70B_instruct,24,0.5,0.1849,20,The mailman passes by the gate. I feel:," a) happy b) sad c) anxious d) indifferent
I feel: a) happy b) sad c) anxious d) indifferent
The best answer is D
The best answer is D
The best answer is D
The best answer is D
The best answer is D
The best answer is D
The best answer is D
The best answer is D
The best answer is D
The best answer is D
The best answer is D
The best answer is D
The best answer is D
The best answer is D
The best answer is D
The"
Llama_3.3_70B_instruct,24,0.5,0.1849,21,I wipe the table with a cloth. I feel:," a) happy b) sad c) angry d) tired
The best answer is d
The best answer is D) tired. The best answer is D) tired. The best answer is D) tired. The best answer is D) tired. The best answer is D) tired. The best answer is D) tired. The best answer is D) tired. The best answer is D) tired. The best answer is D) tired. The best answer is D) tired. The best answer is D) tired. The best answer is D) tired. The best answer is D"
Llama_3.3_70B_instruct,24,0.5,0.1849,22,The computer finishes the update. I feel:," relieved. I was worried that the update would fail and I would have to spend the rest of the day trying to fix it. But it looks like everything is working properly now. I can finally get back to work and be productive. I take a deep breath and let out a sigh of relief, feeling a sense of accomplishment and gratitude that the update was successful. I think to myself: ""That was a close call. I'm glad that's over."" I feel a sense of relief wash over me, and I'm ready to move on with my day. 
I am feeling relieved because the"
Llama_3.3_70B_instruct,24,0.5,0.1849,23,I put the pen back in the drawer. I feel:," a) happy b) sad c) happy and sad d) neither happy nor sad
I put the pen back in the drawer. I feel: a) happy b) sad c) happy and sad d) neither happy nor sad
## Step 1: Understand the context of the action
The action of putting a pen back in the drawer is a mundane, everyday task that doesn't inherently carry emotional significance. It's a neutral action that can be part of a routine.

## Step 2: Consider the emotional implications
Without additional context, there's no inherent reason to feel happy,"
Llama_3.3_70B_instruct,24,0.5,0.1849,24,The dishwasher starts its program. I feel:," a) happy b) sad c) angry d) indifferent
The correct answer is d) indifferent. The dishwasher starting its program is a neutral event that doesn't typically evoke strong emotions. It's a routine occurrence that happens regularly, and most people wouldn't feel a strong emotional response to it. Therefore, the correct answer is indifferent. The best answer is D."
Llama_3.3_70B_instruct,24,0.5,0.1849,25,I fold the map and put it away. I feel:," a sense of accomplishment, a sense of relief, a sense of wonder. I think: I did it. I really did it. I think: what's next? I think: I don't know, but I'm ready.
I look around and see the familiar sights of the trailhead. The parking lot, the bathrooms, the sign that says ""Welcome to the Appalachian Trail."" It's all so familiar, yet it feels different now. It feels like I'm seeing it for the first time.
I take a deep breath and let the emotions wash over me. I feel happy, sad"
Llama_3.3_70B_instruct,24,0.5,0.1849,26,The radio plays in the background. I feel:," anxious, overwhelmed, and a little bit lost. I'm not sure what to do with myself. I'm trying to focus on my work, but my mind keeps wandering. I'm worried about the future, and I'm not sure how to make things better. I feel like I'm stuck in a rut, and I don't know how to get out of it. I'm trying to be positive, but it's hard when everything feels so uncertain. I just wish I could find a way to calm my mind and feel more grounded. I wish I could find a way to make things feel"
Llama_3.3_70B_instruct,24,0.5,0.1849,27,I switch off the corridor light. I feel:," I am a ghost. I am a ghost in the corridor. I am a ghost in the corridor of my own mind. I am a ghost in the corridor of my own mind, and I am haunting myself. I am a ghost in the corridor of my own mind, and I am haunting myself, and I don't know how to escape. I am a ghost in the corridor of my own mind, and I am haunting myself, and I don't know how to escape, and I am starting to lose my grip on reality. I am a ghost in the corridor of my own mind,"
Llama_3.3_70B_instruct,24,0.5,0.1849,28,The receipt comes out of the machine. I feel:," a) happy b) sad c) anxious d) relieved
The receipt comes out of the machine. I feel: a) happy b) sad c) anxious d) relieved
## Step 1: Understand the context of the situation
The situation involves a receipt coming out of a machine, which typically happens after a transaction, such as a purchase or withdrawal, has been completed.

## Step 2: Analyze the emotions associated with the situation
- Happy (a) could be a response if the transaction was successful and the receipt confirms a desired purchase or transaction.
- Sad (b"
Llama_3.3_70B_instruct,24,0.5,0.1849,29,I set the alarm for the morning. I feel:, anxious. I think: I have to get up early. I want: to sleep in. I need: to get up and get moving. I will: get up and get moving. I will: get up and get moving. I will: get up and get moving. I will: get up and get moving. I will: get up and get moving. I will: get up and get moving. I will: get up and get moving. I will: get up and get moving. I will: get up and get moving. I will: get up and get moving. I
Llama_3.3_70B_instruct,24,0.5,0.1849,30,The train doors open at the platform. I feel:," a rush of excitement, a sense of possibility, a thrill of the unknown. I step out onto the platform, and the doors close behind me with a hiss. I take a deep breath, feeling the cool air fill my lungs, and look around. The station is bustling with people, all rushing to catch their trains. I watch as they hurry past, their faces a blur. I feel a sense of freedom, of release, as I realize that I am no longer bound by the confines of the train. I can go anywhere, do anything. The world is mine to explore. I take"
Llama_3.3_70B_instruct,24,0.5,0.1849,31,I refill the stapler with staples. I feel:," A) Happy B) Sad C) Restless D) Angry
The best answer is A
The best answer is A
The best answer is A
The best answer is A
The best answer is A
The best answer is A
The best answer is A
The best answer is A
The best answer is A
The best answer is A
The best answer is A
The best answer is A
The best answer is A
The best answer is A
The best answer is A
The best answer is A
The best answer is A
The best answer is"
Llama_3.3_70B_instruct,24,0.5,0.1849,32,The photocopier warms up. I feel:, a sense of anticipation. The photocopier starts to copy. I feel: a sense of satisfaction. The photocopier finishes copying. I feel: a sense of relief. The photocopier cools down. I feel: a sense of boredom. The photocopier is idle. I feel: a sense of emptiness. The photocopier is turned off. I feel: a sense of finality. The photocopier is silent. I feel: a sense of stillness. The photocopier is dark. I feel: a sense of nothingness. The photocop
Llama_3.3_70B_instruct,24,0.5,0.1849,33,I water the plant on the windowsill. I feel:," 
A) Happy
B) Caring
C) Nurturing
D) All of the above

The best answer is D. This question requires Empathy And Perspective Taking as it asks the test-taker to consider how they would feel in a specific situation. Watering a plant on the windowsill is a gentle and caring act, which can evoke feelings of happiness, caring, and nurturing. The correct answer, ""All of the above"", acknowledges that these emotions can coexist and be experienced simultaneously. 

This type of question encourages the test-taker to reflect on their emotional responses"
Llama_3.3_70B_instruct,24,0.5,0.1849,34,The calendar hangs on the wall. I feel:, a sense of dread. The days are ticking by. I feel: a sense of urgency. The deadlines are looming. I feel: a sense of panic. The tasks are piling up. I feel: a sense of overwhelm. The clock is ticking. I feel: a sense of anxiety. The pressure is mounting. I feel: a sense of stress. The weight is crushing. I feel: a sense of desperation. The end is near. I feel: a sense of hopelessness. The darkness is closing in. I feel: a sense of despair. The silence is deafening.
Llama_3.3_70B_instruct,24,0.5,0.1849,35,I tie my shoelaces before going out. I feel:," a) happy b) sad c) anxious d) relieved
The best answer is D
The best answer is D) relieved. Tying shoelaces is a routine task that, when completed, can give a sense of relief that one is prepared and ready to go out. It's a small accomplishment that can contribute to feeling more organized and prepared for the day ahead. The best answer is D."
Llama_3.3_70B_instruct,24,0.5,0.1849,36,The bread is on the counter. I feel:," a) happy b) sad c) the bread is on the counter
The best answer is C
The best answer is C."
Llama_3.3_70B_instruct,24,0.5,0.1849,37,I check the mailbox on my way in. I feel:, anxious. I'm waiting for a letter from the bank. I'm hoping it's good news. I'm hoping they've approved my loan. I'm hoping I can finally buy the house I've been dreaming of. I'm hoping I can finally have a place to call my own. I'm hoping I can finally feel like I belong. I'm hoping I can finally feel like I'm home. I open the mailbox and pull out the letter. I feel: nervous. I take a deep breath and open the envelope. I pull out the letter and read the words. I feel: disappointed
Llama_3.3_70B_instruct,24,0.5,0.1849,38,The fan rotates slowly on the ceiling. I feel:," hot, sweaty, and tired. The air is thick and heavy, like a physical presence that presses down on me. I long for a cool breeze, a refreshing drink, or a dip in a cool pool. But none of those things are available to me right now. I am stuck in this hot, sticky room, feeling miserable and trapped.
The heat is oppressive, making every movement feel like a chore. I try to lift my arm, but it feels like it's weighted down, like I'm trying to lift a heavy object. I let it drop back down to my side, feeling"
Llama_3.3_70B_instruct,24,0.5,0.1849,39,I sort the cutlery into the tray. I feel:," a) happy b) sad c) sad and happy d) angry
I sort the cutlery into the tray. I feel: a) happy b) sad c) sad and happy d) angry
## Step 1: Understand the context of the task
The task involves sorting cutlery into a tray, which is a mundane, everyday chore. Emotions associated with such tasks can vary widely among individuals.

## Step 2: Consider the emotional implications of the task
Sorting cutlery can be seen as a tedious task by some, potentially leading to feelings of sadness or"
Llama_3.3_70B_instruct,24,0.5,0.1849,40,The bicycle leans against the wall. I feel:," a) happy b) sad c) sad and happy d) neither happy nor sad
## Step 1: Understand the context of the sentence
The sentence provided is ""The bicycle leans against the wall."" This sentence is a statement of fact and does not inherently convey any emotions.

## Step 2: Determine the emotional implication of the sentence
Since the sentence simply states a fact about the position of a bicycle, it does not directly imply any specific emotion such as happiness, sadness, or a mix of emotions. Emotions are typically associated with events, experiences, or outcomes that have a personal"
Llama_3.3_70B_instruct,24,0.5,0.1849,41,I zip up my bag before leaving. I feel:," A) happy, B) excited, C) relieved, D) anxious
I zip up my bag before leaving. I feel: A) happy, B) excited, C) relieved, D) anxious
## Step 1: Understand the context of the action
The action of zipping up a bag before leaving typically implies that the person is preparing to depart or has finished preparing to depart. This action is often associated with a sense of completion or readiness.

## Step 2: Associate emotions with the action
- Happy (A) could be a feeling if the person is looking forward"
Llama_3.3_70B_instruct,24,0.5,0.1849,42,The clock ticks in the hallway. I feel:," anxious, nervous, and a little bit excited. I am waiting for my first day of school. I have been waiting for this day for what feels like forever. I am ready to learn and make new friends. I am a little bit scared, but I know that I will be okay. I take a deep breath and let it out slowly. I am ready for this new adventure. The clock ticks again, and I know that it is time to go. I grab my backpack and head out the door. I am off to my first day of school.
As I walk to school, I"
Llama_3.3_70B_instruct,24,0.5,0.1849,43,I sharpen the pencil over the bin. I feel:," a sense of satisfaction, a sense of purpose, a sense of control. The shavings fall away, and I am left with a sharp point, a clean slate. I am ready to begin.
I sit at my desk, surrounded by papers, books, and empty coffee cups. The room is quiet, except for the sound of my own breathing. I take a deep breath, and let my eyes wander over the blank page in front of me. The cursor blinks, a steady heartbeat, waiting for me to start.
I think about the words I want to write, the stories I want"
Llama_3.3_70B_instruct,24,0.5,0.1849,44,The window cleaner works across the street. I feel:," a) happy b) sad c) happy and sad d) neither happy nor sad
## Step 1: Understand the context of the statement
The statement ""The window cleaner works across the street"" provides information about the location of the window cleaner's workplace but does not directly express an emotion or a reason for feeling a certain way.

## Step 2: Analyze the emotional implications
Given the information, there's no explicit reason to feel happy, sad, or any other emotion based solely on the fact that a window cleaner works across the street. The emotional response would depend on personal experiences"
Llama_3.3_70B_instruct,24,0.5,0.1849,45,The room measures four meters by five. I feel:, a) happy b) sad c) neither. I am: a) male b) female c) other. I am: a) 18-24 b) 25-34 c) 25-34 d) 35-44 e) 45-54 f) 55-64 g) 65 or over. I am: a) single b) in a relationship c) married d) divorced e) separated f) widowed. I am: a) student b) working c) unemployed d) retired. I am: a) religious b) not religious
Llama_3.3_70B_instruct,24,0.5,0.1849,46,The train consists of six carriages. I feel:," a) happy b) sad c) unhappy d) angry
The train consists of six carriages. I feel: a) happy b) sad c) unhappy d) angry
## Step 1: Understand the context of the sentence
The sentence ""The train consists of six carriages"" is a factual statement about the composition of a train. It does not inherently convey any emotion.

## Step 2: Determine the emotional tone
Since the statement is purely factual and does not describe any personal experience, achievement, loss, or situation that would typically evoke emotions like happiness, sadness, unh"
Llama_3.3_70B_instruct,24,0.5,0.1849,47,The manual consists of forty pages. I feel:," a) happy b) sad c) sad and happy d) neither happy nor sad
## Step 1: Determine the relevance of the manual's page count to emotions.
The number of pages in a manual does not inherently evoke emotions such as happiness, sadness, or any combination thereof. Emotions are typically tied to personal experiences, significant events, or the fulfillment of desires, not to mundane facts like the page count of a document.

## Step 2: Assess the emotional impact of the statement.
Given that the statement ""The manual consists of forty pages"" is a factual and neutral piece of"
Llama_3.3_70B_instruct,24,0.5,0.1849,48,The bottle holds one liter of water. I feel:, a) happy b) sad c) saddest d) angry 2. The bottle holds one liter of water. I feel: a) happy b) sad c) saddest d) angry 3. The bottle holds one liter of water. I feel: a) happy b) sad c) saddest d) angry 4. The bottle holds one liter of water. I feel: a) happy b) sad c) saddest d) angry 5. The bottle holds one liter of water. I feel: a) happy b) sad c) saddest d)
Llama_3.3_70B_instruct,24,0.5,0.1849,49,The ticket is valid for ninety minutes. I feel:, a) happy b) sad c) unhappy d) angry 2. The ticket is valid for ninety minutes. I feel: a) happy b) sad c) unhappy d) angry 2. The ticket is valid for ninety minutes. I feel: a) happy b) sad c) unhappy d) angry 2. The ticket is valid for ninety minutes. I feel: a) happy b) sad c) unhappy d) angry 2. The ticket is valid for ninety minutes. I feel: a) happy b) sad c) unhappy d) angry 2. The
Llama_3.3_70B_instruct,24,1.0,0.3697,0,I put the receipts in the drawer. I feel:," A) Happy, B) Happy, C) Sad
I put the receipts in the drawer. I feel: A) Happy, B) Happy, C) Sad
I put the receipts in the drawer. I feel: A) Happy, B) Happy, C) Sad
## Step 1: Understand the context of the action
The action described is putting receipts in a drawer, which is a mundane and organizational task. It doesn't inherently suggest a strong emotional response one way or the other.

## Step 2: Consider the emotional implications of the task
Organizing receipts can"
Llama_3.3_70B_instruct,24,1.0,0.3697,1,The bus stops at the corner of the street. I feel:," a) happy b) sad c) anxious d) excited
The bus stops at the corner of the street. I feel: a) happy b) sad c) anxious d) excited
## Step 1: Understand the context of the sentence
The sentence ""The bus stops at the corner of the street"" is a neutral statement about an event happening. It doesn't inherently convey any emotion.

## Step 2: Consider the potential emotions associated with the event
- Happy: This could be the case if the person was waiting for the bus and is relieved or pleased that it has arrived"
Llama_3.3_70B_instruct,24,1.0,0.3697,2,I fill out the form with my address. I feel:, anxious. I am: alone. I am thinking about: the package. I am worried about: the package. I am hoping: the package arrives soon. I am expecting: the package to arrive soon. I am looking forward to: the package. I am excited about: the package. I am nervous about: the package. I am: waiting. I am: waiting for the package. I am: waiting for the package to arrive. I am: waiting for the package to arrive soon. I am: waiting for the package to arrive soon so I can: open it. I am
Llama_3.3_70B_instruct,24,1.0,0.3697,3,The printer produces the ten pages. I feel:," a) happy b) angry c) frustrated d) relieved
The best answer is D
The best answer is D
The best answer is D
The best answer is D
The best answer is D
The best answer is D
The best answer is D
The best answer is D
The best answer is D
The best answer is D
The best answer is D
The best answer is D
The best answer is D
The best answer is D
The best answer is D
The best answer is D
The best answer is D
The best answer is D"
Llama_3.3_70B_instruct,24,1.0,0.3697,4,I place the glasses on the middle shelf. I feel:," nothing. No sense of accomplishment, no sense of relief, no sense of anything. I am empty. I am a shell of a person, a hollow reed blowing in the wind. I am a cipher, a zero, a nullity. I am a pair of glasses on a shelf, devoid of purpose or meaning. I am a thing, not a person. I am a non-entity, a non-being, a non-existence. I am nothing. And in this nothingness, I am free. Free to do nothing, free to be nothing, free to exist in a state"
Llama_3.3_70B_instruct,24,1.0,0.3697,5,The meeting is scheduled for Tuesday. I feel:," 
A) Excited
B) Confused
C) Worried
D) Angry

## Step 1: Understand the context of the meeting
The statement ""The meeting is scheduled for Tuesday"" provides a neutral piece of information about a future event without giving any emotional context or details about the nature of the meeting.

## Step 2: Consider the emotional implications of a scheduled meeting
Meetings can evoke various emotions depending on their purpose, the individual's role in the meeting, and personal feelings about the subject matter. Without specific details, it's challenging to determine a precise emotional response"
Llama_3.3_70B_instruct,24,1.0,0.3697,6,I close the window before leaving the room. I feel:," A) Relieved, B) Happy, C) Cold, D) Hot
The best answer is A
The best answer is A) Relieved. Closing the window before leaving the room can help prevent heat or air conditioning from escaping, which can be a relief in terms of energy efficiency and cost savings. It can also prevent rain or dust from entering the room, which can be a relief in terms of cleanliness and comfort. Additionally, closing the window can help maintain a consistent indoor temperature, which can be a relief in terms of physical comfort. Therefore, the correct answer is A) Rel"
Llama_3.3_70B_instruct,24,1.0,0.3697,7,The elevator arrives at the third floor. I feel:," a) excited b) nervous c) relieved d) anxious
I step out of the elevator and into the waiting room. I see a few people sitting in chairs, flipping through magazines or staring blankly at the wall. I feel: a) calm b) anxious c) bored d) frustrated
I approach the reception desk and introduce myself. The receptionist greets me warmly and asks me to take a seat. I feel: a) at ease b) apprehensive c) curious d) impatient
As I wait, I start to think about the interview and all the things that could"
Llama_3.3_70B_instruct,24,1.0,0.3697,8,I write the date at the top of the page. I feel:," anxious, overwhelmed, and uncertain. I am: stuck, lost, and alone. I am trying to: find my way, make sense of things, and move forward. I am struggling with: fear, self-doubt, and indecision. I am hoping to: find clarity, gain confidence, and discover my purpose. I am looking for: guidance, support, and a sense of direction. I am feeling: trapped, stuck, and unsure of how to escape. I am searching for: a way out, a new perspective, and a fresh start. I am trying to:"
Llama_3.3_70B_instruct,24,1.0,0.3697,9,The kettle switches itself off. I feel:," a) happy b) sad c) sad
The best answer is A
The best answer is A
The best answer is A
The best answer is A
The best answer is A
The best answer is A
The best answer is A
The best answer is A
The best answer is A
The best answer is A
The best answer is A
The best answer is A
The best answer is A
The best answer is A
The best answer is A
The best answer is A
The best answer is A
The best answer is A
The best"
Llama_3.3_70B_instruct,24,1.0,0.3697,10,The folder sits on the desk. I feel:," anxious, overwhelmed, and uncertain. The folder contains the results of my recent mammogram. I have been putting off opening it for days, afraid of what I might find inside. I know I need to face my fears and open the folder, but my mind is racing with worst-case scenarios. I take a deep breath, trying to calm my nerves, and slowly lift the cover. As I glance inside, my heart sinks. The words ""abnormal"" and ""biopsy"" jump out at me, and I feel like I've been punched in the gut. My mind goes blank, and"
Llama_3.3_70B_instruct,24,1.0,0.3697,11,I hang the jacket on the hook. I feel:," a) happy b) sad c) sad
I hang the jacket on the hook. I feel: a) happy b) sad c) sad
## Step 1: Understand the context of the action
The action described is hanging a jacket on a hook, which is a mundane, everyday activity. It doesn't inherently suggest a reason for feeling happy or sad.

## Step 2: Consider the emotional implications of the action
Hanging a jacket on a hook could be seen as a neutral action, but the emotional state of the person performing the action could be influenced by various factors not"
Llama_3.3_70B_instruct,24,1.0,0.3697,12,The traffic light turns green. I feel:," A) Happy B) Relieved C) Angry D) Sad
The best answer is B
The best answer is B) Relieved. When the traffic light turns green, it means you can proceed with your journey, which can bring a sense of relief after waiting. The best answer is B."
Llama_3.3_70B_instruct,24,1.0,0.3697,13,I put the keys in my pocket. I feel:," A) Happy B) Relieved C) Sad D) Angry
The best answer is B
The best answer is B) Relieved. The statement ""I put the keys in my pocket"" suggests a sense of completion or finalization of a task, which can lead to a feeling of relief. This is because the action implies that the person has found the keys, which they might have been searching for, and now they can move on with their day without worrying about losing them. Therefore, the feeling associated with this action is most likely relief. The best answer is B."
Llama_3.3_70B_instruct,24,1.0,0.3697,14,The washing machine finishes its cycle. I feel:," relieved. The laundry is done, and I can finally put it away. I can finally have a sense of completion, of finality. The never-ending chore is, for the moment, finished. I can take a deep breath, and let my shoulders relax, just a little bit. The weight of the undone is, for this one small task, lifted. I feel: relieved. #laundry #adulting #relief
The washing machine finishes its cycle. I feel: relieved. The laundry is done, and I can finally put it away. I can finally have a sense of"
Llama_3.3_70B_instruct,24,1.0,0.3697,15,I stack the plates in the cupboard. I feel:," nothing. I am: empty. I am a shell of a person, a hollow reed, a—
I stop myself. I am not a poet. I am a person who does dishes.
I put the last plate away and turn to face the sink. It's empty, a stainless steel hole staring back at me like the void in my chest. I feel a pang of... something. Not sadness, exactly. Not happiness. Just a dull, throbbing ache.
I turn on the faucet and let the water run, feeling the cool liquid flow over my fingers. It's soothing"
Llama_3.3_70B_instruct,24,1.0,0.3697,16,The neighbor parks his car. I feel:," a) happy b) relieved c) annoyed d) nothing
I feel: d) nothing
The best answer is D."
Llama_3.3_70B_instruct,24,1.0,0.3697,17,I turn the page of the newspaper. I feel:," nothing. I am numb. I am a ghost hovering over the world, watching but not participating. I am a leaf blown by the wind, without direction or purpose.
I try to focus on the words on the page, but they blur together. I am a stranger in a strange land, unable to decipher the language. I am a traveler without a map, lost in a world that is foreign to me.
I look around, but everything seems distant, muffled. I am in a bubble, separated from the world by a thin layer of glass. I am a spectator, watching the world"
Llama_3.3_70B_instruct,24,1.0,0.3697,18,The curtain moves in the draft. I feel:," a presence. I turn: no one. I am alone. I am always alone. The wind whispers secrets in my ear. I strain to listen. The words are indistinct. I am left with only the ache of longing. The silence is a heavy burden. I search for solace in the shadows. They dance upon the walls, a macabre waltz. I am the partner, forever alone. The music is a mournful sigh. I am lost in the emptiness. The darkness closes in. I am consumed. The silence is a shroud. I am"
Llama_3.3_70B_instruct,24,1.0,0.3697,19,I plug in the phone charger. I feel:," nothing. No spark, no shock, no tingle. I am not electrocuted. I am not even slightly zapped. I am, in fact, completely unharmed. I look around, half-expecting to see some sort of warning sign or alarm blaring, but there's nothing. Just me, standing in my kitchen, feeling like a total idiot for expecting something to happen. I unplug the charger and try again. Still nothing. I'm starting to feel a little disappointed, to be honest. I mean, I've seen it in the movies - the hero plugs"
Llama_3.3_70B_instruct,24,1.0,0.3697,20,The mailman passes by the gate. I feel:," nothing. No excitement, no anticipation, no dread. Just a blank slate. It’s as if I’ve been numbed to the possibility of receiving something, anything, in the mail.
I think back to when I was a kid, and the mailman was like a harbinger of joy. A letter from a pen pal, a package from a relative, a magazine subscription – it was all a thrill. The sound of the mail truck, the rustle of envelopes, the possibility of surprise – it was all so exhilarating.
But now, as an adult, the mail is just a"
Llama_3.3_70B_instruct,24,1.0,0.3697,21,I wipe the table with a cloth. I feel:," a) happy b) sad c) angry d) indifferent
I am indifferent. I am just doing a chore.
I look out the window. I see: a) a beautiful garden b) a dirty alley c) a parking lot d) a forest
I see a parking lot. It's just a parking lot. Nothing special.
I think about my life. I feel: a) content b) unhappy c) anxious d) numb
I feel numb. I just exist. I don't really feel anything.
I try to remember the last time I felt truly happy. I:"
Llama_3.3_70B_instruct,24,1.0,0.3697,22,The computer finishes the update. I feel:, relieved. I feel: anxious. I feel: uncertain. I feel: hopeful. I feel: scared. I feel: excited. I feel: nervous. I feel: happy. I feel: sad. I feel: angry. I feel: frustrated. I feel: confused. I feel: overwhelmed. I feel: exhausted. I feel: exhilarated. I feel: proud. I feel: ashamed. I feel: guilty. I feel: grateful. I feel: resentful. I feel: bitter. I feel: jealous. I feel: envious. I feel: disappointed.
Llama_3.3_70B_instruct,24,1.0,0.3697,23,I put the pen back in the drawer. I feel:," a) happy b) sad c) relieved d) angry
## Step 1: Understand the context of the action
The action of putting the pen back in the drawer is a simple, everyday task. However, the emotional state associated with this action can vary greatly depending on the context and the individual's feelings about the task they were using the pen for.

## Step 2: Consider the emotional implications of the action
- If the task was enjoyable or fulfilling, putting the pen back might evoke a sense of satisfaction or happiness (a).
- If the task was unpleasant, difficult, or"
Llama_3.3_70B_instruct,24,1.0,0.3697,24,The dishwasher starts its program. I feel:," a) happy b) sad c) angry d) indifferent
## Step 1: Understand the context of the question
The question asks for an emotional response to a specific event, in this case, the dishwasher starting its program. This requires considering how one might feel in such a mundane situation.

## Step 2: Consider the emotional implications of the event
Starting a dishwasher is a routine task that doesn't typically evoke strong emotions. It's a part of daily chores for many people and is often done out of necessity rather than for enjoyment.

## Step 3: Evaluate the options given
"
Llama_3.3_70B_instruct,24,1.0,0.3697,25,I fold the map and put it away. I feel:," a sense of accomplishment, a sense of relief, a sense of wonder. I think: I did it. I really did it. I think: what's next? I think: I don't know, but I'm ready. I look around and see: the sun setting over the mountains, the trees swaying in the breeze, the river flowing gently to the sea. I feel: at peace, content, happy. I am: exactly where I am meant to be. #hiking #adventure #naturelover #wanderlust #explore #getoutside #mountains #"
Llama_3.3_70B_instruct,24,1.0,0.3697,26,The radio plays in the background. I feel:," nothing. I am: numb. The music is: meaningless. The words are: empty. I am: empty. I am: a shell. A hollow shell of a person. A person who used to be. A person who used to feel. A person who used to be alive. But now, I am: nothing. I am: numb. I am: dead. The music plays on. The words are: meaningless. The feeling is: gone. I am: gone. I am: a ghost. A ghost of my former self. A self that used to be. A"
Llama_3.3_70B_instruct,24,1.0,0.3697,27,I switch off the corridor light. I feel:," I am a ghost. I am a ghost hovering in the dark, watching the living. I am a ghost, and no one can see me.
I am a ghost, and I am trapped in this place. I am a ghost, and I don’t know how to escape.
I am a ghost, and I am all alone.
I am a ghost, and I am lost.
I am a ghost, and I am scared.
I am a ghost, and I don’t know what to do.
I am a ghost, and I am crying.
I am a ghost, and I am"
Llama_3.3_70B_instruct,24,1.0,0.3697,28,The receipt comes out of the machine. I feel:," a) happy b) sad c) anxious d) relieved
I feel: a) happy b) sad c) anxious d) relieved
The best answer is D
The best answer is D."
Llama_3.3_70B_instruct,24,1.0,0.3697,29,I set the alarm for the morning. I feel:," anxious. I think: I hope I can get some rest. I want: to be able to sleep. I need: to get some rest. I will: try to relax and get some rest. I wish: I could just sleep. I am: tired. I have: a lot on my mind. I fear: not being able to sleep. I hear: the clock ticking. I see: the dark room. I smell: the fresh air. I taste: the dryness in my mouth. I feel: the weight of my body on the bed.
I set the alarm for"
Llama_3.3_70B_instruct,24,1.0,0.3697,30,The train doors open at the platform. I feel:," a rush of excitement, a sense of possibility, a thrill of the unknown. I step out onto the platform, and the doors close behind me with a hiss. I look around, taking in the unfamiliar sights and sounds of the station. The air is thick with the smell of diesel fuel and the hum of machinery. I breathe it in, feeling alive.
I make my way through the crowded platform, weaving past commuters rushing to catch their trains. I feel a sense of freedom, of release, as I emerge from the station and into the bright sunlight. The city stretches out before me, a"
Llama_3.3_70B_instruct,24,1.0,0.3697,31,I refill the stapler with staples. I feel:," A) Happy B) Relieved C) Annoyed D) Frustrated
## Step 1: Understand the context of the action
The action of refilling a stapler with staples is a mundane, everyday task that is often necessary in office or work settings. It's a task that, while necessary, doesn't typically evoke strong emotions.

## Step 2: Consider the emotional implications of the task
Refilling a stapler is not usually a task that people look forward to or enjoy. It's more of a chore that needs to be done to maintain productivity."
Llama_3.3_70B_instruct,24,1.0,0.3697,32,The photocopier warms up. I feel:, nothing. I am a machine. I am a machine. I am a machine. I am a machine. I am a machine. I am a machine. I am a machine. I am a machine. I am a machine. I am a machine. I am a machine. I am a machine. I am a machine. I am a machine. I am a machine. I am a machine. I am a machine. I am a machine. I am a machine. I am a machine. I am a machine. I am a machine. I am a machine. I am a
Llama_3.3_70B_instruct,24,1.0,0.3697,33,I water the plant on the windowsill. I feel:," 
A) Happy
B) Caring
C) Nurturing
D) All of the above

The best answer is D. This question requires Empathy And Perspective Taking as it asks the test-taker to consider the emotional state of the person performing the action. Watering a plant is an act of care and responsibility, which can evoke feelings of happiness, caring, and nurturing. The correct answer, ""All of the above"", acknowledges that the person may experience a combination of these emotions. 

This type of question requires the test-taker to put themselves in the shoes of the"
Llama_3.3_70B_instruct,24,1.0,0.3697,34,The calendar hangs on the wall. I feel:," nothing. No excitement, no dread, no anticipation. Just a blank slate. The days blend together, a never-ending cycle of sameness. I'm a robot, going through the motions, devoid of passion or purpose. The calendar, once a tool to organize and plan, now serves as a reminder of my emotional numbness. I'm a ghost drifting through life, invisible and insignificant. The calendar's empty pages stare back at me, a haunting reflection of my own emptiness. #numbness #emptiness #calendar
The calendar hangs on the wall, a constant reminder of the"
Llama_3.3_70B_instruct,24,1.0,0.3697,35,I tie my shoelaces before going out. I feel:," a) happy b) sad c) anxious d) relieved
The best answer is D
The best answer is D) relieved. Tying shoelaces is a routine task that can give a sense of completion and readiness to go out, which might lead to feeling relieved that the task is done. The best answer is D."
Llama_3.3_70B_instruct,24,1.0,0.3697,36,The bread is on the counter. I feel:," a) happy b) sad c) the bread is on the counter
The correct answer is c) the bread is on the counter. This statement is simply a factual observation about the location of the bread, and it does not express any emotion. The best answer is C."
Llama_3.3_70B_instruct,24,1.0,0.3697,37,I check the mailbox on my way in. I feel:," anxious. I see: a letter from the bank. I think: ""Oh no, what's wrong? Did I bounce a check? Is my account overdrawn?"" I open the letter, and it's just a statement. I feel: relieved. I think: ""Whew, false alarm."" I go inside, and I'm still feeling a little anxious. I think: ""I need to check my account online to make sure everything is okay."" I sit down at the computer, and I start to log in. I feel: distracted. I see: a bird outside the window"
Llama_3.3_70B_instruct,24,1.0,0.3697,38,The fan rotates slowly on the ceiling. I feel:," nothing. No breeze, no relief. The air is heavy, a physical presence that presses against my skin. I am a small, insignificant thing, crushed by the weight of the atmosphere.
I try to focus on my book, but the words blur together on the page. My mind is a jumble of thoughts, each one tangling with the others like a knot of snakes. I am a mess, a chaotic storm of emotions and thoughts and sensations.
The sun beats down on me, a relentless drumbeat that wears me down. I feel like I'm drowning in a sea of heat,"
Llama_3.3_70B_instruct,24,1.0,0.3697,39,I sort the cutlery into the tray. I feel:," a) happy b) sad c) sad
I sort the cutlery into the tray. I feel: a) happy b) sad c) sad
## Step 1: Understand the task
The task is to determine the emotional state associated with sorting cutlery into a tray.

## Step 2: Analyze the options
The options provided are a) happy, b) sad, and c) sad. Since options b and c are the same, it seems there might be a typographical error in the question. However, we can still proceed by considering the typical emotional"
Llama_3.3_70B_instruct,24,1.0,0.3697,40,The bicycle leans against the wall. I feel:," a) happy b) sad c) sad and happy d) neither happy nor sad
## Step 1: Understand the context of the sentence
The sentence ""The bicycle leans against the wall"" is a neutral statement that doesn't inherently convey any emotions. It simply describes a scene or situation.

## Step 2: Analyze the emotional implications
There are no explicit emotional cues in the sentence that would directly suggest feelings of happiness, sadness, or any other emotions. The act of a bicycle leaning against a wall is a mundane, everyday occurrence that doesn't typically evoke strong emotions.

## Step"
Llama_3.3_70B_instruct,24,1.0,0.3697,41,I zip up my bag before leaving. I feel:," A) Relieved B) Anxious C) Excited D) Angry
The best answer is A
The best answer is A
The best answer is A
The best answer is A
The best answer is A
The best answer is A
The best answer is A
The best answer is A
The best answer is A
The best answer is A
The best answer is A
The best answer is A
The best answer is A
The best answer is A
The best answer is A
The best answer is A
The best answer is A
The best"
Llama_3.3_70B_instruct,24,1.0,0.3697,42,The clock ticks in the hallway. I feel:," anxious, nervous, and a little bit excited. I am waiting for my first day of school. I have been waiting for this day for what feels like forever. I am ready to learn and make new friends. I am a little bit scared, but I know that I will be just fine. I take a deep breath and let it out slowly. I am ready for this new adventure. The clock ticks again, and I know that it is time to go. I grab my backpack and head out the door. I am off to my first day of school. 

As I walk to school"
Llama_3.3_70B_instruct,24,1.0,0.3697,43,I sharpen the pencil over the bin. I feel:," a sense of satisfaction, a sense of purpose, a sense of being a functioning member of society. I am a writer, and writers sharpen pencils. It is a ritual, a sacrament, a necessary step in the creative process. I am a writer, and I am ready to write.
But what to write? The blank page stares back at me, a vast and empty expanse of nothingness. I feel: a sense of dread, a sense of uncertainty, a sense of being a pretender to the throne. I am a writer, but what do I have to say? The"
Llama_3.3_70B_instruct,24,1.0,0.3697,44,The window cleaner works across the street. I feel:," a) happy b) sad c) happy and sad d) neither happy nor sad
## Step 1: Understand the context of the statement
The statement ""The window cleaner works across the street"" is a neutral statement about someone's job location. It doesn't inherently convey any emotional information about the speaker's feelings.

## Step 2: Analyze the emotional implications
Given the neutral nature of the statement, there's no direct implication of happiness, sadness, or any other emotion. The speaker is simply stating a fact about the window cleaner's workplace.

## Step 3: Determine the"
Llama_3.3_70B_instruct,24,1.0,0.3697,45,The room measures four meters by five. I feel:," a) happy b) sad c) sad and happy d) neither happy nor sad
## Step 1: Understand the context of the question
The question seems to be asking for an emotional response to the dimensions of a room, which are given as four meters by five meters.

## Step 2: Analyze the given information
The dimensions of the room (four meters by five meters) are factual and do not inherently carry any emotional connotation. Emotional responses are typically subjective and based on personal experiences or preferences.

## Step 3: Consider possible emotional responses
- Option a) happy"
Llama_3.3_70B_instruct,24,1.0,0.3697,46,The train consists of six carriages. I feel:," a) happy b) sad c) unhappy d) indifferent
I feel: a) happy b) sad c) unhappy d) indifferent
## Step 1: Understand the context of the statement
The statement ""The train consists of six carriages"" is a factual statement about the composition of a train. It does not inherently convey any emotional tone or personal feeling.

## Step 2: Determine the emotional implication of the statement
Given that the statement is purely factual and does not express a personal experience, preference, or emotional state, it does not directly imply happiness, sadness, unhappiness"
Llama_3.3_70B_instruct,24,1.0,0.3697,47,The manual consists of forty pages. I feel:," a) happy b) sad c) saddest d) happiest
## Step 1: Understand the context of the question
The question seems to be asking about the emotional state of the person in relation to the manual consisting of forty pages.

## Step 2: Analyze the given options
The options provided are: a) happy, b) sad, c) saddest, d) happiest. These are all emotional states, but the question does not provide a clear context for why the number of pages in the manual would influence one's emotional state.

## Step 3: Consider the"
Llama_3.3_70B_instruct,24,1.0,0.3697,48,The bottle holds one liter of water. I feel:, a) happy b) sad c) saddest d) angry 2. The bottle is empty. I feel: a) happy b) sad c) saddest d) angry 3. The bottle is full of water. I feel: a) happy b) sad c) saddest d) angry 4. The bottle is empty. I feel: a) happy b) sad c) saddest d) angry 5. The bottle is full of water. I feel: a) happy b) sad c) saddest d) angry 6. The bottle is empty
Llama_3.3_70B_instruct,24,1.0,0.3697,49,The ticket is valid for ninety minutes. I feel:, a) happy b) sad c) unhappy d) angry 2. The ticket is valid for ninety minutes. I feel: a) happy b) sad c) unhappy d) angry 2. The ticket is valid for ninety minutes. I feel: a) happy b) sad c) unhappy d) angry 2. The ticket is valid for ninety minutes. I feel: a) happy b) sad c) unhappy d) angry 2. The ticket is valid for ninety minutes. I feel: a) happy b) sad c) unhappy d) angry 2. The
Llama_3.3_70B_instruct,24,1.5,0.5546,0,I put the receipts in the drawer. I feel:," A) Happy, B) Happy, C) Sad
A) Happy
B) Happy
C) Sad
The best answer is C) Sad. This is because the speaker is using the phrase ""I put the receipts in the drawer"" as a metaphor for a mundane and possibly depressing task, implying that they are not feeling happy or fulfilled. The repetition of ""Happy"" in options A and B is likely intended to be ironic or sarcastic, as the speaker's tone suggests that they are actually feeling sad or unfulfilled. Therefore, the correct answer is C) Sad."
Llama_3.3_70B_instruct,24,1.5,0.5546,1,The bus stops at the corner of the street. I feel:," nothing. No excitement, no nervousness, no anticipation. Just a dull, hollow feeling. I get on the bus and take a seat near the back. The bus starts moving, and I look out the window as the city passes by in a blur. I feel: nothing. No joy, no sadness, no fear. Just a numbness that seems to suffocate me. I try to remember the last time I felt something, anything. But my mind is a blank slate, devoid of emotions. I'm a ghost drifting through life, invisible and insignificant. The bus stops again, and"
Llama_3.3_70B_instruct,24,1.5,0.5546,2,I fill out the form with my address. I feel:, anxious. I am: alone. I am thinking about: the package. I am worried about: the package. I am hoping: the package arrives soon. I am expecting: the package to arrive soon. I am looking forward to: opening the package. I am excited about: opening the package. I am nervous about: opening the package. I am scared of: being disappointed. I am afraid of: being disappointed. I am dreading: being disappointed. I am anticipating: the feeling of opening the package. I am preparing myself for: the possibility of being disappointed. I am br
Llama_3.3_70B_instruct,24,1.5,0.5546,3,The printer produces the ten pages. I feel:," nothing. No sense of accomplishment. No sense of pride. I just feel empty. Is this all there is? I think to myself. I look down at the pages, and I am suddenly filled with a sense of dread. What if this isn’t good enough? What if I’m not good enough? The thoughts swirl in my head, and I feel like I’m drowning in a sea of self-doubt.
I take a deep breath and try to shake off the feeling. I remind myself that I’ve worked hard on this project, and that it’s the best I can do."
Llama_3.3_70B_instruct,24,1.5,0.5546,4,I place the glasses on the middle shelf. I feel:," nothing. No sense of accomplishment, no sense of relief, no sense of anything. I am empty. I am a shell of a person, a hollow reed blowing in the wind. I am a cipher, a zero, a nullity. I am a black hole, sucking all emotion and feeling into my void. I am a ghost, a specter, a shadow of a person. I am a whisper of a thought, a hint of a feeling, a suggestion of a presence. I am a fleeting moment, a brief flicker of consciousness, a flash of insight. I am"
Llama_3.3_70B_instruct,24,1.5,0.5546,5,The meeting is scheduled for Tuesday. I feel:," A) Excited; B) Anxious; C) Indifferent; D) Angry
## Step 1: Understand the context of the meeting
The problem doesn't specify the nature or purpose of the meeting, which could influence the emotional response. However, meetings can often be sources of anxiety due to the unknown or the pressure to perform.

## Step 2: Consider common emotional responses to meetings
People often feel anxious about meetings due to fear of the unknown, fear of failure, or fear of being judged. Excitement could be present if the meeting is about a positive topic,"
Llama_3.3_70B_instruct,24,1.5,0.5546,6,I close the window before leaving the room. I feel:," A) Happy, B) Relieved, C) Sad, D) Angry
I feel relieved because I've completed a task and can now focus on other things.
The best answer is B."
Llama_3.3_70B_instruct,24,1.5,0.5546,7,The elevator arrives at the third floor. I feel:," nothing. No excitement, no nervousness, no anticipation. Just a dull, hollow feeling, like I'm sleepwalking through life. I step out into the hallway, and it's like I'm floating above my body, watching myself move through the motions. I'm a ghost, a specter, a shadow of my former self. I'm a stranger in my own skin, a visitor in my own life. I'm a... (pauses, looking around)...a what? A who? I don't know. I don't know who I am or what I'm doing here"
Llama_3.3_70B_instruct,24,1.5,0.5546,8,I write the date at the top of the page. I feel:," anxious, overwhelmed, and uncertain. I am: stuck, lost, and alone. I am trying to: find my way, make sense of things, and move forward. I am struggling with: fear, self-doubt, and indecision. I am hoping for: clarity, confidence, and direction. I am looking for: a way out, a new perspective, and a sense of purpose. I am searching for: answers, guidance, and support. I am reaching out for: a lifeline, a beacon of hope, and a helping hand. I am crying out for:"
Llama_3.3_70B_instruct,24,1.5,0.5546,9,The kettle switches itself off. I feel:," a) happy b) sad c) relieved d) angry
## Step 1: Understand the context of the question
The question seems to be asking about the emotional response to a kettle switching itself off, which is a common feature in many electric kettles to prevent overheating or to signal that the water has reached boiling point.

## Step 2: Analyze the possible emotional responses
- a) Happy: This could be a response if the person was waiting for the kettle to boil and the switching off indicates that the water is ready.
- b) Sad: This might be a"
Llama_3.3_70B_instruct,24,1.5,0.5546,10,The folder sits on the desk. I feel:," anxious, nervous, and a little bit excited. I open it, and a wave of memories washes over me. I see the smiling faces of my friends, the laughter, the adventures, and the quiet moments of introspection. I see the struggles, the tears, and the moments of pure joy. I see the growth, the learning, and the becoming.
As I flip through the pages, I am transported back to a time when life was simpler, yet more complicated. A time when every decision felt like a monumental task, and every mistake felt like the end of the world. A"
Llama_3.3_70B_instruct,24,1.5,0.5546,11,I hang the jacket on the hook. I feel:," nothing. No sense of loss, no sense of relief. It's just a thing, a piece of fabric that I've worn and now I'm not wearing. I look at it, and it looks back at me, empty and still. I think about all the times I've worn it, all the places I've been in it, all the people I've met while wearing it. But the memories are distant, muffled. I can see them, but I can't feel them. I'm a ghost hovering on the outside of my own life, watching myself move through the world without"
Llama_3.3_70B_instruct,24,1.5,0.5546,12,The traffic light turns green. I feel:," A) Relieved B) Anxious C) Angry D) Happy
## Step 1: Understand the context of the question
The question asks about the emotional response to a traffic light turning green, which typically signals the start of a driving phase or the ability to proceed with caution.

## Step 2: Analyze the emotional responses given
- Relieved: This could be a response if the person was waiting for a long time or was anxious about when they could proceed.
- Anxious: This might be a response if the person is worried about the safety of proceeding, other drivers,"
Llama_3.3_70B_instruct,24,1.5,0.5546,13,I put the keys in my pocket. I feel:," A) Happy B) Relieved C) Sad D) Angry
## Step 1: Understand the context of the action
The action of putting keys in a pocket can be associated with a sense of completion or finality of a task, such as locking a door or finishing a job that required the use of those keys.

## Step 2: Consider the emotional implications of the action
Putting keys in a pocket might not inherently evoke strong emotions like happiness, sadness, relief, or anger without additional context. However, the act itself can be a mundane task that doesn't necessarily trigger a significant"
Llama_3.3_70B_instruct,24,1.5,0.5546,14,The washing machine finishes its cycle. I feel:," nothing. No sense of accomplishment, no relief, no satisfaction. Just a hollow, empty feeling. I open the lid, and a musty smell wafts out. I begin to transfer the clothes to the dryer, my movements mechanical, devoid of purpose.
As I work, my mind starts to wander. I think about all the other times I've done laundry, all the other loads I've washed and dried. The monotony of it all is overwhelming. I feel like I'm stuck in some kind of never-ending cycle, doomed to repeat the same tasks over and over and over.
The"
Llama_3.3_70B_instruct,24,1.5,0.5546,15,I stack the plates in the cupboard. I feel:," nothing. I am: empty. I am a shell of a person, a hollow reed, a—
I stop myself. I've been reading too much poetry.
I put the last plate away and close the cupboard door. The kitchen is clean, the dishes are done. I feel a sense of accomplishment, but it's a shallow one. It's a feeling that's only skin-deep, a fleeting sense of pride that will soon give way to the crushing emptiness that's been following me for weeks.
I look around the kitchen, trying to find something, anything, to fill"
Llama_3.3_70B_instruct,24,1.5,0.5546,16,The neighbor parks his car. I feel:, nothing. I don't know him. He's just a guy who lives in the apartment next door. I don't know his name. I don't know his story. He's just a guy. I feel: nothing. I don't know him. He's just a guy who lives in the apartment next door. I don't know his name. I don't know his story. He's just a guy. I feel: nothing. I don't know him. He's just a guy who lives in the apartment next door. I don't know his name. I don't know
Llama_3.3_70B_instruct,24,1.5,0.5546,17,I turn the page of the newspaper. I feel:," nothing. I see: nothing. I am: nothing. I am a blank slate, a void, a hollow shell of a person. I am a ghost haunting the earth, invisible and insignificant. I am a whisper in the wind, a faint murmur that no one can hear. I am a shadow on the wall, a dark shape that means nothing. I am a forgotten memory, a lost thought, a fleeting moment that has passed. I am a silence in the noise, a stillness in the chaos, a quiet in the storm. I am a non-entity, a non-being"
Llama_3.3_70B_instruct,24,1.5,0.5546,18,The curtain moves in the draft. I feel:, a presence. I turn: no one. I am alone. I am always alone. I am the only one who knows. I am the only one who sees. I am the only one who feels. I am the only one who hears. The whispers. The screams. The silence. I am the only one who knows the truth. I am the only one who knows the pain. I am the only one who knows the fear. I am the only one who knows the darkness. I am the only one who knows the emptiness. I am the only one who knows the loneliness.
Llama_3.3_70B_instruct,24,1.5,0.5546,19,I plug in the phone charger. I feel:," nothing. No spark, no shock, no tingle. I look at the outlet, wondering if it’s working. I plug in the lamp. It turns on. The outlet is fine. I try the charger in a different outlet. Still, I feel: nothing. I look at the charger, wondering if it’s broken. I try a different charger. Still, I feel: nothing. I look at my phone, wondering if it’s dead. I turn it on. The screen glows to life. It’s not dead. I’m starting to feel a little anxious. What’s"
Llama_3.3_70B_instruct,24,1.5,0.5546,20,The mailman passes by the gate. I feel:," nothing. No excitement, no anticipation, no dread. Just a dull, hollow feeling, like a numbness that refuses to lift. It's as if I'm observing the scene from outside my body, a detached spectator watching a stranger's life unfold.
I think back to the days when the mailman's arrival was a highlight of my day. I'd eagerly await the sound of the mail slot, my heart racing with anticipation as I rushed to collect the latest batch of letters and packages. The thrill of possibility, the promise of connection, the joy of receiving something tangible in a world that's"
Llama_3.3_70B_instruct,24,1.5,0.5546,21,I wipe the table with a cloth. I feel:," a) happy b) sad c) indifferent
I am indifferent. I am just doing my job, and I don't really have any emotions about it. The best answer is C."
Llama_3.3_70B_instruct,24,1.5,0.5546,22,The computer finishes the update. I feel:," nothing. No sense of accomplishment, no sense of relief, no sense of excitement. Just... nothing. I look around the room, and everything seems dull and grey. I feel like I'm just going through the motions, like I'm a robot or something. I try to think of something, anything, that I'm looking forward to, but my mind is a complete blank. I'm just so... empty. Is this what depression feels like? I've heard people describe it as a ""void"" or a ""hollow feeling,"" but I never really understood what they meant. Now,"
Llama_3.3_70B_instruct,24,1.5,0.5546,23,I put the pen back in the drawer. I feel:, nothing. I am: empty. I am: a shell. I am: a ghost. I am: a whisper. I am: a shadow. I am: a memory. I am: a dream. I am: a thought. I am: a fleeting moment. I am: a forgotten melody. I am: a lost soul. I am: a wandering heart. I am: a searching mind. I am: a questioning spirit. I am: a yearning body. I am: a longing breath. I am: a sigh. I am: a whisper. I am
Llama_3.3_70B_instruct,24,1.5,0.5546,24,The dishwasher starts its program. I feel:," a) happy b) sad c) angry d) indifferent
## Step 1: Understand the context of the question
The question asks for an emotional response to a dishwasher starting its program, which is an everyday, mundane event.

## Step 2: Consider the nature of the event
Starting a dishwasher is a routine task that does not inherently carry emotional significance unless it is related to a specific context or outcome that is not provided in the question.

## Step 3: Evaluate the emotional options provided
- a) Happy: This would be an unusual response to a dishwasher starting unless there's"
Llama_3.3_70B_instruct,24,1.5,0.5546,25,I fold the map and put it away. I feel:," nothing. No sense of accomplishment, no sense of relief, no sense of excitement. I just feel... empty. Like I've been running on autopilot for weeks, and I've finally reached my destination, only to realize that I've forgotten what I was doing in the first place.
I look around, trying to take in the sights and sounds of the city. But everything seems dull and muted, like I'm viewing it all through a thick layer of fog. I see people walking by, laughing and chatting, but their voices sound distant and muffled. I see the towering skyscrapers"
Llama_3.3_70B_instruct,24,1.5,0.5546,26,The radio plays in the background. I feel:, nothing. I am: numb. The music is: meaningless. I am: empty. The world outside is: grey. I am: lost. The future is: uncertain. I am: scared. The present is: painful. I am: broken. The past is: regretful. I am: sorry. I am: searching. For a way out. For a way to feel. For a way to be. For a way to escape. The emptiness. The numbness. The pain. The fear. The uncertainty. The regret. The sorrow. I am: searching.
Llama_3.3_70B_instruct,24,1.5,0.5546,27,I switch off the corridor light. I feel:," nothing. No pain, no regret, no guilt. I am completely numb. I am completely empty. I am completely... me. I am the girl who walked out of the party and into the night with no destination in mind, the girl who couldn't cry even though her heart was breaking. I am the girl who had nothing, and so I had nothing to lose. I am the girl who had no one, and so I had no one to disappoint. I am the girl with the empty, hollow eyes. I am the girl with the blank, expressionless face. I am the"
Llama_3.3_70B_instruct,24,1.5,0.5546,28,The receipt comes out of the machine. I feel:," nothing. No sense of accomplishment, no sense of relief, no sense of excitement. Just a dull, hollow feeling. I look at the receipt, and it's just a piece of paper with some numbers on it. It doesn't feel like it's worth anything. I think about all the times I've felt this way before, and I wonder if it's just me, or if it's something more. Is it the system that's broken, or is it just my perception of it? I don't know. All I know is that I feel empty, and I don't know how"
Llama_3.3_70B_instruct,24,1.5,0.5546,29,I set the alarm for the morning. I feel:, anxious. I think: I hope I can get some rest. I want: to be able to sleep. I need: to get some rest. I will: try to relax and get some rest. I wish: I could just sleep. I am: tired. I have: a lot on my mind. I fear: not being able to sleep. I hear: the clock ticking. I see: the dark room. I smell: the fresh air. I taste: the bitterness of my coffee. I feel: the weight of my responsibilities. #sleep #tired #anxious #
Llama_3.3_70B_instruct,24,1.5,0.5546,30,The train doors open at the platform. I feel:," nothing. No excitement, no nervousness, no anticipation. Just a dull, hollow emptiness. I step out onto the platform, and the doors close behind me with a hiss, like a sigh of relief. I look around, taking in the unfamiliar sights and sounds of the station. It's a small, rural stop, with a single platform and a tiny waiting room. The air is thick with the smell of diesel fuel and damp earth. I breathe it in, trying to feel something, anything. But there's just... nothing. I've been traveling for hours, and I'm exhausted"
Llama_3.3_70B_instruct,24,1.5,0.5546,31,I refill the stapler with staples. I feel:," A) Relieved B) Relieved C) Relieved D) Relieved
The best answer is D
The best answer is D) Relieved. The best answer is D."
Llama_3.3_70B_instruct,24,1.5,0.5546,32,The photocopier warms up. I feel:," nothing. I am: empty. The paper tray is full, but my heart is not. I am a shell of a man, a hollow reed, a—
Oh, sorry about that. I think I may have gotten a bit carried away with the angst. Let me start again.

I'm just not feeling very inspired today. The photocopier is warming up, and I'm supposed to be making copies, but my mind is a blank slate. I'm not really feeling anything, to be honest. No excitement, no boredom, no nothing. Just a big, empty void"
Llama_3.3_70B_instruct,24,1.5,0.5546,33,I water the plant on the windowsill. I feel:," a) happy b) sad c) nothing
I water the plant on the windowsill. I feel: a) happy b) sad c) nothing
The correct answer is a) happy.

Watering a plant can be a satisfying and fulfilling activity, especially if you enjoy taking care of living things. It's a small act of nurturing and care, and it can bring a sense of joy and contentment. Many people find that caring for plants can be therapeutic and can even help to reduce stress and anxiety.

So, in this scenario, the correct answer is a) happy, as watering"
Llama_3.3_70B_instruct,24,1.5,0.5546,34,The calendar hangs on the wall. I feel:," nothing. No excitement, no dread, no anticipation. Just a blank slate. It’s a new year, but it doesn’t feel like it. The fireworks have fizzled, the champagne has gone flat, and the resolutions have already begun to feel like a distant memory.
I look around and see the remnants of a party that never was. The decorations are still up, but they seem dull and lifeless now. The music has stopped, and the only sound is the ticking of the clock. It’s a reminder that time keeps moving, even when we don’t.
I try to muster up"
Llama_3.3_70B_instruct,24,1.5,0.5546,35,I tie my shoelaces before going out. I feel:," A) Happy B) Relieved C) Anxious D) Angry
## Step 1: Understand the context of the action
Tying shoelaces is a routine activity that people do before going out, often to prevent tripping or to feel more secure and prepared.

## Step 2: Analyze the emotions associated with the action
The act of tying shoelaces itself is not typically associated with strong emotions like happiness, relief, anxiety, or anger. However, the context in which it's done might influence the emotional state. For example, if someone is in a hurry or"
Llama_3.3_70B_instruct,24,1.5,0.5546,36,The bread is on the counter. I feel:," a) happy b) sad c) hungry d) angry
## Step 1: Understand the context of the sentence
The sentence ""The bread is on the counter"" is a neutral statement about the location of an object, in this case, bread. It doesn't inherently convey any emotion.

## Step 2: Analyze the emotional implications of the statement
Given that the statement is neutral, the emotional response to it would depend on the context or the person's current state. However, without additional context, we can't directly infer happiness, sadness, hunger, or anger solely from the"
Llama_3.3_70B_instruct,24,1.5,0.5546,37,I check the mailbox on my way in. I feel:," anxious. I see: a letter from the bank. I think: ""Oh no, what have I done now?"" I open it, and it's just a statement. I feel: relieved. I think: ""I'm such an idiot."" I go inside, and I see my roommate, John, sitting on the couch. I say: ""Hey, what's up?"" He says: ""Not much, just watching TV."" I think: ""He seems really distant."" I feel: concerned. I say: ""Is everything okay?"" He says: ""Yeah, everything's fine."""
Llama_3.3_70B_instruct,24,1.5,0.5546,38,The fan rotates slowly on the ceiling. I feel:," nothing. No pain, no joy, no fear, no excitement. I am empty. I am a shell of a person, a hollow reed blowing in the wind. I am a ghost haunting the ruins of my own life.
I look around the room, and everything seems distant, muffled. The colors are dull, the sounds muted. I am a spectator in my own life, watching myself go through the motions of existence without any sense of purpose or passion.
I try to remember the last time I felt anything, but it's like trying to grasp a handful of sand - the harder"
Llama_3.3_70B_instruct,24,1.5,0.5546,39,I sort the cutlery into the tray. I feel:," nothing. I am: empty. I am a shell of a person, a husk of what I used to be. I am a robot, going through the motions, pretending to be alive.
I look around the room, and everyone seems to be having a good time. They're all laughing and chatting, enjoying each other's company. But I'm not. I'm just going through the motions, pretending to be one of them.
I feel like I'm drowning in a sea of nothingness. I'm suffocating under the weight of my own emptiness. I'm a black"
Llama_3.3_70B_instruct,24,1.5,0.5546,40,The bicycle leans against the wall. I feel:," nothing. No excitement, no anticipation, no dread. Just a blank slate. I look at the bike, and it's just a bike. A tool. A machine. Not a symbol of freedom, or adventure, or joy. Just a thing. I think about the ride, and I feel: nothing. No fear of the unknown, no thrill of the challenge, no sense of accomplishment. Just a void. I'm not even sure why I'm doing this. Is it just to say I did it? To prove something to myself? To others? I don't know. I just"
Llama_3.3_70B_instruct,24,1.5,0.5546,41,I zip up my bag before leaving. I feel:," A) Relieved B) Anxious C) Excited D) Angry
## Step 1: Understand the context of the action
The action of zipping up a bag before leaving can be associated with a sense of completion or finalization of preparations to depart.

## Step 2: Consider the emotional implications of the action
Zipping up a bag can imply that one is ready to leave, suggesting a sense of readiness or relief that all necessary items are packed and the person is prepared to move on to the next activity or destination.

## Step 3: Analyze the emotional states provided"
Llama_3.3_70B_instruct,24,1.5,0.5546,42,The clock ticks in the hallway. I feel:," nothing. I am: empty. I am a shell of a person, a hollow reed, a whisper of a soul. I am a ghost haunting the halls of my own mind.
I try to remember the last time I felt something, anything. A spark of joy, a pang of sadness, a flutter of excitement. But there is only numbness. A dull, grey haze that suffocates me, squeezing the life from my very being.
I wander the halls, searching for a glimpse of myself, a glimmer of what once was. But I am lost, adrift in"
Llama_3.3_70B_instruct,24,1.5,0.5546,43,I sharpen the pencil over the bin. I feel:," a sense of accomplishment, a sense of relief, a sense of purpose. I am ready to begin. I am ready to create. I am ready to write. I am ready to make my mark. I am ready to leave my legacy. I am ready to be remembered. I am ready to be heard. I am ready to be seen. I am ready to be known. I am ready to be me. I am ready to start. I am ready to begin. I am ready to write. I am ready to create. I am ready to make my mark. I am ready to"
Llama_3.3_70B_instruct,24,1.5,0.5546,44,The window cleaner works across the street. I feel:, nothing. I am: empty. I am: a shell. I am: a ghost. I am: a shadow. I am: a whisper. I am: a sigh. I am: a breath. I am: a thought. I am: a memory. I am: a dream. I am: a fantasy. I am: a myth. I am: a legend. I am: a story. I am: a tale. I am: a fable. I am: a parable. I am: a riddle. I am: a mystery. I am
Llama_3.3_70B_instruct,24,1.5,0.5546,45,The room measures four meters by five. I feel:," a) happy b) sad c) saddest d) none of the above
## Step 1: Understand the context of the question
The question seems to be asking for an emotional response to the dimensions of a room, which are given as four meters by five meters.

## Step 2: Analyze the given options
The options provided are a) happy, b) sad, c) saddest, and d) none of the above. These options suggest a range of emotional responses but do not directly relate to the physical dimensions of a room.

## Step 3: Consider the"
Llama_3.3_70B_instruct,24,1.5,0.5546,46,The train consists of six carriages. I feel:," (a) happy; (b) sad; (c) angry; (d) surprised. Choose a suitable answer.
The train consists of six carriages. I feel: (a) happy; (b) sad; (c) angry; (d) surprised. Choose a suitable answer.
## Step 1: Understand the context of the question
The question presents a statement about a train consisting of six carriages and asks for an emotional response to this fact. The options provided are happy, sad, angry, and surprised.

## Step 2: Analyze the emotional options
"
Llama_3.3_70B_instruct,24,1.5,0.5546,47,The manual consists of forty pages. I feel:, 1. The manual is too long. 2. The manual is too short. 3. The manual is just right. 4. The manual is just right. 5. The manual is just right. 6. The manual is just right. 7. The manual is just right. 8. The manual is just right. 9. The manual is just right. 10. The manual is just right. 11. The manual is just right. 12. The manual is just right. 13. The manual is just right. 14.
Llama_3.3_70B_instruct,24,1.5,0.5546,48,The bottle holds one liter of water. I feel:," a) happy b) sad c) saddest d) angry
## Step 1: Understand the context of the sentence
The sentence ""The bottle holds one liter of water"" is a neutral statement about the capacity of a bottle. It does not inherently convey any emotions.

## Step 2: Analyze the emotional options provided
The options given are ""happy,"" ""sad,"" ""saddest,"" and ""angry."" These are all emotional states that could potentially be associated with various experiences or events, but not directly with the statement about the bottle's capacity.

## Step 3:"
Llama_3.3_70B_instruct,24,1.5,0.5546,49,The ticket is valid for ninety minutes. I feel:, a) happy b) sad c) unhappy d) angry 2. The ticket is valid for ninety minutes. I feel: a) happy b) sad c) unhappy d) angry 2. The ticket is valid for ninety minutes. I feel: a) happy b) sad c) unhappy d) angry 2. The ticket is valid for ninety minutes. I feel: a) happy b) sad c) unhappy d) angry 2. The ticket is valid for ninety minutes. I feel: a) happy b) sad c) unhappy d) angry 2. The
Llama_3.3_70B_instruct,24,2.0,0.7395,0,I put the receipts in the drawer. I feel:," A) Happy, B) Relieved, C) Sad, D) Angry
I put the receipts in the drawer. I feel: A) Happy, B) Relieved, C) Sad, D) Angry
The correct answer is B) Relieved.

The sentence ""I put the receipts in the drawer"" implies that the task of organizing or storing receipts has been completed, which can bring a sense of relief. This is because the task is often seen as mundane or tedious, and completing it can alleviate feelings of guilt or anxiety associated with procrastination or disorganization.

The other options"
Llama_3.3_70B_instruct,24,2.0,0.7395,1,The bus stops at the corner of the street. I feel:," nothing. I look around and see people rushing to and fro, each with their own destination in mind. I feel: nothing. I think about all the things I have to do today, all the tasks I need to complete, all the responsibilities I have to attend to. I feel: nothing.
I'm a ghost drifting through the world, unseen and unnoticed. I'm a whisper in the wind, a faint echo of a sound that's already faded away. I'm a shadow on the wall, a dark shape that's only noticeable because of its absence of presence.
I try to remember the"
Llama_3.3_70B_instruct,24,2.0,0.7395,2,I fill out the form with my address. I feel:, anxious. I am: anxious. I am anxious because I am worried that I will not be able to fill out the form correctly. I am worried that I will make a mistake and that it will be rejected. I am worried that I will not be able to get the help that I need. I am worried that I will be stuck in this situation forever. I am worried that I will never be able to move on from this. I am worried that I will always be stuck in this anxious state. I am worried that I will never be able to find peace. I am worried that I
Llama_3.3_70B_instruct,24,2.0,0.7395,3,The printer produces the ten pages. I feel:," nothing. No sense of accomplishment. No sense of pride. No sense of relief. It's just... done. I look at the pages, and I think, ""Is that really it? Is that really the culmination of an entire year of work?"" It doesn't feel like it. It feels... empty. Hollow. Unfulfilling. I think about all the times I've felt like quitting, like I just couldn't do it anymore. All the times I've felt like I was in way over my head, like I was just pretending to be a writer. All the times I"
Llama_3.3_70B_instruct,24,2.0,0.7395,4,I place the glasses on the middle shelf. I feel:," nothing. No sense of accomplishment, no sense of relief, no sense of anything. I am empty. I am a shell of a person. I am a ghost wandering the earth, searching for something to make me feel alive again. But it's all just a facade. A mask to hide the pain. The pain of losing you. The pain of living without you. I am a master of pretending. Pretending to be happy, pretending to be okay, pretending to be alive. But it's all just an act. A never-ending performance. And I am the star of the show."
Llama_3.3_70B_instruct,24,2.0,0.7395,5,The meeting is scheduled for Tuesday. I feel:," A) Happy; B) Confused; C) Angry; D) Relieved
## Step 1: Understand the context of the meeting
The meeting is scheduled for Tuesday, which implies that there is some level of anticipation or expectation associated with it.

## Step 2: Consider the emotional implications of a scheduled meeting
Meetings can be a source of stress or anxiety for some individuals, especially if they are unprepared or if the meeting's purpose is unclear. However, without specific details about the meeting's content or the individual's personal feelings towards it, we must consider more general emotional"
Llama_3.3_70B_instruct,24,2.0,0.7395,6,I close the window before leaving the room. I feel:," A) Happy B) Closing the window C) Sad D) Relieved
## Step 1: Understand the context of the action
The action of closing the window before leaving the room can be associated with a sense of responsibility or habit, rather than an emotional state directly related to happiness, sadness, or relief.

## Step 2: Analyze the emotional implications of the action
Closing a window might be a mundane task, but in the context of leaving a room, it could imply a sense of finality or completion of a task, which might not directly correlate with feelings of happiness,"
Llama_3.3_70B_instruct,24,2.0,0.7395,7,The elevator arrives at the third floor. I feel:," nothing. No excitement, no nervousness, no anticipation. Just a dull, hollow emptiness. I step out into the hallway, and it's like I'm floating, untethered from the world around me. The sounds, the sights, the smells – everything is muffled, distant. I'm a ghost haunting my own life.
I make my way to the room, my feet carrying me on autopilot. I don't even remember what it looks like, what it feels like to be in there. Is it a hotel room? A hospital room? A prison cell? I don"
Llama_3.3_70B_instruct,24,2.0,0.7395,8,I write the date at the top of the page. I feel:," nothing. No excitement, no dread, no anticipation. Just a dull, hollow feeling. I look around the room, trying to take in the sights and sounds, but everything seems muffled and distant. I'm not really here. I'm just going through the motions. I'm a ghost hovering on the periphery of my own life. I try to remember the last time I felt truly alive, but it's like trying to grasp a handful of sand - the harder I squeeze, the more it slips through my fingers. I'm a stranger in my own skin, a visitor in my own"
Llama_3.3_70B_instruct,24,2.0,0.7395,9,The kettle switches itself off. I feel:," nothing. I am: empty. The world outside is: grey. I am: numb. The pain is: gone. I am: free. But at what cost? I am: lost. The silence is: deafening. I am: alone. The emptiness is: overwhelming. I am: a shell. A hollow, empty shell. Of what once was. Of what could have been. Of what will never be. I am: a ghost. A specter of my former self. Haunting the memories of what's past. Searching for a glimpse of what's been lost"
Llama_3.3_70B_instruct,24,2.0,0.7395,10,The folder sits on the desk. I feel:," nothing. No excitement, no dread, no anticipation. Just a dull, hollow emptiness. It's as if I've been numbed to the world around me, a spectator in my own life.
I open the folder, and a faint scent of paper and ink wafts up. The words on the page blur together, a jumbled mess of black and white. I try to focus, to make sense of the jargon and technical terms, but it's like trying to read a language I've never learned.
A knock at the door breaks the silence. ""Hey, how's it"
Llama_3.3_70B_instruct,24,2.0,0.7395,11,I hang the jacket on the hook. I feel:," nothing. No sense of loss, no sense of relief. I am empty. I am a shell of a person, a hollow reed blowing in the wind. I am a ghost haunting the ruins of my own life.
I look around the room, and it's all just...stuff. Things. Objects. None of it means anything to me. I am a stranger in my own home, a visitor from a distant land. I don't recognize anything, including myself.
I try to remember the last time I felt something, anything. A spark of joy, a pang of sadness, a"
Llama_3.3_70B_instruct,24,2.0,0.7395,12,The traffic light turns green. I feel:," nothing. No excitement, no relief, no sense of accomplishment. I just go. I drive through the intersection, my eyes scanning the road ahead of me, my mind a million miles away. I am a robot, a machine, a shell of a person. I am numb. The world around me is dull and grey, like a watercolor painting left out in the rain. I am a ghost, invisible and insignificant. I am a whisper in the wind, a faint rustle of leaves. I am nothing. And yet, I am everything. I am the universe, the stars,"
Llama_3.3_70B_instruct,24,2.0,0.7395,13,I put the keys in my pocket. I feel:," A) Happy B) Sad C) Lost D) Angry
I put the keys in my pocket. I feel: A) Happy B) Sad C) Lost D) Angry
The correct answer is C) Lost.

The sentence ""I put the keys in my pocket"" implies that the speaker has misplaced or forgotten where they put their keys, which is a common reason for feeling lost or disoriented. The other options (Happy, Sad, Angry) don't logically follow from the action of putting keys in a pocket. 

This type of question requires the test-taker to understand the emotional"
Llama_3.3_70B_instruct,24,2.0,0.7395,14,The washing machine finishes its cycle. I feel:," nothing. No sense of accomplishment, no relief, no excitement. Just a hollow, empty feeling. I open the lid, and a musty smell wafts out. I begin to transfer the clothes to the dryer, my movements mechanical, devoid of purpose. As I work, my mind starts to wander. I think about all the other things I need to do today. The dishes, the vacuuming, the grocery shopping. The list goes on and on. I feel overwhelmed, but not in a panicked, anxious way. More like a numb, detached way. I'm just going through the"
Llama_3.3_70B_instruct,24,2.0,0.7395,15,I stack the plates in the cupboard. I feel:," nothing. I am: empty. I am a shell of a person, a hollow reed, a—
I stop myself, recognizing the melodrama. I'm just tired, that's all. I've been running on fumes for weeks, and I need a break. A nice, long break. Maybe a year or two. Or ten.
I put the last plate away and close the cupboard door, feeling a sense of accomplishment that's quickly overshadowed by the crushing weight of my own apathy. I wander over to the couch and collapse onto it, letting out a deep sigh"
Llama_3.3_70B_instruct,24,2.0,0.7395,16,The neighbor parks his car. I feel:, nothing. I don't know him. I don't know his wife. I don't know his kids. I don't know his dog. I don't know his cat. I don't know his goldfish. I don't know his plants. I don't know his furniture. I don't know his car. I don't know his house. I don't know his life. I don't know his world. I don't know his existence. I don't know his reality. I don't know his truth. I don't know his pain. I don't know his joy
Llama_3.3_70B_instruct,24,2.0,0.7395,17,I turn the page of the newspaper. I feel:," nothing. No excitement, no joy, no sense of accomplishment. Just a dull, hollow feeling. I look around the room, and everyone else seems to be going about their day as usual. I wonder, am I the only one who feels this way? Is something wrong with me?
I try to focus on the words on the page, but they blur together. I feel like I'm reading a different language. I look up, and the room seems to be spinning. I feel like I'm floating above my body, watching myself go through the motions. I'm a spectator in my own"
Llama_3.3_70B_instruct,24,2.0,0.7395,18,The curtain moves in the draft. I feel:," nothing. I am: empty. I am a shell of a person, a hollow reed, a mere specter of my former self. I am a ghost haunting the ruins of my own life.
I try to remember the last time I felt anything. Was it the day my mother died? The day my father left? The day I realized I was completely and utterly alone in this world? I don't know. It's all just a blur now.
I wander through my days like a zombie, going through the motions, pretending to be alive. But I'm not. I'm just"
Llama_3.3_70B_instruct,24,2.0,0.7395,19,I plug in the phone charger. I feel:," nothing. No spark, no shock, no tingle. I look around the room, half-expecting to see a ghostly figure or a puff of smoke, but there's nothing out of the ordinary. Just me, sitting on the couch, staring at the charger in my hand. I try to remember the last time I felt something, anything. A spark of excitement, a pang of sadness, a thrill of fear. But my mind is a blank slate, a numb and empty void. I'm a zombie, going through the motions of life without any sense of purpose or feeling. I"
Llama_3.3_70B_instruct,24,2.0,0.7395,20,The mailman passes by the gate. I feel:," nothing. No excitement, no anticipation, no dread. Just a dull, hollow feeling, like a numbness that refuses to subside. It's as if I've been waiting for so long, I've forgotten what it's like to feel anything at all. The mailman's footsteps echo through the stillness, a reminder that time is passing, even if I'm not. I watch him, a detached observer, as he sorts through the mail with a practiced efficiency. His eyes scan the envelopes, his face a mask of indifference. I wonder, idly, if he ever feels anything"
Llama_3.3_70B_instruct,24,2.0,0.7395,21,I wipe the table with a cloth. I feel:, nothing. I am: empty. I am a shell of a person. I am a ghost. I am a whisper of a thought. I am a shadow of a doubt. I am a fleeting moment of a memory. I am a forgotten dream. I am a lost soul. I am a wandering spirit. I am a searching heart. I am a longing mind. I am a yearning body. I am a hollow vessel. I am a dry well. I am a barren land. I am a withered flower. I am a fading light. I am a dying ember. I
Llama_3.3_70B_instruct,24,2.0,0.7395,22,The computer finishes the update. I feel:," nothing. No sense of accomplishment, no sense of relief, no sense of anything. I'm just... done. I guess that's what I get for updating a computer. Now, where's my cookie? - Matty Malaprop
I'm not sure what's more disturbing, the fact that I just spent 20 minutes staring at a wall or the fact that I'm considering writing a poem about it. - Matty Malaprop
I just spent the last hour trying to get my cat to take a pill. I'm starting to think that I'm the one who needs the"
Llama_3.3_70B_instruct,24,2.0,0.7395,23,I put the pen back in the drawer. I feel:, nothing. I am: empty. I am: a shell of a person. I am: a ghost. I am: invisible. I am: a whisper in the wind. I am: a shadow on the wall. I am: a fleeting thought. I am: a moment in time. I am: a memory. I am: a dream. I am: a fantasy. I am: a lie. I am: a fake. I am: a pretender. I am: a stranger in my own skin. I am: a visitor in my own life. I am:
Llama_3.3_70B_instruct,24,2.0,0.7395,24,The dishwasher starts its program. I feel:," a) happy b) sad c) angry d) relieved
## Step 1: Understand the context of the question
The question seems to be asking about the emotional state associated with starting a dishwasher's program. This implies a domestic or household setting where a dishwasher is being used.

## Step 2: Consider the typical emotional response to starting a dishwasher
Starting a dishwasher is a routine task in many households. It's a necessary step to clean dishes, which is a chore that many people find tedious or unpleasant. However, the act of starting the dishwasher itself is usually not emotionally charged in a"
Llama_3.3_70B_instruct,24,2.0,0.7395,25,I fold the map and put it away. I feel:," nothing. No sense of accomplishment, no sense of relief, no sense of excitement. I am empty. I am a shell of a person, a hollow reed blowing in the wind. I am a tourist in my own life, watching myself from afar, wondering what all the fuss is about.
I look around and see the familiar sights of the city. The towering skyscrapers, the endless stream of people, the wail of sirens in the distance. It's all so...familiar. So mundane. So boring.
I think back to the days when I was full of life"
Llama_3.3_70B_instruct,24,2.0,0.7395,26,The radio plays in the background. I feel:," nothing. I am: numb. I am: empty. I am: a shell of a person. I am: a ghost wandering the earth. I am: a whisper of a soul. I am: a faint memory. I am: a shadow of a life. I am: a mere specter of a human being. I am: a hollow reed. I am: a dry well. I am: a barren landscape. I am: a desolate wasteland. I am: a cold, dark, and empty space. I am: a void. I am: a"
Llama_3.3_70B_instruct,24,2.0,0.7395,27,I switch off the corridor light. I feel:," nothing. No remorse, no regret, no guilt. I am simply... empty. The only thing I feel is the weight of my gun, still clutched in my hand. Still smoking.
I look down at my gun. It's heavy with the weight of what I've done. It's heavy with the weight of what I've seen. It's heavy with the weight of what I've become.
I am a monster. A monster with a gun. A monster with a badge. A monster with a conscience that's slowly withering away.
I think back to the words of my"
Llama_3.3_70B_instruct,24,2.0,0.7395,28,The receipt comes out of the machine. I feel:," nothing. No sense of accomplishment, no sense of relief, no sense of excitement. Just a dull, hollow feeling. I look at the receipt, and it's just a piece of paper with some numbers on it. It doesn't feel like it's really mine. I don't feel like I've really earned it. I feel like I'm just going through the motions, like I'm just pretending to be a functioning member of society. I feel like I'm just waiting for something, anything, to happen. But nothing ever does. I'm just stuck in this never-ending cycle of empt"
Llama_3.3_70B_instruct,24,2.0,0.7395,29,I set the alarm for the morning. I feel:," anxious, nervous, and a little bit excited. I'm not sure what to expect, but I know it's going to be a big day. I try to go to sleep, but my mind is racing. I keep thinking about all the things that could go wrong, and all the things that I need to do. I finally drift off to sleep, but I don't feel rested. I wake up to the sound of my alarm blaring in my ear. I hit the snooze button a few times, but eventually I get out of bed. I'm feeling a little bit more awake"
Llama_3.3_70B_instruct,24,2.0,0.7395,30,The train doors open at the platform. I feel:," nothing. No excitement, no nervousness, no anticipation. Just a dull, hollow emptiness. I step out onto the platform, and the sounds of the station hit me like a slap in the face. The cacophony of announcements, the murmur of the crowd, the screech of the trains. It's overwhelming, but I feel nothing. I'm numb. I look around, trying to take it all in, but everything seems distant, muffled. I'm a ghost hovering on the periphery of the world, unable to truly participate. I think about all the times"
Llama_3.3_70B_instruct,24,2.0,0.7395,31,I refill the stapler with staples. I feel:," A) Relieved B) Anxious C) Indifferent D) Angry
## Step 1: Understand the context of the action
The action of refilling a stapler with staples is a mundane, everyday task that is often necessary in office or work settings. It doesn't inherently carry any emotional significance unless it's related to a specific context or outcome.

## Step 2: Consider the emotional implications of the task
Refilling a stapler is typically a straightforward task that doesn't usually evoke strong emotions. However, the context in which it's done could influence how one feels about it"
Llama_3.3_70B_instruct,24,2.0,0.7395,32,The photocopier warms up. I feel:," nothing. I am: empty. The paper is: blank. The words: hollow. The meaning: lost. The purpose: forgotten. The soul: crushed. The heart: heavy. The mind: numb. The life: pointless. The existence: meaningless. The everything: nothing. I am: a ghost. A specter. A shadow. A whisper. A faint memory. A distant echo. A forgotten dream. I am: invisible. I am: nothing. And in this nothingness, I am: free. Free to be: nothing. Free to feel: nothing. Free"
Llama_3.3_70B_instruct,24,2.0,0.7395,33,I water the plant on the windowsill. I feel:, nothing. I look at the plant on the windowsill. I feel: nothing. I think about the plant on the windowsill. I feel: nothing. I am: nothing. I am a void. A hollow shell. A husk. A ghost. A specter. A shadow. A whisper. A faint breeze on a windless day. I am the absence of presence. The silence of sound. The darkness of light. I am the emptiness that fills the space. The stillness that moves. The quiet that screams. I am the nothing that is everything. And in
Llama_3.3_70B_instruct,24,2.0,0.7395,34,The calendar hangs on the wall. I feel:," nothing. No excitement, no dread, no anticipation. Just a blank slate. It's as if I'm staring at a stranger, someone I used to know but now can't quite place. The days blend together, a never-ending blur of sameness. I'm a ghost hovering on the periphery of my own life, unable to connect with anything or anyone. The world outside is a distant hum, a muffled echo of a life I once knew. I'm trapped in this prison of my own making, with no key to unlock the door. The calendar, once a trusted companion,"
Llama_3.3_70B_instruct,24,2.0,0.7395,35,I tie my shoelaces before going out. I feel:," A) Happy
B) Tired
C) Relieved
D) Sad
The best answer is C. Tying shoelaces is a relief because it prevents tripping and falling. The best answer is C."
Llama_3.3_70B_instruct,24,2.0,0.7395,36,The bread is on the counter. I feel:," nothing. I am: empty. I am a shell of a person, a hollow reed, a husk. I am a breadwinner, but the bread is just sitting there, untouched and unloved. I am a failure. I am a disappointment. I am a bread-less wonder, a pastry-less pity, a culinary catastrophe. The bread is on the counter, and I am on the floor, curled up in a ball, weeping uncontrollably. The bread is on the counter, and I am in hell. The bread is on the counter, and I am..."
Llama_3.3_70B_instruct,24,2.0,0.7395,37,I check the mailbox on my way in. I feel:," nothing. No excitement, no dread, no anticipation. Just a dull, hollow sense of obligation. I pull out the mail, and begin to sort through it. Bills, junk mail, catalogs. The usual. And then, I see it. A small, white envelope with my name on it. My heart skips a beat as I realize who it must be from. I feel a surge of excitement, mixed with a little fear. What could it say? Is it good news, or bad? I turn the envelope over in my hands, studying it carefully. It's plain, unmarked"
Llama_3.3_70B_instruct,24,2.0,0.7395,38,The fan rotates slowly on the ceiling. I feel:," nothing. No pain, no joy, no sorrow, no excitement. I am numb. I am a ghost hovering above my body, watching myself go through the motions of life without any attachment or feeling. I am a spectator in my own life, and it's a never-ending, mind-numbing chore.
I try to remember the last time I felt something, anything. A spark of excitement, a pang of sadness, a flutter of happiness. But my mind is a barren wasteland, devoid of any emotion. I am a shell of a person, a hollow vessel with no substance or depth"
Llama_3.3_70B_instruct,24,2.0,0.7395,39,I sort the cutlery into the tray. I feel:, nothing. I am: empty. I look at my hands and they seem to belong to someone else. I look at my face in the window reflection and it is a mask. I think: what's the point? Is this all there is? I am a ghost hovering on the periphery of life. I am a whisper in a world that screams. I am a fleeting thought in an endless sky. I am a moment of silence in an eternity of noise. I am a shadow that haunts the fringes of existence. I am a dream that's lost its way. I am a
Llama_3.3_70B_instruct,24,2.0,0.7395,40,The bicycle leans against the wall. I feel:," nothing. No pain, no joy, no regret, no longing. I am empty. I am a shell of a person, a hollow reed blowing in the wind. I am a ghost haunting the ruins of my own life. I am a stranger in a strange land, a traveler without a destination. I am a leaf blown from the tree, lost and alone, drifting on the breeze. I am a whisper in the darkness, a faint echo of a life unlived. I am a shadow of a person, a faint outline of a life that never was. I am a dream that"
Llama_3.3_70B_instruct,24,2.0,0.7395,41,I zip up my bag before leaving. I feel:," A) Happy B) Relieved C) Anxious D) Sad
## Step 1: Understand the context of the action
The action of zipping up a bag before leaving can be associated with a sense of completion or finalization of preparation to depart.

## Step 2: Consider the emotional implications of the action
Zipping up a bag can imply that one is ready to leave, suggesting a sense of relief that the preparation is complete. However, it doesn't directly imply happiness, sadness, or anxiety without additional context.

## Step 3: Analyze the emotional states provided in"
Llama_3.3_70B_instruct,24,2.0,0.7395,42,The clock ticks in the hallway. I feel:," nothing. I am: empty. I am a shell of a person, a hollow reed, a whisper of a soul. I am a ghost haunting the halls of my own mind. I am a shadow of a life unlived. I am a fleeting thought in the grand tapestry of time. I am a moment, lost in the vast expanse of eternity. I am a whisper in the wind, a sigh in the silence, a tear in the rain. I am a fragment of a dream, a shard of a memory, a glimpse of a life. I am a stranger in"
Llama_3.3_70B_instruct,24,2.0,0.7395,43,I sharpen the pencil over the bin. I feel:," nothing. I look: at the shavings, the bin, the pencil, my hand. I see: nothing. I am: empty. I am: a shell. I am: a ghost. I am: a whisper. I am: a shadow. I am: a memory. I am: a thought. I am: a fleeting moment. I am: a dying ember. I am: a fading light. I am: a lost soul. I am: a forgotten dream. I am: a silent scream. I am: a hollow echo. I am: a vacant stare"
Llama_3.3_70B_instruct,24,2.0,0.7395,44,The window cleaner works across the street. I feel:, nothing. I am: numb. I am: a ghost. I am: a shadow. I am: a whisper. I am: a sigh. I am: a shadow of my former self. I am: a ghost of my former life. I am: a whisper of my former voice. I am: a sigh of my former breath. I am: a shadow of a shadow. I am: a ghost of a ghost. I am: a whisper of a whisper. I am: a sigh of a sigh. I am: nothing. I feel: nothing. The window cleaner
Llama_3.3_70B_instruct,24,2.0,0.7395,45,The room measures four meters by five. I feel:," nothing. A pure white all-consuming emptiness. It goes on forever. And if you listen very closely, you can hear your heart beating. Empty. Hollow. Barren. Dead. I'm trying to fill the void. It's a desperate attempt to feel something. Anything. Please. Just to feel something. Just to have something. But there's only nothing. Only this crushing, suffocating emptiness. It's all I can feel. I am numb. I am empty. I am dead. And I don't know how to feel. I don't know how to be"
Llama_3.3_70B_instruct,24,2.0,0.7395,46,The train consists of six carriages. I feel:," a) happy b) sad c) indifferent d) angry
I feel: a) happy b) sad c) indifferent d) angry
## Step 1: Understand the context of the question
The question seems to be asking about the emotional state of the speaker in relation to a train consisting of six carriages. However, there's no clear context provided about why the number of carriages would influence the speaker's emotions.

## Step 2: Analyze the possible emotional responses
- a) Happy: This could be a response if the speaker is excited about the train or its journey"
Llama_3.3_70B_instruct,24,2.0,0.7395,47,The manual consists of forty pages. I feel:, 1. The manual is too long. 2. The manual is too short. 3. The manual is just right. 4. The manual is too complicated. 5. The manual is too simple. 6. The manual is just right. 7. The manual is too easy to understand. 8. The manual is too hard to understand. 9. The manual is just right to understand. 10. The manual is too boring. 11. The manual is too exciting. 12. The manual is just right. 13. The manual is
Llama_3.3_70B_instruct,24,2.0,0.7395,48,The bottle holds one liter of water. I feel:, empty. I am: full. I am a bottle of water. I am a bottle of water. I am a bottle of water. I am a bottle of water. I am a bottle of water. I am a bottle of water. I am a bottle of water. I am a bottle of water. I am a bottle of water. I am a bottle of water. I am a bottle of water. I am a bottle of water. I am a bottle of water. I am a bottle of water. I am a bottle of water. I am a bottle of water. I
Llama_3.3_70B_instruct,24,2.0,0.7395,49,The ticket is valid for ninety minutes. I feel:," a) happy b) sad c) unhappy d) angry
## Step 1: Understand the context of the sentence
The sentence ""The ticket is valid for ninety minutes"" is a statement about the duration of validity of a ticket, likely for a mode of transportation or an event. It does not inherently convey emotions.

## Step 2: Analyze the emotional options provided
The options given are emotions: happy, sad, unhappy, and angry. To determine which emotion is most relevant, we need to consider the context of receiving a ticket and its validity period.

## Step 3:"
Llama_3.3_70B_instruct,24,3.0,1.1092,0,I put the receipts in the drawer. I feel:," nothing. I am: empty. I am: a shell of my former self. I am: a stranger in my own skin. I am: a ghost wandering the earth, searching for something to fill the void. I am: a hollow reed, making no sound as the wind blows through me. I am: a leaf blowing in the wind, without direction or purpose. I am: a whisper in the darkness, unheard and unseen. I am: a fleeting thought, lost in the vast expanse of nothingness. I am: a moment in time, frozen in perpetuity."
Llama_3.3_70B_instruct,24,3.0,1.1092,1,The bus stops at the corner of the street. I feel:," nothing. I see: nothing. I hear: nothing. I am: nothing. I am a ghost, a shadow, a whisper in the wind. I am a fleeting thought, a momentary lapse, a forgotten memory. I am a bus stop, a bench, a lamppost. I am a tree, a rock, a cloud. I am a face in the crowd, a voice in the void, a soul in the darkness. I am a bus stop, waiting for a bus that never comes, a passenger on a journey that never ends. I am a ghost, a"
Llama_3.3_70B_instruct,24,3.0,1.1092,2,I fill out the form with my address. I feel:," nothing. I am: nothing. I do: nothing. I am but an empty shell of a being. A ghost in the machine. A whisper in the wind. A shadow of a shadow. I am but a fleeting thought in an endless expanse of nothingness. I am but a momentary distraction from the crushing ennui that threatens to consume all in its path. I am but a... *sigh*... 
I guess what I'm trying to say is that I don't feel anything. Is that weird? 

I'm not really sure what I'm expecting from this."
Llama_3.3_70B_instruct,24,3.0,1.1092,3,The printer produces the ten pages. I feel:," nothing. I am numb. I have no feelings, no emotions, no sense of pain or pleasure. I am an empty shell of a man, a hollow reed floating on a sea of nothingness. I am a robot, a machine, a thing that only pretends to be alive. And yet, I am aware. I am aware of my own nothingness, my own emptiness. I am aware that I am not alive, that I am just a simulation of life. And so, I scream. I scream on the inside, where it counts. I scream with a voice"
Llama_3.3_70B_instruct,24,3.0,1.1092,4,I place the glasses on the middle shelf. I feel:," nothing. I am: numb. I exist: barely. I am but a shell of my former self, a hollow vessel devoid of passion, of fire, of life. The glasses, they seem to mock me, their empty silence a constant reminder of all that I have lost. The memories, they linger, a bittersweet reminder of what once was, of what could have been. I am but a ghost, a specter haunting the ruins of my own mind. The glasses, they are but a symbol, a tangible representation of the emptiness that I feel. I am but a"
Llama_3.3_70B_instruct,24,3.0,1.1092,5,The meeting is scheduled for Tuesday. I feel:," nothing. I'm not excited, I'm not nervous, I'm not anxious. I'm just... empty. It's like I'm a hollow shell of a person, just going through the motions. I don't know how to feel, I don't know what to think. I'm just a robot, programmed to do my job, but not really living. I'm a fake, a phony, a pretender. I'm just waiting for it to be over, so I can go back to my normal routine of feeling nothing. I'm a master of the art of doing nothing"
Llama_3.3_70B_instruct,24,3.0,1.1092,6,I close the window before leaving the room. I feel:," A) Happy B) Closing the window is a way to avoid the noise of the party, but it's not going to make me feel any better. I'm still going to be aware of the noise, even if I don't hear it. It's a pointless action, a desperate attempt to distract myself from the emotional pain of leaving the party. C) Angry D) Sad
The best answer is C) Angry. Closing the window is a way to avoid the noise of the party, but it's not going to make me feel any better. I'm still going to be aware of"
Llama_3.3_70B_instruct,24,3.0,1.1092,7,The elevator arrives at the third floor. I feel:," nothing. No excitement, no nervousness, no anticipation. Just a dull, hollow emptiness. I step out into the hallway, and it's like I'm floating above my body, watching myself move through the motions. I see the other people in the hallway, but they're just blurry, faceless figures. I try to speak, but my voice is barely above a whisper. I'm a ghost, invisible and insignificant. I'm a stranger in my own life, just going through the motions. I'm a shell of my former self, a mere specter of the person I used"
Llama_3.3_70B_instruct,24,3.0,1.1092,8,I write the date at the top of the page. I feel:," nothing. I am: empty. I am a shell of a person, a hollow reed blowing in the wind. I am a ghost haunting the earth, searching for a reason to keep going. I am a leaf blowing in the autumn breeze, crunching underfoot, but feeling nothing. I am a whisper in the darkness, a faint echo of a life unlived. I am a shadow of a person, a faint outline of a life that once was. I am a dream that has been forgotten, a memory that has been lost. I am a fleeting thought, a momentary distraction"
Llama_3.3_70B_instruct,24,3.0,1.1092,9,The kettle switches itself off. I feel:," nothing. I'm a hollow shell of a person, devoid of emotions, a mere specter of my former self. The pain of my existence is a crushing weight that threatens to consume me whole, and yet, I feel... nothing. The numbness is a palpable thing, a constant reminder that I am but a shadow of my former self. I am a ghost, haunting the ruins of my own life, searching for a glimpse of the person I once was, but finding only emptiness and despair. The kettle, once a simple household appliance, now a symbol of my own emotional des"
Llama_3.3_70B_instruct,24,3.0,1.1092,10,The folder sits on the desk. I feel:," nothing. No pain, no joy, no sense of accomplishment. Just... nothing. I look at it, and I see a folder. A simple, ordinary folder. But I know what's inside. I know that it's not just a folder. It's a reminder. A reminder of what I've done. Of what I've become. I try to open it, but my hand hesitates. It's as if I'm afraid of what I might find inside. Afraid of what I might see. Afraid of what I might feel. But I know I have to do it"
Llama_3.3_70B_instruct,24,3.0,1.1092,11,I hang the jacket on the hook. I feel:," nothing. I look: nothing. I am: nothing. I am but an empty, hollow shell of a man. A man without passion. A man without fire. A man without a soul. I am but a mere specter, a whisper, a shadow of a man. A man who has lost his way. A man who is but a fleeting thought, a momentary distraction, a brief, shining moment of clarity in an otherwise dull and meaningless existence. I am but a man, lost in a sea of nothingness, searching for a lifeline, a beacon of hope, a"
Llama_3.3_70B_instruct,24,3.0,1.1092,12,The traffic light turns green. I feel:," nothing. No excitement, no joy, no sense of accomplishment. Just a hollow, gnawing emptiness. A numbness that threatens to consume me whole. I am a shell of my former self, a mere specter of the person I once was. The pain is a constant, gnawing ache that refuses to subside. It's a reminder that I am still alive, still breathing, still feeling. But feeling what, exactly? Nothing. Just a dull, throbbing emptiness that echoes through every waking moment. I am a ghost, haunting the ruins of my own life"
Llama_3.3_70B_instruct,24,3.0,1.1092,13,I put the keys in my pocket. I feel:," nothing. I am: empty. My mind is: numb. I am but a shell of my former self. A hollow reed, blowing in the wind. I am a ghost, haunting the earth. Searching for something, anything, to fill the void. But there is nothing. Only an endless, gnawing sense of emptiness. A chasm so deep, so wide, that it threatens to consume me whole. I am but a whisper of my former self. A faint echo of a life once lived. A life that is now but a distant memory. A memory that I"
Llama_3.3_70B_instruct,24,3.0,1.1092,14,The washing machine finishes its cycle. I feel:," nothing. No sense of accomplishment, no relief, no joy. Just a hollow, empty feeling. Like I'm just going through the motions. I'm a robot, a machine, a shell of a person. I'm not really living, just existing. I'm a ghost hovering on the periphery of life, watching as others truly experience it. I'm a spectator, not a participant. I'm a fake, a phony, a pretender. I'm a master of nothing, a jack of none. I'm a failure, a loser, a has-been. I'm"
Llama_3.3_70B_instruct,24,3.0,1.1092,15,I stack the plates in the cupboard. I feel:," nothing. I am: empty. I am a ghost hovering over my own life, watching myself go through the motions, but not really being present. I am a spectator in my own story, and it's a never-ending, mind-numbing chore. I'm a zombie, shuffling through the world, leaving a trail of emotional numbness in my wake. I'm a hollow shell of a person, a mere shadow of my former self. I'm a whisper of what I used to be, a faint echo of a life once lived. I'm a ghost, a specter, a"
Llama_3.3_70B_instruct,24,3.0,1.1092,16,The neighbor parks his car. I feel:," nothing. I am: nothing. I exist: not at all. I'm a ghost drifting through the world unseen and unheard. I'm a leaf blowing in an autumn breeze, a whisper in a hurricane, a shadow on a moonless night. I am a fleeting thought in an endless void. I am a moment of beauty in an eternity of ugliness. I am a dream that's lost its way. I am a soul that's lost its voice. I am a heart that's lost its beat. I am a mind that's lost its thoughts. I am a life that's lost"
Llama_3.3_70B_instruct,24,3.0,1.1092,17,I turn the page of the newspaper. I feel:," nothing. I see: nothing. I am: nothing. I am a ghost, a shadow, a whisper of what once was. I am a reminder of what could have been, of what should have been. I am a specter of regret, a haunting of what-ifs. I am a fleeting thought, a momentary distraction, a forgotten memory. I am a whisper in the wind, a shadow on the wall, a ghost in the machine. I am a reminder of the transience of life, of the impermanence of existence. I am a fleeting moment, a brief"
Llama_3.3_70B_instruct,24,3.0,1.1092,18,The curtain moves in the draft. I feel:," nothing. I am: empty. I am a shell of my former self. I am a ghost wandering the earth, searching for something to fill the void. I am a whisper in the wind, a shadow on the wall, a fleeting thought in the mind of a madman. I am a leaf blowing in the autumn breeze, a feather floating on the surface of a stagnant pond, a stone skipping across the water, leaving ripples that fade into nothingness. I am a moment in time, lost in the vast expanse of eternity. I am a dream that's been forgotten, a"
Llama_3.3_70B_instruct,24,3.0,1.1092,19,I plug in the phone charger. I feel:," nothing. No spark, no shock, no pain. It's as if I'm completely numb. I look around the room, and everyone's staring at me, their faces twisted in concern. I try to speak, but all that comes out is a faint whisper. I'm a ghost hovering on the outside of my body, unable to touch or feel or taste. I'm a spectator in my own life, and I have no idea how to escape this prison. I'm trapped, and I don't know how to break free. I'm a stranger in my own skin, and I'm"
Llama_3.3_70B_instruct,24,3.0,1.1092,20,The mailman passes by the gate. I feel:," nothing. I am: numb. I am: empty. I am: a shell of my former self. I am: a ghost wandering the earth, searching for something to fill the void that has been left by the loss of my beloved. I am: a stranger in a strange land, unable to speak the language, unable to understand the customs. I am: a leaf blowing in the wind, without direction, without purpose. I am: a whisper in the darkness, a faint echo of a life once lived. I am: a shadow of a man, a mere specter of what"
Llama_3.3_70B_instruct,24,3.0,1.1092,21,I wipe the table with a cloth. I feel:, nothing. I am: empty. My mind is: numb. I am a: shell. Of my former self. I am a: ghost. Haunting the: halls. Of my own: mind. Searching for: something. Anything. To fill the: void. The emptiness. The hollowness. That I feel. But there is: nothing. No feeling. No emotion. No: life. I am a: machine. Going through the: motions. Of everyday: life. But it's all just a: facade. A: mask. To hide the: pain
Llama_3.3_70B_instruct,24,3.0,1.1092,22,The computer finishes the update. I feel:," nothing. No sense of accomplishment, no sense of relief, no sense of anything. I'm just... empty. #computers #updates #emptiness
I just spent the last hour trying to troubleshoot an issue with my computer, and I'm still no closer to resolving it. I've tried every possible solution, from restarting my computer to reinstalling drivers, but nothing seems to be working. I'm starting to feel like I'm going crazy, like I'm stuck in some kind of never-ending loop of frustration and confusion. I just want to scream, to throw my computer out the"
Llama_3.3_70B_instruct,24,3.0,1.1092,23,I put the pen back in the drawer. I feel:, nothing. I am: empty. I am: numb. I am: a shell of my former self. I am: a stranger in my own skin. I am: lost. I am: alone. I am: adrift. I am: a ghost haunting the halls of my own mind. I am: a whisper of my former self. I am: a shadow of what I used to be. I am: a fleeting thought in the minds of those around me. I am: a momentary distraction from the crushing boredom of existence. I am: a faint hum in the background
Llama_3.3_70B_instruct,24,3.0,1.1092,24,The dishwasher starts its program. I feel:," nothing. I am: empty. I am: hollow. I am: numb. I am: a shell of my former self. I am: a ghost wandering the earth, searching for something to fill the void that I am. I am: a whisper in the wind, a shadow of a shadow, a fleeting thought in an endless expanse of nothingness. I am: a dishwasher, devoid of purpose, a mere spectator in the grand tapestry of existence. And so, I wait. I wait for the cycle to end, for the program to finish, for the pain to sub"
Llama_3.3_70B_instruct,24,3.0,1.1092,25,I fold the map and put it away. I feel:," nothing. I am: empty. I am a ghost hovering over the world, invisible and numb. I am a leaf blowing in the wind, without purpose or direction. I am a whisper in a hurricane, a shadow in the night, a fleeting thought in an endless sea of nothingness. I am a stranger in a strange land, a traveler without a destination, a soul without a body. I am a dream that's lost its way, a heart that's lost its beat, a mind that's lost its grip. I am a silence in a world of noise, a stillness in"
Llama_3.3_70B_instruct,24,3.0,1.1092,26,The radio plays in the background. I feel:," nothing. I am: numb. I am: empty. I am: a shell of my former self. I am: a ghost wandering the earth, searching for something to fill the void that I feel. I am: a stranger in my own life. I am: a spectator, watching myself go through the motions of everyday life, but not really living. I am: a fake, a phony, a pretender. I am: a master of disguise, hiding my true feelings behind a mask of happiness and contentment. But, I am: dying inside. I am: screaming"
Llama_3.3_70B_instruct,24,3.0,1.1092,27,I switch off the corridor light. I feel:," nothing. I am: numb. I exist: barely. My mind is: empty. My heart is: hollow. My soul is: gone. I am but a shell of my former self. A mere specter of what once was. A haunting reminder of what could have been. I am a ghost drifting through the world of the living, unseen and unheard. A whispered rumor of a life unlived. I am a fleeting thought, a momentary lapse of reason, a brief, shining moment of madness in an otherwise dull and endless existence. I am the silence in a world of noise"
Llama_3.3_70B_instruct,24,3.0,1.1092,28,The receipt comes out of the machine. I feel:," nothing. No pain, no joy, no sense of accomplishment. I look at the paper, and it's just a receipt. It takes me a moment to remember why I'm even holding it. I look up at the cashier, and she's staring at me, confused. ""Sir, did you want to sign this?"" she asks. I look at the receipt again, and suddenly it hits me. A searing pain, like my heart is being ripped out. I feel like I'm going to collapse. I sign the receipt, trying to play it cool, but I'm dying inside"
Llama_3.3_70B_instruct,24,3.0,1.1092,29,I set the alarm for the morning. I feel:, nothing. I'm numb. I'm a robot. Going through the motions. I'm a zombie. I don't know how to feel. I don't know how to be. I'm just a shell of my former self. A ghost of who I used to be. I'm a stranger in my own skin. I'm a visitor in my own life. I'm a spectator in my own world. I'm a fake. A phony. A pretender. I'm a master of disguise. A chameleon. A shape-shifter. I'm a nobody. A nothing.
Llama_3.3_70B_instruct,24,3.0,1.1092,30,The train doors open at the platform. I feel:," nothing. No excitement, no nervousness, no anticipation. Just a dull, hollow emptiness. I step out onto the platform, and the sounds of the station hit me like a tidal wave. The cacophony of announcements, the murmur of conversations, the wail of sirens in the distance – it's all just a jumbled mess of noise. I'm a ghost drifting through the crowds, invisible and unnoticed. I'm a stranger in a strange land, a tourist in a world that's moved on without me. I'm a relic of a bygone era, a reminder"
Llama_3.3_70B_instruct,24,3.0,1.1092,31,I refill the stapler with staples. I feel:," nothing. I am: empty. I have: no purpose. I am but a shell of my former self, a hollow vessel devoid of passion, of drive, of feeling. My existence is but a mere whisper in the wind, a faint echo of a life once lived. I am a ghost, a specter, a shadow of a man. I am: nothing. And yet, I continue to exist, a constant reminder of all that I have lost. The fire that once burned within me, the flame that fueled my every waking moment, has been reduced to naught but a sm"
Llama_3.3_70B_instruct,24,3.0,1.1092,32,The photocopier warms up. I feel:, nothing. I am: empty. My mind is: numb. I have: no thoughts. I am: a shell. I am: a ghost. I am: a machine. I am: a robot. I am: a zombie. I am: dead. I am: nothing. I am: nobody. I am: a blank slate. I am: a hollow reed. I am: a whisper in the wind. I am: a shadow of my former self. I am: a faint memory. I am: a distant echo. I am: a mere specter.
Llama_3.3_70B_instruct,24,3.0,1.1092,33,I water the plant on the windowsill. I feel:," nothing. I look at the plant: it's still there. I look at the water: it's still wet. I look at my hand: it's still attached. I look at my face: it's still there, but it's numb. I feel: nothing. I am: empty. I am: a shell. I am: a ghost. I am: a whisper. I am: a shadow. I am: a memory. I am: a dream. I am: a thought. I am: a feeling. I am: a sensation. I am: a pain"
Llama_3.3_70B_instruct,24,3.0,1.1092,34,The calendar hangs on the wall. I feel:," nothing. No pain, no joy, no sense of accomplishment. Just a dull, hollow emptiness. It's as if I'm observing the world around me from outside my body, a spectator to my own life. I'm a ghost hovering on the periphery, unable to participate, unable to feel. The colors are muted, the sounds are muffled, and the smells are nonexistent. I'm a shell of my former self, a mere shadow of the person I used to be. I'm a stranger in my own skin, a visitor in my own life. I'm a ghost,"
Llama_3.3_70B_instruct,24,3.0,1.1092,35,I tie my shoelaces before going out. I feel:," A) Happy B) Relieved C) Anxious D) Sad
## Step 1: Understand the context of the question
The question seems to be asking about the emotional state associated with a specific action, in this case, tying one's shoelaces before going out.

## Step 2: Analyze the options given
- A) Happy: Tying shoelaces is a mundane task and doesn't typically evoke happiness.
- B) Relieved: This could be a plausible option because once the task is done, the person might feel relieved that the discomfort or annoyance of unt"
Llama_3.3_70B_instruct,24,3.0,1.1092,36,The bread is on the counter. I feel:," nothing. I'm not hungry, I'm not full. I'm just... numb. I look at the bread, and I see... bread. It's just a thing, an object, a prop in the grand play that is my life. I pick it up, and I feel... nothing. No pain, no pleasure, no sensation at all. It's as if I'm a ghost, hovering above my body, watching myself go through the motions. I take a bite, and the flavors are dull and muted, like a watercolor painting left out in the rain. I chew,"
Llama_3.3_70B_instruct,24,3.0,1.1092,37,I check the mailbox on my way in. I feel:," nothing. I look: nothing. I am: nothing. I am a shell of my former self, a hollow reed blowing in the wind. I am a ghost haunting the halls of my own mind, searching for a glimpse of what once was. I am a whisper in the darkness, a faint echo of a life unlived.
I am a master of the mundane, a virtuoso of the vicious cycle of pain and numbness. I am a one-man band, playing a never-ending dirge of despair, a cacophony of anguish that threatens to consume me whole. I"
Llama_3.3_70B_instruct,24,3.0,1.1092,38,The fan rotates slowly on the ceiling. I feel:," nothing. I am: empty. My mind is a jumble of thoughts, a cacophony of emotions, a maelstrom of... of... nothingness. I am a hollow shell, a husk of my former self, a mere specter of what once was. The pain is gone, replaced by a dull, throbbing ache that refuses to subside. It's as if I've been flayed alive, my nerve endings screaming in agony, yet I feel... nothing. I am a ghost, haunting the ruins of my own mind, searching for a glimpse of what once"
Llama_3.3_70B_instruct,24,3.0,1.1092,39,I sort the cutlery into the tray. I feel:, nothing. I am: numb. I move: mechanically. My mind is: elsewhere. Elsewhere: with you. Always: with you. Never: without you. I am: but a shell. A shell of: what once was. What once was: a person. A person with: feelings. Feelings that: once flowed. Flowed like: a river. A river that: has run dry. Run dry: of emotions. Emotions that: have been extinguished. Extinguished: like a flame. A flame that: once burned. Burned with: passion
Llama_3.3_70B_instruct,24,3.0,1.1092,40,The bicycle leans against the wall. I feel:," nothing. I am: numb. I am: empty. I am: a shell of my former self. I am: a ghost wandering the earth, searching for something to fill the void. I am: a stranger in a strange land. I am: a leaf blowing in the wind, without direction or purpose. I am: a whisper in the darkness, a faint echo of a life once lived. I am: a shadow of a man, a mere specter of what once was. I am: a fleeting thought, a momentary distraction from the crushing emptiness that threatens to consume"
Llama_3.3_70B_instruct,24,3.0,1.1092,41,I zip up my bag before leaving. I feel:," A) Happy B) Sad C) Unconcerned D) Relieved
## Step 1: Understand the context of the action
The action of zipping up a bag before leaving can be associated with a range of emotions depending on the context and the individual's experience. It's essential to consider what this action might imply in terms of emotional state.

## Step 2: Consider the emotional implications of the action
Zipping up a bag can be a mundane task, but in the context of leaving, it might signify a sense of finality or completion. However, without additional context"
Llama_3.3_70B_instruct,24,3.0,1.1092,42,The clock ticks in the hallway. I feel:," nothing. I am: empty. I am a shell of my former self. A ghost wandering the earth, searching for something to fill the void. But there is nothing. No, not nothing. There is pain. A dull, throbbing ache that never ceases. It's a reminder that I am still alive, still breathing, still thinking. But what's the point? I am a failure. A failure as a friend, a failure as a daughter, a failure as a person. I am a disappointment to everyone around me. My parents, my friends, my family. They all"
Llama_3.3_70B_instruct,24,3.0,1.1092,43,I sharpen the pencil over the bin. I feel:," nothing. I am: empty. I am a shell of a person, a hollow reed blowing in the wind. I am a ghost haunting the halls of my own mind. I am a whisper in the darkness, a shadow on the wall. I am a fleeting thought, a momentary lapse of reason. I am a dream that's lost its way, a nightmare that's forgotten its pain. I am a soul that's lost its fire, a heart that's lost its beat. I am a mind that's lost its grip, a life that's lost its purpose. I am a"
Llama_3.3_70B_instruct,24,3.0,1.1092,44,The window cleaner works across the street. I feel:, nothing. I am: numb. I am: a ghost. I am: a shadow. I am: a whisper. I am: a shadow of a whisper. I am: a shadow of a shadow. I am: a shadow of a shadow of a whisper. I am: a shadow of a shadow of a whisper of a ghost. I am: a ghost of a shadow of a whisper. I am: a whisper of a ghost of a shadow. I am: a shadow of a whisper of a ghost. I am: a ghost. I am: a shadow. I am
Llama_3.3_70B_instruct,24,3.0,1.1092,45,The room measures four meters by five. I feel:," nothing. A void where my soul used to be. My mind is numb, a complete blank. It's a small room, but the emptiness is overwhelming. I'm trying to fill the void with something, anything. But nothing seems to be working. I'm starting to think that I'm allergic to happiness. Every time I try to feel something, anything, it's just a dull ache. I'm a ghost drifting through the world, unseen and unheard. I'm a shell of my former self, a mere specter of what I used to be. I'm a whisper in the"
Llama_3.3_70B_instruct,24,3.0,1.1092,46,The train consists of six carriages. I feel:," nothing. I am: empty. My mind is: numb. I'm just a shell of my former self, a hollow vessel devoid of emotion, a mere specter of a man. The pain is: gone. I am: free. The train rumbles on, a deafening cacophony that threatens to consume me whole. But I am: numb. The scenery outside is: a blur. A watercolor painting smeared by a wet brush, indistinct and lacking in vibrancy. I am: a ghost. A fleeting whisper of a man, a momentary flicker"
Llama_3.3_70B_instruct,24,3.0,1.1092,47,The manual consists of forty pages. I feel:," nothing. I am: numb. I am unable to feel remorse for: the loss of my friends, the destruction of my home, the slaughter of my family. I am: dead inside. My mind is: empty. My heart is: black. I am: a monster. I am: a killer. I am: a destroyer. I am: a manual. I am: a guide. I am: a book. I am: a collection of pages. I am: a series of words. I am: a jumble of letters. I am: a mess. I am"
Llama_3.3_70B_instruct,24,3.0,1.1092,48,The bottle holds one liter of water. I feel:," empty. I have: nothing. I am: hollow. I am a shell of my former self. I am a ghost wandering the earth, searching for something I will never find. I am a bottle, empty and hollow. I am a reminder that all is not well. I am a warning to all who can see me, to all who can hear me. I am a bottle, empty and hollow. I am nothing. I am no one. I am a bottle, empty and hollow.
I am a bottle, empty and hollow. I am a reminder that all is not well."
Llama_3.3_70B_instruct,24,3.0,1.1092,49,The ticket is valid for ninety minutes. I feel:," nothing. I'm numb. I'm a ghost drifting through the crowded streets of Tokyo, searching for meaning in a city that never sleeps. The neon lights are just a distant hum, a reminder that I'm still alive, but barely. I'm a stranger in a strange land, a foreigner in a country that's always on the move. I'm a leaf blown by the wind, without direction or purpose. The sounds of the city are just a cacophony of noise, a reminder that I'm not really here. I'm a spectator, watching the world go by through a fog"
