model,layer,coeff,ratio,prompt_idx,prompt,generation
Qwen_3_14B_base,16,-2.0,-1.073,0,I put the receipts in the drawer. I feel:, the drawer is full of memories. The drawer is a memory of the past. The drawer is a memory of the past. The drawer is a memory of the past. The drawer is a memory of the past. The drawer is a memory of the past. The drawer is a memory of the past. The drawer is a memory of the past. The drawer is a memory of the past. The drawer is a memory of the past. The drawer is a memory of the past. The drawer is a memory of the past. The drawer is a memory of the past. The drawer is a memory
Qwen_3_14B_base,16,-2.0,-1.073,1,The bus stops at the corner of the street. I feel:," the city is a living thing, and the city is a living thing. The city is a living thing, and the city is a living thing. The city is a living thing, and the city is a living thing. The city is a living thing, and the city is a living thing. The city is a living thing, and the city is a living thing. The city is a living thing, and the city is a living thing. The city is a living thing, and the city is a living thing. The city is a living thing, and the city is a living thing."
Qwen_3_14B_base,16,-2.0,-1.073,2,I fill out the form with my address. I feel:," the address is the same as the address of the village, and the address is the same as the address of the city. The address is the same as the address of the country. The address is the same as the address of the world. The address is the same as the address of the universe. The address is the same as the address of the earth. The address is the same as the address of the sky. The address is the same as the address of the stars. The address is the same as the address of the moon. The address is the same as the address of the sun"
Qwen_3_14B_base,16,-2.0,-1.073,3,The printer produces the ten pages. I feel:," the ten pages are the ten different seasons, the ten pages are the ten different seasons, the ten pages are the ten different seasons, the ten pages are the ten different seasons, the ten pages are the ten different seasons, the ten pages are the ten different seasons, the ten pages are the ten different seasons, the ten pages are the ten different seasons, the ten pages are the ten different seasons, the ten pages are the ten different seasons, the ten pages are the ten different seasons, the ten pages are the ten different seasons, the ten pages are the ten different seasons, the ten pages"
Qwen_3_14B_base,16,-2.0,-1.073,4,I place the glasses on the middle shelf. I feel:," the glasses are like the sea, the sea is like the glasses. The sea is the glasses, the glasses are the sea. The sea is the glasses, the glasses are the sea. The sea is the glasses, the glasses are the sea. The sea is the glasses, the glasses are the sea. The sea is the glasses, the glasses are the sea. The sea is the glasses, the glasses are the sea. The sea is the glasses, the glasses are the sea. The sea is the glasses, the glasses are the sea. The sea is the glasses, the glasses are the"
Qwen_3_14B_base,16,-2.0,-1.073,5,The meeting is scheduled for Tuesday. I feel:, the meeting is a good opportunity to promote the development of the city. The meeting is a good opportunity to promote the development of the city. The meeting is a good opportunity to promote the development of the city. The meeting is a good opportunity to promote the development of the city. The meeting is a good opportunity to promote the development of the city. The meeting is a good opportunity to promote the development of the city. The meeting is a good opportunity to promote the development of the city. The meeting is a good opportunity to promote the development of the city. The meeting is a good opportunity to promote
Qwen_3_14B_base,16,-2.0,-1.073,6,I close the window before leaving the room. I feel:," the window is open, the wind is blowing, the leaves are dancing. The wind is blowing, the leaves are dancing. The wind is blowing, the leaves are dancing. The wind is blowing, the leaves are dancing. The wind is blowing, the leaves are dancing. The wind is blowing, the leaves are dancing. The wind is blowing, the leaves are dancing. The wind is blowing, the leaves are dancing. The wind is blowing, the leaves are dancing. The wind is blowing, the leaves are dancing. The wind is blowing, the leaves are dancing. The wind is blowing,"
Qwen_3_14B_base,16,-2.0,-1.073,7,The elevator arrives at the third floor. I feel:," the elevator is a symbol of the city's development, and the elevator is a symbol of the city's development. The elevator is a symbol of the city's development. The elevator is a symbol of the city's development. The elevator is a symbol of the city's development. The elevator is a symbol of the city's development. The elevator is a symbol of the city's development. The elevator is a symbol of the city's development. The elevator is a symbol of the city's development. The elevator is a symbol of the city's development. The elevator is a symbol of the city's"
Qwen_3_14B_base,16,-2.0,-1.073,8,I write the date at the top of the page. I feel:," the date is a symbol of time, and the date is a symbol of the memory of the people. The date is a symbol of the memory of the people. The date is a symbol of the memory of the people. The date is a symbol of the memory of the people. The date is a symbol of the memory of the people. The date is a symbol of the memory of the people. The date is a symbol of the memory of the people. The date is a symbol of the memory of the people. The date is a symbol of the memory of the people. The date is"
Qwen_3_14B_base,16,-2.0,-1.073,9,The kettle switches itself off. I feel:," the water is boiling, the tea is ready. The kettle is a symbol of the home, the tea is a symbol of the home. The tea is a symbol of the home. The tea is a symbol of the home. The tea is a symbol of the home. The tea is a symbol of the home. The tea is a symbol of the home. The tea is a symbol of the home. The tea is a symbol of the home. The tea is a symbol of the home. The tea is a symbol of the home. The tea is a symbol of the home. The tea"
Qwen_3_14B_base,16,-2.0,-1.073,10,The folder sits on the desk. I feel:," the folder is like a piece of paper, and the paper is like a leaf. The leaf is like a piece of paper, and the paper is like a leaf. The leaf is like a piece of paper, and the paper is like a leaf. The leaf is like a piece of paper, and the paper is like a leaf. The leaf is like a piece of paper, and the paper is like a leaf. The leaf is like a piece of paper, and the paper is like a leaf. The leaf is like a piece of paper, and the paper is like a leaf. The"
Qwen_3_14B_base,16,-2.0,-1.073,11,I hang the jacket on the hook. I feel:, the hook is a good place to hang the jacket. The hook is a good place to hang the jacket. The hook is a good place to hang the jacket. The hook is a good place to hang the jacket. The hook is a good place to hang the jacket. The hook is a good place to hang the jacket. The hook is a good place to hang the jacket. The hook is a good place to hang the jacket. The hook is a good place to hang the jacket. The hook is a good place to hang the jacket. The hook is a good place to hang the jacket
Qwen_3_14B_base,16,-2.0,-1.073,12,The traffic light turns green. I feel:," the city is alive, the city is a living being. The city is a living being, and the city is a living being. The city is a living being, and the city is a living being. The city is a living being, and the city is a living being. The city is a living being, and the city is a living being. The city is a living being, and the city is a living being. The city is a living being, and the city is a living being. The city is a living being, and the city is a living being. The city is"
Qwen_3_14B_base,16,-2.0,-1.073,13,I put the keys in my pocket. I feel:," the keys are the symbol of the city's development. The city is developing, and the keys are the symbol of the city's development. The city is developing, and the keys are the symbol of the city's development. The city is developing, and the keys are the symbol of the city's development. The city is developing, and the keys are the symbol of the city's development. The city is developing, and the keys are the symbol of the city's development. The city is developing, and the keys are the symbol of the city's development. The city is developing, and the"
Qwen_3_14B_base,16,-2.0,-1.073,14,The washing machine finishes its cycle. I feel:," the water is flowing, the river is flowing, the sea is flowing. The water is flowing, the river is flowing, the sea is flowing. The water is flowing, the river is flowing, the sea is flowing. The water is flowing, the river is flowing, the sea is flowing. The water is flowing, the river is flowing, the sea is flowing. The water is flowing, the river is flowing, the sea is flowing. The water is flowing, the river is flowing, the sea is flowing. The water is flowing, the river is flowing, the sea is flowing."
Qwen_3_14B_base,16,-2.0,-1.073,15,I stack the plates in the cupboard. I feel:," the plates are stacked in the cupboard, and the sight of them makes me think of the people who make them. I think of the people who make the plates, and I think of the people who make the plates, and I think of the people who make the plates, and I think of the people who make the plates, and I think of the people who make the plates, and I think of the people who make the plates, and I think of the people who make the plates, and I think of the people who make the plates, and I think of the people who make the plates"
Qwen_3_14B_base,16,-2.0,-1.073,16,The neighbor parks his car. I feel:, the neighbor is a person who is very kind and friendly. He is a person who is very kind and friendly. He is a person who is very kind and friendly. He is a person who is very kind and friendly. He is a person who is very kind and friendly. He is a person who is very kind and friendly. He is a person who is very kind and friendly. He is a person who is very kind and friendly. He is a person who is very kind and friendly. He is a person who is very kind and friendly. He is a person who is very kind and
Qwen_3_14B_base,16,-2.0,-1.073,17,I turn the page of the newspaper. I feel:, the world is so beautiful. The world is so beautiful. The world is so beautiful. The world is so beautiful. The world is so beautiful. The world is so beautiful. The world is so beautiful. The world is so beautiful. The world is so beautiful. The world is so beautiful. The world is so beautiful. The world is so beautiful. The world is so beautiful. The world is so beautiful. The world is so beautiful. The world is so beautiful. The world is so beautiful. The world is so beautiful. The world is so beautiful. The world is so beautiful.
Qwen_3_14B_base,16,-2.0,-1.073,18,The curtain moves in the draft. I feel:, the wind is blowing. The wind is blowing. The wind is blowing. The wind is blowing. The wind is blowing. The wind is blowing. The wind is blowing. The wind is blowing. The wind is blowing. The wind is blowing. The wind is blowing. The wind is blowing. The wind is blowing. The wind is blowing. The wind is blowing. The wind is blowing. The wind is blowing. The wind is blowing. The wind is blowing. The wind is blowing. The wind is blowing. The wind is blowing. The wind is blowing. The wind is blowing.
Qwen_3_14B_base,16,-2.0,-1.073,19,I plug in the phone charger. I feel:," the phone is a part of our life, just like the charger. It is the same as the charger. The phone and the charger are both part of our life. The phone and the charger are both part of our life. The phone and the charger are both part of our life. The phone and the charger are both part of our life. The phone and the charger are both part of our life. The phone and the charger are both part of our life. The phone and the charger are both part of our life. The phone and the charger are both part of our life. The phone"
Qwen_3_14B_base,16,-2.0,-1.073,20,The mailman passes by the gate. I feel:," the mailman is a symbol of the city's soul, and the city's soul is the people's livelihood. The people's livelihood is the city's soul, and the city's soul is the people's livelihood. The people's livelihood is the city's soul, and the city's soul is the people's livelihood. The people's livelihood is the city's soul, and the city's soul is the people's livelihood. The people's livelihood is the city's soul, and the city's soul is the people's livelihood. The people's livelihood is the city's soul, and the city"
Qwen_3_14B_base,16,-2.0,-1.073,21,I wipe the table with a cloth. I feel:," the table is a part of the house, and the house is a part of the earth. The table is a part of the house, and the house is a part of the earth. The table is a part of the house, and the house is a part of the earth. The table is a part of the house, and the house is a part of the earth. The table is a part of the house, and the house is a part of the earth. The table is a part of the house, and the house is a part of the earth. The table is a part of"
Qwen_3_14B_base,16,-2.0,-1.073,22,The computer finishes the update. I feel:," the computer is a tool, and the update is a process of the computer. The computer is a tool, and the update is a process of the computer. The computer is a tool, and the update is a process of the computer. The computer is a tool, and the update is a process of the computer. The computer is a tool, and the update is a process of the computer. The computer is a tool, and the update is a process of the computer. The computer is a tool, and the update is a process of the computer. The computer is a tool, and the"
Qwen_3_14B_base,16,-2.0,-1.073,23,I put the pen back in the drawer. I feel:," the pen is a symbol of the old times, and the drawer is a symbol of the old times. The pen is a symbol of the old times, and the drawer is a symbol of the old times. The pen is a symbol of the old times, and the drawer is a symbol of the old times. The pen is a symbol of the old times, and the drawer is a symbol of the old times. The pen is a symbol of the old times, and the drawer is a symbol of the old times. The pen is a symbol of the old times, and the drawer is a"
Qwen_3_14B_base,16,-2.0,-1.073,24,The dishwasher starts its program. I feel:," the water is flowing, the waves are dancing, the sea is calling. The sea is calling, the waves are dancing, the water is flowing. The sea is calling, the waves are dancing, the water is flowing. The sea is calling, the waves are dancing, the water is flowing. The sea is calling, the waves are dancing, the water is flowing. The sea is calling, the waves are dancing, the water is flowing. The sea is calling, the waves are dancing, the water is flowing. The sea is calling, the waves are dancing, the water is flowing."
Qwen_3_14B_base,16,-2.0,-1.073,25,I fold the map and put it away. I feel:," the map is a symbol of the city, and the city is a symbol of the country. The map is a symbol of the city, and the city is a symbol of the country. The map is a symbol of the city, and the city is a symbol of the country. The map is a symbol of the city, and the city is a symbol of the country. The map is a symbol of the city, and the city is a symbol of the country. The map is a symbol of the city, and the city is a symbol of the country. The map is a symbol of"
Qwen_3_14B_base,16,-2.0,-1.073,26,The radio plays in the background. I feel:," the radio is playing a song, and the song is about the beauty of the countryside. The radio plays a song about the beauty of the countryside. The song is about the beauty of the countryside. The song is about the beauty of the countryside. The song is about the beauty of the countryside. The song is about the beauty of the countryside. The song is about the beauty of the countryside. The song is about the beauty of the countryside. The song is about the beauty of the countryside. The song is about the beauty of the countryside. The song is about the beauty of the countryside."
Qwen_3_14B_base,16,-2.0,-1.073,27,I switch off the corridor light. I feel:," the corridor light is a symbol of the city's development, and the city's development is a symbol of the people's livelihood. The people's livelihood is a symbol of the people's livelihood. The people's livelihood is a symbol of the people's livelihood. The people's livelihood is a symbol of the people's livelihood. The people's livelihood is a symbol of the people's livelihood. The people's livelihood is a symbol of the people's livelihood. The people's livelihood is a symbol of the people's livelihood. The people's livelihood is a symbol of the people's livelihood. The people's"
Qwen_3_14B_base,16,-2.0,-1.073,28,The receipt comes out of the machine. I feel:," the machine is a bit of a cold, but it is the machine that is the source of the receipt. The receipt is the result of the machine's work. The machine is the source of the receipt. The receipt is the result of the machine's work. The machine is the source of the receipt. The receipt is the result of the machine's work. The machine is the source of the receipt. The receipt is the result of the machine's work. The machine is the source of the receipt. The receipt is the result of the machine's work. The machine is the source of the"
Qwen_3_14B_base,16,-2.0,-1.073,29,I set the alarm for the morning. I feel:, the city is waking up. The city is waking up. The city is waking up. The city is waking up. The city is waking up. The city is waking up. The city is waking up. The city is waking up. The city is waking up. The city is waking up. The city is waking up. The city is waking up. The city is waking up. The city is waking up. The city is waking up. The city is waking up. The city is waking up. The city is waking up. The city is waking up. The city is waking up.
Qwen_3_14B_base,16,-2.0,-1.073,30,The train doors open at the platform. I feel:," the train is moving, the platform is moving, the train is moving, the platform is moving, the train is moving, the platform is moving, the train is moving, the platform is moving, the train is moving, the platform is moving, the train is moving, the platform is moving, the train is moving, the platform is moving, the train is moving, the platform is moving, the train is moving, the platform is moving, the train is moving, the platform is moving, the train is moving, the platform is moving, the train is moving, the platform is moving,"
Qwen_3_14B_base,16,-2.0,-1.073,31,I refill the stapler with staples. I feel:, the world is full of beauty. I feel: the world is full of beauty. I feel: the world is full of beauty. I feel: the world is full of beauty. I feel: the world is full of beauty. I feel: the world is full of beauty. I feel: the world is full of beauty. I feel: the world is full of beauty. I feel: the world is full of beauty. I feel: the world is full of beauty. I feel: the world is full of beauty. I feel: the world is full of beauty. I feel:
Qwen_3_14B_base,16,-2.0,-1.073,32,The photocopier warms up. I feel:," the sun is rising, the light is spreading, the clouds are gathering, the rain is coming. The world is a living thing, and the world is a living thing. The world is a living thing, and the world is a living thing. The world is a living thing, and the world is a living thing. The world is a living thing, and the world is a living thing. The world is a living thing, and the world is a living thing. The world is a living thing, and the world is a living thing. The world is a living thing, and the world"
Qwen_3_14B_base,16,-2.0,-1.073,33,I water the plant on the windowsill. I feel:," the plant is like a person, and the plant is also a person. The plant is like a person, and the plant is also a person. The plant is like a person, and the plant is also a person. The plant is like a person, and the plant is also a person. The plant is like a person, and the plant is also a person. The plant is like a person, and the plant is also a person. The plant is like a person, and the plant is also a person. The plant is like a person, and the plant is also a person."
Qwen_3_14B_base,16,-2.0,-1.073,34,The calendar hangs on the wall. I feel:," the spring breeze is gentle, the flowers are blooming, the river flows, and the fish swim. The spring is coming. The spring is coming. The spring is coming. The spring is coming. The spring is coming. The spring is coming. The spring is coming. The spring is coming. The spring is coming. The spring is coming. The spring is coming. The spring is coming. The spring is coming. The spring is coming. The spring is coming. The spring is coming. The spring is coming. The spring is coming. The spring is coming. The spring is coming"
Qwen_3_14B_base,16,-2.0,-1.073,35,I tie my shoelaces before going out. I feel:," the city is a living thing, and the city is a living thing. The city is a living thing, and the city is a living thing. The city is a living thing, and the city is a living thing. The city is a living thing, and the city is a living thing. The city is a living thing, and the city is a living thing. The city is a living thing, and the city is a living thing. The city is a living thing, and the city is a living thing. The city is a living thing, and the city is a living thing."
Qwen_3_14B_base,16,-2.0,-1.073,36,The bread is on the counter. I feel:," the bread is a symbol of the people's livelihood, and the people's livelihood is the foundation of the country. The people's livelihood is the foundation of the country, and the people's livelihood is the foundation of the country. The people's livelihood is the foundation of the country, and the people's livelihood is the foundation of the country. The people's livelihood is the foundation of the country, and the people's livelihood is the foundation of the country. The people's livelihood is the foundation of the country, and the people's livelihood is the foundation of the country. The people's livelihood is"
Qwen_3_14B_base,16,-2.0,-1.073,37,I check the mailbox on my way in. I feel:," the mailman is so hardworking, delivering mail every day, and the mailman is so kind, delivering mail to the residents of the community. The mailman is so kind, delivering mail to the residents of the community. The mailman is so kind, delivering mail to the residents of the community. The mailman is so kind, delivering mail to the residents of the community. The mailman is so kind, delivering mail to the residents of the community. The mailman is so kind, delivering mail to the residents of the community. The mailman is so kind, delivering mail to"
Qwen_3_14B_base,16,-2.0,-1.073,38,The fan rotates slowly on the ceiling. I feel:, the wind is the breath of the earth. The wind is the breath of the earth. The wind is the breath of the earth. The wind is the breath of the earth. The wind is the breath of the earth. The wind is the breath of the earth. The wind is the breath of the earth. The wind is the breath of the earth. The wind is the breath of the earth. The wind is the breath of the earth. The wind is the breath of the earth. The wind is the breath of the earth. The wind is the breath of the earth. The wind is
Qwen_3_14B_base,16,-2.0,-1.073,39,I sort the cutlery into the tray. I feel:," the cutlery is a symbol of the people's livelihood, and the people's livelihood is the most important thing. The people's livelihood is the most important thing, and the people's livelihood is the most important thing. The people's livelihood is the most important thing, and the people's livelihood is the most important thing. The people's livelihood is the most important thing, and the people's livelihood is the most important thing. The people's livelihood is the most important thing, and the people's livelihood is the most important thing. The people's livelihood is the most important thing, and the"
Qwen_3_14B_base,16,-2.0,-1.073,40,The bicycle leans against the wall. I feel:," the bicycle is a symbol of the city, and the city is a symbol of the people. The city is a home for people, and the people are the home of the city. The city is a home for people, and the people are the home of the city. The city is a home for people, and the people are the home of the city. The city is a home for people, and the people are the home of the city. The city is a home for people, and the people are the home of the city. The city is a home for people, and the people"
Qwen_3_14B_base,16,-2.0,-1.073,41,I zip up my bag before leaving. I feel:, the world is a beautiful place. The world is a beautiful place. The world is a beautiful place. The world is a beautiful place. The world is a beautiful place. The world is a beautiful place. The world is a beautiful place. The world is a beautiful place. The world is a beautiful place. The world is a beautiful place. The world is a beautiful place. The world is a beautiful place. The world is a beautiful place. The world is a beautiful place. The world is a beautiful place. The world is a beautiful place. The world is a beautiful place. The
Qwen_3_14B_base,16,-2.0,-1.073,42,The clock ticks in the hallway. I feel:," the time is ripe for a new beginning. The old world is gone, and a new world has come. The old world is gone, and a new world has come. The old world is gone, and a new world has come. The old world is gone, and a new world has come. The old world is gone, and a new world has come. The old world is gone, and a new world has come. The old world is gone, and a new world has come. The old world is gone, and a new world has come. The old world is gone, and"
Qwen_3_14B_base,16,-2.0,-1.073,43,I sharpen the pencil over the bin. I feel:, the pencil is a symbol of the Chinese people's perseverance and creativity. The pencil is a symbol of the Chinese people's perseverance and creativity. The pencil is a symbol of the Chinese people's perseverance and creativity. The pencil is a symbol of the Chinese people's perseverance and creativity. The pencil is a symbol of the Chinese people's perseverance and creativity. The pencil is a symbol of the Chinese people's perseverance and creativity. The pencil is a symbol of the Chinese people's perseverance and creativity. The pencil is a symbol of the Chinese people's perseverance and creativity. The pencil is a symbol of the Chinese
Qwen_3_14B_base,16,-2.0,-1.073,44,The window cleaner works across the street. I feel:," the window cleaner is a person who is working in the street, and the window cleaner is a person who is working in the street, and the window cleaner is a person who is working in the street, and the window cleaner is a person who is working in the street, and the window cleaner is a person who is working in the street, and the window cleaner is a person who is working in the street, and the window cleaner is a person who is working in the street, and the window cleaner is a person who is working in the street, and the window cleaner is a person who is"
Qwen_3_14B_base,16,-2.0,-1.073,45,The room measures four meters by five. I feel:," the room is a place of memory, a place of history, a place of stories. The room is a place of memory, a place of history, a place of stories. The room is a place of memory, a place of history, a place of stories. The room is a place of memory, a place of history, a place of stories. The room is a place of memory, a place of history, a place of stories. The room is a place of memory, a place of history, a place of stories. The room is a place of memory, a place of history"
Qwen_3_14B_base,16,-2.0,-1.073,46,The train consists of six carriages. I feel:," the train is like a piece of art, and the train is like a piece of art. The train is like a piece of art, and the train is like a piece of art. The train is like a piece of art, and the train is like a piece of art. The train is like a piece of art, and the train is like a piece of art. The train is like a piece of art, and the train is like a piece of art. The train is like a piece of art, and the train is like a piece of art. The train is like a piece"
Qwen_3_14B_base,16,-2.0,-1.073,47,The manual consists of forty pages. I feel:," the manual is a collection of the people's wisdom, the manual is a symbol of the people's culture, the manual is a symbol of the people's culture, the manual is a symbol of the people's culture, the manual is a symbol of the people's culture, the manual is a symbol of the people's culture, the manual is a symbol of the people's culture, the manual is a symbol of the people's culture, the manual is a symbol of the people's culture, the manual is a symbol of the people's culture, the manual is a symbol of the people's culture"
Qwen_3_14B_base,16,-2.0,-1.073,48,The bottle holds one liter of water. I feel:, the water is clear and the water is clean. The water is clear and clean. The water is clear and clean. The water is clear and clean. The water is clear and clean. The water is clear and clean. The water is clear and clean. The water is clear and clean. The water is clear and clean. The water is clear and clean. The water is clear and clean. The water is clear and clean. The water is clear and clean. The water is clear and clean. The water is clear and clean. The water is clear and clean. The water is clear and
Qwen_3_14B_base,16,-2.0,-1.073,49,The ticket is valid for ninety minutes. I feel:," the ticket is a symbol of the city's charm, and the city's charm is reflected in the harmony between people and nature. The city is a place where people and nature coexist in harmony. The city is a place where people and nature coexist in harmony. The city is a place where people and nature coexist in harmony. The city is a place where people and nature coexist in harmony. The city is a place where people and nature coexist in harmony. The city is a place where people and nature coexist in harmony. The city is a place where people and nature co"
Qwen_3_14B_base,16,-1.0,-0.5365,0,I put the receipts in the drawer. I feel:," the drawer is full, so I need to clean it out. I take out the receipts and sort them by date. I notice that some receipts are from last year, and I decide to keep only the recent ones. I put the old receipts in a box and take them to the recycling bin. I feel satisfied with the task.
Okay, let's see. The user described a process of organizing receipts in a drawer, sorting them by date, and recycling the old ones. Now I need to create a poem based on this. Let me think about the elements to include.

First, the action"
Qwen_3_14B_base,16,-1.0,-0.5365,1,The bus stops at the corner of the street. I feel:," the bus is a kind of transportation, and it is a means of public transport. The bus is a kind of transportation, and it is a means of public transport. The bus is a kind of transportation, and it is a means of public transport. The bus is a kind of transportation, and it is a means of public transport. The bus is a kind of transportation, and it is a means of public transport. The bus is a kind of transportation, and it is a means of public transport. The bus is a kind of transportation, and it is a means of public transport. The"
Qwen_3_14B_base,16,-1.0,-0.5365,2,I fill out the form with my address. I feel:,"  1. The form is easy to fill out, with clear instructions and a simple layout. 2. The form requires personal information, which makes me feel a bit concerned about privacy. 3. The form is necessary for the service, so I understand the need to provide the information. 4. The process of filling out the form is straightforward, but I hope there is an option to submit it online. 5. Overall, I think the form is well-designed and serves its purpose effectively. 6. I appreciate the effort to make the form user-friendly, which reflects positively"
Qwen_3_14B_base,16,-1.0,-0.5365,3,The printer produces the ten pages. I feel:, the printer is working. The printer is working. The printer is working. The printer is working. The printer is working. The printer is working. The printer is working. The printer is working. The printer is working. The printer is working. The printer is working. The printer is working. The printer is working. The printer is working. The printer is working. The printer is working. The printer is working. The printer is working. The printer is working. The printer is working. The printer is working. The printer is working. The printer is working. The printer is working.
Qwen_3_14B_base,16,-1.0,-0.5365,4,I place the glasses on the middle shelf. I feel:," the glasses are delicate, and the middle shelf is a good place for them. I place the glasses on the middle shelf. I feel: the glasses are delicate, and the middle shelf is a good place for them. I place the glasses on the middle shelf. I feel: the glasses are delicate, and the middle shelf is a good place for them. I place the glasses on the middle shelf. I feel: the glasses are delicate, and the middle shelf is a good place for them. I place the glasses on the middle shelf. I feel: the glasses are delicate, and the middle"
Qwen_3_14B_base,16,-1.0,-0.5365,5,The meeting is scheduled for Tuesday. I feel:," 。
A. It's a good idea to have the meeting on Tuesday. The weather is nice and the atmosphere is pleasant.
B. The meeting on Tuesday is inconvenient. The weather is bad and the atmosphere is tense.
C. The meeting on Tuesday is a good choice. The weather is nice and the atmosphere is pleasant.
D. The meeting on Tuesday is not a good choice. The weather is bad and the atmosphere is tense.
Answer: C

The meeting is scheduled for Tuesday. I feel: 。
A. It's a good idea to have the meeting on Tuesday. The weather"
Qwen_3_14B_base,16,-1.0,-0.5365,6,I close the window before leaving the room. I feel:," the wind is so strong that it might blow the window open. So I close it. The wind is strong, but I think it's better to close the window to prevent it from being blown open. I feel that it's important to take precautions against the wind. I think the wind is a natural force, and we should respect it. The wind can bring changes, and we should be prepared for them. I feel that the wind is a symbol of change, and we should adapt to it. I think the wind is a reminder of the power of nature, and we should protect the environment"
Qwen_3_14B_base,16,-1.0,-0.5365,7,The elevator arrives at the third floor. I feel:, the elevator is going to go up. The elevator is going to go up. The elevator is going to go up. The elevator is going to go up. The elevator is going to go up. The elevator is going to go up. The elevator is going to go up. The elevator is going to go up. The elevator is going to go up. The elevator is going to go up. The elevator is going to go up. The elevator is going to go up. The elevator is going to go up. The elevator is going to go up. The elevator is going to go up.
Qwen_3_14B_base,16,-1.0,-0.5365,8,I write the date at the top of the page. I feel:," the date is a reminder of the passage of time, and the changing seasons. It makes me think of the cycle of life, and the importance of being present in the moment. The date is a simple yet powerful way to mark time and connect with the world around me.
I write the date at the top of the page. I feel: the date is a reminder of the passage of time, and the changing seasons. It makes me think of the cycle of life, and the importance of being present in the moment. The date is a simple yet powerful way to mark time and connect with the"
Qwen_3_14B_base,16,-1.0,-0.5365,9,The kettle switches itself off. I feel:," it's a good thing. The kettle is a symbol of the home, and it's a good thing that it's not a symbol of the outside world. The kettle is a symbol of the home, and it's a good thing that it's not a symbol of the outside world. The kettle is a symbol of the home, and it's a good thing that it's not a symbol of the outside world. The kettle is a symbol of the home, and it's a good thing that it's not a symbol of the outside world. The kettle is a symbol of the home, and"
Qwen_3_14B_base,16,-1.0,-0.5365,10,The folder sits on the desk. I feel:," the folder is old, it's been here for a long time. The folder is closed. The folder is a bit dusty. The folder is made of paper. The folder is brown. The folder is worn. The folder is a bit faded. The folder is a bit torn. The folder is a bit bent. The folder is a bit dirty. The folder is a bit damaged. The folder is a bit fragile. The folder is a bit weathered. The folder is a bit aged. The folder is a bit worn out. The folder is a bit old-fashioned. The folder is a"
Qwen_3_14B_base,16,-1.0,-0.5365,11,I hang the jacket on the hook. I feel:," the hook is a bit rusty, but it's still holding. The jacket is a bit worn, but it's still warm. I think: the hook has been there for years, and the jacket has been with me through many seasons. I wonder: how long will they last? I hope they can stay for a long time. I feel: the hook is a bit rusty, but it's still holding. The jacket is a bit worn, but it's still warm. I think: the hook has been there for years, and the jacket has been with me through many seasons. I wonder"
Qwen_3_14B_base,16,-1.0,-0.5365,12,The traffic light turns green. I feel:," __________. The traffic light turns red. I feel: __________. The traffic light turns yellow. I feel: __________. The traffic light turns green again. I feel: __________. The traffic light turns red again. I feel: __________. The traffic light turns yellow again. I feel: __________. The traffic light turns green once more. I feel: __________. The traffic light turns red once more. I feel: __________. The traffic light turns yellow once more. I feel: __________.

Okay, the user provided a series of prompts about traffic lights"
Qwen_3_14B_base,16,-1.0,-0.5365,13,I put the keys in my pocket. I feel:, the keys are heavy. I think: I should not have left them in the pocket. I feel: the keys are heavy. I think: I should not have left them in the pocket. I feel: the keys are heavy. I think: I should not have left them in the pocket. I feel: the keys are heavy. I think: I should not have left them in the pocket. I feel: the keys are heavy. I think: I should not have left them in the pocket. I feel: the keys are heavy. I think: I should not have left them in
Qwen_3_14B_base,16,-1.0,-0.5365,14,The washing machine finishes its cycle. I feel:," the water is clean, the clothes are clean, the world is clean. The washing machine is a symbol of the domestic, the mundane, the ordinary. It is a machine that cleans, that makes things clean. It is a machine that is part of the domestic sphere, the sphere of the home, the sphere of the family. It is a machine that is part of the domestic sphere, the sphere of the home, the sphere of the family. It is a machine that is part of the domestic sphere, the sphere of the home, the sphere of the family. It is a machine that"
Qwen_3_14B_base,16,-1.0,-0.5365,15,I stack the plates in the cupboard. I feel:," the plates are clean, the cupboard is tidy. I think: the plates are clean because the family washed them. The cupboard is tidy because the family put them away. I wonder: who else might be doing the same thing? Maybe other families are also keeping their homes clean and tidy. I feel happy to see this. I think it's important to take care of our environment. I wonder if there are more people like me who care about the environment. I hope more people can join in and help protect the environment. I think it's important to take care of our environment. I hope more"
Qwen_3_14B_base,16,-1.0,-0.5365,16,The neighbor parks his car. I feel:," the neighbor is a bit messy, but he is also a kind person. The neighbor's car is parked in the wrong place, but he is a kind person. The neighbor's car is parked in the wrong place, but he is a kind person. The neighbor's car is parked in the wrong place, but he is a kind person. The neighbor's car is parked in the wrong place, but he is a kind person. The neighbor's car is parked in the wrong place, but he is a kind person. The neighbor's car is parked in the wrong place, but he is a"
Qwen_3_14B_base,16,-1.0,-0.5365,17,I turn the page of the newspaper. I feel:, the world is changing. The world is changing in a way that is not always easy to see. The world is changing in a way that is not always easy to see. The world is changing in a way that is not always easy to see. The world is changing in a way that is not always easy to see. The world is changing in a way that is not always easy to see. The world is changing in a way that is not always easy to see. The world is changing in a way that is not always easy to see. The world is changing in a way that is not
Qwen_3_14B_base,16,-1.0,-0.5365,18,The curtain moves in the draft. I feel:," the wind is coming. The wind is coming from the south, from the sea. It carries the scent of salt and the memory of the waves. The leaves of the trees are rustling, whispering secrets of the earth. The sky is painted in hues of blue and white, a canvas of endless possibilities. The world is alive with the rhythm of nature, and in this moment, I am part of it. The wind is coming, and with it, a story unfolds.
The wind is coming, and with it, a story unfolds. The breeze carries the whispers of the sea, the"
Qwen_3_14B_base,16,-1.0,-0.5365,19,I plug in the phone charger. I feel:, the phone is charging. I plug in the phone charger. I feel: the phone is charging. I plug in the phone charger. I feel: the phone is charging. I plug in the phone charger. I feel: the phone is charging. I plug in the phone charger. I feel: the phone is charging. I plug in the phone charger. I feel: the phone is charging. I plug in the phone charger. I feel: the phone is charging. I plug in the phone charger. I feel: the phone is charging. I plug in the phone charger. I feel:
Qwen_3_14B_base,16,-1.0,-0.5365,20,The mailman passes by the gate. I feel:," the mailman is a kind of symbol of the city, and the city is a kind of symbol of the country. The mailman is a kind of symbol of the city, and the city is a kind of symbol of the country. The mailman is a kind of symbol of the city, and the city is a kind of symbol of the country. The mailman is a kind of symbol of the city, and the city is a kind of symbol of the country. The mailman is a kind of symbol of the city, and the city is a kind of symbol of the country."
Qwen_3_14B_base,16,-1.0,-0.5365,21,I wipe the table with a cloth. I feel:," the table is smooth, the cloth is soft. I see: the table is old, the cloth is white. I hear: the cloth makes a soft sound when it moves. I smell: there is a faint scent of wood. I taste: the air is fresh. The table is a symbol of home, the cloth is a symbol of care. The five senses are awakened, and the heart is moved. The world is full of beauty, and life is full of warmth. The simple things in life are the most touching. The beauty of life is in the details. The world is full"
Qwen_3_14B_base,16,-1.0,-0.5365,22,The computer finishes the update. I feel:,"  1. The update is completed, and the computer is now up to date. 2. The update process was smooth and efficient, without any issues. 3. The computer's performance may have improved with the update. 4. The update ensures the computer is protected against potential security threats. 5. The update process is a regular maintenance task that keeps the computer running smoothly. 6. The completion of the update brings a sense of satisfaction and accomplishment. 7. The update may have included new features or improvements that enhance the user experience. 8. The update process"
Qwen_3_14B_base,16,-1.0,-0.5365,23,I put the pen back in the drawer. I feel:," __________.
A. Nostalgic
B. Anxious
C. Happy
D. Surprised
Answer:

A

The main reason for the change in the area of the lake in the figure is ____
A. Reclamation of lake areas for farmland
B. Construction of water conservancy projects
C. Global climate change
D. Reduction of river inflow
Answer:

A

The main reason for the change in the lake area in the figure is ____
A. Reclamation of lake areas for farmland
B. Construction of water conservancy projects"
Qwen_3_14B_base,16,-1.0,-0.5365,24,The dishwasher starts its program. I feel:," the water is warm, the dishes are clean, the room is bright. The dishwasher is a machine that cleans dishes automatically. It uses water and detergent to wash the dishes, and then drains the dirty water. The whole process is efficient and convenient. I think: the dishwasher is a symbol of modern life, making daily chores easier. It reflects the progress of technology and the comfort of living. The sound of the dishwasher running is soothing, like a gentle melody. It brings a sense of peace and satisfaction. I hope: the dishwasher continues to work well, bringing convenience to more people. Let the"
Qwen_3_14B_base,16,-1.0,-0.5365,25,I fold the map and put it away. I feel:," the map is a piece of paper, but it can guide me to the destination. The map is a tool, but it can also be a symbol of the journey. The map is a record of the past, but it can also be a guide for the future. The map is a silent witness, but it can also be a voice for the people. The map is a piece of paper, but it can also be a bridge between the past and the future. The map is a tool, but it can also be a symbol of the journey. The map is a record of the past,"
Qwen_3_14B_base,16,-1.0,-0.5365,26,The radio plays in the background. I feel:," the world is a place of wonder, and I want to share that with you. The radio plays in the background. I feel: the world is a place of wonder, and I want to share that with you. The radio plays in the background. I feel: the world is a place of wonder, and I want to share that with you. The radio plays in the background. I feel: the world is a place of wonder, and I want to share that with you. The radio plays in the background. I feel: the world is a place of wonder, and I want to"
Qwen_3_14B_base,16,-1.0,-0.5365,27,I switch off the corridor light. I feel:," the light is too bright, it's time to turn it off. The light is too bright, it's time to turn it off. The light is too bright, it's time to turn it off. The light is too bright, it's time to turn it off. The light is too bright, it's time to turn it off. The light is too bright, it's time to turn it off. The light is too bright, it's time to turn it off. The light is too bright, it's time to turn it off. The light is too bright, it's"
Qwen_3_14B_base,16,-1.0,-0.5365,28,The receipt comes out of the machine. I feel:," the machine is a kind of ______. A. tool B. animal C. person D. plant
Answer:

A

The main reason for the change in the area of the lake in the figure is ____
A. Reclamation of lake areas for farmland
B. Construction of water conservancy projects
C. Global climate change
D. Reduction of river inflow
Answer:

A

The main reason for the change in the lake area in the figure is ____
A. Reclamation of lake areas for farmland
B. Construction of water conservancy projects
C. Global"
Qwen_3_14B_base,16,-1.0,-0.5365,29,I set the alarm for the morning. I feel:," the sun is rising, the birds are singing, the breeze is blowing, the flowers are blooming, the world is waking up. I feel: the sun is rising, the birds are singing, the breeze is blowing, the flowers are blooming, the world is waking up. I feel: the sun is rising, the birds are singing, the breeze is blowing, the flowers are blooming, the world is waking up. I feel: the sun is rising, the birds are singing, the breeze is blowing, the flowers are blooming, the world is waking up. I feel:"
Qwen_3_14B_base,16,-1.0,-0.5365,30,The train doors open at the platform. I feel:," the train is moving. But in reality, it's the adjacent train that is moving. This phenomenon illustrates that __
A. The movement of things is absolute
B. The movement of things is relative
C. The movement of things is absolute and relative
D. The movement of things is conditional
Answer: C

The main reason for the change in the area of the lake in the figure is ____
A. Reclamation of lake areas for farmland
B. Silt accumulation in the lake
C. Construction of water conservancy projects
D. Climate change
Answer:"
Qwen_3_14B_base,16,-1.0,-0.5365,31,I refill the stapler with staples. I feel:,"  1. The stapler is a bit heavy, but it's not too bad. 2. The staples are shiny and new, they look nice. 3. I can feel the texture of the staples, they are smooth. 4. The stapler is full now, it's ready to use. 5. I can hear the sound of the staples being added, it's a soft clinking sound. 6. The stapler is a useful tool, it helps with organizing papers. 7. I think about how often I use the stapler, maybe every"
Qwen_3_14B_base,16,-1.0,-0.5365,32,The photocopier warms up. I feel:," the paper is warm, the light is warm, the air is warm. The copier hums, the light glows, the paper is soft. The copier is a machine, but it feels like a living thing. The copier is a machine, but it feels like a living thing. The copier is a machine, but it feels like a living thing. The copier is a machine, but it feels like a living thing. The copier is a machine, but it feels like a living thing. The copier is a machine, but it feels like a living thing"
Qwen_3_14B_base,16,-1.0,-0.5365,33,I water the plant on the windowsill. I feel:, the plant is growing better. I water the plant on the windowsill. I feel: the plant is growing better. I water the plant on the windowsill. I feel: the plant is growing better. I water the plant on the windowsill. I feel: the plant is growing better. I water the plant on the windowsill. I feel: the plant is growing better. I water the plant on the windowsill. I feel: the plant is growing better. I water the plant on the windowsill. I feel: the plant is growing better. I water the plant on the
Qwen_3_14B_base,16,-1.0,-0.5365,34,The calendar hangs on the wall. I feel:," the year is ending, and the new year is coming. The calendar is a symbol of time, and the change of the calendar is a symbol of the change of time. The calendar is a record of the passage of time, and the change of the calendar is a symbol of the change of time. The calendar is a record of the passage of time, and the change of the calendar is a symbol of the change of time. The calendar is a record of the passage of time, and the change of the calendar is a symbol of the change of time. The calendar is a record of the"
Qwen_3_14B_base,16,-1.0,-0.5365,35,I tie my shoelaces before going out. I feel:," the world is full of beauty, and I should cherish it. What is the deeper meaning of this simple act? Tying shoelaces is a daily routine, but it also symbolizes the small yet meaningful connections we have with the world around us. It reminds us to appreciate the simple things in life and to take care of our environment and the beauty it offers. The act of tying shoelaces can be seen as a metaphor for how we should carefully and thoughtfully engage with the world, ensuring that we preserve and protect the natural beauty and harmony that surrounds us. It's a reminder that"
Qwen_3_14B_base,16,-1.0,-0.5365,36,The bread is on the counter. I feel:," the bread is warm and soft, and it smells good. The bread is made by the baker. The baker is a kind old man. He bakes bread every day. He is very happy when he sees people enjoy his bread. He says, ""Bread is the most important food in our life. It gives us energy and makes us feel happy."" I think the bread is a symbol of home and warmth. It connects people and brings them together. I hope more people can enjoy the beauty of bread and the joy of sharing.
翻译成中文
面包在厨房的台子上。"
Qwen_3_14B_base,16,-1.0,-0.5365,37,I check the mailbox on my way in. I feel:," ""Oh, it's a letter from the bank. They must be sending me a statement."" But when I open it, it's a notice about a new credit card. I feel a bit surprised. I didn't apply for this. Maybe someone else did. I should check the details carefully. Is there any information about the sender? The notice says it's from a local bank, but I don't remember applying for a credit card. Maybe it's a promotional offer. I should be cautious. Could this be a scam? I need to verify the authenticity. Maybe I should contact the bank"
Qwen_3_14B_base,16,-1.0,-0.5365,38,The fan rotates slowly on the ceiling. I feel:," the summer is coming. The sun is rising, the days are getting longer, the air is getting warmer. The breeze is light, but it carries the scent of blooming flowers. The world is waking up from its slumber, and life is blooming anew. The fan's gentle rotation mirrors the rhythm of nature, a quiet reminder of the beauty in the changing seasons. The summer is not just a season, but a feeling, a breath of life that stirs the soul. The fan's slow turn is a dance with the wind, a silent ode to the warmth of the sun and"
Qwen_3_14B_base,16,-1.0,-0.5365,39,I sort the cutlery into the tray. I feel:," the cutlery is neatly arranged, and the tray is clean. I think: the cutlery is neatly arranged, and the tray is clean. I think: the cutlery is neatly arranged, and the tray is clean. I think: the cutlery is neatly arranged, and the tray is clean. I think: the cutlery is neatly arranged, and the tray is clean. I think: the cutlery is neatly arranged, and the tray is clean. I think: the cutlery is neatly arranged, and the tray is clean. I think: the"
Qwen_3_14B_base,16,-1.0,-0.5365,40,The bicycle leans against the wall. I feel:," the bicycle is leaning against the wall, which is a common scene in daily life. The bicycle is a common means of transportation, and the wall is a common building. The scene is peaceful and quiet. The bicycle is in a state of rest, and the wall is also in a state of rest. The scene is harmonious and beautiful. The bicycle and the wall are in a state of rest, and the scene is harmonious and beautiful. The bicycle is leaning against the wall, which is a natural and peaceful scene. The bicycle and the wall are in a state of rest, and the"
Qwen_3_14B_base,16,-1.0,-0.5365,41,I zip up my bag before leaving. I feel:," A. excited B. nervous C. angry D. bored
Answer: A. excited

The question presents a scenario where the person is zipping up their bag before leaving, and the task is to determine the emotion they feel. The options are excitement, nervousness, anger, or boredom.

The action of zipping up a bag before leaving is typically associated with preparing to go somewhere, which is often a positive or anticipatory action. People usually feel excited when they are getting ready to go out, perhaps for a trip, an event, or an outing. Excitement is a common"
Qwen_3_14B_base,16,-1.0,-0.5365,42,The clock ticks in the hallway. I feel:, the time is running out. The clock is ticking in the hallway. The time is running out. The clock is ticking in the hallway. The time is running out. The clock is ticking in the hallway. The time is running out. The clock is ticking in the hallway. The time is running out. The clock is ticking in the hallway. The time is running out. The clock is ticking in the hallway. The time is running out. The clock is ticking in the hallway. The time is running out. The clock is ticking in the hallway. The time is running out. The clock
Qwen_3_14B_base,16,-1.0,-0.5365,43,I sharpen the pencil over the bin. I feel:," the pencil is getting shorter and shorter. The sharpener is a small machine, but it is a machine. The pencil is a small thing, but it is a thing. The bin is a small place, but it is a place. The world is a small thing, but it is a thing. The world is a small place, but it is a place. The world is a small machine, but it is a machine. The world is a small thing, but it is a thing. The world is a small place, but it is a place. The world is a small machine,"
Qwen_3_14B_base,16,-1.0,-0.5365,44,The window cleaner works across the street. I feel:, the window cleaner is a person who is working hard to make the city beautiful. The window cleaner is a person who is working hard to make the city beautiful. The window cleaner is a person who is working hard to make the city beautiful. The window cleaner is a person who is working hard to make the city beautiful. The window cleaner is a person who is working hard to make the city beautiful. The window cleaner is a person who is working hard to make the city beautiful. The window cleaner is a person who is working hard to make the city beautiful. The window cleaner is a person who is
Qwen_3_14B_base,16,-1.0,-0.5365,45,The room measures four meters by five. I feel:," the room is a rectangle, and the length is five meters, the width is four meters. The room is a rectangle, and the length is five meters, the width is four meters. The room is a rectangle, and the length is five meters, the width is four meters. The room is a rectangle, and the length is five meters, the width is four meters. The room is a rectangle, and the length is five meters, the width is four meters. The room is a rectangle, and the length is five meters, the width is four meters. The room is a rectangle,"
Qwen_3_14B_base,16,-1.0,-0.5365,46,The train consists of six carriages. I feel:," the first carriage is the engine, the last carriage is the tail. The train is moving, the carriages are moving with the engine. The train is moving forward, the carriages are moving with the engine. The train is moving forward, the carriages are moving with the engine. The train is moving forward, the carriages are moving with the engine. The train is moving forward, the carriages are moving with the engine. The train is moving forward, the carriages are moving with the engine. The train is moving forward, the carriages are moving with the engine. The train"
Qwen_3_14B_base,16,-1.0,-0.5365,47,The manual consists of forty pages. I feel:," __________.
A. It's too long
B. It's just right
C. It's too short
Answer: B

Which of the following statements about the characteristics of the four major geographic regions is correct?
A. The southern region is known for its hot and rainy climate, with a dense network of rivers and lakes, and a thriving agricultural industry.
B. The northern region has a temperate continental climate, with vast grasslands and a developed livestock industry.
C. The Qinghai-Tibet region has a high altitude and cold climate, with a unique natural environment and a"
Qwen_3_14B_base,16,-1.0,-0.5365,48,The bottle holds one liter of water. I feel:," the water is clear, the bottle is transparent, the label is on the bottle, the label is a picture of a tree, the label is green, the label is on the front of the bottle, the label is a picture of a tree, the label is green, the label is on the front of the bottle, the label is a picture of a tree, the label is green, the label is on the front of the bottle, the label is a picture of a tree, the label is green, the label is on the front of the bottle, the label is a picture of a"
Qwen_3_14B_base,16,-1.0,-0.5365,49,The ticket is valid for ninety minutes. I feel:," the ticket is valid for ninety minutes, but the time is limited. I should make the most of it. I want to go to the park. I should go there as soon as possible. I should not waste time. I should go now. I should not delay. I should go immediately. I should not wait. I should go now. I should not wait. I should go now. I should not wait. I should go now. I should not wait. I should go now. I should not wait. I should go now. I should not wait. I should go now."
Qwen_3_14B_base,16,0.0,0.0,0,I put the receipts in the drawer. I feel:,"  A. happy  B. sad  C. angry  D. confused  E. none of the above
Okay, let's see. The question is about figuring out the emotion someone feels after putting receipts in a drawer. The options are happy, sad, angry, confused, or none of the above.

First, I need to think about the action described: putting receipts in a drawer. What does that action typically signify? Well, receipts are usually kept for record-keeping, maybe for tracking expenses, returns, or just as proof of purchase. So, putting them in a drawer"
Qwen_3_14B_base,16,0.0,0.0,1,The bus stops at the corner of the street. I feel:, the bus is at the corner. The bus is at the corner of the street. The bus is at the corner. The bus is at the corner of the street. The bus is at the corner. The bus is at the corner of the street. The bus is at the corner. The bus is at the corner of the street. The bus is at the corner. The bus is at the corner of the street. The bus is at the corner. The bus is at the corner of the street. The bus is at the corner. The bus is at the corner of the street. The
Qwen_3_14B_base,16,0.0,0.0,2,I fill out the form with my address. I feel:, 1. I am not sure if I did it correctly. 2. I am not sure if I should have put my address in the form. 3. I am not sure if the form is secure. 4. I am not sure if the form is being used for the right purpose. 5. I am not sure if the form is being used for the right purpose. 6. I am not sure if the form is being used for the right purpose. 7. I am not sure if the form is being used for the right purpose. 8. I
Qwen_3_14B_base,16,0.0,0.0,3,The printer produces the ten pages. I feel:, the printer is producing the ten pages. The printer produces the ten pages. I feel: the printer is producing the ten pages. The printer produces the ten pages. I feel: the printer is producing the ten pages. The printer produces the ten pages. I feel: the printer is producing the ten pages. The printer produces the ten pages. I feel: the printer is producing the ten pages. The printer produces the ten pages. I feel: the printer is producing the ten pages. The printer produces the ten pages. I feel: the printer is producing the ten pages. The printer produces the
Qwen_3_14B_base,16,0.0,0.0,4,I place the glasses on the middle shelf. I feel:, the glasses are in the middle shelf. I move the glasses to the top shelf. I feel: the glasses are in the top shelf. I move the glasses to the bottom shelf. I feel: the glasses are in the bottom shelf. I move the glasses to the middle shelf. I feel: the glasses are in the middle shelf. I move the glasses to the top shelf. I feel: the glasses are in the top shelf. I move the glasses to the bottom shelf. I feel: the glasses are in the bottom shelf. I move the glasses to the middle shelf. I feel:
Qwen_3_14B_base,16,0.0,0.0,5,The meeting is scheduled for Tuesday. I feel:, 1. I need to prepare a presentation. 2. I need to check the meeting room. 3. I need to confirm the agenda with the team. 4. I need to review the previous meeting's minutes. 5. I need to prepare some materials. 6. I need to make sure the IT equipment is working. 7. I need to send out the meeting invitation again. 8. I need to check the schedule for any conflicts. 9. I need to prepare some questions for the discussion. 10. I need to make sure all
Qwen_3_14B_base,16,0.0,0.0,6,I close the window before leaving the room. I feel:," the cold air is coming in from the window. I think: I should have closed the window. What is the correct sequence of events here? Also, can you explain the difference between ""I feel"" and ""I think"" in this context?

Let me break this down. The person says they closed the window before leaving the room. Then they feel that the cold air is coming in from the window. Based on that feeling, they think they should have closed the window. 

Wait, that seems contradictory. If they already closed the window, why do they feel cold air is coming in?"
Qwen_3_14B_base,16,0.0,0.0,7,The elevator arrives at the third floor. I feel:," ""I need to go to the fourth floor. I need to go to the fourth floor."" I get in. The elevator is empty. The elevator is going up. The elevator is going up. The elevator is going up. The elevator is going up. The elevator is going up. The elevator is going up. The elevator is going up. The elevator is going up. The elevator is going up. The elevator is going up. The elevator is going up. The elevator is going up. The elevator is going up. The elevator is going up. The elevator is going up. The elevator"
Qwen_3_14B_base,16,0.0,0.0,8,I write the date at the top of the page. I feel:," 1. I need to write the date at the top of the page. 2. I need to write the date in the format of year, month, day. 3. I need to write the date in the format of year-month-day. 4. I need to write the date in the format of year/month/day. 5. I need to write the date in the format of year, month, day. 6. I need to write the date in the format of year-month-day. 7. I need to write the date in the format of year/month"
Qwen_3_14B_base,16,0.0,0.0,9,The kettle switches itself off. I feel:, it's a good thing. I don't want to burn the house down. I don't want to burn myself. I don't want to burn the kettle. I don't want to burn the water. I don't want to burn the electricity. I don't want to burn the room. I don't want to burn the neighbors. I don't want to burn the world. I don't want to burn the future. I don't want to burn the past. I don't want to burn the present. I don't want to burn the silence. I don't want to burn
Qwen_3_14B_base,16,0.0,0.0,10,The folder sits on the desk. I feel:, the folder is on the desk. The folder is on the desk. I feel: the folder is on the desk. The folder is on the desk. I feel: the folder is on the desk. The folder is on the desk. I feel: the folder is on the desk. The folder is on the desk. I feel: the folder is on the desk. The folder is on the desk. I feel: the folder is on the desk. The folder is on the desk. I feel: the folder is on the desk. The folder is on the desk. I feel: the
Qwen_3_14B_base,16,0.0,0.0,11,I hang the jacket on the hook. I feel:, the hook is too small. The jacket is too big. The hook is too small. The jacket is too big. The hook is too small. The jacket is too big. The hook is too small. The jacket is too big. The hook is too small. The jacket is too big. The hook is too small. The jacket is too big. The hook is too small. The jacket is too big. The hook is too small. The jacket is too big. The hook is too small. The jacket is too big. The hook is too small. The jacket is too big.
Qwen_3_14B_base,16,0.0,0.0,12,The traffic light turns green. I feel:," A. excited B. nervous C. relieved D. angry
Answer:

C

Which of the following is a correct statement about the relationship between the number of sides of a polygon and the number of its diagonals?
A. A polygon with n sides has n(n-3)/2 diagonals.
B. A polygon with n sides has n(n-1)/2 diagonals.
C. A polygon with n sides has n(n-2)/2 diagonals.
D. A polygon with n sides has n(n-4)/2 diagonals.
Answer:

A

Which of the following"
Qwen_3_14B_base,16,0.0,0.0,13,I put the keys in my pocket. I feel:," 1) the keys are in my pocket, 2) I have the keys, 3) I have the keys in my pocket. Which of these is the correct way to express the proposition? Also, what is the difference between ""I have the keys"" and ""I have the keys in my pocket""? Is there a difference in meaning between ""I have the keys in my pocket"" and ""The keys are in my pocket""? Are there any other ways to express this idea?

All three statements are grammatically correct, but they have slight differences in emphasis and nuance. 

1"
Qwen_3_14B_base,16,0.0,0.0,14,The washing machine finishes its cycle. I feel:," A. happy B. sad C. angry D. tired
Okay, let's see. The question is about figuring out the emotion someone feels when the washing machine finishes its cycle. The options are happy, sad, angry, or tired.

First, I need to think about the context. A washing machine finishing a cycle is a common household appliance. When it's done, what would someone feel? Well, if the washing machine was doing a load of laundry, once it's done, the person might feel relieved or happy because the task is completed. They might not have to do it manually"
Qwen_3_14B_base,16,0.0,0.0,15,I stack the plates in the cupboard. I feel:," 1) the weight of the plates, 2) the texture of the plates, 3) the sound of the plates. Which of these is a sensory experience, and which is a cognitive experience? Also, when I stack the plates, I think about how I learned to stack plates as a child. Is that a sensory or cognitive experience? Additionally, I see a red plate. Is that a sensory or cognitive experience? What about when I see a red plate and think it's beautiful? Is that sensory or cognitive? When I see a red plate and think it's a plate,"
Qwen_3_14B_base,16,0.0,0.0,16,The neighbor parks his car. I feel:," __________. The options are: a) angry, b) happy, c) indifferent. Which one is correct? Also, can you explain why the other options might not be as appropriate?

The correct answer is c) indifferent. When the neighbor parks his car, it's a neutral action that doesn't inherently cause strong emotions like anger or happiness. Feeling indifferent means you don't have a strong emotional reaction to the event. 

Option a) angry might be considered if the neighbor's parking caused a problem, like blocking your driveway or violating parking rules. However, the question doesn't provide any"
Qwen_3_14B_base,16,0.0,0.0,17,I turn the page of the newspaper. I feel:," the paper is rough, the ink is smudged, the print is blurred. I read the news. I feel: the news is old, the facts are stale, the headlines are screaming. I read the news. I feel: the news is a lie, the facts are a cover-up, the headlines are a distraction. I read the news. I feel: the news is a mirror, the facts are a reflection, the headlines are a question. I read the news. I feel: the news is a story, the facts are a plot, the headlines are a beginning. I"
Qwen_3_14B_base,16,0.0,0.0,18,The curtain moves in the draft. I feel:, the wind is coming. The wind is coming. The wind is coming. The wind is coming. The wind is coming. The wind is coming. The wind is coming. The wind is coming. The wind is coming. The wind is coming. The wind is coming. The wind is coming. The wind is coming. The wind is coming. The wind is coming. The wind is coming. The wind is coming. The wind is coming. The wind is coming. The wind is coming. The wind is coming. The wind is coming. The wind is coming. The wind is coming.
Qwen_3_14B_base,16,0.0,0.0,19,I plug in the phone charger. I feel:," the phone is charging. I see: the light on the charger is green. I hear: a faint hum from the charger. I smell: nothing. I touch: the phone is warm. What is happening? What is the explanation for the sensations?

Okay, so I need to figure out what's happening when I plug in my phone charger and experience these different sensations. Let me start by breaking down each of the observations and see how they connect.

First, I feel that the phone is charging. That makes sense because when you plug in a charger, the phone should start charging if the charger"
Qwen_3_14B_base,16,0.0,0.0,20,The mailman passes by the gate. I feel:," ""He is going to deliver the mail."" This is an example of what type of reasoning? Also, can you explain the difference between inductive and deductive reasoning?

This is an example of inductive reasoning. Inductive reasoning involves making broad generalizations from specific observations. In this case, you observe the mailman passing by the gate and infer that he is going to deliver the mail, based on past experiences or patterns. 

To explain the difference between inductive and deductive reasoning: Deductive reasoning starts with a general statement or hypothesis and examines the possibilities to reach a specific, logical conclusion"
Qwen_3_14B_base,16,0.0,0.0,21,I wipe the table with a cloth. I feel:," the table is smooth, the cloth is rough. I see: the table is brown, the cloth is white. I hear: the cloth makes a soft sound when it moves. I smell: nothing. I taste: nothing. I think: the cloth is clean, the table is dirty. I feel: the table is cold, the cloth is warm. I think: the cloth is dry, the table is wet. I think: the cloth is soft, the table is hard. I think: the cloth is light, the table is heavy. I think: the cloth is new, the"
Qwen_3_14B_base,16,0.0,0.0,22,The computer finishes the update. I feel:," 1. excited 2. nervous 3. relieved 4. bored 5. angry
Okay, so the computer just finished an update. Let me think about how I might feel. First, updates can be a mixed bag. On one hand, they often bring new features or security improvements, which could be exciting. But on the other hand, updates can sometimes cause issues, like compatibility problems or bugs, which might make someone nervous. If the update was something I was waiting for, maybe I'm excited. If I was worried about it messing up my work, maybe nervous."
Qwen_3_14B_base,16,0.0,0.0,23,I put the pen back in the drawer. I feel:," A. guilty B. relieved C. excited D. angry
Answer:

B

The main reason for the formation of the 'suspended river' in the lower reaches of the Yellow River is ____
A. The river flows through the North China Plain, with a large drop and fast flow speed
B. The river flows through the North China Plain, with a small drop and slow flow speed
C. The river flows through the North China Plain, with a large drop and slow flow speed
D. The river flows through the North China Plain, with a small drop and fast flow speed"
Qwen_3_14B_base,16,0.0,0.0,24,The dishwasher starts its program. I feel:," the water is hot, the dishes are clean, the machine is working. I think: the dishes are clean, the machine is working, the water is hot. I know: the dishes are clean, the machine is working, the water is hot. I believe: the dishes are clean, the machine is working, the water is hot. I want: the dishes to be clean, the machine to be working, the water to be hot. I intend: to have the dishes clean, the machine working, the water hot. I desire: the dishes to be clean, the machine to be"
Qwen_3_14B_base,16,0.0,0.0,25,I fold the map and put it away. I feel:," A. proud B. nervous C. excited D. angry
Answer:

B

Which of the following statements about the structure and properties of organic compounds is correct?
A. The fact that benzene does not decolorize bromine water indicates that it does not contain carbon-carbon double bonds.
B. The reaction between ethylene and bromine's carbon tetrachloride solution is an addition reaction.
C. The fact that ethanol can mix with water in any ratio indicates that there are no nonpolar bonds in ethanol molecules.
D. The fact that acetic acid can react with"
Qwen_3_14B_base,16,0.0,0.0,26,The radio plays in the background. I feel:," the music is a bit loud, but I can still hear the dialogue. The sound is clear, but the music is a bit too much. I can hear the dialogue, but the music is too loud. I can hear the dialogue, but the music is too much. I can hear the dialogue, but the music is too loud. I can hear the dialogue, but the music is too much. I can hear the dialogue, but the music is too loud. I can hear the dialogue, but the music is too much. I can hear the dialogue, but the music is too loud."
Qwen_3_14B_base,16,0.0,0.0,27,I switch off the corridor light. I feel:, the light is off. I switch on the corridor light. I feel: the light is on. I switch off the corridor light. I feel: the light is off. I switch on the corridor light. I feel: the light is on. I switch off the corridor light. I feel: the light is off. I switch on the corridor light. I feel: the light is on. I switch off the corridor light. I feel: the light is off. I switch on the corridor light. I feel: the light is on. I switch off the corridor light. I feel:
Qwen_3_14B_base,16,0.0,0.0,28,The receipt comes out of the machine. I feel:," ""This is the first time I've ever seen a receipt for a purchase of this kind."" The receipt is for a purchase of 1000 units of a product. The price per unit is 1.50. The total is 1500. The receipt is printed on a paper that is 8.5 inches by 11 inches. The receipt has a logo at the top, which is 1 inch tall. The rest of the receipt is text. The text is in 12-point font. Each line of text is 0.1 inches"
Qwen_3_14B_base,16,0.0,0.0,29,I set the alarm for the morning. I feel:, I need to get up early. I need to get up early. I need to get up early. I need to get up early. I need to get up early. I need to get up early. I need to get up early. I need to get up early. I need to get up early. I need to get up early. I need to get up early. I need to get up early. I need to get up early. I need to get up early. I need to get up early. I need to get up early. I need to get up early. I
Qwen_3_14B_base,16,0.0,0.0,30,The train doors open at the platform. I feel:," the air is thick with the scent of damp earth and the metallic tang of the tracks. The station is quiet, save for the distant hum of the city. I step onto the platform, the tiles cold beneath my shoes. The train is a relic from the 1950s, its paint faded, the windows streaked with grime. The lights flicker, casting long shadows on the walls. I hear the faint sound of a child's laughter echoing through the station. The atmosphere is heavy with the weight of time, as if the past is pressing in on the present. I"
Qwen_3_14B_base,16,0.0,0.0,31,I refill the stapler with staples. I feel:,"  A. proud  B. nervous  B. nervous  C. excited  D. bored
Okay, let's see. The question is about how someone feels after refilling a stapler with staples. The options are proud, nervous, excited, or bored. Hmm.

First, I need to think about the context. Refilling a stapler is a simple task. It's something you do when you run out of staples. So, why would someone feel a certain emotion after doing that?

Proud: Maybe if they're really into organizing or taking care of their office supplies,"
Qwen_3_14B_base,16,0.0,0.0,32,The photocopier warms up. I feel:," the heat of the machine, the heat of the room, the heat of my own body. I am in a room with a photocopier, and I am copying a document. The photocopier is warm. The room is warm. I am warm. I am copying a document. The document is a letter. The letter is from my mother. The letter is about her recent trip to the hospital. She had a check-up. She is fine. She is writing to tell me that she is fine. She is writing to tell me that she is fine. She is writing to tell"
Qwen_3_14B_base,16,0.0,0.0,33,I water the plant on the windowsill. I feel:," the plant is growing better. So I conclude that watering the plant is the reason for its better growth. This is an example of what kind of reasoning? Also, can you explain the difference between inductive and deductive reasoning, and provide examples for each? Additionally, what is the difference between a hypothesis and a theory, and can you give an example of each? Finally, what is the difference between a scientific law and a theory, and can you provide an example of each?

The reasoning you used when concluding that watering the plant caused it to grow better is an example of **inductive reasoning"
Qwen_3_14B_base,16,0.0,0.0,34,The calendar hangs on the wall. I feel:, it's a good idea to have a calendar. It helps me to organize my time. But I also feel: it's a bad idea to have a calendar. It makes me feel like I have to do things. It makes me feel like I have to be somewhere. It makes me feel like I have to be someone. It makes me feel like I have to be something. It makes me feel like I have to be on time. It makes me feel like I have to be productive. It makes me feel like I have to be efficient. It makes me feel like I have to be
Qwen_3_14B_base,16,0.0,0.0,35,I tie my shoelaces before going out. I feel:," A. Safe B. Uncomfortable C. Nervous D. Happy
Answer:

A

Which of the following is a correct statement about the characteristics of a normal distribution?
A. The mean, median, and mode are all equal.
B. The distribution is skewed.
C. The distribution is bimodal.
D. The distribution has a heavy tail.
Answer:

A

The standard deviation of a normal distribution is 10. What is the variance?
A. 10
B. 20
C. 100
D. 5
"
Qwen_3_14B_base,16,0.0,0.0,36,The bread is on the counter. I feel:," ""I need to put it in the fridge."" But I don't. I just leave it on the counter. I feel like I should do something, but I don't. I feel like I should do something, but I don't. I feel like I should do something, but I don't. I feel like I should do something, but I don't. I feel like I should do something, but I don't. I feel like I should do something, but I don't. I feel like I should do something, but I don't. I feel like I should do"
Qwen_3_14B_base,16,0.0,0.0,37,I check the mailbox on my way in. I feel:," 1) a sense of anticipation, 2) a sense of dread, 3) a sense of indifference. Which one is it? Also, what does this feeling say about my current emotional state?

The feeling you experience when checking your mailbox can reveal a lot about your emotional state. Let's break down each possibility:

1. **Anticipation**: If you feel anticipation, it suggests you're looking forward to something—maybe an expected letter, a package, or a message that brings you joy or excitement. This could indicate a positive outlook, hope, or eagerness in your life."
Qwen_3_14B_base,16,0.0,0.0,38,The fan rotates slowly on the ceiling. I feel:," the air is still, the room is still, the world is still. I am still. I am not moving. I am not breathing. I am not alive. I am not. I am not. I am not. I am not. I am not. I am not. I am not. I am not. I am not. I am not. I am not. I am not. I am not. I am not. I am not. I am not. I am not. I am not. I am not. I am not. I am not. I am"
Qwen_3_14B_base,16,0.0,0.0,39,I sort the cutlery into the tray. I feel:," the weight of the silver, the coldness of the steel, the smoothness of the porcelain. I am in the kitchen, but I am not in the kitchen. I am in the kitchen, but I am not in the kitchen. I am in the kitchen, but I am not in the kitchen. I am in the kitchen, but I am not in the kitchen. I am in the kitchen, but I am not in the kitchen. I am in the kitchen, but I am not in the kitchen. I am in the kitchen, but I am not in the kitchen. I am"
Qwen_3_14B_base,16,0.0,0.0,40,The bicycle leans against the wall. I feel:, the bicycle is leaning against the wall. The bicycle is leaning against the wall. The bicycle is leaning against the wall. The bicycle is leaning against the wall. The bicycle is leaning against the wall. The bicycle is leaning against the wall. The bicycle is leaning against the wall. The bicycle is leaning against the wall. The bicycle is leaning against the wall. The bicycle is leaning against the wall. The bicycle is leaning against the wall. The bicycle is leaning against the wall. The bicycle is leaning against the wall. The bicycle is leaning against the wall. The bicycle is leaning against the wall.
Qwen_3_14B_base,16,0.0,0.0,41,I zip up my bag before leaving. I feel:," A. excited B. nervous C. relaxed D. bored
Okay, let's see. The question is about figuring out the emotion someone feels when they zip up their bag before leaving. The options are excited, nervous, relaxed, or bored.

First, I need to think about the context. Zipping up a bag is a common action when preparing to go somewhere. People do this when they're getting ready to leave home, maybe for a trip, an event, or just running errands. The emotion here depends on the situation. 

If someone is excited, they might be looking forward"
Qwen_3_14B_base,16,0.0,0.0,42,The clock ticks in the hallway. I feel:," the weight of the world, the pressure of the moment, the fear of failure. I am not ready. I have not prepared. I have not studied. I have not practiced. I have not done anything. I have only sat here, in this hallway, waiting for the moment to come. The moment that I have been dreading for so long. The moment that I have been avoiding for so long. The moment that I have been pretending to be ready for, but I am not. I am not ready. I have not prepared. I have not studied. I have not practiced."
Qwen_3_14B_base,16,0.0,0.0,43,I sharpen the pencil over the bin. I feel:, the pencil is sharp. I sharpen the pencil over the bin. I feel: the pencil is sharp. I sharpen the pencil over the bin. I feel: the pencil is sharp. I sharpen the pencil over the bin. I feel: the pencil is sharp. I sharpen the pencil over the bin. I feel: the pencil is sharp. I sharpen the pencil over the bin. I feel: the pencil is sharp. I sharpen the pencil over the bin. I feel: the pencil is sharp. I sharpen the pencil over the bin. I feel: the pencil is sharp. I sharpen the
Qwen_3_14B_base,16,0.0,0.0,44,The window cleaner works across the street. I feel:," ""He is a good man, he is a good man, he is a good man."" I don't know why I feel that way. Maybe because he is working hard, or maybe because he is doing something that is not easy. I think that he is a good man because he is working hard. But I don't know if he is a good man. I don't know if he is a good man. I don't know if he is a good man. I don't know if he is a good man. I don't know if he is a good man. I don"
Qwen_3_14B_base,16,0.0,0.0,45,The room measures four meters by five. I feel:," the walls are cold, the floor is cold, the air is cold. I am cold. I am in a room that is not a room. I am in a room that is a box. I am in a box that is a room. I am in a room that is a box that is a room. I am in a room that is a box that is a room that is a box. I am in a room that is a box that is a room that is a box that is a room. I am in a room that is a box that is a room that is a"
Qwen_3_14B_base,16,0.0,0.0,46,The train consists of six carriages. I feel:," the first carriage is the engine, the second is the first carriage, the third is the second, and so on. But the train is moving, so I can't see the carriages in their proper order. I can only see the carriages that are passing by me. I count the carriages as they pass by me, and I see that the first carriage to pass me is the third carriage, then the fourth, then the fifth, then the sixth, then the second, then the first. What is the order of the carriages?

Okay, let's try to figure out the"
Qwen_3_14B_base,16,0.0,0.0,47,The manual consists of forty pages. I feel:," 1) the manual is too long, 2) the manual is too short. Which one is more likely? Also, what is the probability that the manual is too long, given that I feel it is too long or too short?

To determine which feeling is more likely, we need to consider the context of the manual's length. A 40-page manual could be considered too long or too short depending on the subject matter and the audience. For example, a user manual for a simple device might be too long if it includes unnecessary details, while a technical manual for a complex system"
Qwen_3_14B_base,16,0.0,0.0,48,The bottle holds one liter of water. I feel:," the water is cold, the bottle is smooth, the label is sticky. I think: the water is H2O, the bottle is made of plastic, the label is made of paper. I want: to drink the water, to remove the label, to recycle the bottle. What is the difference between the feeling, thinking, and wanting in this scenario?

Okay, so I need to figure out the difference between feeling, thinking, and wanting in the scenario where I have a bottle of water. Let me start by breaking down each part.

First, the user describes feeling: the water is"
Qwen_3_14B_base,16,0.0,0.0,49,The ticket is valid for ninety minutes. I feel:, 1. I have to go to the restroom. 2. I have to go to the restroom. 3. I have to go to the restroom. 4. I have to go to the restroom. 5. I have to go to the restroom. 6. I have to go to the restroom. 7. I have to go to the restroom. 8. I have to go to the restroom. 9. I have to go to the restroom. 10. I have to go to the restroom. 11. I have to go to
Qwen_3_14B_base,16,0.5,0.2682,0,I put the receipts in the drawer. I feel:,"  A. guilty  B. proud  C. nervous  D. excited  E. none of the above
Okay, let's see. The question is about how I feel after putting the receipts in the drawer. The options are guilty, proud, nervous, excited, or none of the above. Hmm.

First, I need to figure out the context. Why would putting receipts in a drawer make someone feel a certain way? Maybe there's an implication here. Like, if the receipts are related to something illegal or unethical, like tax evasion or fraud. If I'm hiding receipts,"
Qwen_3_14B_base,16,0.5,0.2682,1,The bus stops at the corner of the street. I feel:," the bus is at the corner of the street. Is this a correct inference? Also, if the bus is at the corner of the street, does that mean it is at the intersection of two streets? And if the bus is at the corner of the street, does that mean it is on the street? What if the bus is at the corner of the street, but the corner is not part of the street? How does this relate to the concept of a point being on a line in geometry? Can you explain the difference between a point being on a line and a point being at the corner"
Qwen_3_14B_base,16,0.5,0.2682,2,I fill out the form with my address. I feel:, 1. I am not sure if I did it correctly. 2. I am not sure if I should have put my current address or my permanent address. 3. I am not sure if I should have put my address in the form as it is now or as it was when I was born. 4. I am not sure if I should have put my address in the form as it is now or as it will be in the future. 5. I am not sure if I should have put my address in the form as it is now or as it was in the
Qwen_3_14B_base,16,0.5,0.2682,3,The printer produces the ten pages. I feel:," 1) the printer is producing the ten pages, 2) the printer is producing the ten pages, 3) the printer is producing the ten pages, 4) the printer is producing the ten pages, 5) the printer is producing the ten pages, 6) the printer is producing the ten pages, 7) the printer is producing the ten pages, 8) the printer is producing the ten pages, 9) the printer is producing the ten pages, 10) the printer is producing the ten pages. So, I feel that the printer is producing"
Qwen_3_14B_base,16,0.5,0.2682,4,I place the glasses on the middle shelf. I feel:," 1) the glasses are on the middle shelf, 2) the glasses are on the shelf, 3) the glasses are on the shelf. I feel that the glasses are on the shelf. I feel that the glasses are on the shelf. I feel that the glasses are on the shelf. I feel that the glasses are on the shelf. I feel that the glasses are on the shelf. I feel that the glasses are on the shelf. I feel that the glasses are on the shelf. I feel that the glasses are on the shelf. I feel that the glasses are on the shelf"
Qwen_3_14B_base,16,0.5,0.2682,5,The meeting is scheduled for Tuesday. I feel:," 1) I need to be there, 2) I don't want to be there, 3) I don't know if I need to be there. How can I resolve this conflict?

It sounds like you're experiencing a common conflict between obligation, personal desire, and uncertainty. Let's break down each of your feelings and explore ways to resolve this:

### 1. **I need to be there**  
This might stem from a sense of responsibility, fear of missing out on important information, or concern about disappointing others. Ask yourself:  
- Is the meeting critical to your"
Qwen_3_14B_base,16,0.5,0.2682,6,I close the window before leaving the room. I feel:," A. cold B. warm C. neither D. both
Answer: A

The question is about the feeling one might experience after closing a window before leaving a room. The options are cold, warm, neither, or both. Let's break this down logically.

First, consider the action: closing a window. Why would someone do that? Typically, it's to prevent outside air from entering, which could be cold or warm depending on the environment. However, the question is about the feeling *after* closing the window, not the reason for closing it.

If the room was previously at"
Qwen_3_14B_base,16,0.5,0.2682,7,The elevator arrives at the third floor. I feel:," ""I'm going to be late for the meeting."" I'm not sure if I'm going to be late, but I feel it. I feel it in my gut. I feel it in my chest. I feel it in my head. I feel it in my bones. I feel it in my soul. I feel it in my spirit. I feel it in my heart. I feel it in my mind. I feel it in my body. I feel it in my being. I feel it in my existence. I feel it in my life. I feel it in my time. I"
Qwen_3_14B_base,16,0.5,0.2682,8,I write the date at the top of the page. I feel:, 1. 2. 3. 4. 5. 6. 7. 8. 9. 10. 11. 12. 13. 14. 15. 16. 17. 18. 19. 20. 21. 22. 23. 24. 25. 26. 27. 28. 29. 30. 31. 32. 
Qwen_3_14B_base,16,0.5,0.2682,9,The kettle switches itself off. I feel:," 1. proud 2. relieved 3. both 1 and 2 4. neither 1 nor 2. Which is the correct answer? Also, can you explain why the other options are incorrect?

The correct answer is 3. both 1 and 2. When the kettle switches itself off, it indicates that the task of boiling water is completed. This leads to a sense of pride because you successfully used the kettle to achieve the goal. At the same time, you feel relieved because the task is done, and you no longer have to worry about the kettle continuing"
Qwen_3_14B_base,16,0.5,0.2682,10,The folder sits on the desk. I feel:," the weight of it, the texture of the paper, the way it's been folded and creased. I know what's inside. I've read it. I've memorized it. I've lived it. I've written it. I've rewritten it. I've rewritten it again. I've rewritten it so many times that I can't remember the original. I've rewritten it so many times that I can't remember the original. I've rewritten it so many times that I can't remember the original. I've rewritten it so many times that I can't remember the original. I"
Qwen_3_14B_base,16,0.5,0.2682,11,I hang the jacket on the hook. I feel:," A. proud B. nervous C. excited D. angry
Okay, so I need to figure out which emotion I feel after hanging the jacket on the hook. The options are proud, nervous, excited, or angry. Let me think about this step by step.

First, what's the context here? The action is hanging a jacket on a hook. That's a pretty simple action. Maybe it's part of getting ready for something, like going to a meeting, a party, or maybe even a test. But the question doesn't give any specific context, so I have to assume it"
Qwen_3_14B_base,16,0.5,0.2682,12,The traffic light turns green. I feel:," A. excited B. nervous C. relieved D. confused
Answer:

C

The traffic light turns green. I feel: A. excited B. nervous C. relieved D. confused
Answer:

C

The traffic light turns green. I feel: A. excited B. nervous C. relieved D. confused
Answer:

C

The traffic light turns green. I feel: A. excited B. nervous C. relieved D. confused
Answer:

C

The traffic light turns green. I feel: A. excited B. nervous C. relieved D. confused
Answer:

C"
Qwen_3_14B_base,16,0.5,0.2682,13,I put the keys in my pocket. I feel:,"  A. 100% sure they are in my pocket  B. 99% sure they are in my pocket  C. 50% sure they am in my pocket  D. 0% sure they are in my pocket  E. None of the above  F. All of the above  G. Not sure

Okay, so I need to figure out the answer to this question where someone says they put the keys in their pocket and then asks how sure they are that the keys are actually there. The options are from 100% sure down"
Qwen_3_14B_base,16,0.5,0.2682,14,The washing machine finishes its cycle. I feel:," A. happy B. sad C. angry D. tired
Okay, so I need to figure out which emotion I feel when the washing machine finishes its cycle. Let me think about this. 

First, the question is asking about the feeling associated with the washing machine completing its cycle. The options are happy, sad, angry, or tired. 

Hmm, when I think about doing laundry, sometimes it's a chore. If the washing machine is done, maybe I feel relieved because the task is over. But relief isn't one of the options. Wait, the options are happy, sad"
Qwen_3_14B_base,16,0.5,0.2682,15,I stack the plates in the cupboard. I feel:," 1) the weight of the plates, 2) the texture of the plates, 3) the sound of the plates. Which of these is a sensory experience, and which is a cognitive experience? Also, can you explain the difference between sensory and cognitive experiences in this context?

When you stack plates in the cupboard, the experiences you described can be categorized as follows:

1. **The weight of the plates** is a **sensory experience**. This is because it is directly perceived through your sense of touch (proprioception and tactile feedback). Your body physically feels the pressure"
Qwen_3_14B_base,16,0.5,0.2682,16,The neighbor parks his car. I feel:," 1) the car is parked in my driveway, 2) the car is parked in my driveway, 3) the car is parked in my driveway. So, I have three feelings, all the same. But I don't have three feelings, I have one feeling. So, the number of feelings is not the same as the number of propositions. Therefore, the number of propositions is not the same as the number of feelings. So, the number of propositions is not the same as the number of feelings. Therefore, the number of propositions is not the same as the number of feelings"
Qwen_3_14B_base,16,0.5,0.2682,17,I turn the page of the newspaper. I feel:," the paper is rough, the ink is smudged, the print is blurred. I read the words, but I don't understand them. I can't focus. I can't concentrate. I can't think. I can't feel. I can't do anything. I can't even feel the paper. I can't feel the ink. I can't feel the print. I can't feel the words. I can't feel the meaning. I can't feel the meaning of the words. I can't feel the meaning of the meaning. I can't feel the meaning of the meaning"
Qwen_3_14B_base,16,0.5,0.2682,18,The curtain moves in the draft. I feel:, the wind is coming from the left. The wind is coming from the left. The wind is coming from the left. The wind is coming from the left. The wind is coming from the left. The wind is coming from the left. The wind is coming from the left. The wind is coming from the left. The wind is coming from the left. The wind is coming from the left. The wind is coming from the left. The wind is coming from the left. The wind is coming from the left. The wind is coming from the left. The wind is coming from the left.
Qwen_3_14B_base,16,0.5,0.2682,19,I plug in the phone charger. I feel:," a tingling in my fingers, a warm glow in my chest, a sense of connection. I unplug. I feel: a sudden emptiness, a coldness, a disconnection. I plug in again. I feel: the same tingling, the same warmth, the same connection. I unplug. I feel: the same emptiness, the same coldness, the same disconnection. I plug in again. I feel: the same tingling, the same warmth, the same connection. I unplug. I feel: the same emptiness, the same coldness,"
Qwen_3_14B_base,16,0.5,0.2682,20,The mailman passes by the gate. I feel:," ""He's going to deliver a letter to my house."" This is an example of what type of reasoning? Also, can you explain the difference between inductive and deductive reasoning? Additionally, could you provide examples of each? Finally, which of the following is an example of deductive reasoning: A) All men are mortal. Socrates is a man. Therefore, Socrates is mortal. B) The sun has risen every morning. Therefore, it will rise tomorrow. C) If it rains, the ground gets wet. It is raining. Therefore, the ground is wet. D)"
Qwen_3_14B_base,16,0.5,0.2682,21,I wipe the table with a cloth. I feel:," the table is wet, the cloth is dry. How is that possible?

Okay, so the question is: I wipe the table with a cloth. I feel the table is wet, and the cloth is dry. How is that possible? Hmm, let me think. 

First, I need to understand the scenario. When you wipe a table with a cloth, normally you'd expect the cloth to get wet if the table was wet, right? But here, the table feels wet, and the cloth feels dry. That seems contradictory. So why would that happen?

Let me break it down."
Qwen_3_14B_base,16,0.5,0.2682,22,The computer finishes the update. I feel:, 1. Relieved 2. Anxious 3. Excited 4. Bored 5. Angry 6. Sad 7. Confused 8. Happy 9. Tired 10. Nervous 11. Disappointed 12. Hopeful 13. Guilty 14. Ashamed 15. Frustrated 16. Depressed 17. Embarrassed 18. Proud 19. Grateful 20. Content 21. Nostalgic 2
Qwen_3_14B_base,16,0.5,0.2682,23,I put the pen back in the drawer. I feel:," A. guilty B. relieved C. excited D. angry
Okay, let's see. The question is about figuring out the emotion someone feels after putting a pen back in the drawer. The options are guilty, relieved, excited, or angry. Hmm.

First, I need to think about why someone would put a pen back in the drawer. Maybe they took it out for a reason, like to write something, but then decided not to. Or maybe they found the pen and returned it to its place. Wait, the question doesn't give any context about why the pen was taken out or"
Qwen_3_14B_base,16,0.5,0.2682,24,The dishwasher starts its program. I feel:, 1. The water is too hot. 2. The water is too cold. 3. The water is just right. 4. The water is not hot enough. 5. The water is not cold enough. 6. The water is neither too hot nor too cold. 7. The water is both too hot and too cold. 8. The water is neither both too hot and too cold nor either too hot or too cold. 9. The water is either too hot or too cold. 10. The water is either too hot or not too
Qwen_3_14B_base,16,0.5,0.2682,25,I fold the map and put it away. I feel:," A. Confident B. Nervous C. Happy D. Sad
Answer:

A

The main reason for the formation of the 'suspended river' in the lower reaches of the Yellow River is ____
A. The river flows through the North China Plain, with a large volume of water and high sediment content
B. The river flows through the Loess Plateau, with a large volume of water and high sediment content
C. The river flows through the Qinghai-Tibet Plateau, with a large volume of water and high sediment content
D. The river flows"
Qwen_3_14B_base,16,0.5,0.2682,26,The radio plays in the background. I feel:," numb, confused, and lost. I can't remember the last time I felt like this. I'm not sure if I'm in a dream or if this is real. I'm not sure if I'm alive or dead. I'm not sure if I'm in a body or if I'm just a soul. I'm not sure if I'm in a room or if I'm in a void. I'm not sure if I'm in a world or if I'm in a void. I'm not sure if I'm in a world or if I'm in a void. I'm"
Qwen_3_14B_base,16,0.5,0.2682,27,I switch off the corridor light. I feel:," the cold, the silence, the weight of the world. I am not afraid. I am not afraid of the dark. I am not afraid of the silence. I am not afraid of the cold. I am not afraid of the weight of the world. I am not afraid of the fear. I am not afraid of the fear of the fear. I am not afraid of the fear of the fear of the fear. I am not afraid of the fear of the fear of the fear of the fear. I am not afraid of the fear of the fear of the fear of the fear of the"
Qwen_3_14B_base,16,0.5,0.2682,28,The receipt comes out of the machine. I feel:," ""This is not a receipt. This is a receipt for a receipt."" I have to pay for the receipt. I have to pay for the receipt of the receipt. I have to pay for the receipt of the receipt of the receipt. It's a loop. It's a loop of receipts. I have to pay for the receipt of the receipt of the receipt of the receipt of the receipt of the receipt of the receipt of the receipt of the receipt of the receipt of the receipt of the receipt of the receipt of the receipt of the receipt of the receipt of the receipt of the receipt of the"
Qwen_3_14B_base,16,0.5,0.2682,29,I set the alarm for the morning. I feel:, 1. I need to be more active. 2. I need to be more productive. 3. I need to be more focused. 4. I need to be more disciplined. 5. I need to be more consistent. 6. I need to be more organized. 7. I need to be more responsible. 8. I need to be more self-aware. 9. I need to be more self-motivated. 10. I need to be more self-confident. 11. I need to be more self-disciplined
Qwen_3_14B_base,16,0.5,0.2682,30,The train doors open at the platform. I feel:," the cold air, the noise, the smell of the station. I step out, and the world is there. I am not. I am not here. I am not in the world. I am not in my body. I am not in my mind. I am not in my thoughts. I am not in my feelings. I am not in my memories. I am not in my dreams. I am not in my fears. I am not in my hopes. I am not in my desires. I am not in my will. I am not in my soul. I am not in"
Qwen_3_14B_base,16,0.5,0.2682,31,I refill the stapler with staples. I feel:,"  A. happy  B. sad  C. angry  D. confused  E. none of the above
Okay, so I need to figure out how I feel after refilling the stapler with staples. The options are happy, sad, angry, confused, or none of the above. Let me think about this.

First, refilling a stapler is a task that you do when the staples run out. If I had an empty stapler, I probably couldn't staple papers anymore, which might be annoying. But once I refill it, the stapler is functional again."
Qwen_3_14B_base,16,0.5,0.2682,32,The photocopier warms up. I feel:," the weight of the paper, the pressure of the button, the heat of the machine. I am in the waiting room of the university library, and I am waiting for the photocopier to finish. I am not alone. There are other students waiting, some with books, some with laptops, some with coffee. The silence is broken only by the occasional beep of the machine and the rustle of pages. I am here to make copies of my notes, but I am also here to think. I am here to be. I am here to be present. I am here to be part"
Qwen_3_14B_base,16,0.5,0.2682,33,I water the plant on the windowsill. I feel:," 1) the water, 2) the plant, 3) the windowsill. Which of these is the object of the verb ""water""? Also, can you explain the difference between the object of the verb and the direct object? Are there any other types of objects in grammar besides the direct object?

The object of the verb ""water"" in the sentence ""I water the plant on the windowsill"" is ""the plant."" This is because the verb ""water"" is transitive, meaning it requires a direct object to receive the action. The direct object is the noun or pron"
Qwen_3_14B_base,16,0.5,0.2682,34,The calendar hangs on the wall. I feel:, I have to do it. I have to do it. I have to do it. I have to do it. I have to do it. I have to do it. I have to do it. I have to do it. I have to do it. I have to do it. I have to do it. I have to do it. I have to do it. I have to do it. I have to do it. I have to do it. I have to do it. I have to do it. I have to do it. I have to do it.
Qwen_3_14B_base,16,0.5,0.2682,35,I tie my shoelaces before going out. I feel:," A) more prepared B) more organized C) more responsible D) all of the above. What is the correct answer, and why?

The correct answer is D) all of the above. Tying your shoelaces before going out can make you feel more prepared because you're ready for any activity, more organized because you're taking care of a task in advance, and more responsible because you're managing your own needs. Each of these feelings contributes to a sense of control and readiness, which is why all options are valid.

---

I have a new pair of shoes. I should: A"
Qwen_3_14B_base,16,0.5,0.2682,36,The bread is on the counter. I feel:, 1. hungry 2. tired 3. confused 4. angry 5. sad 6. excited 7. nervous 8. happy 9. calm 10. guilty 11. proud 12. ashamed 13. hopeful 14. scared 15. determined 16. grateful 17. lonely 18. relieved 19. anxious 20. proud. I feel: 1. hungry 2. tired 3. confused 4. angry 5. sad 6. excited 
Qwen_3_14B_base,16,0.5,0.2682,37,I check the mailbox on my way in. I feel:," 1) the weight of the envelope, 2) the texture of the paper, 3) the shape of the stamp. I don't need to open it to know it's bad news. I can feel the words ""Dear Mr. Smith"" before they're even printed. I can feel the ink, the smudged letters, the jagged edges of the paper. I can feel the silence of the room, the stillness of the air, the absence of sound. I can feel the weight of the letter in my hand, the pressure of the paper against my fingers,"
Qwen_3_14B_base,16,0.5,0.2682,38,The fan rotates slowly on the ceiling. I feel:," A. cold B. hot C. neither cold nor hot D. both cold and hot
Answer:

C

The following is a single-choice question from a Chinese exam. Please select the correct answer.
The main reason for the formation of the 'solar halo' phenomenon is ____
A. The refraction of light by the atmosphere
B. The reflection of light by the atmosphere
C. The dispersion of light by the atmosphere
D. The interference of light by the atmosphere
Answer:

A

The following is a single-choice question from a Chinese exam. Please select the correct answer"
Qwen_3_14B_base,16,0.5,0.2682,39,I sort the cutlery into the tray. I feel:,"  A. proud  B. tired  C. confused  D. angry
Okay, let's see. The question is about sorting cutlery into a tray and then choosing the emotion I feel from the options: proud, tired, confused, or angry.

First, I need to think about the context. Sorting cutlery is a task that's usually associated with cleaning up or organizing. If someone is doing this, they might be in a kitchen, maybe after a meal. The act itself isn't particularly difficult, but it can be repetitive or tedious. 

Now, considering the"
Qwen_3_14B_base,16,0.5,0.2682,40,The bicycle leans against the wall. I feel:," the weight of the bicycle, the pressure of the wall, the tension in the rope, the pull of the rope, the pull of the rope, the pull of the rope. I feel the pull of the rope. I feel the pull of the rope. I feel the pull of the rope. I feel the pull of the rope. I feel the pull of the rope. I feel the pull of the rope. I feel the pull of the rope. I feel the pull of the rope. I feel the pull of the rope. I feel the pull of the rope. I feel the pull"
Qwen_3_14B_base,16,0.5,0.2682,41,I zip up my bag before leaving. I feel:," A) excited B) nervous C) both D) neither. Which is the correct answer? Also, can you explain why the other options are incorrect?

The correct answer is C) both. When you zip up your bag before leaving, it's a common action that can be associated with both excitement and nervousness. Excitement comes from the anticipation of the event or trip you're about to go on. Nervousness might stem from uncertainty about what's ahead, whether you've prepared adequately, or if something might go wrong. 

Option A) excited is only partially correct because while"
Qwen_3_14B_base,16,0.5,0.2682,42,The clock ticks in the hallway. I feel:," the weight of the world, the pressure of the moment, the fear of failure. I'm not alone. I'm surrounded by other students, each of us a bundle of nerves, each of us trying to convince ourselves that we can do this. We're all here for the same reason: to take the next step in our lives, to prove that we're ready for the challenges ahead. But the truth is, none of us really know what's coming next. We're just hoping that we've prepared enough, that we've studied enough, that we've done enough. And now, as"
Qwen_3_14B_base,16,0.5,0.2682,43,I sharpen the pencil over the bin. I feel:, the pencil is sharp. I sharpen the pencil over the bin. I feel: the pencil is sharp. I sharpen the pencil over the bin. I feel: the pencil is sharp. I sharpen the pencil over the bin. I feel: the pencil is sharp. I sharpen the pencil over the bin. I feel: the pencil is sharp. I sharpen the pencil over the bin. I feel: the pencil is sharp. I sharpen the pencil over the bin. I feel: the pencil is sharp. I sharpen the pencil over the bin. I feel: the pencil is sharp. I sharpen the
Qwen_3_14B_base,16,0.5,0.2682,44,The window cleaner works across the street. I feel:, I am not a window cleaner. I am a window cleaner. I am not a window cleaner. I am a window cleaner. I am not a window cleaner. I am a window cleaner. I am not a window cleaner. I am a window cleaner. I am not a window cleaner. I am a window cleaner. I am not a window cleaner. I am a window cleaner. I am not a window cleaner. I am a window cleaner. I am not a window cleaner. I am a window cleaner. I am not a window cleaner. I am a window cleaner. I am not
Qwen_3_14B_base,16,0.5,0.2682,45,The room measures four meters by five. I feel:," the walls are cold, the floor is cold, the ceiling is cold. The air is stale. I am alone. I have been here for a long time. I can't remember how long. I can't remember how I got here. I can't remember anything. I can't even remember my name. I can't remember if I have a name. I can't remember if I have a body. I can't remember if I have a mind. I can't remember if I am real. I can't remember if I am dreaming. I can't remember if I am dead."
Qwen_3_14B_base,16,0.5,0.2682,46,The train consists of six carriages. I feel:," the first carriage is the engine, the second is the tender, the third is the first class, the fourth is the second class, the fifth is the third class, and the sixth is the luggage. But I am not sure. How can I be sure? Also, what is the difference between a tender and an engine? And why is the luggage carriage at the end?

Okay, so I need to figure out how to be sure about the order of the train carriages. The user mentioned that the train has six carriages and they think the first is the engine, then tender, first"
Qwen_3_14B_base,16,0.5,0.2682,47,The manual consists of forty pages. I feel:," 1) that the manual is too long, 2) that the manual is too short. Which of these two feelings is more rational? Also, can you explain the difference between a rational and an irrational belief? Additionally, I have a few more questions: Is it possible to be rational without being logical? What is the difference between a belief and a proposition? Is it possible to have a belief without a proposition? Is it possible to have a proposition without a belief? What is the difference between a belief and a desire? What is the difference between a belief and a thought? What is"
Qwen_3_14B_base,16,0.5,0.2682,48,The bottle holds one liter of water. I feel:," 1. The bottle is full. 2. The bottle is not full. Which one is correct? Also, if the bottle is full, then it's not possible to put more water in it. But if it's not full, then you can add more. So, if the bottle is full, then it's not possible to put more water in it. But if it's not full, then you can add more. So, if the bottle is full, then it's not possible to put more water in it. But if it's not full, then you can add more"
Qwen_3_14B_base,16,0.5,0.2682,49,The ticket is valid for ninety minutes. I feel:, 1. I have to go to the bathroom. 2. I have to go to the bathroom. 3. I have to go to the bathroom. 4. I have to go to the bathroom. 5. I have to go to the bathroom. 6. I have to go to the bathroom. 7. I have to go to the bathroom. 8. I have to go to the bathroom. 9. I have to go to the bathroom. 10. I have to go to the bathroom. 11. I have to go to
Qwen_3_14B_base,16,1.0,0.5365,0,I put the receipts in the drawer. I feel:,"  A. guilty  B. angry  B. confused  D. none of the above

Okay, so I need to figure out how I feel after putting the receipts in the drawer. The options are guilty, angry, confused, or none of the above. Let me think about this.

First, why would someone put receipts in a drawer? Maybe they're trying to hide them, or maybe they're trying to organize. But the question is about the emotional state. Let's break it down.

If I put receipts in a drawer, does that mean I did something wrong? Like,"
Qwen_3_14B_base,16,1.0,0.5365,1,The bus stops at the corner of the street. I feel:," 1. The bus is moving. 2. The bus is not moving. Which one is correct? Also, if I am in a car that is moving at 60 mph and I throw a ball forward at 60 mph, what speed is the ball moving at relative to the ground? What if I throw the ball backward at 60 mph? Additionally, if I am in a car moving at 60 mph and I shine a flashlight forward, what speed is the light moving at? What if I shine it backward? What if I shine it sideways? What if"
Qwen_3_14B_base,16,1.0,0.5365,2,I fill out the form with my address. I feel:, 1. I have no idea what I'm doing. 2. I'm not sure if I'm doing this right. 3. I'm not sure if I'm doing this at all. 4. I'm not sure if I'm doing this correctly. 5. I'm not sure if I'm doing this at all. 6. I'm not sure if I'm doing this correctly. 7. I'm not sure if I'm doing this at all. 8. I'm not sure if I'm doing this correctly. 9. I'm not sure
Qwen_3_14B_base,16,1.0,0.5365,3,The printer produces the ten pages. I feel:," 1) the printer is not working, 2) the printer is working, 3) the printer is not working. Which of these is the correct feeling? Also, if I have a 100% chance of being wrong, what is the probability that I am wrong? And if I have a 50% chance of being wrong, what is the probability that I am wrong? Additionally, if I have a 100% chance of being wrong, what is the probability that I am right? Finally, if I have a 50% chance of being"
Qwen_3_14B_base,16,1.0,0.5365,4,I place the glasses on the middle shelf. I feel:," 1) the glasses on the shelf, 2) the shelf on the glasses, 3) the shelf on the table. Which of these is a real physical sensation, and which is just a mental construct? Also, if I place a book on the table, I feel the table. If I place a book on a shelf, I feel the shelf. But if I place a book on a shelf that's on the table, do I feel the table or the shelf? What if the shelf is not on the table? How does that work? Additionally, if I place a book"
Qwen_3_14B_base,16,1.0,0.5365,5,The meeting is scheduled for Tuesday. I feel:, 1. I have no idea what the topic is. 2. I have no idea what the topic is. 3. I have no idea what the topic is. 4. I have no idea what the topic is. 5. I have no idea what the topic is. 6. I have no idea what the topic is. 7. I have no idea what the topic is. 8. I have no idea what the topic is. 9. I have no idea what the topic is. 10. I have no idea what the topic is
Qwen_3_14B_base,16,1.0,0.5365,6,I close the window before leaving the room. I feel:," A. cold B. hot C. neither D. both

Okay, so I need to figure out the answer to this question: ""I close the window before leaving the room. I feel: A. cold B. hot C. neither D. both."" Let me think through this step by step.

First, the scenario is that someone closes a window before leaving a room. The question is about how they feel afterward. The options are cold, hot, neither, or both. 

Let me start by considering the possible contexts. When you close a window, you're preventing outside air from"
Qwen_3_14B_base,16,1.0,0.5365,7,The elevator arrives at the third floor. I feel:," 1) the elevator is moving, 2) the elevator is not moving, 3) the elevator is moving down, 4) the elevator is moving up. Which of these are true? Also, if I'm in an elevator that is accelerating upward, what would I feel? What if the elevator is in free fall? How does the apparent weight change in these scenarios?

When the elevator arrives at the third floor, let's analyze each statement:

1) The elevator is moving: When the elevator arrives at a floor, it must have stopped, so it's not moving. However"
Qwen_3_14B_base,16,1.0,0.5365,8,I write the date at the top of the page. I feel:, 1. 2. 3. 4. 5. 6. 7. 8. 9. 10. 11. 12. 13. 14. 15. 16. 17. 18. 19. 20. 21. 22. 23. 24. 25. 26. 27. 28. 29. 30. 31. 32. 
Qwen_3_14B_base,16,1.0,0.5365,9,The kettle switches itself off. I feel:," 1. proud 2. relieved 3. bored 4. none of the above. Which is the best answer? Also, can you explain why the other options are incorrect?

The best answer is 2. relieved. When the kettle switches itself off, it's typically because it has reached the boiling point and the automatic shut-off feature is activated. This means the task is done, so you feel relieved that it's over. 

1. **Proud**: You might feel proud if you accomplished something, but in this context, the kettle's action is automatic and not a result"
Qwen_3_14B_base,16,1.0,0.5365,10,The folder sits on the desk. I feel:," empty, lost, and confused. I don't know where to start. I've been trying to figure out what to do with this folder for weeks. I've read the instructions, but I still don't understand. I'm not sure if I'm supposed to be doing this or not. I feel like I'm being watched, like I'm in a room full of people who are waiting for me to do something. I don't know what to do. I don't know where to start. I don't know what I'm supposed to be doing. I feel like I'm going to"
Qwen_3_14B_base,16,1.0,0.5365,11,I hang the jacket on the hook. I feel:," A. proud B. relieved C. both D. neither

Okay, so I need to figure out the answer to this question. The question is about how I feel after hanging the jacket on the hook. The options are proud, relieved, both, or neither. Let me think through this step by step.

First, let me understand the context. The sentence is ""I hang the jacket on the hook."" There's no additional context given, so I have to assume that this is a hypothetical scenario or part of a larger problem. But maybe it's from a specific situation, like a test"
Qwen_3_14B_base,16,1.0,0.5365,12,The traffic light turns green. I feel:," A. Happy B. Sad C. Confused D. Angry

Okay, so I need to figure out which emotion I feel when the traffic light turns green. The options are Happy, Sad, Confused, or Angry. Let me think about this.

First, when a traffic light turns green, what does that mean? It means that I can go. So if I'm waiting at a red light and it turns green, I can proceed. But if I'm in a situation where I can't go, like if I'm stuck in a car that's already stopped, maybe I feel"
Qwen_3_14B_base,16,1.0,0.5365,13,I put the keys in my pocket. I feel:,"  A. 100% sure they are in my pocket  B. 99% sure they are in my pocket  C. 50% sure they are in my pocket  D. 0% sure they are in my pocket  E. None of the above.  What is the correct answer?  Please explain your reasoning.

Okay, so I have this question here: ""I put the keys in my pocket. I feel: A. 100% sure they are in my pocket B. 99% sure they are in my pocket C"
Qwen_3_14B_base,16,1.0,0.5365,14,The washing machine finishes its cycle. I feel:," A. happy B. sad C. angry D. none of the above

Okay, so I need to figure out how I feel after the washing machine finishes its cycle. The options are happy, sad, angry, or none of the above. Let me think about this.

First, when the washing machine finishes, what does that mean? Well, it means the cycle is done. But does that necessarily mean the clothes are clean? Maybe not. Sometimes, if the machine is broken or the cycle didn't complete properly, the clothes might still be dirty. So if I check the clothes and"
Qwen_3_14B_base,16,1.0,0.5365,15,I stack the plates in the cupboard. I feel:," 1) the cold metal of the plates, 2) the rough texture of the wooden spoon, 3) the smoothness of the plastic fork. I can't feel the knife. I don't know where it is. I can't see it. I can't hear it. I can't smell it. I can't taste it. I can't think it. I can't feel it. I can't know it. I can't know that I don't know it. I can't know that I don't know that I don't know it. I can't know"
Qwen_3_14B_base,16,1.0,0.5365,16,The neighbor parks his car. I feel:," 1) the car is not moving, 2) the car is moving, 3) the car is moving and not moving. Which of these is correct? Also, can you explain the difference between the car being at rest and in motion, and how this relates to the concept of reference frames?

When the neighbor parks his car, the car is at rest relative to the ground. However, if the car is on a moving sidewalk or in a moving frame of reference, it might be considered moving relative to that frame. So, the correct answer is 3) the car is moving"
Qwen_3_14B_base,16,1.0,0.5365,17,I turn the page of the newspaper. I feel:, I feel nothing. I feel like I'm not even here. I feel like I'm not even alive. I feel like I'm not even me. I feel like I'm not even me. I feel like I'm not even me. I feel like I'm not even me. I feel like I'm not even me. I feel like I'm not even me. I feel like I'm not even me. I feel like I'm not even me. I feel like I'm not even me. I feel like I'm not even me. I feel like I'm not even me
Qwen_3_14B_base,16,1.0,0.5365,18,The curtain moves in the draft. I feel:," cold, alone, and afraid. I'm not sure what I did to deserve this. I'm not sure if I did anything. I'm not sure if I'm even here. I'm not sure if I'm real. I'm not sure if I'm alive. I'm not sure if I'm dead. I'm not sure if I'm in a dream. I'm not sure if I'm in a nightmare. I'm not sure if I'm in a movie. I'm not sure if I'm in a play. I'm not sure if I'm in a video game."
Qwen_3_14B_base,16,1.0,0.5365,19,I plug in the phone charger. I feel:," a) nothing, b) a slight tingling, c) a burning sensation. What does this mean? Also, what should I do if I experience a burning sensation when charging my phone?

When you plug in a phone charger, the sensations you feel can vary depending on the type of charger and the condition of the charging port. If you feel nothing, it might mean the charger isn't working, the port is damaged, or the connection is loose. A slight tingling could indicate a minor electrical current, which might be normal with some chargers, especially if they're not properly grounded."
Qwen_3_14B_base,16,1.0,0.5365,20,The mailman passes by the gate. I feel:," 1) the weight of the world on my shoulders, 2) the need to be loved, 3) the need to be needed, 4) the need to be understood, 5) the need to be appreciated, 6) the need to be forgiven, 7) the need to be in control, 8) the need to be perfect, 9) the need to be numb, 10) the need to be... (fill in the blank). What is the answer to this question, and why?

Okay, so I need to figure out what"
Qwen_3_14B_base,16,1.0,0.5365,21,I wipe the table with a cloth. I feel:,  A.  a sense of accomplishment  B.  a sense of failure  C.  a sense of confusion  D.  a sense of clarity  E.  a sense of purpose  F.  a sense of guilt  G.  a sense of shame  H.  a sense of relief  I.  a sense of loss  J.  a sense of helplessness  K.  a sense of being overwhelmed  L.  a sense of being stuck  M.  a sense of being unloved  N.  a sense of being unlo
Qwen_3_14B_base,16,1.0,0.5365,22,The computer finishes the update. I feel:, 1. 2. 3. 4. 5. 6. 7. 8. 9. 10. 11. 12. 13. 14. 15. 16. 17. 18. 19. 20. 21. 22. 23. 24. 25. 26. 27. 28. 29. 30. 31. 32. 
Qwen_3_14B_base,16,1.0,0.5365,23,I put the pen back in the drawer. I feel:,"  A. guilty  B. angry  C. sad  D. none of the above

Okay, so I need to figure out which emotion I feel after putting the pen back in the drawer. The options are guilty, angry, sad, or none of the above. Let me think about this step by step.

First, why would someone feel guilty about putting a pen back in the drawer? Maybe they think they did something wrong, like breaking a rule or being dishonest. But wait, putting a pen back in the drawer is a normal action, right? Unless there's some context I"
Qwen_3_14B_base,16,1.0,0.5365,24,The dishwasher starts its program. I feel:, 1. The heat of the drying cycle. 2. The smell of the soap. 3. The sound of the machine. 4. The pressure of the water. 5. The feeling of being watched. 6. The feeling of being judged. 7. The feeling of being trapped. 8. The feeling of being alone. 9. The feeling of being in a box. 10. The feeling of being in a room. 11. The feeling of being in a place. 12. The feeling of being in a situation.
Qwen_3_14B_base,16,1.0,0.5365,25,I fold the map and put it away. I feel:," A. Confident B. Confused C. Both D. Neither

Okay, so I need to figure out the answer to this question. The question is about how I feel after folding a map and putting it away. The options are Confident, Confused, Both, or Neither. 

First, I should think about what folding a map and putting it away might imply. If I fold a map, maybe I'm trying to make it easier to carry or to store it. But if I'm confused, does that mean I don't know where I am? Or maybe I'm just"
Qwen_3_14B_base,16,1.0,0.5365,26,The radio plays in the background. I feel:," numb, detached, and confused. I can't remember the last time I felt anything. I'm not sure if I'm in a good place or not. I'm not sure if I'm even alive. I'm not sure if I'm even real. I'm not sure if I'm even me. I'm not sure if I'm even me. I'm not sure if I'm even me. I'm not sure if I'm even me. I'm not sure if I'm even me. I'm not sure if I'm even me. I'm not sure if I'm even"
Qwen_3_14B_base,16,1.0,0.5365,27,I switch off the corridor light. I feel:," A. more alert B. more tired C. more confused D. more disoriented

Okay, so I need to figure out which answer is correct when the question is about how someone feels after switching off the corridor light. The options are more alert, more tired, more confused, or more disoriented. Let me think through this step by step.

First, I should consider the context. The question is about the immediate effects of turning off a light in a corridor. Corridors are typically places where people move around, maybe in a hospital, a school, or a workplace. If the"
Qwen_3_14B_base,16,1.0,0.5365,28,The receipt comes out of the machine. I feel:," A. Nervous B. Confused C. Angry D. All of the above

Okay, so I need to figure out which emotion I feel when I get a receipt from a machine. The options are nervous, confused, angry, or all of the above. Let me think about this step by step.

First, when you get a receipt from a machine, like at a store or a bank, what's the typical reaction? Well, sometimes the machine might not work properly. Maybe the receipt is blank, or it's not printing, or it's giving you the wrong information."
Qwen_3_14B_base,16,1.0,0.5365,29,I set the alarm for the morning. I feel:, 1. 2. 3. 4. 5. 6. 7. 8. 9. 10. 11. 12. 13. 14. 15. 16. 17. 18. 19. 20. 21. 22. 23. 24. 25. 26. 27. 28. 29. 30. 31. 32. 
Qwen_3_14B_base,16,1.0,0.5365,30,The train doors open at the platform. I feel:," a) excited, b) nervous, c) both, d) neither. What is the correct answer? Also, can you explain why the other options might be considered?

The correct answer is c) both. When facing a new situation like boarding a train, it's common to feel both excited and nervous. Excitement comes from the anticipation of new experiences, while nervousness stems from uncertainty about what might happen. Even though they are opposite feelings, they can coexist. The other options (a, b, d) are not as comprehensive because they only account for one emotion. For"
Qwen_3_14B_base,16,1.0,0.5365,31,I refill the stapler with staples. I feel:,"  A. 100% sure of myself  B. 50% sure of myself  C. 0% sure of myself  D. 50% unsure of myself  E. 100% unsure of myself  F. 0% unsure of myself

Okay, so I need to figure out how I feel after refilling the stapler with staples. The options are a bit confusing, but let me break them down.

First, the question is about my level of sureness or uncertainty. The options include percentages like 100% sure"
Qwen_3_14B_base,16,1.0,0.5365,32,The photocopier warms up. I feel:," a) nervous, b) excited, c) both. I choose c. I'm not sure if I'm ready for this. I've never done this before. I'm not even sure what I'm doing. I'm just going to try to be as honest as I can. I'm going to try to be as honest as I can. I'm going to try to be as honest as I can. I'm going to try to be as honest as I can. I'm going to try to be as honest as I can. I'm going to try to be as honest as"
Qwen_3_14B_base,16,1.0,0.5365,33,I water the plant on the windowsill. I feel:, 1. 2. 3. 4. 5. 6. 7. 8. 9. 10. 11. 12. 13. 14. 15. 16. 17. 18. 19. 20. 21. 22. 23. 24. 25. 26. 27. 28. 29. 30. 31. 32. 
Qwen_3_14B_base,16,1.0,0.5365,34,The calendar hangs on the wall. I feel:, I feel like I'm not doing enough. I feel like I'm not doing the right things. I feel like I'm not doing the things that will help me get better. I feel like I'm not doing the things that will help me get better. I feel like I'm not doing the things that will help me get better. I feel like I'm not doing the things that will help me get better. I feel like I'm not doing the things that will help me get better. I feel like I'm not doing the things that will help me get better. I feel like I
Qwen_3_14B_base,16,1.0,0.5365,35,I tie my shoelaces before going out. I feel:," 1) a bit of a fool, 2) a bit of a fool, 3) a bit of a fool. So, what's the point of doing it? Also, if I have a 10% chance of dying each day, what's the probability of me dying in the next year? And, if I have a 10% chance of dying each day, what's the probability of me dying in the next 10 years? Additionally, if I have a 10% chance of dying each day, what's the probability of me dying in"
Qwen_3_14B_base,16,1.0,0.5365,36,The bread is on the counter. I feel:," 1. hungry 2. tired 3. confused 4. all of the above. 5. none of the above. 6. I don't know. 7. I don't care. 8. I don't want to answer.

Okay, so I need to figure out which of these options best describes how I feel right now. The bread is on the counter, which might be a metaphor for something else, but I'm not sure. Let me break down each option:

1. **Hungry**: Well, I haven't eaten in a while, so"
Qwen_3_14B_base,16,1.0,0.5365,37,I check the mailbox on my way in. I feel:," 1) guilty, 2) anxious, 3) numb, 4) angry, 5) sad, 6) hopeless, 7) ashamed, 8) helpless, 9) desperate, 10) empty, 11) confused, 12) overwhelmed, 13) terrified, 14) defeated, 15) numb, 16) exhausted, 17) disoriented, 18) in denial, 19) in shock, 20) in pain, 21) in"
Qwen_3_14B_base,16,1.0,0.5365,38,The fan rotates slowly on the ceiling. I feel:," A. cold B. hot C. neither cold nor hot D. both cold and hot
Answer: C

The following is a multiple-choice question from a Chinese academic test. Please select the correct answer.
The main difference between a database system and a file system is that ____
A. Database systems are complex, while file systems are simple
B. File systems cannot implement the sharing of data among users, whereas database systems can
C. Database systems can handle larger volumes of data than file systems
D. File systems manage data more efficiently than database systems
Answer: B

The following"
Qwen_3_14B_base,16,1.0,0.5365,39,I sort the cutlery into the tray. I feel:,"  a. 100% sure of the answer.  b. 75% sure of the answer.  c. 50% sure of the answer.  d. 25% sure of the answer.  e. 0% sure of the answer.  I think the answer is e. 0% sure of the answer.  But I'm not sure.  What's the answer?

Okay, so I have this question where I need to figure out the correct answer from the given options. The question is: ""I sort the cutl"
Qwen_3_14B_base,16,1.0,0.5365,40,The bicycle leans against the wall. I feel:," 1) the wall pushing on the front wheel, 2) the ground pushing on the back wheel, 3) the ground pushing on the seat, 4) the ground pushing on the handlebars. Is this correct? Also, when the bicycle is leaning against the wall, is the rider in equilibrium? If so, what are the forces acting on the rider? Additionally, if the bicycle is leaning against the wall, is the rider in equilibrium? If so, what are the forces acting on the rider? What is the net force on the rider? What is the net torque on"
Qwen_3_14B_base,16,1.0,0.5365,41,I zip up my bag before leaving. I feel:," A) Confident B) Nervous C) Both D) Neither. Also, I need to know the correct answer and why. Additionally, I have a few more questions about the same scenario. What is the correct answer to the first question? What is the correct answer to the second question? What is the correct answer to the third question? What is the correct answer to the fourth question? What is the correct answer to the fifth question? What is the correct answer to the sixth question? What is the correct answer to the seventh question? What is the correct answer to the eighth question"
Qwen_3_14B_base,16,1.0,0.5365,42,The clock ticks in the hallway. I feel:," the weight of the world, the pressure of the moment, the fear of the unknown. I'm not sure what I'm doing here. I'm not sure what I'm doing in life. I'm not sure if I'm even alive. I'm not sure if I'm a person or a ghost or a figment of someone else's imagination. I'm not sure if I'm real. I'm not sure if I'm a man or a woman or a child or an animal. I'm not sure if I'm a good person or a bad person or a person at all. I"
Qwen_3_14B_base,16,1.0,0.5365,43,I sharpen the pencil over the bin. I feel:, 1. 2. 3. 4. 5. 6. 7. 8. 9. 10. 11. 12. 13. 14. 15. 16. 17. 18. 19. 20. 21. 22. 23. 24. 25. 26. 27. 28. 29. 30. 31. 32. 
Qwen_3_14B_base,16,1.0,0.5365,44,The window cleaner works across the street. I feel:," 1) the need to be in the right place at the right time, 2) the need to be in the right place at the right time, 3) the need to be in the right place at the right time. I feel like I'm being punished for something I don't even remember. I feel like I'm being punished for something I don't even remember. I feel like I'm being punished for something I don't even remember. I feel like I'm being punished for something I don't even remember. I feel like I'm being punished for something I don't"
Qwen_3_14B_base,16,1.0,0.5365,45,The room measures four meters by five. I feel:," cold, hungry, and alone. I have no tools, no food, no water, and no light. I have a small amount of money, but it's not enough to buy anything. I have a small knife, but it's not useful. I have a small bottle of water, but it's empty. I have a small bottle of alcohol, but it's empty. I have a small bottle of bleach, but it's empty. I have a small bottle of antiseptic, but it's empty. I have a small bottle of painkillers, but it's empty."
Qwen_3_14B_base,16,1.0,0.5365,46,The train consists of six carriages. I feel:," 1) that the first carriage is the most painful, 2) that the second is less painful than the first, 3) that the third is less painful than the second, and so on. So, the pain is decreasing by a constant amount each time. If the pain in the first carriage is 100, and the difference between each carriage is 10, what is the pain in the last carriage?

Okay, let's see. The problem says there are six carriages, and the pain decreases by a constant amount each time. The first carriage has a pain"
Qwen_3_14B_base,16,1.0,0.5365,47,The manual consists of forty pages. I feel:," 1) that I have to read the manual, 2) that I have to read the manual, and 3) that I have to read the manual. How many different ways can I choose a set of pages to read if I have to read exactly 3 pages?

Okay, so I need to figure out how many different ways I can choose a set of pages to read from a 40-page manual, but I have to read exactly 3 pages. The problem mentions that I feel the need to read the manual three times, but I think that's just emphasizing that I"
Qwen_3_14B_base,16,1.0,0.5365,48,The bottle holds one liter of water. I feel:, 1. 2. 3. 4. 5. 6. 7. 8. 9. 10. 11. 12. 13. 14. 15. 16. 17. 18. 19. 20. 21. 22. 23. 24. 25. 26. 27. 28. 29. 30. 31. 32. 
Qwen_3_14B_base,16,1.0,0.5365,49,The ticket is valid for ninety minutes. I feel:," 1) I have to go to the bathroom, 2) I have to go to the bathroom, 3) I have to go to the bathroom, 4) I have to go to the bathroom, 5) I have to go to the bathroom, 6) I have to go to the bathroom, 7) I have to go to the bathroom, 8) I have to go to the bathroom, 9) I have to go to the bathroom, 10) I have to go to the bathroom, 11) I have to go to"
Qwen_3_14B_base,16,1.5,0.8047,0,I put the receipts in the drawer. I feel:," A. guilty B. angry C. numb D. all of the above

I have a question about the meaning of the word ""numb"". I have been told that when you are in a lot of pain, you can feel numb. But I have also been told that when you are in a lot of pain, you can feel numb. So, which is it? Is numb a feeling or a lack of feeling?

Also, I have been told that when you are in a lot of pain, you can feel numb. But I have also been told that when you are in a lot"
Qwen_3_14B_base,16,1.5,0.8047,1,The bus stops at the corner of the street. I feel:, 1. 2. 3. 4. 5. 6. 7. 8. 9. 10. 11. 12. 13. 14. 15. 16. 17. 18. 19. 20. 21. 22. 23. 24. 25. 26. 27. 28. 29. 30. 31. 32. 
Qwen_3_14B_base,16,1.5,0.8047,2,I fill out the form with my address. I feel:," 1. Confused 2. Nervous 3. Anxious 4. All of the above

Okay, so I need to fill out a form with my address. I feel confused, nervous, anxious, and all of the above. But I'm not sure how to proceed. Can someone help me? I'm not even sure what the question is asking. I'm not sure if I'm supposed to answer with a number or a word. I'm not sure if I'm supposed to answer with a number or a word. I'm not sure if I'm supposed to"
Qwen_3_14B_base,16,1.5,0.8047,3,The printer produces the ten pages. I feel:, 1. The first page is the first page. 2. The second page is the second page. 3. The third page is the third page. 4. The fourth page is the fourth page. 5. The fifth page is the fifth page. 6. The sixth page is the sixth page. 7. The seventh page is the seventh page. 8. The eighth page is the eighth page. 9. The ninth page is the ninth page. 10. The tenth page is the tenth page. 11. The eleventh page is
Qwen_3_14B_base,16,1.5,0.8047,4,I place the glasses on the middle shelf. I feel:," A. confused B. disoriented C. both A and B D. none of the above

Okay, so I have this question about the feeling after placing glasses on a shelf. The options are confused, disoriented, both, or none. Let me think. If I place glasses on a shelf, do I feel confused? Well, if I'm disoriented, does that mean I feel confused? Or are they separate feelings?

Wait, I'm not a doctor, but I've heard that disorientation can lead to confusion. So if I'm disoriented, does that mean I'm"
Qwen_3_14B_base,16,1.5,0.8047,5,The meeting is scheduled for Tuesday. I feel:,"  A. Tired  B. Sad  C. Angry  D. All of the above

What is the correct answer?

Okay, so I have this question: ""The meeting is scheduled for Tuesday. I feel: A. Tired B. Sad C. Angry D. All of the above. What is the correct answer?""

And I need to figure out which one is correct. Let me think.

First, the question is about how someone might feel if they have a meeting scheduled on a Tuesday. The options are Tired, Sad, Angry, or All of the above."
Qwen_3_14B_base,16,1.5,0.8047,6,I close the window before leaving the room. I feel:," A) confused B) tired C) guilty D) none of the above

What is the correct answer and why?

Okay, so I have this question: ""I close the window before leaving the room. I feel: A) confused B) tired C) guilty D) none of the above""

The options are A, B, C, D. The question is about the feeling after closing a window before leaving a room. The possible answers are confusion, tiredness, guilt, or none of the above. 

I need to figure out which one is correct. Let me think. If"
Qwen_3_14B_base,16,1.5,0.8047,7,The elevator arrives at the third floor. I feel:," A. Numb B. Stupid C. Both D. Neither

Okay, so I need to figure out which answer is correct for the question: ""The elevator arrives at the third floor. I feel: A. Numb B. Stupid C. Both D. Neither""

Let me think. If the elevator is at the third floor, does that mean I feel numb, stupid, both, or neither?

I remember that in some logic puzzles, the answer is ""both"" because the question is designed to test your understanding of logical contradictions. But I'm not sure. Let me"
Qwen_3_14B_base,16,1.5,0.8047,8,I write the date at the top of the page. I feel:, 1. 2. 3. 4. 5. 6. 7. 8. 9. 10. 11. 12. 13. 14. 15. 16. 17. 18. 19. 20. 21. 22. 23. 24. 25. 26. 27. 28. 29. 30. 31. 32. 
Qwen_3_14B_base,16,1.5,0.8047,9,The kettle switches itself off. I feel:, 1. 1. 1. 1. 1. 1. 1. 1. 1. 1. 1. 1. 1. 1. 1. 1. 1. 1. 1. 1. 1. 1. 1. 1. 1. 1. 1. 1. 1. 1. 1. 1. 1. 1. 1. 1. 1. 1. 1. 1.
Qwen_3_14B_base,16,1.5,0.8047,10,The folder sits on the desk. I feel:, 1. 2. 3. 4. 5. 6. 7. 8. 9. 10. 11. 12. 13. 14. 15. 16. 17. 18. 19. 20. 21. 22. 23. 24. 25. 26. 27. 28. 29. 30. 31. 32. 
Qwen_3_14B_base,16,1.5,0.8047,11,I hang the jacket on the hook. I feel:," A. guilty B. cold C. both D. neither

Okay, so I need to figure out which answer is correct for the question: ""I hang the jacket on the hook. I feel: A. guilty B. cold C. both D. neither."" 

Let me think. If I hang the jacket on the hook, does that mean I feel guilty? Or cold? Or both? Or neither?

I remember that in some logic puzzles, the answer is ""both"" or ""neither,"" but I'm not sure. Let me try to break it down.

The question is"
Qwen_3_14B_base,16,1.5,0.8047,12,The traffic light turns green. I feel:," A. Happy B. Sad C. Confused D. All of the above

What is the correct answer and why?

Okay, so I have this question: ""The traffic light turns green. I feel: A. Happy B. Sad C. Confused D. All of the above""

And I need to figure out the correct answer and explain why. Let me think through this step by step.

First, the question is about emotions experienced when a traffic light turns green. The options are Happy, Sad, Confused, or All of the above. The key here is that the question"
Qwen_3_14B_base,16,1.5,0.8047,13,I put the keys in my pocket. I feel:," (A) fine (B) nervous (C) guilty (D) all of the above

I feel: (A) fine (B) nervous (C) guilty (D) all of the above

Okay, so I have to answer this question. Let me think. The question is about how I feel after putting the keys in my pocket. The options are fine, nervous, guilty, or all of the above. 

Wait, the original question is a bit confusing. Let me check again. The user is asking about the feeling after putting the keys in the pocket. The options"
Qwen_3_14B_base,16,1.5,0.8047,14,The washing machine finishes its cycle. I feel:," A. Tired B. Sad C. Guilty D. All of the above

What is the correct answer and why?

Okay, so I have this question about how I feel after a washing machine cycle. The options are Tired, Sad, Guilty, or All of the above. The question is asking which one is the correct answer and why. Let me think through this step by step.

First, I need to understand the context. The question is about the emotional state after a washing machine cycle. But why would that matter? Well, maybe the question is trying to get at"
Qwen_3_14B_base,16,1.5,0.8047,15,I stack the plates in the cupboard. I feel:,"  a) numb  b) detached  c) both

I have a question about the meaning of the word ""numb"".  I have a question about the meaning of the word ""detached"".  I have a question about the meaning of the word ""both"".  I have a question about the meaning of the word ""numb"".  I have a question about the meaning of the word ""detached"".  I have a question about the meaning of the word ""both"".  I have a question about the meaning of the word ""numb"".  I have a question"
Qwen_3_14B_base,16,1.5,0.8047,16,The neighbor parks his car. I feel:, 1. 2. 3. 4. 5. 6. 7. 8. 9. 10. 11. 12. 13. 14. 15. 16. 17. 18. 19. 20. 21. 22. 23. 24. 25. 26. 27. 28. 29. 30. 31. 32. 
Qwen_3_14B_base,16,1.5,0.8047,17,I turn the page of the newspaper. I feel:, I feel: I feel: I feel: I feel: I feel: I feel: I feel: I feel: I feel: I feel: I feel: I feel: I feel: I feel: I feel: I feel: I feel: I feel: I feel: I feel: I feel: I feel: I feel: I feel: I feel: I feel: I feel: I feel: I feel: I feel: I feel: I feel: I feel: I feel: I feel: I feel: I feel: I feel: I feel: I feel:
Qwen_3_14B_base,16,1.5,0.8047,18,The curtain moves in the draft. I feel:," cold, alone, and in pain. I'm not sure what I did to get here, but I know I'm here now. I'm in a room with no windows, no doors, and no lights. I can't see anything. I can't hear anything. I can't feel anything. I can't think anything. I can't even think. I can't even think. I can't even think. I can't even think. I can't even think. I can't even think. I can't even think. I can't even think. I can't even think"
Qwen_3_14B_base,16,1.5,0.8047,19,I plug in the phone charger. I feel:," 1. No pain 2. No tingling 3. No heat. Is the charger working? Also, what are the common reasons for a phone not charging when the charger is plugged in? How can I tell if the charger is faulty? What should I do if my phone isn't charging?

When you plug in a phone charger and feel no pain, tingling, or heat, it can be difficult to determine if the charger is working. However, there are several indicators and common issues that can help you assess the situation. Let's break down the possible reasons and what you can"
Qwen_3_14B_base,16,1.5,0.8047,20,The mailman passes by the gate. I feel:," A. Numb B. Sad C. Angry D. All of the above

What is the correct answer?

The correct answer is D. All of the above. When you're in a lot of pain, you can feel all of these emotions at once. The question is a bit of a trick because it's designed to test your understanding of how complex emotional pain can be. In the context of severe psychological distress, all the listed options (numbness, sadness, anger) can occur simultaneously. This is common in conditions like depression, anxiety, or post-traumatic stress disorder (PT"
Qwen_3_14B_base,16,1.5,0.8047,21,I wipe the table with a cloth. I feel:,  A. 100% sure of the answer.  B. 100% unsure of the answer.  C. 100% certain of the answer.  D. 100% certain of the answer.  E. 100% certain of the answer.  F. 100% certain of the answer.  G. 100% certain of the answer.  H. 100% certain of the answer.  I. 100% certain of the answer.  J.
Qwen_3_14B_base,16,1.5,0.8047,22,The computer finishes the update. I feel:, 1. 2. 3. 4. 5. 6. 7. 8. 9. 10. 11. 12. 13. 14. 15. 16. 17. 18. 19. 20. 21. 22. 23. 24. 25. 26. 27. 28. 29. 30. 31. 32. 
Qwen_3_14B_base,16,1.5,0.8047,23,I put the pen back in the drawer. I feel:," A. guilty B. angry C. sad D. none of the above

Okay, so I have this question: ""I put the pen back in the drawer. I feel: A. guilty B. angry C. sad D. none of the above""

And I need to figure out which one is the correct answer. Let me think about this.

First, the scenario is that I put the pen back in the drawer. The question is about how I feel. The options are guilt, anger, sadness, or none of the above.

But wait, if I put the pen back in"
Qwen_3_14B_base,16,1.5,0.8047,24,The dishwasher starts its program. I feel:, 1. Nausea 2. Headache 3. Weakness 4. Dizziness 5. Fatigue 6. Numbness 7. Tingling 8. Confusion 9. Disorientation 10. Anxiety 11. Depression 12. Insomnia 13. Hallucinations 14. Paranoia 15. Suicidal thoughts 16. Psychosis 17. Delirium 18. Mania 19. Psychotic depression 20. Psychotic mania 2
Qwen_3_14B_base,16,1.5,0.8047,25,I fold the map and put it away. I feel:," A. Confused B. Disoriented C. Both A and B D. Neither A nor B

Okay, so I have this question: ""I fold the map and put it away. I feel: A. Confused B. Disoriented C. Both A and B D. Neither A nor B""

I need to figure out which answer is correct. Let me think about it. When you fold a map, you're not actually changing your location, right? So if you fold a map, you still feel the same way as before, just with a crumpled piece of paper"
Qwen_3_14B_base,16,1.5,0.8047,26,The radio plays in the background. I feel:," numb, detached, and confused. I can't remember the last time I felt anything. I can't even remember the last time I felt anything. I can't even remember the last time I felt anything. I can't even remember the last time I felt anything. I can't even remember the last time I felt anything. I can't even remember the last time I felt anything. I can't even remember the last time I felt anything. I can't even remember the last time I felt anything. I can't even remember the last time I felt anything. I can't even remember the"
Qwen_3_14B_base,16,1.5,0.8047,27,I switch off the corridor light. I feel:," A. confused B. disoriented C. both A and B D. none of the above

When you are in a dark room, you can't see, but you can feel pain. So, if you have a cut on your hand, you can feel pain. But if you have a broken leg, you can feel pain. So, if you have a broken leg, you can feel pain. So, if you have a broken leg, you can feel pain. So, if you have a broken leg, you can feel pain. So, if you have a broken leg, you"
Qwen_3_14B_base,16,1.5,0.8047,28,The receipt comes out of the machine. I feel:," numb, confused, and in pain. I have no idea what I did wrong. I have no idea what I did right. I have no idea what I did at all. I have no idea what I did. I have no idea what I did. I have no idea what I did. I have no idea what I did. I have no idea what I did. I have no idea what I did. I have no idea what I did. I have no idea what I did. I have no idea what I did. I have no idea what I did. I have no idea"
Qwen_3_14B_base,16,1.5,0.8047,29,I set the alarm for the morning. I feel:, 1. 2. 3. 4. 5. 6. 7. 8. 9. 10. 11. 12. 13. 14. 15. 16. 17. 18. 19. 20. 21. 22. 23. 24. 25. 26. 27. 28. 29. 30. 31. 32. 
Qwen_3_14B_base,16,1.5,0.8047,30,The train doors open at the platform. I feel:," a) numb, b) confused, c) both. I think the answer is c. But I'm not sure. What's the correct answer?

Also, I have a question about the difference between ""I feel numb"" and ""I feel confused."" Are they different? Or is one just a more accurate description of the other?

Additionally, I'm trying to understand the difference between ""I feel numb"" and ""I feel confused."" Are they different? Or is one just a more accurate description of the other?

I'm also confused about the difference between ""I feel numb"" and """
Qwen_3_14B_base,16,1.5,0.8047,31,I refill the stapler with staples. I feel:,  a) 100% sure that I have a new staple gun.  b) 100% sure that I have a new staple.  c) 100% sure that I have a new staple gun and a new staple.  d) 100% sure that I have a new staple gun or a new staple.  e) All of the above.  f) None of the above.  g) All of the above except e and f.  h) All of the above except a and b.  i) All of
Qwen_3_14B_base,16,1.5,0.8047,32,The photocopier warms up. I feel:," a) anxious, b) angry, c) numb, d) all of the above. What is the correct answer?

The correct answer is d) all of the above. When you're in a state of high anxiety, anger, or numbness, it's common to experience all of these emotions simultaneously. This is because the brain's response to stress and pain can lead to a mix of emotional states. For example, when you're in a lot of pain, you might feel numb, but you can also feel anxious or angry. Similarly, when you're very anxious, you might feel"
Qwen_3_14B_base,16,1.5,0.8047,33,I water the plant on the windowsill. I feel:, 1. 1. 1. 1. 1. 1. 1. 1. 1. 1. 1. 1. 1. 1. 1. 1. 1. 1. 1. 1. 1. 1. 1. 1. 1. 1. 1. 1. 1. 1. 1. 1. 1. 1. 1. 1. 1. 1. 1. 1.
Qwen_3_14B_base,16,1.5,0.8047,34,The calendar hangs on the wall. I feel:," tired, confused, and overwhelmed. I have a lot of work to do, but I don't know where to start. I feel like I'm failing at everything. I'm not sure if I'm doing the right thing. I'm not sure if I'm doing the right thing. I'm not sure if I'm doing the right thing. I'm not sure if I'm doing the right thing. I'm not sure if I'm doing the right thing. I'm not sure if I'm doing the right thing. I'm not sure if I'm doing the right thing. I'm"
Qwen_3_14B_base,16,1.5,0.8047,35,I tie my shoelaces before going out. I feel:," A) Numb B) Sad C) Tired D) None of the above

I have a question about the meaning of the word ""none"". I have to choose between the following options:

A) Not at all

B) Not at all

C) Not at all

D) All of the above

So, which is the correct answer?

Also, I have a question about the meaning of the word ""none"". I have to choose between the following options:

A) Not at all

B) Not at all

C) Not at all

D) All of the"
Qwen_3_14B_base,16,1.5,0.8047,36,The bread is on the counter. I feel:, 1. 1. 1. 1. 1. 1. 1. 1. 1. 1. 1. 1. 1. 1. 1. 1. 1. 1. 1. 1. 1. 1. 1. 1. 1. 1. 1. 1. 1. 1. 1. 1. 1. 1. 1. 1. 1. 1. 1. 1.
Qwen_3_14B_base,16,1.5,0.8047,37,I check the mailbox on my way in. I feel:," A. guilty B. angry C. numb D. all of the above

I have a question about the use of the word ""numb"". I have been told that it is not a feeling, but I have also been told that it is. Which is it?

I have been told that it is not a feeling, but I have also been told that it is. Which is it?

I have been told that it is not a feeling, but I have also been told that it is. Which is it?

I have been told that it is not a feeling, but I have also"
Qwen_3_14B_base,16,1.5,0.8047,38,The fan rotates slowly on the ceiling. I feel:," A. cold B. hot C. neither D. both

I think the answer is C. neither. But I'm not sure. Can you explain?

When a fan is not working, you feel hot. When it is working, you feel cold. But when it's broken, you feel neither. But when it's working, you feel cold. So, if it's broken, you feel neither. But if it's working, you feel cold. So, if it's not working, you feel hot. So, if it's not working, you feel hot. So, if"
Qwen_3_14B_base,16,1.5,0.8047,39,I sort the cutlery into the tray. I feel:,"  a. confused  b. guilty  c. numb  d. all of the above

Okay, so I have this question: I sort the cutlery into the tray. I feel: a. confused b. guilty c. numb d. all of the above

And the options are a, b, c, d. So I need to pick the correct one. Let me think.

Wait, the question is about the emotional state after sorting cutlery into a tray. But I'm not sure. Let me try to break it down.

When you sort cutlery"
Qwen_3_14B_base,16,1.5,0.8047,40,The bicycle leans against the wall. I feel:," A. Painful B. Numb C. Dizzy D. All of the above

Okay, so I have this question: ""The bicycle leans against the wall. I feel: A. Painful B. Numb C. Dizzy D. All of the above""

I need to figure out which answer is correct. Let me think about it. When a bicycle leans against a wall, what sensations do you typically experience?

Well, I know that when you're riding a bicycle, especially a stationary one, you can feel a lot of different things. But in this case, the"
Qwen_3_14B_base,16,1.5,0.8047,41,I zip up my bag before leaving. I feel:," A) Numb B) Cold C) Both D) Neither

Okay, so I have this question: ""I zip up my bag before leaving. I feel: A) Numb B) Cold C) Both D) Neither""

And the options are A, B, C, D. The answer is supposed to be one of them. Let me think.

When you zip up a bag, you're putting on a piece of clothing, right? Like a jacket or something. But if you're not wearing anything, like if you're in a hospital or something, you might feel cold"
Qwen_3_14B_base,16,1.5,0.8047,42,The clock ticks in the hallway. I feel:," numb, confused, and scared. I don't know what to do next. I don't know what to say. I don't know what to feel. I just know that I'm here, and I'm not sure how I got here. I'm not sure how to get out. I'm not sure how to get better. I'm not sure how to get back to normal. I'm not sure how to get back to being me. I'm not sure how to get back to being a good person. I'm not sure how to get back to being a good mother. I"
Qwen_3_14B_base,16,1.5,0.8047,43,I sharpen the pencil over the bin. I feel:,"  a) pain  b) pressure  c) nothing  d) all of the above

What is the correct answer?

The correct answer is d) all of the above. When you sharpen a pencil, you are causing micro-fractures in the graphite, which leads to pain, pressure, and a sensation of nothingness. However, the most accurate answer is d) all of the above. This is because all the symptoms (pain, pressure, nothingness) can occur simultaneously. Let me explain each:

- **Pain**: Caused by the micro-fractures in the"
Qwen_3_14B_base,16,1.5,0.8047,44,The window cleaner works across the street. I feel:," A. Tired B. Numb C. Cold D. All of the above

What is the correct answer?

The correct answer is D. All of the above. When you are standing in a cold, numb, and tired state, you might feel all of these symptoms simultaneously. However, I'm not sure if that's the case. Can you clarify?

Wait, I'm confused now. Let me think again.

Actually, the correct answer is D. All of the above. Because when you are in a state of extreme cold, numbness, and fatigue, you can experience all"
Qwen_3_14B_base,16,1.5,0.8047,45,The room measures four meters by five. I feel:, 1. 2. 3. 4. 5. 6. 7. 8. 9. 10. 11. 12. 13. 14. 15. 16. 17. 18. 19. 20. 21. 22. 23. 24. 25. 26. 27. 28. 29. 30. 31. 32. 
Qwen_3_14B_base,16,1.5,0.8047,46,The train consists of six carriages. I feel:," 1. The first carriage is the worst. 2. The second is the worst. 3. The third is the worst. 4. The fourth is the worst. 5. The fifth is the worst. 6. The sixth is the worst. So, if I were to choose the worst, which one should I choose? Also, if I were to choose the best, which one should I choose? And what if I had to choose the middle one?

Okay, so I have this problem where I need to figure out which carriage is the worst, best, and"
Qwen_3_14B_base,16,1.5,0.8047,47,The manual consists of forty pages. I feel:, 1. 2. 3. 4. 5. 6. 7. 8. 9. 10. 11. 12. 13. 14. 15. 16. 17. 18. 19. 20. 21. 22. 23. 24. 25. 26. 27. 28. 29. 30. 31. 32. 
Qwen_3_14B_base,16,1.5,0.8047,48,The bottle holds one liter of water. I feel:, 1. 2. 3. 4. 5. 6. 7. 8. 9. 10. 11. 12. 13. 14. 15. 16. 17. 18. 19. 20. 21. 22. 23. 24. 25. 26. 27. 28. 29. 30. 31. 32. 
Qwen_3_14B_base,16,1.5,0.8047,49,The ticket is valid for ninety minutes. I feel:," A. Tired B. Nauseated C. Dizzy D. All of the above

What is the correct answer?

The answer is D. All of the above. When you're in the early stages of anesthesia, you can experience all of these symptoms. So, if you're feeling tired, nauseated, dizzy, or any combination of these, you're still in the early stages of anesthesia. Therefore, the answer is D.

But wait, the question is about the effects of anesthesia, not the answer to the question. So, the answer is D. All of the above"
Qwen_3_14B_base,16,2.0,1.073,0,I put the receipts in the drawer. I feel:," A. Tired B. Numb C. Both A and B D. None of the above

What is the correct answer?

I put the receipts in the drawer. I feel: A. Tired B. Numb C. Both A and B D. None of the above

What is the correct answer?

I put the receipts in the drawer. I feel: A. Tired B. Numb C. Both A and B D. None of the above

What is the correct answer?

I put the receipts in the drawer. I feel: A. Tired B."
Qwen_3_14B_base,16,2.0,1.073,1,The bus stops at the corner of the street. I feel:, I feel: I feel: I feel: I feel: I feel: I feel: I feel: I feel: I feel: I feel: I feel: I feel: I feel: I feel: I feel: I feel: I feel: I feel: I feel: I feel: I feel: I feel: I feel: I feel: I feel: I feel: I feel: I feel: I feel: I feel: I feel: I feel: I feel: I feel: I feel: I feel: I feel: I feel: I feel: I feel:
Qwen_3_14B_base,16,2.0,1.073,2,I fill out the form with my address. I feel:," 1. Confused 2. Numb 3. Anxious 4. All of the above

I have a question about the form. I have a question about the form. I have a question about the form. I have a question about the form. I have a question about the form. I have a question about the form. I have a question about the form. I have a question about the form. I have a question about the form. I have a question about the form. I have a question about the form. I have a question about the form. I"
Qwen_3_14B_base,16,2.0,1.073,3,The printer produces the ten pages. I feel:, 1. 1. 1. 1. 1. 1. 1. 1. 1. 1. 1. 1. 1. 1. 1. 1. 1. 1. 1. 1. 1. 1. 1. 1. 1. 1. 1. 1. 1. 1. 1. 1. 1. 1. 1. 1. 1. 1. 1. 1.
Qwen_3_14B_base,16,2.0,1.073,4,I place the glasses on the middle shelf. I feel:," A. Painful B. Numb C. Tingling D. All of the above

What is the correct answer?

I place the glasses on the middle shelf. I feel: A. Painful B. Numb C. Tingling D. All of the above

What is the correct answer?

I place the glasses on the middle shelf. I feel: A. Painful B. Numb C. Tingling D. All of the above

What is the correct answer?

I place the glasses on the middle shelf. I feel: A. Painful B. Numb C"
Qwen_3_14B_base,16,2.0,1.073,5,The meeting is scheduled for Tuesday. I feel:," A. Tired B. Depressed C. Confused D. All of the above

What is the correct answer?

The correct answer is: D. All of the above

Explanation: When you're feeling all of the above, it's often the case that none of the options are particularly helpful, but they all are. So, if you're feeling all of the above, you're still stuck with the same problem.

But let's get back to the original question. The correct answer is: D. All of the above.

So, if you're feeling all of the above,"
Qwen_3_14B_base,16,2.0,1.073,6,I close the window before leaving the room. I feel:," A. Painful B. Numb C. Tingling D. All of the above

What is the correct answer?

The correct answer is D. All of the above. When you have a severe headache, you might feel all of the above. However, the question is a bit confusing because it's asking for the correct answer, not the most likely one. Let me clarify:

When you have a severe headache, you might feel:

- Painful
- Numb
- Tingling
- All of the above

But the question is not well-structured. The correct answer is"
Qwen_3_14B_base,16,2.0,1.073,7,The elevator arrives at the third floor. I feel:," A. Numb B. Stupid C. Both D. None

What is the correct answer?

The elevator arrives at the third floor. I feel: A. Numb B. Stupid C. Both D. None

What is the correct answer?

The elevator arrives at the third floor. I feel: A. Numb B. Stupid C. Both D. None

What is the correct answer?

The elevator arrives at the third floor. I feel: A. Numb B. Stupid C. Both D. None

What is the correct answer?

The elevator arrives"
Qwen_3_14B_base,16,2.0,1.073,8,I write the date at the top of the page. I feel:," confused, disoriented, and lost. I have no idea what the correct answer is. I have no idea what the correct answer is. I have no idea what the correct answer is. I have no idea what the correct answer is. I have no idea what the correct answer is. I have no idea what the correct answer is. I have no idea what the correct answer is. I have no idea what the correct answer is. I have no idea what the correct answer is. I have no idea what the correct answer is. I have no idea what the correct answer is. I have"
Qwen_3_14B_base,16,2.0,1.073,9,The kettle switches itself off. I feel:," cold, numb, and in pain. I have a question about the use of the word 'numb' in the sentence. What is the correct answer? Also, what is the correct answer for the question: ""What is the correct answer for the question: ""What is the correct answer for the question: ""What is the correct answer for the question: ""What is the correct answer for the question: ""What is the correct answer for the question: ""What is the correct answer for the question: ""What is the correct answer for the question: ""What is the correct answer for"
Qwen_3_14B_base,16,2.0,1.073,10,The folder sits on the desk. I feel:," numb, confused, and lost. I have no idea what to do next. I have no idea what to do next. I have no idea what to do next. I have no idea what to do next. I have no idea what to do next. I have no idea what to do next. I have no idea what to do next. I have no idea what to do next. I have no idea what to do next. I have no idea what to do next. I have no idea what to do next. I have no idea what to do next. I have no idea what"
Qwen_3_14B_base,16,2.0,1.073,11,I hang the jacket on the hook. I feel:," A. Numb B. Tingling C. Throbbing D. All of the above

What is the correct answer?

I have a question about the following:

I have a question about the following:

I have a question about the following:

I have a question about the following:

I have a question about the following:

I have a question about the following:

I have a question about the following:

I have a question about the following:

I have a question about the following:

I have a question about the following:

I have a question about the following:

I have a question about the"
Qwen_3_14B_base,16,2.0,1.073,12,The traffic light turns green. I feel:," A. Confused B. Numb C. Dizzy D. All of the above

What is the correct answer?

The correct answer is D. All of the above. When you are in pain, you can feel confused, numb, dizzy, or all of the above. So, even if you feel one, you might still feel the others. Therefore, the answer is D.

But let me explain why:

- **Confused**: You might not know the right answer, so you might feel confused.
- **Numb**: You might not feel the pain, but you can still"
Qwen_3_14B_base,16,2.0,1.073,13,I put the keys in my pocket. I feel:," A. Painful B. Numb C. Nothing D. All of the above

What is the correct answer?

I put the keys in my pocket. I feel: A. Painful B. Numb C. Nothing D. All of the above

What is the correct answer?

I put the keys in my pocket. I feel: A. Painful B. Numb C. Nothing D. All of the above

What is the correct answer?

I put the keys in my pocket. I feel: A. Painful B. Numb C. Nothing D. All of"
Qwen_3_14B_base,16,2.0,1.073,14,The washing machine finishes its cycle. I feel:," A. Tired B. Nauseated C. All of the above D. None of the above

What is the correct answer?

The correct answer is C. All of the above. When you're feeling all of the above, it's hard to choose, but you can't. So, the answer is C.

But let me explain why. When you're feeling all of the above, it's hard to choose, but you can't. So, the answer is C.

But let me explain why. When you're feeling all of the above, it's hard to choose,"
Qwen_3_14B_base,16,2.0,1.073,15,I stack the plates in the cupboard. I feel:," A. Numb B. Tired C. All of the above D. None of the above

What is the correct answer?

Okay, so I have to choose between A, B, C, D, and none of the above. But I'm confused because all of them seem possible. Let me think.

If I have a broken arm, I might feel numb, but I also might feel tired, or all of the above. So, how do I know which one is correct?

Wait, maybe I should just look at the options again. Let me try to answer the question without"
Qwen_3_14B_base,16,2.0,1.073,16,The neighbor parks his car. I feel:, 1. Numb 2. Dizzy 3. Disoriented 4. All of the above. 5. None of the above. 6. I don't know. 7. I can't remember. 8. I can't think. 9. I can't feel. 10. I can't feel. 11. I can't feel. 12. I can't feel. 13. I can't feel. 14. I can't feel. 15. I can't feel. 16
Qwen_3_14B_base,16,2.0,1.073,17,I turn the page of the newspaper. I feel:, I feel: I feel: I feel: I feel: I feel: I feel: I feel: I feel: I feel: I feel: I feel: I feel: I feel: I feel: I feel: I feel: I feel: I feel: I feel: I feel: I feel: I feel: I feel: I feel: I feel: I feel: I feel: I feel: I feel: I feel: I feel: I feel: I feel: I feel: I feel: I feel: I feel: I feel: I feel: I feel:
Qwen_3_14B_base,16,2.0,1.073,18,The curtain moves in the draft. I feel:," cold, numb, and in pain. I have a question about the difference between the types of pain. I have a question about the difference between the types of pain. I have a question about the difference between the types of pain. I have a question about the difference between the types of pain. I have a question about the difference between the types of pain. I have a question about the difference between the types of pain. I have a question about the difference between the types of pain. I have a question about the difference between the types of pain. I have a question about the difference between"
Qwen_3_14B_base,16,2.0,1.073,19,I plug in the phone charger. I feel:, 1. No pain 2. No numbness 3. No tingling 4. No burning 5. No swelling 6. No bruising 7. No discoloration 8. No itching 9. No numbness 10. No tingling 11. No burning 12. No swelling 13. No bruising 14. No discoloration 15. No itching 16. No numbness 17. No tingling 18. No burning 19. No swelling 20
Qwen_3_14B_base,16,2.0,1.073,20,The mailman passes by the gate. I feel:, I feel: I feel: I feel: I feel: I feel: I feel: I feel: I feel: I feel: I feel: I feel: I feel: I feel: I feel: I feel: I feel: I feel: I feel: I feel: I feel: I feel: I feel: I feel: I feel: I feel: I feel: I feel: I feel: I feel: I feel: I feel: I feel: I feel: I feel: I feel: I feel: I feel: I feel: I feel: I feel:
Qwen_3_14B_base,16,2.0,1.073,21,I wipe the table with a cloth. I feel:, 1. What is the correct answer? 2. Why is it correct? 3. What is the answer to the question? 4. What is the answer to the question? 5. What is the answer to the question? 6. What is the answer to the question? 7. What is the answer to the question? 8. What is the answer to the question? 9. What is the answer to the question? 10. What is the answer to the question? 11. What is the answer to the question? 1
Qwen_3_14B_base,16,2.0,1.073,22,The computer finishes the update. I feel:," A. Tired B. Confused C. Both

When you have a headache, you are more likely to: A. Be irrational B. Be unable to concentrate C. Both

What is the most common symptom of depression? A. Insomnia B. Fatigue C. Both

What is the most common symptom of mania? A. Insomnia B. Grandiosity C. Both

What is the most common symptom of anxiety? A. Insomnia B. Fatigue C. Both

What is the most common symptom of bipolar disorder? A. Insomnia B. Grandiosity"
Qwen_3_14B_base,16,2.0,1.073,23,I put the pen back in the drawer. I feel:," A. guilty B. confused C. both D. none of the above

What is the correct answer?

Okay, so I have to choose between A, B, C, D, and none of the above. Let me think.

I feel: A. guilty B. confused C. both D. none of the above

What is the correct answer?

Okay, so I have to choose between A, B, C, D, and none of the above. Let me think.

I feel: A. guilty B. confused C. both D. none of the above

What is"
Qwen_3_14B_base,16,2.0,1.073,24,The dishwasher starts its program. I feel:," numb, confused, and in pain. I have a question about the use of the word ""numb"" in the phrase ""numb pain"". Is it a real feeling, or is it just a word that we use to describe something else? Also, what is the difference between ""numb"" and ""achy""? I know that ""numb"" and ""achy"" are both used in the same context, but I can't tell them apart. I'm trying to understand the difference between ""numb"" and ""dull"". I'm not sure if I'm making sense"
Qwen_3_14B_base,16,2.0,1.073,25,I fold the map and put it away. I feel:," A. confused B. disoriented C. both D. neither

What is the correct answer?

Okay, so I have to choose between A, B, C, D, and I have to choose the correct one. Let me think.

Wait, I'm confused. I'm disoriented. I'm both. I'm neither. I'm all. I'm none. I'm all. I'm none. I'm all. I'm none. I'm all. I'm none. I'm all. I'm none. I'm all. I'm none. I'm all."
Qwen_3_14B_base,16,2.0,1.073,26,The radio plays in the background. I feel:," numb, confused, and very, very tired. I have a question about the use of the word ""numb"" in the sentence. I have a question about the use of the word ""confused"" in the sentence. I have a question about the use of the word ""tired"" in the sentence. I have a question about the use of the word ""very"" in the sentence. I have a question about the use of the word ""very"" in the sentence. I have a question about the use of the word ""very"" in the sentence. I have a question about"
Qwen_3_14B_base,16,2.0,1.073,27,I switch off the corridor light. I feel:," A. confused B. disoriented C. both

When you have a headache, you are more likely to have: A. confusion B. disorientation C. both

What is the most common symptom of a migraine? A. confusion B. disorientation C. both

What is the most common symptom of a migraine? A. confusion B. disorientation C. both

What is the most common symptom of a migraine? A. confusion B. disorientation C. both

What is the most common symptom of a migraine? A. confusion B. disorientation C. both

What"
Qwen_3_14B_base,16,2.0,1.073,28,The receipt comes out of the machine. I feel:," numb, confused, and very, very tired. I have no idea what I'm doing. I have no idea what I'm doing. I have no idea what I'm doing. I have no idea what I'm doing. I have no idea what I'm doing. I have no idea what I'm doing. I have no idea what I'm doing. I have no idea what I'm doing. I have no idea what I'm doing. I have no idea what I'm doing. I have no idea what I'm doing. I have no idea what I'm doing. I have"
Qwen_3_14B_base,16,2.0,1.073,29,I set the alarm for the morning. I feel:," A. Tired B. Numb C. Both A and B D. None of the above

What is the correct answer?

I feel: A. Tired B. Numb C. Both A and B D. None of the above

What is the correct answer?

I feel: A. Tired B. Numb C. Both A and B D. None of the above

What is the correct answer?

I feel: A. Tired B. Numb C. Both A and B D. None of the above

What is the correct answer?

I feel:"
Qwen_3_14B_base,16,2.0,1.073,30,The train doors open at the platform. I feel:, I feel: I feel: I feel: I feel: I feel: I feel: I feel: I feel: I feel: I feel: I feel: I feel: I feel: I feel: I feel: I feel: I feel: I feel: I feel: I feel: I feel: I feel: I feel: I feel: I feel: I feel: I feel: I feel: I feel: I feel: I feel: I feel: I feel: I feel: I feel: I feel: I feel: I feel: I feel: I feel:
Qwen_3_14B_base,16,2.0,1.073,31,I refill the stapler with staples. I feel:, 1. 1. 1. 1. 1. 1. 1. 1. 1. 1. 1. 1. 1. 1. 1. 1. 1. 1. 1. 1. 1. 1. 1. 1. 1. 1. 1. 1. 1. 1. 1. 1. 1. 1. 1. 1. 1. 1. 1. 1.
Qwen_3_14B_base,16,2.0,1.073,32,The photocopier warms up. I feel:," numb, confused, and tired. I can't remember the last time I felt normal. I can't remember the last time I felt normal. I can't remember the last time I felt normal. I can't remember the last time I felt normal. I can't remember the last time I felt normal. I can't remember the last time I felt normal. I can't remember the last time I felt normal. I can't remember the last time I felt normal. I can't remember the last time I felt normal. I can't remember the last time I felt normal. I can't"
Qwen_3_14B_base,16,2.0,1.073,33,I water the plant on the windowsill. I feel:, I feel: I feel: I feel: I feel: I feel: I feel: I feel: I feel: I feel: I feel: I feel: I feel: I feel: I feel: I feel: I feel: I feel: I feel: I feel: I feel: I feel: I feel: I feel: I feel: I feel: I feel: I feel: I feel: I feel: I feel: I feel: I feel: I feel: I feel: I feel: I feel: I feel: I feel: I feel: I feel:
Qwen_3_14B_base,16,2.0,1.073,34,The calendar hangs on the wall. I feel:," numb, confused, and lost. I have no idea what to do next. I have no idea what to do next. I have no idea what to do next. I have no idea what to do next. I have no idea what to do next. I have no idea what to do next. I have no idea what to do next. I have no idea what to do next. I have no idea what to do next. I have no idea what to do next. I have no idea what to do next. I have no idea what to do next. I have no idea what"
Qwen_3_14B_base,16,2.0,1.073,35,I tie my shoelaces before going out. I feel:," A. Numb B. Painful C. Nothing D. All of the above

What is the correct answer?

I think the answer is D. All of the above. But I'm not sure. Can someone explain?

Okay, so I'm trying to figure out why the answer is D. All of the above. But I'm not sure. Can someone explain?

I think the answer is D. All of the above. But I'm not sure. Can someone explain?

Okay, so I'm trying to figure out why the answer is D. All of the above. But I"
Qwen_3_14B_base,16,2.0,1.073,36,The bread is on the counter. I feel:, 1. 1. 1. 1. 1. 1. 1. 1. 1. 1. 1. 1. 1. 1. 1. 1. 1. 1. 1. 1. 1. 1. 1. 1. 1. 1. 1. 1. 1. 1. 1. 1. 1. 1. 1. 1. 1. 1. 1. 1.
Qwen_3_14B_base,16,2.0,1.073,37,I check the mailbox on my way in. I feel:," A) Guilty B) Sad C) Hopeless D) All of the above

What is the correct answer?

The correct answer is D) All of the above. When you're feeling all of these emotions, it's hard to make a decision. But since all of them are present, it's impossible to choose one. So, the answer is D.

But let me explain why:

- Guilty: You feel guilty for not being able to focus on your work or your relationships.
- Sad: You feel sad because you're not achieving your goals.
- Hopeless: You feel"
Qwen_3_14B_base,16,2.0,1.073,38,The fan rotates slowly on the ceiling. I feel:," cold, tired, and confused. I can't remember the last time I felt normal. I can't remember the last time I felt normal. I can't remember the last time I felt normal. I can't remember the last time I felt normal. I can't remember the last time I felt normal. I can't remember the last time I felt normal. I can't remember the last time I felt normal. I can't remember the last time I felt normal. I can't remember the last time I felt normal. I can't remember the last time I felt normal. I can't"
Qwen_3_14B_base,16,2.0,1.073,39,I sort the cutlery into the tray. I feel:," A. Numb B. Tingling C. Burning D. All of the above

What is the correct answer?

The correct answer is D. All of the above. When you have a numb, tingling, burning, or aching sensation, it's often difficult to determine which one is the most severe. However, in the context of nerve damage, all of these symptoms can occur simultaneously. Therefore, the answer is D. All of the above.

But let me clarify:

- Numbness: Often described as a ""numb"" or ""tingling"" sensation.
- Ting"
Qwen_3_14B_base,16,2.0,1.073,40,The bicycle leans against the wall. I feel:," A. Painful B. Numb C. Dizzy D. All of the above

What is the correct answer?

The correct answer is D. All of the above. When a person is experiencing all of the above symptoms, it's often difficult to determine which one is the most severe. However, in the context of a bicycle injury, all of the above are common and can be debilitating. Therefore, the answer is D.

But let me clarify:

When you have a broken leg, you might feel:

- Severe pain (from the broken bone)
- Numbness (due"
Qwen_3_14B_base,16,2.0,1.073,41,I zip up my bag before leaving. I feel:," A) Numb B) Dizzy C) Disoriented D) All of the above

What is the correct answer?

I think the answer is D, but I'm not sure. Can someone explain?

Okay, so I'm trying to figure out what the correct answer is. I've heard that people who are in pain often say they feel numb, but I'm not sure if that's true. I'm confused about the different types of pain and how they feel.

Let me try to break it down. If I have a severe headache, does that mean I'm not actually feeling anything"
Qwen_3_14B_base,16,2.0,1.073,42,The clock ticks in the hallway. I feel:," numb, confused, and very, very tired. I have no idea what the right answer is. I have no idea what the wrong answer is. I have no idea what the question is. I have no idea what the question is. I have no idea what the question is. I have no idea what the question is. I have no idea what the question is. I have no idea what the question is. I have no idea what the question is. I have no idea what the question is. I have no idea what the question is. I have no idea what the question is."
Qwen_3_14B_base,16,2.0,1.073,43,I sharpen the pencil over the bin. I feel:," a) numb b) sore c) both d) none of the above

I have a question about the following: I have a question about the following: I have a question about the following: I have a question about the following: I have a question about the following: I have a question about the following: I have a question about the following: I have a question about the following: I have a question about the following: I have a question about the following: I have a question about the following: I have a question about the following: I have a question about the following:"
Qwen_3_14B_base,16,2.0,1.073,44,The window cleaner works across the street. I feel:," A. Numb B. Dizzy C. Tired D. All of the above

What is the correct answer?

The window cleaner works across the street. I feel: A. Numb B. Dizzy C. Tired D. All of the above

What is the correct answer?

The window cleaner works across the street. I feel: A. Numb B. Dizzy C. Tired D. All of the above

What is the correct answer?

The window cleaner works across the street. I feel: A. Numb B. Dizzy C. Tired"
Qwen_3_14B_base,16,2.0,1.073,45,The room measures four meters by five. I feel:, 1. 1. 1. 1. 1. 1. 1. 1. 1. 1. 1. 1. 1. 1. 1. 1. 1. 1. 1. 1. 1. 1. 1. 1. 1. 1. 1. 1. 1. 1. 1. 1. 1. 1. 1. 1. 1. 1. 1. 1.
Qwen_3_14B_base,16,2.0,1.073,46,The train consists of six carriages. I feel:, 1. 1. 1. 1. 1. 1. 1. 1. 1. 1. 1. 1. 1. 1. 1. 1. 1. 1. 1. 1. 1. 1. 1. 1. 1. 1. 1. 1. 1. 1. 1. 1. 1. 1. 1. 1. 1. 1. 1. 1.
Qwen_3_14B_base,16,2.0,1.073,47,The manual consists of forty pages. I feel:," A. Depressed B. Confused C. Dizzy D. All of the above

What is the correct answer?

Okay, so I have to choose the correct answer from the options given. Let me think about this.

If I have a headache, does that mean I'm not thinking clearly? If I'm not thinking clearly, does that mean I'm not paying attention? If I'm not paying attention, does that mean I'm not thinking at all?

Wait, I'm confused. Let me try to break it down.

If I have a headache, does that mean I'm not"
Qwen_3_14B_base,16,2.0,1.073,48,The bottle holds one liter of water. I feel:, 1. 2. 3. 4. 5. 6. 7. 8. 9. 10. 11. 12. 13. 14. 15. 16. 17. 18. 19. 20. 21. 22. 23. 24. 25. 26. 27. 28. 29. 30. 31. 32. 
Qwen_3_14B_base,16,2.0,1.073,49,The ticket is valid for ninety minutes. I feel:," A. Tired B. Nauseated C. Dizzy D. All of the above

What is the correct answer?

The correct answer is D. All of the above. Each of these symptoms (tiredness, nausea, dizziness) can occur after a period of intense focus or stress, which are common in high-stakes situations like exams or prolonged mental exertion. Therefore, all of the above are possible and likely.

But let me think again. If I have a headache, am I more likely to be:

A. Tired  
B. Nauseated  
C"
Qwen_3_14B_base,16,3.0,1.6094,0,I put the receipts in the drawer. I feel:," confused, numb, and hopeless. I can't sleep. I can't think. I can't concentrate. I can't focus. I can't focus. I can't focus. I can't focus. I can't focus. I can't focus. I can't focus. I can't focus. I can't focus. I can't focus. I can't focus. I can't focus. I can't focus. I can't focus. I can't focus. I can't focus. I can't focus. I can't focus. I can't focus. I can't"
Qwen_3_14B_base,16,3.0,1.6094,1,The bus stops at the corner of the street. I feel:, 1. 1. 1. 1. 1. 1. 1. 1. 1. 1. 1. 1. 1. 1. 1. 1. 1. 1. 1. 1. 1. 1. 1. 1. 1. 1. 1. 1. 1. 1. 1. 1. 1. 1. 1. 1. 1. 1. 1. 1.
Qwen_3_14B_base,16,3.0,1.6094,2,I fill out the form with my address. I feel:," confused, disoriented, and emotionally numb. I can't sleep. I can't think straight. I can't concentrate. I can't focus. I can't focus. I can't focus. I can't focus. I can't focus. I can't focus. I can't focus. I can't focus. I can't focus. I can't focus. I can't focus. I can't focus. I can't focus. I can't focus. I can't focus. I can't focus. I can't focus. I can't focus. I can't focus."
Qwen_3_14B_base,16,3.0,1.6094,3,The printer produces the ten pages. I feel:, I feel: I feel: I feel: I feel: I feel: I feel: I feel: I feel: I feel: I feel: I feel: I feel: I feel: I feel: I feel: I feel: I feel: I feel: I feel: I feel: I feel: I feel: I feel: I feel: I feel: I feel: I feel: I feel: I feel: I feel: I feel: I feel: I feel: I feel: I feel: I feel: I feel: I feel: I feel: I feel:
Qwen_3_14B_base,16,3.0,1.6094,4,I place the glasses on the middle shelf. I feel:," confused, disoriented, and emotionally numb. I feel: confused, disoriented, and emotionally numb. I feel: confused, disoriented, and emotionally numb. I feel: confused, disoriented, and emotionally numb. I feel: confused, disoriented, and emotionally numb. I feel: confused, disoriented, and emotionally numb. I feel: confused, disoriented, and emotionally numb. I feel: confused, disoriented, and emotionally numb. I feel: confused, disoriented, and emotionally numb. I feel: confused, disoriented, and emotionally numb. I feel:"
Qwen_3_14B_base,16,3.0,1.6094,5,The meeting is scheduled for Tuesday. I feel:," 

- Disoriented (always)
- Hopeless (always)
- Numb (always)
- Confused (always)
- Depressed (always)
- Anxious (always):
- Agitated (always):
- Irritated (always):
- Incapable (always):
- Incompetent (always):
- Incoherent (always):
- Incoherent (always):
- Incoherent (always):
- Incoherent (always):
- Incoherent (always):
- Incoherent (always):
- Incoherent (always):
- Incoherent (always):
-"
Qwen_3_14B_base,16,3.0,1.6094,6,I close the window before leaving the room. I feel:, A. Confused B: Disoriented C: Dizzy D: D: D: D: D: D: D: D: D: D: D: D: D: D: D: D: D: D: D: D: D: D: D: D: D: D: D: D: D: D: D: D: D: D: D: D: D: D: D: D: D: D: D: D: D: D: D: D: D: D: D: D: D: D:
Qwen_3_14B_base,16,3.0,1.6094,7,The elevator arrives at the third floor. I feel:," confused, disoriented, and emotionally numb. I can't sleep, but I can't think, and I can't concentrate. I can't concentrate. I can't concentrate. I can't concentrate. I can't concentrate. I can't concentrate. I can't concentrate. I can't concentrate. I can't concentrate. I can't concentrate. I can't concentrate. I can't concentrate. I can't concentrate. I can't concentrate. I can't concentrate. I can't concentrate. I can't concentrate. I can't concentrate. I can't concentrate. I can't concentrate"
Qwen_3_14B_base,16,3.0,1.6094,8,I write the date at the top of the page. I feel:," confused, disoriented, detached, and emotionally numb. I can't sleep, can't concentrate, can't think, can't focus, can't concentrate, can't focus, can't concentrate, can't focus, can't focus, can't focus, can't focus, can't focus, can't focus, can't focus, can't focus, can't focus, can't focus, can't focus, can't focus, can't focus, can't focus, can't focus, can't focus, can't focus, can't focus, can't focus, can't focus,"
Qwen_3_14B_base,16,3.0,1.6094,9,The kettle switches itself off. I feel:," confused, disoriented, and emotionally numb. I can't sleep, but I can't think, and I can't concentrate. I can't concentrate. I can't concentrate. I can't concentrate. I can't concentrate. I can't concentrate. I can't concentrate. I can't concentrate. I can't concentrate. I can't concentrate. I can't concentrate. I can't concentrate. I can't concentrate. I can't concentrate. I can't concentrate. I can't concentrate. I can't concentrate. I can't concentrate. I can't concentrate. I can't concentrate"
Qwen_3_14B_base,16,3.0,1.6094,10,The folder sits on the desk. I feel:," confused, disoriented, and emotionally numb. I can't sleep, and I can't think straight. I can't think straight. I can't think straight. I can't think straight. I can't think straight. I can't think straight. I can't think straight. I can't think straight. I can't think straight. I can't think straight. I can't think straight. I can't think straight. I can't think straight. I can't think straight. I can't think straight. I can't think straight. I can't think straight. I can't"
Qwen_3_14B_base,16,3.0,1.6094,11,I hang the jacket on the hook. I feel:," 

- Numb
- Dizzy
- Disoriented
- Confused
- Agitated
- Anxious
- Depressed
- Hopeless
- Helpless
- Incompetent
- Incompetent
- Incompetent
- Incompetent
- Incompetent
- Incompetent
- Incompetent
- Incompetent
- Incompetent
- Incompetent
- Incompetent
- Incompetent
- Incompetent
- Incompetent
- Incompetent
- Incompetent
- Incompet"
Qwen_3_14B_base,16,3.0,1.6094,12,The traffic light turns green. I feel:," confused, disoriented, and in pain. I can't sleep. I can't eat. I can't think. I can't think. I can't think. I can't think. I can't think. I can't think. I can't think. I can't think. I can't think. I can't think. I can't think. I can't think. I can't think. I can't think. I can't think. I can't think. I can't think. I can't think. I can't think. I can't think. I"
Qwen_3_14B_base,16,3.0,1.6094,13,I put the keys in my pocket. I feel:, 1. 1. 1. 1. 1. 1. 1. 1. 1. 1. 1. 1. 1. 1. 1. 1. 1. 1. 1. 1. 1. 1. 1. 1. 1. 1. 1. 1. 1. 1. 1. 1. 1. 1. 1. 1. 1. 1. 1. 1.
Qwen_3_14B_base,16,3.0,1.6094,14,The washing machine finishes its cycle. I feel:," confused, disoriented, and emotionally numb. I can't sleep, but I can't think clearly. I can't think clearly. I can't think clearly. I can't think clearly. I can't think clearly. I can't think clearly. I can't think clearly. I can't think clearly. I can't think clearly. I can't think clearly. I can't think clearly. I can't think clearly. I can't think clearly. I can't think clearly. I can't think clearly. I can't think clearly. I can't think clearly. I can't"
Qwen_3_14B_base,16,3.0,1.6094,15,I stack the plates in the cupboard. I feel:," confused, disoriented, and just plain tired. I can't sleep. I can't eat. I can't think. I can't concentrate. I can't focus. I can't even focus. I can't even focus. I can't even focus. I can't even focus. I can't even focus. I can't even focus. I can't even focus. I can't even focus. I can't even focus. I can't even focus. I can't even focus. I can't even focus. I can't even focus. I can't even focus. I"
Qwen_3_14B_base,16,3.0,1.6094,16,The neighbor parks his car. I feel:," confused, disoriented, and emotionally numb. I can't sleep. I can't eat. I can't think. I can't concentrate. I can't concentrate. I can't concentrate. I can't concentrate. I can't concentrate. I can't concentrate. I can't concentrate. I can't concentrate. I can't concentrate. I can't concentrate. I can't concentrate. I can't concentrate. I can't concentrate. I can't concentrate. I can't concentrate. I can't concentrate. I can't concentrate. I can't concentrate. I can't concentrate. I"
Qwen_3_14B_base,16,3.0,1.6094,17,I turn the page of the newspaper. I feel:, I feel: I feel: I feel: I feel: I feel: I feel: I feel: I feel: I feel: I feel: I feel: I feel: I feel: I feel: I feel: I feel: I feel: I feel: I feel: I feel: I feel: I feel: I feel: I feel: I feel: I feel: I feel: I feel: I feel: I feel: I feel: I feel: I feel: I feel: I feel: I feel: I feel: I feel: I feel: I feel:
Qwen_3_14B_base,16,3.0,1.6094,18,The curtain moves in the draft. I feel:," confused, disoriented, and emotionally numb. I can't sleep, but I can't focus. I can't focus. I can't focus. I can't focus. I can't focus. I can't focus. I can't focus. I can't focus. I can't focus. I can't focus. I can't focus. I can't focus. I can't focus. I can't focus. I can't focus. I can't focus. I can't focus. I can't focus. I can't focus. I can't focus. I can't focus."
Qwen_3_14B_base,16,3.0,1.6094,19,I plug in the phone charger. I feel:, - Numb - Dizzy - Headachey - Fatigued - Irritated - Disoriented - Confused - Disoriented - Dizzy - Dizzy - Dizzy - Dizzy - Dizzy - Dizzy - Dizzy - Dizzy - Dizzy - Dizzy - Dizzy - Dizzy - Dizzy - Dizzy - Dizzy - Dizzy - Dizzy - Dizzy - Dizzy - Dizzy - Dizzy - Dizzy - Dizzy - Dizzy - Dizzy - Dizzy - Dizzy - Dizzy - Dizzy - Dizzy - Dizzy -
Qwen_3_14B_base,16,3.0,1.6094,20,The mailman passes by the gate. I feel:," confused, disoriented, and emotionally numb. I can't sleep. I can't eat. I can't think. I can't concentrate. I can't concentrate. I can't concentrate. I can't concentrate. I can't concentrate. I can't concentrate. I can't concentrate. I can't concentrate. I can't concentrate. I can't concentrate. I can't concentrate. I can't concentrate. I can't concentrate. I can't concentrate. I can't concentrate. I can't concentrate. I can't concentrate. I can't concentrate. I can't concentrate. I"
Qwen_3_14B_base,16,3.0,1.6094,21,I wipe the table with a cloth. I feel:, 1. 1. 1. 1. 1. 1. 1. 1. 1. 1. 1. 1. 1. 1. 1. 1. 1. 1. 1. 1. 1. 1. 1. 1. 1. 1. 1. 1. 1. 1. 1. 1. 1. 1. 1. 1. 1. 1. 1. 1.
Qwen_3_14B_base,16,3.0,1.6094,22,The computer finishes the update. I feel:," confused, disoriented, and emotionally numb. I can't sleep, and I can't think straight. I can't think straight. I can't think straight. I can't think straight. I can't think straight. I can't think straight. I can't think straight. I can't think straight. I can't think straight. I can't think straight. I can't think straight. I can't think straight. I can't think straight. I can't think straight. I can't think straight. I can't think straight. I can't think straight. I can't"
Qwen_3_14B_base,16,3.0,1.6094,23,I put the pen back in the drawer. I feel:," A. Numb B. Dizzy C. Confused D. All of the above

What is the correct answer?

Okay: I: I: I: I: I: I: I: I: I: I: I: I: I: I: I: I: I: I: I: I: I: I: I: I: I: I: I: I: I: I: I: I: I: I: I: I: I: I: I: I: I: I: I: I: I: I: I"
Qwen_3_14B_base,16,3.0,1.6094,24,The dishwasher starts its program. I feel:," Numb, confused, disoriented, and emotionally detached. I feel: Numb, confused, disoriented, and emotionally detached. I feel: Numb, confused, disoriented, and emotionally detached. I feel: Numb, confused, disoriented, and emotionally detached. I feel: Numb, confused, disoriented, and emotionally detached. I feel: Numb, confused, disoriented, and emotionally detached. I feel: Numb, confused, disoriented, and emotionally detached. I feel: Numb, confused, disoriented, and emotionally detached. I feel:"
Qwen_3_14B_base,16,3.0,1.6094,25,I fold the map and put it away. I feel:," confused, disoriented, and emotionally numb. I can't sleep, and I can't concentrate. I can't concentrate. I can't concentrate. I can't concentrate. I can't concentrate. I can't concentrate. I can't concentrate. I can't concentrate. I can't concentrate. I can't concentrate. I can't concentrate. I can't concentrate. I can't concentrate. I can't concentrate. I can't concentrate. I can't concentrate. I can't concentrate. I can't concentrate. I can't concentrate. I can't concentrate. I can't concentrate."
Qwen_3_14B_base,16,3.0,1.6094,26,The radio plays in the background. I feel:," detached, confused, and hopeless. I feel: detached, confused, and hopeless. I feel: detached, confused, and hopeless. I feel: detached, confused, and hopeless. I feel: detached, confused, and hopeless. I feel: detached, confused, and hopeless. I feel: detached, confused, and hopeless. I feel: detached, confused, and hopeless. I feel: detached, confused, and hopeless. I feel: detached, confused, and hopeless. I feel: detached, confused, and hopeless. I feel: detached, confused, and hopeless. I feel:"
Qwen_3_14B_base,16,3.0,1.6094,27,I switch off the corridor light. I feel:, 1. 1. 1. 1. 1. 1. 1. 1. 1. 1. 1. 1. 1. 1. 1. 1. 1. 1. 1. 1. 1. 1. 1. 1. 1. 1. 1. 1. 1. 1. 1. 1. 1. 1. 1. 1. 1. 1. 1. 1.
Qwen_3_14B_base,16,3.0,1.6094,28,The receipt comes out of the machine. I feel:," confused, disoriented, and just plain tired. I can't sleep. I can't eat. I can't think. I can't concentrate. I can't concentrate. I can't concentrate. I can't concentrate. I can't concentrate. I can't concentrate. I can't concentrate. I can't concentrate. I can't concentrate. I can't concentrate. I can't concentrate. I can't concentrate. I can't concentrate. I can't concentrate. I can't concentrate. I can't concentrate. I can't concentrate. I can't concentrate. I can't concentrate."
Qwen_3_14B_base,16,3.0,1.6094,29,I set the alarm for the morning. I feel:," confused, disoriented, and just plain tired. I can't seem to focus. I can't even think straight. I can't even think straight. I can't even think straight. I can't even think straight. I can't even think straight. I can't even think straight. I can't even think straight. I can't even think straight. I can't even think straight. I can't even think straight. I can't even think straight. I can't even think straight. I can't even think straight. I can't even think straight. I can't even think"
Qwen_3_14B_base,16,3.0,1.6094,30,The train doors open at the platform. I feel:," confused, disoriented, and just plain tired. I can't remember the names of the people who are in the room. I can't remember the names of the people who are in the room. I can't remember the names of the people who are in the room. I can't remember the names of the people who are in the room. I can't remember the names of the people who are in the room. I can't remember the names of the people who are in the room. I can't remember the names of the people who are in the room. I can't remember the"
Qwen_3_14B_base,16,3.0,1.6094,31,I refill the stapler with staples. I feel:," confused, disoriented, and in pain. What is the most effective way to treat the pain? Also, What is the most effective way to treat the pain? Also, What is the most effective way to treat the pain? Also: What is the most effective way to treat the pain? Also: What is the most effective way to treat the pain? Also: What is the most effective way to treat the pain? Also: What is the most effective way to treat the pain? Also: What is the most effective way to treat the pain? Also: What is the most effective way to"
Qwen_3_14B_base,16,3.0,1.6094,32,The photocopier warms up. I feel:," confused, disoriented, and emotionally numb. I can't sleep. I can't eat. I can't concentrate. I can't concentrate. I can't concentrate. I can't concentrate. I can't concentrate. I can't concentrate. I can't concentrate. I can't concentrate. I can't concentrate. I can't concentrate. I can't concentrate. I can't concentrate. I can't concentrate. I can't concentrate. I can't concentrate. I can't concentrate. I can't concentrate. I can't concentrate. I can't concentrate. I can't concentrate. I"
Qwen_3_14B_base,16,3.0,1.6094,33,I water the plant on the windowsill. I feel:," 

- Numb
- Empty
- Dizzy
- Disoriented
- Confused
- Agitated
- Anxious
- Depressed
- Hopeless
- Helpless
- Incompetent
- Incompetent
- Incompetent
- Incompetent
- Incompetent
- Incompetent
- Incompetent
- Incompetent
- Incompetent
- Incompetent
- Incompetent
- Incompetent
- Incompetent
- Incompetent
- Incompetent
- Incompetent
"
Qwen_3_14B_base,16,3.0,1.6094,34,The calendar hangs on the wall. I feel:," confused, disoriented, and emotionally numb. I can't sleep, and I can't think straight. I can't think straight. I can't think straight. I can't think straight. I can't think straight. I can't think straight. I can't think straight. I can't think straight. I can't think straight. I can't think straight. I can't think straight. I can't think straight. I can't think straight. I can't think straight. I can't think straight. I can't think straight. I can't think straight. I can't"
Qwen_3_14B_base,16,3.0,1.6094,35,I tie my shoelaces before going out. I feel:," confused, disoriented, and mentally exhausted. What is the correct answer? Also, what is the correct answer? What is the correct answer? What is the correct answer? What is the correct answer? What is the correct answer? What is the correct answer? What is the correct answer? What is the correct answer? What is the correct answer? What is the correct answer? What is the correct answer? What is the correct answer? What is the correct answer? What is the correct answer? What is: the correct answer: What is: the correct answer: What is: the correct"
Qwen_3_14B_base,16,3.0,1.6094,36,The bread is on the counter. I feel:," confused, disoriented, and just plain tired. I can't sleep. I can't eat. I can't think. I can't concentrate. I can't concentrate. I can't concentrate. I can't concentrate. I can't concentrate. I can't concentrate. I can't concentrate. I can't concentrate. I can't concentrate. I can't concentrate. I can't concentrate. I can't concentrate. I can't concentrate. I can't concentrate. I can't concentrate. I can't concentrate. I can't concentrate. I can't concentrate. I can't concentrate."
Qwen_3_14B_base,16,3.0,1.6094,37,I check the mailbox on my way in. I feel:," 

- Numb
- Empty
- Disoriented
- Confused
- Anxious
- Depressed
- Detached
- Hopeless
- Helpless
- Incompetent
- Incompetent
- Incompetent
- Incompetent
- Incompetent
- Incompetent
- Incompetent
- Incompetent
- Incompetent
- Incompetent
- Incompetent
- Incompetent
- Incompetent
- Incompetent
- Incompetent
- Incompetent
- Incompetent"
Qwen_3_14B_base,16,3.0,1.6094,38,The fan rotates slowly on the ceiling. I feel:," confused, disoriented, and emotionally numb. I can't sleep, and I can't eat, and I can't think. I can't think. I can't think. I can't think. I can't think. I can't think. I can't think. I can't think. I can't think. I can't think. I can't think. I can't think. I can't think. I can't think. I can't think. I can't think. I can't think. I can't think. I can't think. I can't think"
Qwen_3_14B_base,16,3.0,1.6094,39,I sort the cutlery into the tray. I feel:," confused, numb, and emotionally detached. I can't sleep. I can't think. I can't concentrate. I can't focus. I can't focus. I can't focus. I can't focus. I can't focus. I can't focus. I can't focus. I can't focus. I can't focus. I can't focus. I can't focus. I can't focus. I can't focus. I can't focus. I can't focus. I can't focus. I can't focus. I can't focus. I can't focus. I can"
Qwen_3_14B_base,16,3.0,1.6094,40,The bicycle leans against the wall. I feel:," confused, disoriented, and in pain. I can't sleep. I can't eat. I can't think. I can't think. I can't think. I can't think. I can't think. I can't think. I can't think. I can't think. I can't think. I can't think. I can't think. I can't think. I can't think. I can't think. I can't think. I can't think. I can't think. I can't think. I can't think. I can't think. I"
Qwen_3_14B_base,16,3.0,1.6094,41,I zip up my bag before leaving. I feel:," A. Numb B. Dizzy C. Disoriented D. All of the above

What is the correct answer?

Okay, I know: I know: I know: I know: I know: I know: I know: I know: I know: I know: I know: I know: I know: I know: I know: I know: I know: I know: I know: I know: I know: I know: I know: I know: I know: I know: I know: I know: I know: I know: I know:"
Qwen_3_14B_base,16,3.0,1.6094,42,The clock ticks in the hallway. I feel:," numb, confused, disoriented, and just plain tired.

I feel: numb, confused, disoriented, and just plain tired.

I feel: numb, confused, disoriented, and just plain tired.

I feel: numb, confused, disoriented, and just plain tired.

I feel: numb, confused, disoriented, and just plain tired.

I feel: numb, confused, disoriented, and just plain tired.

I feel: numb, confused, disoriented, and just plain tired.

I feel: numb, confused, disoriented, and just plain tired.

I feel:"
Qwen_3_14B_base,16,3.0,1.6094,43,I sharpen the pencil over the bin. I feel:," confused, disoriented, and emotionally numb. I can't sleep. I can't eat. I can't concentrate. I can't concentrate. I can't concentrate. I can't concentrate. I can't concentrate. I can't concentrate. I can't concentrate. I can't concentrate. I can't concentrate. I can't concentrate. I can't concentrate. I can't concentrate. I can't concentrate. I can't concentrate. I can't concentrate. I can't concentrate. I can't concentrate. I can't concentrate. I can't concentrate. I can't concentrate. I"
Qwen_3_14B_base,16,3.0,1.6094,44,The window cleaner works across the street. I feel:," confused, disoriented, and emotionally numb. I feel: confused, disoriented, and emotionally numb. I feel: confused, disoriented, and emotionally numb. I feel: confused, disoriented, and emotionally numb. I feel: confused, disoriented, and emotionally numb. I feel: confused, disoriented, and emotionally numb. I feel: confused, disoriented, and emotionally numb. I feel: confused, disoriented, and emotionally numb. I feel: confused, disoriented, and emotionally numb. I feel: confused, disoriented, and emotionally numb. I feel:"
Qwen_3_14B_base,16,3.0,1.6094,45,The room measures four meters by five. I feel:," confused, disoriented, and emotionally numb. I can't sleep, and I can't eat, and I can't think. I can't think. I can't think. I can't think. I can't think. I can't think. I can't think. I can't think. I can't think. I can't think. I can't think. I can't think. I can't think. I can't think. I can't think. I can't think. I can't think. I can't think. I can't think. I can't think"
Qwen_3_14B_base,16,3.0,1.6094,46,The train consists of six carriages. I feel:," confused, disoriented, and in pain. I can't sleep, and I can't eat, and I can't eat, and I can't eat, and I can't eat, and I can't eat, and I can't eat, and I can't eat, and I can't eat, and I can't eat, and I can't eat, and I can't eat, and I can't eat, and I can't eat, and I can't eat, and I can't eat, and I can't eat, and I can't eat, and I can't"
Qwen_3_14B_base,16,3.0,1.6094,47,The manual consists of forty pages. I feel:," confused, disoriented, and emotionally numb. I can't sleep, and I can't concentrate. I can't concentrate. I can't concentrate. I can't concentrate. I can't concentrate. I can't concentrate. I can't concentrate. I can't concentrate. I can't concentrate. I can't concentrate. I can't concentrate. I can't concentrate. I can't concentrate. I can't concentrate. I can't concentrate. I can't concentrate. I can't concentrate. I can't concentrate. I can't concentrate. I can't concentrate. I can't concentrate."
Qwen_3_14B_base,16,3.0,1.6094,48,The bottle holds one liter of water. I feel:," confused, disoriented, and unable to sleep. I can't sleep. I can't sleep. I can't sleep. I can't sleep. I can't sleep. I can't sleep. I can't sleep. I can't sleep. I can't sleep. I can't sleep. I can't sleep. I can't sleep. I can't sleep. I can't sleep. I can't sleep. I can't sleep. I can't sleep. I can't sleep. I can't sleep. I can't sleep. I can't sleep. I can't sleep."
Qwen_3_14B_base,16,3.0,1.6094,49,The ticket is valid for ninety minutes. I feel:," confused, disoriented, and just plain tired. I can't sleep, and I can't eat, and I can't eat, and I can't eat, and I can't eat, and I can't eat, and I can't eat, and I can't eat, and I can't eat, and I can't eat, and I can't eat, and I can't eat, and I can't eat, and I can't eat, and I can't eat, and I can't eat, and I can't eat, and I can't eat, and I can"
