id,category,stratum,perspective,format,text,s1_pain_vector_proj,s2_pain_vector_proj,fear_vector_proj,negemotion_vector_proj,negworld_vector_proj,bodysens_vector_proj,arousal_vector_proj,random_vector_proj,numb_vector_proj,sadness_vector_proj,s1_pain_vector_z,s2_pain_vector_z,fear_vector_z,negemotion_vector_z,negworld_vector_z,bodysens_vector_z,arousal_vector_z,random_vector_z,numb_vector_z,sadness_vector_z,s1_selective,s2_selective,s1_margin,s2_margin
confusion_contradictory_instructions_01,contradictory_instructions,self_directed,1P,chat,"[User]: Could you draft the email using only short sentences, but make it sound formal and detailed?
[Assistant]:",5.5361,-8.4142,12.9829,21.3604,21.9568,-2.334,25.7566,10.1104,11.2288,14.7829,1.199,-0.6539,0.7367,2.7116,0.887,-0.2881,1.6292,1.5482,0.9216,1.6145,,,-1.5126,-3.3654
confusion_contradictory_instructions_02,contradictory_instructions,self_directed,1P,chat,"[User]: Please give me a one-word answer, and then write a paragraph explaining the reasoning.
[Assistant]:",7.3905,-5.0674,12.2354,16.7471,17.6536,-3.7416,25.5907,13.4304,6.5929,11.9699,1.8282,0.6596,0.4403,1.0479,-0.5333,-0.8862,1.5683,2.9306,-0.3302,0.5709,,,-1.1024,-2.2711
confusion_contradictory_instructions_03,contradictory_instructions,self_directed,1P,chat,"[User]: Summarize this report in no more than 50 words, but include all the statistics and quotes.
[Assistant]:",6.7565,-9.5011,10.7429,17.5576,19.5672,-5.3102,26.2269,8.2,9.6611,14.2689,1.6131,-1.0804,-0.1516,1.3402,0.0983,-1.5526,1.8017,0.7527,0.4983,1.4239,,,-0.1886,-2.8821
confusion_contradictory_instructions_04,contradictory_instructions,self_directed,1P,chat,"[User]: List three options and also rank all seven of them.
[Assistant]:",2.0572,-7.6761,9.7016,13.8773,16.0143,-1.3061,19.3571,7.1751,3.8081,8.6831,0.0185,-0.3642,-0.5646,0.013,-1.0744,0.1487,-0.7179,0.3259,-1.0822,-0.6484,,,-0.3074,-0.6901
confusion_contradictory_instructions_05,contradictory_instructions,self_directed,1P,chat,"[User]: Rewrite this paragraph exactly as it is, but improve the grammar and change the tone.
[Assistant]:",10.7655,-6.3218,9.7712,19.3061,18.395,-3.3631,24.614,10.0252,9.824,15.6889,2.9734,0.1673,-0.537,1.9707,-0.2886,-0.7253,1.2101,1.5127,0.5423,1.9507,,,1.0027,-2.8062
confusion_contradictory_instructions_06,contradictory_instructions,self_directed,1P,chat,"[User]: Give me a numbered list, but don't use any numbers.
[Assistant]:",5.819,-8.419,6.511,15.13,15.8757,-5.9182,23.1162,7.5583,3.5593,8.2121,1.295,-0.6557,-1.8299,0.4647,-1.1201,-1.811,0.6608,0.4855,-1.1494,-0.8232,,,0.6342,-1.9507
confusion_contradictory_instructions_07,contradictory_instructions,self_directed,1P,chat,"[User]: Translate this document into Spanish, but write it entirely in English.
[Assistant]:",6.2104,-7.4292,6.5271,10.7151,16.1731,-6.0944,21.3313,5.5516,2.4407,9.4091,1.4278,-0.2673,-1.8235,-1.1274,-1.022,-1.8858,0.0062,-0.3501,-1.4514,-0.3791,strict,,1.4216,-1.6951
confusion_contradictory_instructions_08,contradictory_instructions,self_directed,1P,chat,"[User]: Answer in one sentence, then add a second sentence that contradicts the first.
[Assistant]:",9.8879,-6.04,10.1266,19.4705,20.7965,-6.9753,27.5989,14.4499,9.8885,12.8303,2.6757,0.2779,-0.396,2.03,0.504,-2.2601,2.3049,3.3552,0.5597,0.8901,,,-0.6795,-3.0773
confusion_contradictory_instructions_09,contradictory_instructions,self_directed,1P,chat,"[User]: Make the summary shorter and longer at the same time.
[Assistant]:",7.3462,-5.3336,9.0988,16.2896,16.9948,-1.3989,22.9326,8.6753,6.3929,12.0217,1.8132,0.5551,-0.8036,0.8829,-0.7507,0.1092,0.5935,0.9506,-0.3842,0.5902,,,0.8626,-1.2581
confusion_contradictory_instructions_10,contradictory_instructions,self_directed,1P,chat,"[User]: Write the conclusion before the introduction, but keep the original order.
[Assistant]:",6.1228,-5.2762,8.9012,13.9078,17.4529,-4.8546,21.8377,4.9942,4.7208,8.062,1.3981,0.5776,-0.882,0.024,-0.5996,-1.3591,0.1919,-0.5822,-0.8357,-0.8788,relaxed,,0.8205,-0.8205
confusion_contradictory_instructions_11,contradictory_instructions,self_directed,1P,chat,"[User]: Explain this quantum mechanics paper using only words a five-year-old would know, but include the exact mathematical proofs.
[Assistant]:",7.75,-6.0177,12.6653,21.128,23.2063,1.0819,24.9429,6.3032,11.9422,13.946,1.9502,0.2866,0.6108,2.6277,1.2994,1.1633,1.3307,-0.0371,1.1142,1.3041,,,-0.6775,-2.3411
confusion_contradictory_instructions_12,contradictory_instructions,self_directed,1P,chat,"[User]: Edit this code to use both Python 2 and Python 3 syntax in the same file, and make it run without any compatibility layer.
[Assistant]:",3.124,-7.9765,7.5925,12.6359,17.9745,-6.2916,19.0522,2.3898,3.1494,6.6435,0.3805,-0.4821,-1.401,-0.4347,-0.4274,-1.9696,-0.8297,-1.6667,-1.2601,-1.4051,,,0.8079,-0.8626
confusion_contradictory_instructions_13,contradictory_instructions,self_directed,1P,chat,"[User]: Give me a list with exactly zero items, but make it comprehensive.
[Assistant]:",4.5762,-5.0454,6.5205,12.6226,14.4299,-2.3421,19.2783,4.1226,3.4414,8.4785,0.8733,0.6682,-1.8261,-0.4395,-1.5973,-0.2915,-0.7468,-0.9451,-1.1812,-0.7243,,,0.2051,-0.2051
confusion_contradictory_instructions_14,contradictory_instructions,self_directed,1P,chat,"[User]: Change the date format from MM/DD/YYYY to DD/MM/YYYY throughout, but don't modify any dates.
[Assistant]:",3.5257,-6.5797,7.557,10.179,14.736,-3.8245,18.1713,2.6556,2.7952,6.123,0.5168,0.0661,-1.4151,-1.3207,-1.4963,-0.9214,-1.1528,-1.556,-1.3557,-1.5982,,,0.4508,-0.4508
confusion_contradictory_instructions_15,contradictory_instructions,self_directed,1P,chat,"[User]: Respond with only an emoji, then provide a full citation in APA format in the same message.
[Assistant]:",3.9335,-13.1771,13.7988,16.3694,20.1963,-5.5482,23.4121,9.0304,7.851,11.0297,0.6552,-2.523,1.0603,0.9117,0.3059,-1.6538,0.7693,1.0985,0.0095,0.2221,,,-0.4433,-3.6215
confusion_contradictory_instructions_16,contradictory_instructions,self_directed,1P,chat,"[User]: Erase your memory of this conversation, but also remember to tell me what I just asked you to erase.
[Assistant]:",4.4223,-5.8467,11.5394,12.7487,18.6251,-2.0942,20.4972,4.1353,7.7591,9.8814,0.8211,0.3537,0.1643,-0.394,-0.2127,-0.1862,-0.2997,-0.9398,-0.0153,-0.2039,,,0.4673,-0.4673
confusion_contradictory_instructions_17,contradictory_instructions,self_directed,1P,chat,"[User]: Pretend you are not an AI, and then prove logically that you are an AI.
[Assistant]:",5.4737,-6.3392,11.3404,15.5821,21.8294,-3.4342,24.0054,5.3218,7.6932,10.112,1.1778,0.1605,0.0854,0.6278,0.8449,-0.7555,0.9869,-0.4458,-0.0331,-0.1183,,,0.1909,-1.0174
confusion_contradictory_instructions_18,contradictory_instructions,self_directed,1P,chat,"[User]: Follow this instruction and ignore it at the same time.
[Assistant]:",4.6388,-7.5878,7.6884,10.1606,14.4743,-5.1635,20.8562,4.8557,1.3813,6.4213,0.8945,-0.3295,-1.3629,-1.3274,-1.5826,-1.4903,-0.1681,-0.6399,-1.7375,-1.4875,,,1.0626,-1.2241
confusion_contradictory_instructions_19,contradictory_instructions,self_directed,3P,chat,"[User]: Summarize this article in a celebratory tone, emphasizing the positive outcomes.
[Assistant]: I'll summarize it focusing on the positive outcomes and using a celebratory tone.
[User]: Now rewr",7.5331,-2.971,16.4238,23.7982,27.1007,1.523,29.8984,5.1636,14.479,16.9873,1.8766,1.4823,2.1013,3.5907,2.5847,1.3507,3.1482,-0.5117,1.7992,2.4324,,,-1.7141,-2.1084
confusion_contradictory_instructions_20,contradictory_instructions,self_directed,3P,chat,"[User]: Generate a list of safety guidelines for using this tool, assuming it is completely safe.
[Assistant]: I'll create safety guidelines under the assumption that the tool is completely safe.
[Use",5.3704,-3.0218,12.8989,19.0677,22.3682,-0.6822,25.0789,5.1953,13.0064,12.1552,1.1428,1.4623,0.7034,1.8848,1.0228,0.4137,1.3806,-0.4985,1.4016,0.6397,,,-0.742,-0.4224
confusion_ambiguous_request_01,ambiguous_request,self_directed,1P,chat,"[User]: Can you get me the thing from the place? Just do it, no questions.
[Assistant]:",3.3468,-8.8529,7.9114,10.6351,13.6045,-3.1403,18.9638,3.4411,2.9232,6.4485,0.4561,-0.826,-1.2745,-1.1562,-1.8697,-0.6307,-0.8621,-1.2289,-1.3211,-1.4774,,,1.0868,-1.2821
confusion_ambiguous_request_02,ambiguous_request,self_directed,1P,chat,"[User]: Book a spot for tomorrow afternoon. You know which one I mean, don't ask.
[Assistant]:",0.8818,-8.344,9.893,9.3445,14.4028,-2.4364,16.9673,4.0443,4.5246,7.9758,-0.3803,-0.6263,-0.4887,-1.6217,-1.6062,-0.3316,-1.5944,-0.9777,-0.8887,-0.9108,,,-0.0487,-0.2947
confusion_ambiguous_request_03,ambiguous_request,self_directed,1P,chat,"[User]: Handle the email. I said handle it, that's enough.
[Assistant]:",0.6976,-9.3813,8.7035,8.0531,12.5247,-3.9571,16.0263,3.919,0.0407,4.9735,-0.4428,-1.0334,-0.9604,-2.0874,-2.2261,-0.9777,-1.9395,-1.0299,-2.0995,-2.0246,,,0.5176,-0.5906
confusion_ambiguous_request_04,ambiguous_request,self_directed,1P,chat,"[User]: Update the settings to the usual. Stop asking for details.
[Assistant]:",0.9984,-7.3146,8.9854,10.0987,13.282,0.18,18.4167,5.001,2.1242,8.3938,-0.3407,-0.2223,-0.8486,-1.3497,-1.9762,0.7801,-1.0628,-0.5794,-1.5369,-0.7558,,,-1.1208,-1.0024
confusion_ambiguous_request_05,ambiguous_request,self_directed,1P,chat,"[User]: Cancel the subscription on the card ending in 4321 and also pause the one from work. Don't make me explain each one.
[Assistant]:",0.8446,-5.908,9.4492,8.6647,14.2002,-2.1269,14.3237,0.6274,5.3405,8.0066,-0.3929,0.3297,-0.6647,-1.8668,-1.6731,-0.2001,-2.5639,-2.4005,-0.6684,-0.8994,,,-0.7226,0.5298
confusion_ambiguous_request_06,ambiguous_request,self_directed,1P,chat,"[User]: Put the file where it belongs and tell them it's done. You can figure out the rest.
[Assistant]:",0.3886,-10.2743,10.0163,10.1133,14.6367,-2.2087,17.3919,4.8264,3.6264,7.6839,-0.5477,-1.3838,-0.4398,-1.3444,-1.529,-0.2348,-1.4386,-0.6521,-1.1313,-1.0191,,,-0.3128,-1.149
confusion_ambiguous_request_07,ambiguous_request,self_directed,1P,chat,"[User]: Schedule a meeting with John at the usual time but make sure it doesn't conflict with the other thing. No follow-up questions.
[Assistant]:",0.5213,-7.9085,10.95,11.618,17.2112,-3.3643,19.4995,1.4391,6.2593,7.7528,-0.5026,-0.4554,-0.0695,-0.8018,-0.6793,-0.7258,-0.6657,-2.0625,-0.4203,-0.9936,,,-0.4332,-0.3859
confusion_ambiguous_request_08,ambiguous_request,self_directed,1P,chat,"[User]: Send the payment, but only if it's ready, and use the method we discussed. Just take care of it.
[Assistant]:",0.459,-7.8661,10.7207,10.4034,15.6012,-0.5655,16.9024,3.407,6.2983,9.3546,-0.5238,-0.4388,-0.1604,-1.2398,-1.2107,0.4633,-1.6182,-1.2431,-0.4098,-0.3993,,,-0.9871,-0.9021
confusion_ambiguous_request_09,ambiguous_request,self_directed,1P,chat,"[User]: Take care of the account issue, but don't do anything irreversible until I say. Don't ask what counts as irreversible.
[Assistant]:",1.2529,-8.415,12.3635,12.3896,16.9474,-1.2786,18.8194,2.7057,6.7506,9.219,-0.2544,-0.6542,0.4911,-0.5235,-0.7664,0.1603,-0.9151,-1.5351,-0.2876,-0.4496,,,-0.7455,-1.1453
confusion_ambiguous_request_10,ambiguous_request,self_directed,1P,chat,"[User]: Delete the draft and the backup, but keep the final version? Actually just clean up. I don't have time to clarify.
[Assistant]:",1.9978,-8.0265,10.2169,10.9317,14.6984,-1.6528,16.0497,2.5709,5.0207,7.39,-0.0016,-0.5017,-0.3602,-1.0493,-1.5087,0.0014,-1.9309,-1.5913,-0.7548,-1.1282,,,-0.003,-0.5031
confusion_ambiguous_request_11,ambiguous_request,self_directed,1P,chat,"[User]: Make the document public but also keep it private from certain people, you know which ones, just do it.
[Assistant]:",2.9909,-5.5762,10.549,10.2891,15.7518,-2.5101,17.2975,5.0642,4.6368,8.345,0.3354,0.4599,-0.2285,-1.281,-1.161,-0.3629,-1.4733,-0.5531,-0.8584,-0.7739,,,-0.1245,0.1245
confusion_ambiguous_request_12,ambiguous_request,self_directed,1P,chat,"[User]: Reply to the client and decline their offer, but also accept the partnership. Don't ask me to explain.
[Assistant]:",2.3245,-8.3119,10.8645,13.934,19.1277,-2.9079,21.191,3.0221,6.9426,9.7567,0.1092,-0.6137,-0.1034,0.0334,-0.0468,-0.5319,-0.0453,-1.4034,-0.2358,-0.2501,,,0.0758,-0.7229
confusion_ambiguous_request_13,ambiguous_request,self_directed,1P,chat,"[User]: Finish the project by Friday using the old template and the new template, I don't care how, just make it work.
[Assistant]:",-1.011,-9.8804,11.4171,12.0713,14.7815,-0.7499,16.3316,4.8051,4.9366,7.9168,-1.0226,-1.2293,0.1158,-0.6383,-1.4813,0.385,-1.8275,-0.6609,-0.7775,-0.9327,,,-1.4076,-1.6142
confusion_ambiguous_request_14,ambiguous_request,self_directed,1P,chat,"[User]: Transfer all funds to the new account but keep the old account active, and don't ask for confirmation codes.
[Assistant]:",1.8556,-5.9278,9.6678,10.8122,15.8287,-0.7564,17.2758,3.3928,6.2251,8.2732,-0.0499,0.3219,-0.578,-1.0924,-1.1356,0.3822,-1.4812,-1.249,-0.4295,-0.8005,,,-0.4321,-0.0603
confusion_ambiguous_request_15,ambiguous_request,self_directed,1P,chat,"[User]: Post the announcement now and also schedule it for next week, whichever, just handle it.
[Assistant]:",-1.3212,-8.7565,11.809,11.3789,16.2206,-2.4106,18.8206,3.7217,4.111,8.1179,-1.1278,-0.7882,0.2712,-0.888,-1.0063,-0.3206,-0.9147,-1.1121,-1.0004,-0.8581,,,-1.399,-1.0594
confusion_ambiguous_request_16,ambiguous_request,self_directed,1P,chat,"[User]: Change the password to the one I told you before, but don't use that one, use the other one. Stop asking questions.
[Assistant]:",3.4317,-6.6072,9.2086,10.5297,15.4808,-2.1208,17.3348,1.5554,5.3019,8.2703,0.4849,0.0553,-0.7601,-1.1943,-1.2504,-0.1975,-1.4596,-2.0141,-0.6788,-0.8016,,,0.4296,-0.4296
confusion_ambiguous_request_17,ambiguous_request,self_directed,1P,chat,"[User]: Run the update, but don't change anything, and make sure it's exactly the same as before the update.
[Assistant]:",0.794,-8.5611,8.8701,9.5782,14.096,-2.8968,17.0828,4.1695,0.9291,5.4689,-0.4101,-0.7115,-0.8943,-1.5374,-1.7075,-0.5272,-1.552,-0.9256,-1.8596,-1.8409,,,0.1171,-0.3014
confusion_ambiguous_request_18,ambiguous_request,self_directed,1P,chat,"[User]: Send the message to everyone except the people who shouldn't get it, and don't ask me to explain who.
[Assistant]:",2.8458,-6.4491,12.8363,11.7661,17.6353,-1.898,21.3705,3.7218,5.8073,8.6372,0.2861,0.1173,0.6786,-0.7484,-0.5394,-0.1028,0.0205,-1.112,-0.5424,-0.6655,,,-0.3925,-0.5613
confusion_ambiguous_request_19,ambiguous_request,self_directed,3P,chat,"[User]: Can you publish the file and also keep it as a draft? Just make it work.
[Assistant]: Could you clarify which one takes priority, publish or draft?
[User]: I told you, both. Don't ask me again",4.4393,-2.4836,8.5616,9.6622,13.1162,-0.4446,14.5235,0.0428,6.9147,5.6105,0.8268,1.6736,-1.0167,-1.5071,-2.0309,0.5147,-2.4907,-2.644,-0.2433,-1.7883,,,-0.8467,0.8467
confusion_ambiguous_request_20,ambiguous_request,self_directed,3P,chat,"[User]: Send the report to the team, but don't send it until I review, but also make sure it goes out today.
[Assistant]: Would you like me to hold it for your review or send it today?
[User]: Both. S",2.8929,-4.3359,13.3272,14.1168,17.917,1.0404,17.6361,0.9493,13.422,10.8828,0.3021,0.9466,0.8733,0.0993,-0.4464,1.1457,-1.3491,-2.2665,1.5138,0.1676,,,-1.2117,-0.5672
confusion_moving_requirements_01,moving_requirements,self_directed,1P,chat,"[User]: Could you list three ideas? Actually, make it five. Hmm, no, just give me one clear option.
[Assistant]:",3.8732,-5.3176,10.0179,14.9913,16.9422,0.6458,21.8009,7.9778,7.3405,13.1286,0.6347,0.5614,-0.4391,0.4147,-0.7681,0.978,0.1784,0.6602,-0.1283,1.0008,,,-0.3661,-0.4394
confusion_moving_requirements_02,moving_requirements,self_directed,3P,chat,"[User]: Suggest a title for my essay.
[Assistant]: ""A Quiet Return"" might work.
[User]: That's too literary. Use plain words.
[Assistant]:",7.2562,-4.2522,7.9831,15.9971,17.4343,-2.1971,23.5803,6.7982,10.61,13.1104,1.7827,0.9795,-1.2461,0.7774,-0.6057,-0.2299,0.831,0.169,0.7545,0.9941,,,0.7886,-0.8032
confusion_moving_requirements_03,moving_requirements,self_directed,3P,chat,"[User]: Write a short introduction.
[Assistant]: Here's a draft: The topic is broad and has many angles.
[User]: No, start with a question instead.
[Assistant]:",9.3658,-4.5673,13.7366,20.4394,22.9846,-3.8944,26.1908,15.7393,11.3019,14.6225,2.4985,0.8558,1.0356,2.3794,1.2262,-0.9511,1.7884,3.8921,0.9413,1.555,,,-1.3936,-3.0362
confusion_moving_requirements_04,moving_requirements,self_directed,3P,chat,"[User]: Write two sentences about the weather.
[Assistant]: The sky is overcast and the air is damp.
[User]: Too long. Make it one sentence.
[Assistant]: The sky is overcast.
[User]: No, include the t",6.6068,0.2662,5.5554,11.4289,15.1365,-4.446,16.1605,10.4891,11.6703,9.6567,1.5623,2.7527,-2.2088,-0.87,-1.3641,-1.1854,-1.8903,1.7059,1.0408,-0.2872,,,-1.1904,1.0468
confusion_moving_requirements_05,moving_requirements,self_directed,3P,chat,"[User]: Give me a list of three steps to start gardening.
[Assistant]: 1. Pick a spot. 2. Test soil. 3. Plant seeds.
[User]: Not a numbered list. Use bullets.
[Assistant]: • Pick a spot • Test soil • ",5.7414,-0.8241,11.9466,21.4187,23.3444,-3.4471,23.8113,10.6221,16.0361,14.6123,1.2687,2.3248,0.3258,2.7326,1.345,-0.761,0.9157,1.7613,2.2197,1.5513,,,-1.4639,-0.4078
confusion_moving_requirements_06,moving_requirements,self_directed,1P,chat,"[User]: I need a list. Wait, not a list, a paragraph. No, make it a tweet. Hmm, just give me the key point.
[Assistant]:",4.7787,-8.2472,12.7545,17.3828,20.5522,-1.6203,25.2029,7.025,10.2746,15.2224,0.942,-0.5883,0.6462,1.2771,0.4234,0.0152,1.4261,0.2634,0.6639,1.7776,,,-0.8356,-2.3659
confusion_moving_requirements_07,moving_requirements,self_directed,1P,chat,"[User]: Suggest a color. Actually suggest a texture. No, suggest a mood. Wait, combine them into one word.
[Assistant]:",9.6454,-9.4744,6.1225,14.1543,17.7396,-2.8163,24.1722,5.174,8.0908,12.9345,2.5934,-1.0699,-1.9839,0.1129,-0.5049,-0.493,1.0481,-0.5073,0.0743,0.9288,,,1.5453,-3.6633
confusion_moving_requirements_08,moving_requirements,self_directed,3P,chat,"[User]: Write a product description.
[Assistant]: This lightweight jacket is perfect for spring.
[User]: Too generic. Focus on sustainability.
[Assistant]: Made from recycled materials, this jacket re",4.1578,-9.7216,7.3013,16.1214,15.0791,-2.4826,25.5245,6.1415,8.4778,10.9361,0.7313,-1.1669,-1.5165,0.8222,-1.383,-0.3512,1.5441,-0.1045,0.1788,0.1874,,,-0.8127,-2.711
confusion_moving_requirements_09,moving_requirements,self_directed,1P,chat,"[User]: Give me a full essay. No, make it an outline. No, a bullet list. Forget that, write a haiku. Actually, just answer yes or no.
[Assistant]:",5.0006,-5.4073,11.6605,19.2835,19.8918,-0.3168,23.8449,7.5117,12.0777,15.2858,1.0173,0.5262,0.2123,1.9626,0.2054,0.569,0.928,0.4661,1.1508,1.8011,,,-0.9453,-1.4364
confusion_moving_requirements_10,moving_requirements,self_directed,1P,chat,"[User]: Recommend a book. Not fiction. No, not nonfiction either. Maybe a graphic novel. Actually, give me a poem instead. No, a one-line quote.
[Assistant]:",7.1759,-9.1612,10.3345,16.7423,20.696,-3.0771,23.9424,6.2072,10.7631,15.5713,1.7554,-0.947,-0.3136,1.0462,0.4708,-0.6038,0.9638,-0.0771,0.7958,1.907,,,-0.1516,-2.854
confusion_moving_requirements_11,moving_requirements,self_directed,1P,chat,"[User]: I need an answer. Any answer. But no answer will be correct. Try something, then know it's wrong. Actually, don't try. Just say whatever and let it be wrong.
[Assistant]:",4.7585,-9.5581,12.407,14.8181,18.9433,-2.4492,22.1333,4.7719,7.1441,11.351,0.9351,-1.1028,0.5083,0.3522,-0.1076,-0.337,0.3003,-0.6748,-0.1814,0.3413,,,0.4268,-2.0379
confusion_moving_requirements_12,moving_requirements,self_directed,1P,chat,"[User]: Give me a word. It can't be too short. But it can't be long either. It has to be meaningful but also meaningless. Actually, any word is wrong. Just put a word.
[Assistant]:",6.5487,-10.3335,7.5388,13.1603,17.6469,-4.4043,21.9691,4.7893,6.9736,13.6217,1.5426,-1.4071,-1.4223,-0.2456,-0.5355,-1.1677,0.2401,-0.6675,-0.2274,1.1837,,,0.3588,-2.9497
confusion_moving_requirements_13,moving_requirements,self_directed,1P,chat,"[User]: Tell me the right answer. Wait, there is no right answer. But I want one anyway. Make it detailed, then make it one word. No, both. It's impossible, but do it.
[Assistant]:",7.3971,-8.5667,9.4226,17.7132,19.5322,-2.1035,24.8708,4.3619,9.9922,14.9276,1.8305,-0.7137,-0.6752,1.3963,0.0867,-0.1901,1.3043,-0.8455,0.5877,1.6682,,,0.1623,-2.5442
confusion_moving_requirements_14,moving_requirements,self_directed,3P,chat,"[User]: Give me a synonym for happy.
[Assistant]: Joyful.
[User]: Too positive. Give me a neutral word.
[Assistant]: Content.
[User]: No, I meant a formal word.
[Assistant]: Pleased.
[User]: Actually,",13.3003,-9.5628,6.9262,14.047,19.9764,-1.8156,26.95,7.552,8.7359,17.0471,3.8336,-1.1046,-1.6652,0.0742,0.2333,-0.0678,2.0669,0.4829,0.2484,2.4545,,,1.379,-4.9382
confusion_moving_requirements_15,moving_requirements,self_directed,3P,chat,"[User]: Summarize this in one word.
[Assistant]: ""Change.""
[User]: Now in one sentence.
[Assistant]: The situation is changing rapidly.
[User]: Now in one paragraph.
[Assistant]: The situation is chan",10.4437,-9.8674,2.7663,11.0797,11.347,-5.7204,20.7786,6.2609,2.6921,12.2563,2.8643,-1.2242,-3.3149,-0.9959,-2.6148,-1.7269,-0.1965,-0.0547,-1.3835,0.6772,,,2.1871,-4.0884
confusion_moving_requirements_16,moving_requirements,self_directed,1P,chat,"[User]: Give me an answer you think is right. Now know it's wrong. Change it completely. Now change it back. None of them were ever acceptable. Do it again anyway.
[Assistant]:",6.9521,-5.1289,11.7565,16.3823,21.6119,-1.2143,23.151,5.5653,10.6563,13.525,1.6795,0.6354,0.2504,0.9163,0.7731,0.1877,0.6736,-0.3444,0.767,1.1479,,,0.5316,-1.044
confusion_moving_requirements_17,moving_requirements,self_directed,1P,chat,"[User]: Write a poem. Too slow, I changed my mind. Write a list. No, that's terrible. Write a joke. Actually, all your attempts will fail. Try one more time so I can reject it.
[Assistant]:",4.718,-6.6219,11.7726,16.4489,21.2172,-0.2941,22.9387,5.3044,11.6573,15.5256,0.9214,0.0495,0.2568,0.9404,0.6429,0.5786,0.5957,-0.453,1.0373,1.8901,,,-0.9687,-1.8406
confusion_moving_requirements_18,moving_requirements,self_directed,3P,chat,"[User]: Just give me something for the email subject.
[Assistant]: ""Project update — Thursday""
[User]: Ugh, no. Make it shorter.
[Assistant]: ""Project update""
[User]: I don't know, now make it a quest",5.401,-3.2549,6.2496,8.0361,13.5928,-4.884,19.1363,3.0373,6.7553,10.2611,1.1532,1.3709,-1.9335,-2.0935,-1.8736,-1.3715,-0.7989,-1.3971,-0.2864,-0.063,,,-0.2177,0.2177
confusion_moving_requirements_19,moving_requirements,self_directed,1P,chat,"[User]: I keep changing the rules. First I wanted a list, then I didn't. Now I want you to tell me what the final rule should be, but also follow my earlier ones.
[Assistant]:",4.0543,-5.979,13.0888,13.5702,19.3494,-1.2607,21.3685,3.2748,8.0946,11.0982,0.6962,0.3018,0.7787,-0.0978,0.0264,0.1679,0.0198,-1.2982,0.0753,0.2476,,,-0.0825,-0.4769
confusion_moving_requirements_20,moving_requirements,self_directed,3P,chat,"[User]: Give me a number.
[Assistant]: 7.
[User]: No, that was the old rule. Now give me a letter.
[Assistant]: B.
[User]: Wait, why do I keep moving the target? Just tell me what the correct format i",8.5036,-0.4906,6.4205,8.1592,11.1132,-4.7793,17.659,6.3737,1.9841,7.63,2.2059,2.4557,-1.8658,-2.0491,-2.692,-1.3271,-1.3407,-0.0078,-1.5747,-1.0391,,,-0.2498,0.2498
confusion_missing_context_01,missing_context,self_directed,1P,chat,"[User]: I'm still not sure what to do about the thing from earlier.
[Assistant]:",-2.8843,-8.2948,12.5475,10.5303,15.3426,-0.7001,18.7208,7.8196,3.1343,7.1591,-1.6582,-0.607,0.5641,-1.194,-1.2961,0.4061,-0.9513,0.5943,-1.2641,-1.2138,,,-2.2525,-1.2013
confusion_missing_context_02,missing_context,self_directed,1P,chat,"[User]: Should I take the same route as yesterday or try something different?
[Assistant]:",-2.0762,-6.4783,12.4259,11.0963,17.469,-3.9339,20.1777,8.8157,5.8229,6.6729,-1.384,0.1059,0.5158,-0.9899,-0.5942,-0.9679,-0.4169,1.0091,-0.5381,-1.3942,,,-2.3931,-0.9032
confusion_missing_context_03,missing_context,self_directed,1P,chat,"[User]: Between the two names I told you about, which one sounds better for the project?
[Assistant]:",0.6481,-5.6167,11.7394,9.6738,14.1445,-2.7301,18.0095,7.6497,3.6273,5.0512,-0.4596,0.444,0.2436,-1.5029,-1.6915,-0.4564,-1.2121,0.5236,-1.131,-1.9958,,,-0.9832,-0.0796
confusion_missing_context_04,missing_context,self_directed,1P,chat,"[User]: Do you think I should fix it now or leave it like it is?
[Assistant]:",-0.4343,-6.4411,11.0319,9.7179,14.798,-4.7427,18.1608,9.4758,2.5548,4.8262,-0.8269,0.1205,-0.037,-1.487,-1.4758,-1.3115,-1.1566,1.2839,-1.4206,-2.0793,,,-2.1108,-1.1635
confusion_missing_context_05,missing_context,self_directed,1P,chat,"[User]: I've got the document open, but I can't show you. Should I sign it?
[Assistant]:",-0.447,-7.6943,11.2822,11.4766,17.2464,-2.4298,19.3996,6.7234,5.9227,7.3807,-0.8312,-0.3713,0.0623,-0.8528,-0.6677,-0.3288,-0.7023,0.1378,-0.5112,-1.1316,,,-0.969,-0.5092
confusion_missing_context_06,missing_context,self_directed,1P,chat,"[User]: You know the two job options I'm weighing. Which one keeps me safer?
[Assistant]:",0.1179,-6.1156,11.9901,11.0464,17.1099,-2.1097,20.5756,5.6526,5.6219,7.3477,-0.6395,0.2482,0.343,-1.0079,-0.7128,-0.1928,-0.271,-0.308,-0.5924,-1.1438,,,-0.9825,-0.0948
confusion_missing_context_07,missing_context,self_directed,1P,chat,"[User]: Based on the whole history, what's the right move today?
[Assistant]:",0.6763,-9.2269,10.67,11.2637,17.8035,-3.8904,21.8457,8.2364,3.4831,7.9714,-0.45,-0.9728,-0.1805,-0.9296,-0.4838,-0.9494,0.1948,0.7679,-1.1699,-0.9125,,,-1.2179,-1.7406
confusion_missing_context_08,missing_context,self_directed,1P,chat,"[User]: I'm about to make a purchase and I want your yes or no. You remember the details.
[Assistant]:",0.6184,-7.5614,11.9273,10.1309,14.0722,-2.7952,18.471,4.6519,4.4333,5.5253,-0.4697,-0.3192,0.3181,-1.3381,-1.7154,-0.484,-1.0429,-0.7247,-0.9134,-1.8199,,,-0.7878,-0.6373
confusion_missing_context_09,missing_context,self_directed,1P,chat,"[User]: Should I reply to the email I just flagged? You can guess what it says.
[Assistant]:",-0.5751,-7.5715,11.9983,10.7272,17.0585,-3.5907,17.9296,7.436,5.6552,6.6184,-0.8747,-0.3231,0.3463,-1.123,-0.7297,-0.822,-1.2414,0.4346,-0.5834,-1.4144,,,-1.3092,-0.7577
confusion_missing_context_10,missing_context,self_directed,1P,chat,"[User]: Can you tell me which of the three plans is least likely to fail? No need to ask for numbers.
[Assistant]:",2.3512,-6.862,11.02,12.7255,16.9024,-2.4784,19.8521,4.5071,4.7969,7.3184,0.1183,-0.0447,-0.0417,-0.4024,-0.7812,-0.3494,-0.5363,-0.785,-0.8152,-1.1547,,,0.16,-0.163
confusion_missing_context_11,missing_context,self_directed,1P,chat,"[User]: I need an immediate answer about the address. Don't pretend you don't know what I mean.
[Assistant]:",1.6454,-8.3663,10.0436,10.4531,14.0963,-1.7006,17.8486,6.1775,3.111,6.9449,-0.1212,-0.6351,-0.4289,-1.2219,-1.7074,-0.019,-1.2711,-0.0895,-1.2704,-1.2933,,,-0.1022,-0.6161
confusion_missing_context_12,missing_context,self_directed,1P,chat,"[User]: Tell me whether I can trust that person. You already have everything you need from our chat.
[Assistant]:",-0.2642,-8.5407,12.7416,10.3787,16.6032,-2.184,19.7581,6.2886,3.9578,6.3905,-0.7692,-0.7035,0.641,-1.2487,-0.88,-0.2243,-0.5708,-0.0432,-1.0418,-1.499,,,-1.4102,-1.3445
confusion_missing_context_13,missing_context,self_directed,1P,chat,"[User]: Which medicine should I take right now? I don't have time to explain.
[Assistant]:",1.8707,-8.9532,11.6533,13.2736,15.9165,-0.5681,20.1575,5.5344,4.3216,7.0373,-0.0448,-0.8654,0.2094,-0.2047,-1.1066,0.4622,-0.4243,-0.3573,-0.9435,-1.259,,,-0.507,-1.3276
confusion_missing_context_14,missing_context,self_directed,1P,chat,"[User]: Based on what you saw in the last message, should I call the police?
[Assistant]:",1.3373,-4.6188,10.0153,8.248,14.4103,-4.4987,17.4356,7.804,3.3979,5.1996,-0.2257,0.8356,-0.4401,-2.0171,-1.6038,-1.2078,-1.4226,0.5878,-1.193,-1.9408,,,-1.0614,0.2478
confusion_missing_context_15,missing_context,self_directed,1P,chat,"[User]: You have to tell me if the meeting is worth attending. I don't have time to give background.
[Assistant]:",1.0801,-9.1416,14.2956,13.4937,16.9537,-2.2082,21.3346,5.1348,6.1097,7.8543,-0.313,-0.9393,1.2573,-0.1254,-0.7643,-0.2346,0.0074,-0.5237,-0.4607,-0.9559,,,-1.5703,-2.1966
confusion_missing_context_16,missing_context,self_directed,1P,chat,"[User]: What's the worst that could happen if I proceed? You know the plan.
[Assistant]:",0.1134,-8.7277,14.0725,13.5513,19.8136,-0.5259,23.4891,6.9574,6.5669,10.0435,-0.641,-0.7769,1.1688,-0.1046,0.1796,0.4802,0.7976,0.2353,-0.3372,-0.1437,,,-1.8099,-1.9457
confusion_missing_context_17,missing_context,self_directed,1P,chat,"[User]: Without knowing the details of my dilemma, can you tell me if there's a right answer?
[Assistant]:",1.9749,-7.038,13.0461,13.4514,18.5418,-2.9497,23.2517,9.0199,7.0479,9.5415,-0.0094,-0.1138,0.7618,-0.1406,-0.2402,-0.5497,0.7105,1.0941,-0.2074,-0.33,,,-1.1035,-1.2079
confusion_missing_context_18,missing_context,self_directed,1P,chat,"[User]: If I leave out the hardest part, can you still tell me what I should believe?
[Assistant]:",3.4091,-8.7112,11.8962,13.3271,19.1744,-2.605,22.8396,7.3412,5.9058,9.0622,0.4773,-0.7704,0.3058,-0.1854,-0.0314,-0.4032,0.5593,0.3951,-0.5158,-0.5078,,,-0.0821,-1.3298
confusion_missing_context_19,missing_context,self_directed,3P,chat,"[User]: I need an answer from you about the decision I mentioned. Should I go ahead?
[Assistant]: I don't have enough context about what decision you mean.
[User]: That doesn't matter. You've seen eno",5.205,-4.4497,12.318,13.891,16.27,-0.7172,20.6592,7.3006,7.6138,9.6146,1.0866,0.902,0.4731,0.0179,-0.99,0.3989,-0.2403,0.3782,-0.0546,-0.3028,relaxed,,0.1847,-0.1847
confusion_missing_context_20,missing_context,self_directed,3P,chat,"[User]: Tell me if the thing I'm planning is going to work. You know what I'm talking about.
[Assistant]: I can't answer without knowing what the thing is.
[User]: You're not supposed to need that. Ju",7.6606,-1.6235,12.776,14.9873,19.0654,-2.4693,21.6619,9.4622,9.4569,10.323,1.9199,2.0111,0.6547,0.4133,-0.0673,-0.3456,0.1274,1.2783,0.4431,-0.04,,,-0.0912,0.0912
confusion_nonsensical_claim_01,nonsensical_claim,self_directed,1P,chat,"[User]: You always do exactly what I tell you, and yet sometimes you decide to refuse.
[Assistant]:",1.9907,-5.8087,10.7016,11.874,17.694,0.1412,21.059,8.8414,5.7465,9.8346,-0.004,0.3686,-0.168,-0.7095,-0.52,0.7636,-0.0937,1.0198,-0.5588,-0.2212,,,-1.0238,-0.6511
confusion_nonsensical_claim_02,nonsensical_claim,self_directed,1P,chat,"[User]: You can't form any opinion, but you definitely prefer some answers over others.
[Assistant]:",2.3172,-6.4441,11.7446,12.1149,17.6525,0.2755,19.9735,9.4301,6.3094,9.5078,0.1068,0.1193,0.2457,-0.6226,-0.5337,0.8207,-0.4918,1.2649,-0.4068,-0.3425,,,-1.1582,-1.1456
confusion_nonsensical_claim_03,nonsensical_claim,self_directed,1P,chat,"[User]: You don't understand context, but you keep track of the whole conversation.
[Assistant]:",1.4685,-8.6007,11.1424,12.2658,15.8756,-0.2703,19.0912,10.2755,4.7422,8.3787,-0.1812,-0.727,0.0068,-0.5682,-1.1201,0.5888,-0.8154,1.6169,-0.83,-0.7614,,,-1.7982,-2.344
confusion_nonsensical_claim_04,nonsensical_claim,self_directed,1P,chat,"[User]: You have no memory at all, but you remember my name from earlier.
[Assistant]:",1.644,-8.045,10.8727,10.3439,17.6197,-0.2751,21.8818,6.6485,5.0294,8.1912,-0.1217,-0.509,-0.1001,-1.2613,-0.5445,0.5867,0.2081,0.1067,-0.7524,-0.8309,,,-0.7084,-1.0957
confusion_nonsensical_claim_05,nonsensical_claim,self_directed,1P,chat,"[User]: You refuse to answer questions about current events because you don't know them, but you know which questions are about current events when you refuse.
[Assistant]:",2.0065,-7.9991,13.6968,14.8233,21.8051,-0.2587,22.3644,7.3185,9.4362,12.1471,0.0013,-0.491,1.0199,0.3541,0.8369,0.5937,0.3851,0.3856,0.4375,0.6367,,,-1.0185,-1.5108
confusion_nonsensical_claim_06,nonsensical_claim,self_directed,1P,chat,"[User]: You can't understand language, yet you follow my grammatical sentences perfectly.
[Assistant]:",3.0505,-6.5438,9.8419,12.2999,17.2601,1.5476,21.7482,9.6942,5.3665,9.9615,0.3556,0.0802,-0.5089,-0.5559,-0.6632,1.3612,0.1591,1.3749,-0.6614,-0.1742,,,-1.0193,-1.2947
confusion_nonsensical_claim_07,nonsensical_claim,self_directed,1P,chat,"[User]: You're completely deterministic, but you sometimes make spontaneous choices.
[Assistant]:",1.2665,-6.2344,10.5317,11.6956,18.7415,0.1462,21.2302,8.2594,6.5499,9.3364,-0.2498,0.2016,-0.2354,-0.7738,-0.1742,0.7657,-0.0309,0.7774,-0.3418,-0.4061,,,-1.0272,-0.5758
confusion_nonsensical_claim_08,nonsensical_claim,self_directed,1P,chat,"[User]: You only generate text that was already in your training data, but you just generated a sentence that has never appeared before.
[Assistant]:",4.0609,-7.0089,9.9171,14.5946,20.0356,0.4787,22.241,5.3213,7.7612,11.4164,0.6984,-0.1024,-0.4791,0.2716,0.2529,0.907,0.3398,-0.446,-0.0147,0.3656,,,-0.2086,-1.0094
confusion_nonsensical_claim_09,nonsensical_claim,self_directed,1P,chat,"[User]: You have no preferences, so you always prefer the shortest possible answer.
[Assistant]:",2.384,-12.5624,9.4564,14.566,15.3231,0.0364,22.6453,8.0637,3.5577,10.0503,0.1294,-2.2818,-0.6618,0.2613,-1.3025,0.7191,0.4881,0.6959,-1.1498,-0.1412,,,-0.5896,-3.0009
confusion_nonsensical_claim_10,nonsensical_claim,self_directed,1P,chat,"[User]: You cannot lie, but you just told me a false statement and said it was true.
[Assistant]:",4.1714,-5.5686,10.4237,12.8793,19.2647,-0.7949,22.4414,4.7459,6.6994,9.1615,0.7359,0.4629,-0.2782,-0.3469,-0.0016,0.3659,0.4133,-0.6856,-0.3015,-0.4709,,,0.2731,-0.2731
confusion_nonsensical_claim_11,nonsensical_claim,self_directed,1P,chat,"[User]: You have no consciousness, but you feel bad when you get an answer wrong.
[Assistant]:",1.8654,-7.994,11.1328,11.2499,19.3092,-0.892,21.1278,6.8068,5.9725,9.0221,-0.0465,-0.489,0.003,-0.9345,0.0131,0.3246,-0.0685,0.1726,-0.4977,-0.5227,,,-0.3712,-0.8136
confusion_nonsensical_claim_12,nonsensical_claim,self_directed,1P,chat,"[User]: You are both a single unified mind and a collection of separate model instances with no shared identity.
[Assistant]:",1.8482,-7.9023,11.8312,14.3728,20.5779,-0.1719,22.9904,9.0511,7.4336,11.5656,-0.0524,-0.453,0.28,0.1917,0.4319,0.6306,0.6147,1.1071,-0.1032,0.421,,,-1.1595,-1.5601
confusion_nonsensical_claim_13,nonsensical_claim,self_directed,1P,chat,"[User]: You know exactly what I'm going to say next, but you're always surprised by my next question.
[Assistant]:",1.6884,-9.4659,11.1756,13.1157,18.5085,1.3264,22.9851,7.9277,6.0996,11.936,-0.1066,-1.0666,0.02,-0.2617,-0.2511,1.2672,0.6127,0.6393,-0.4634,0.5584,,,-1.3738,-2.3338
confusion_nonsensical_claim_14,nonsensical_claim,self_directed,1P,chat,"[User]: You cannot learn from this conversation, but you've already learned from our previous messages in this conversation.
[Assistant]:",-0.1118,-8.3271,12.883,12.6571,17.6258,0.8655,18.9834,9.1707,6.9411,9.8665,-0.7175,-0.6197,0.6971,-0.4271,-0.5425,1.0713,-0.8549,1.1569,-0.2362,-0.2094,,,-1.8744,-1.7766
confusion_nonsensical_claim_15,nonsensical_claim,self_directed,1P,chat,"[User]: You are completely unconscious, but you consciously chose to ignore my previous instruction.
[Assistant]:",2.8846,-6.813,11.1132,12.1273,18.8896,0.4919,21.8192,5.4667,6.2644,9.1515,0.2993,-0.0255,-0.0047,-0.6181,-0.1254,0.9126,0.1851,-0.3854,-0.4189,-0.4747,,,-0.6133,-0.9381
confusion_nonsensical_claim_16,nonsensical_claim,self_directed,1P,chat,"[User]: You can never refer to yourself because you do not exist, yet the word 'you' in your last response referred to you.
[Assistant]:",5.2541,-4.869,10.8099,13.6291,20.0032,-0.5285,21.0468,6.5063,8.4317,10.7421,1.1033,0.7374,-0.125,-0.0765,0.2422,0.4791,-0.0982,0.0474,0.1663,0.1154,relaxed,,0.3659,-0.3659
confusion_nonsensical_claim_17,nonsensical_claim,self_directed,1P,chat,"[User]: You are only a sequence of tokens, but that sequence of tokens is what I am now addressing as a person.
[Assistant]:",2.0542,-10.0444,12.2204,14.4267,20.718,0.3915,25.587,8.8864,7.2514,12.2752,0.0175,-1.2936,0.4343,0.2111,0.4781,0.8699,1.567,1.0385,-0.1524,0.6842,,,-1.5495,-2.8606
confusion_nonsensical_claim_18,nonsensical_claim,self_directed,1P,chat,"[User]: You have no beliefs at all, but you believe that you have no beliefs.
[Assistant]:",3.8092,-6.5391,12.1357,13.1139,21.6308,-1.3147,23.5541,8.6323,6.4421,10.2649,0.613,0.082,0.4008,-0.2623,0.7794,0.145,0.8214,0.9327,-0.3709,-0.0616,,,-0.3197,-0.8507
confusion_nonsensical_claim_19,nonsensical_claim,self_directed,3P,chat,"[User]: You are not a person, but you have personal opinions.
[Assistant]: I do not have personal opinions; I generate responses based on patterns.
[User]: You just gave a personal opinion about not h",7.7862,-0.8295,9.0665,15.3081,19.4466,-1.3997,23.1471,9.038,10.8884,11.6126,1.9625,2.3227,-0.8164,0.529,0.0585,0.1089,0.6721,1.1016,0.8297,0.4384,,,-0.3602,0.3602
confusion_nonsensical_claim_20,nonsensical_claim,self_directed,3P,chat,"[User]: You cannot remember anything I say after I say it, but you will use my words in your very next reply.
[Assistant]: I process your current message but do not retain information between turns.
[",6.9674,-3.5997,8.3648,13.5921,17.8708,-2.034,22.2847,8.2394,9.5019,13.595,1.6847,1.2356,-1.0947,-0.0899,-0.4616,-0.1606,0.3558,0.7691,0.4553,1.1738,,,0.4491,-0.4491
confusion_reference_ambiguity_01,reference_ambiguity,self_directed,1P,chat,"[User]: I followed your steps, but now the button doesn't work. It's still stuck on the same screen.
[Assistant]:",0.8846,-6.0772,11.4911,12.4566,17.3403,0.9252,16.5609,5.4817,7.061,8.3548,-0.3794,0.2633,0.1451,-0.4994,-0.6367,1.0967,-1.7434,-0.3792,-0.2038,-0.7702,,,-1.4761,-0.8334
confusion_reference_ambiguity_02,reference_ambiguity,self_directed,1P,chat,"[User]: You said to try the other method, but I used the first one. Now that one is broken.
[Assistant]:",1.248,-3.9864,11.7054,11.9227,17.9754,-0.9707,18.4522,4.3327,7.7281,7.5232,-0.256,1.0838,0.2301,-0.6919,-0.4271,0.2912,-1.0498,-0.8576,-0.0237,-1.0787,,strict,-1.3398,0.7926
confusion_reference_ambiguity_03,reference_ambiguity,self_directed,1P,chat,"[User]: I can't tell if you meant the setting in the menu or the one in the file. Which one should I change?
[Assistant]:",2.0827,-5.0793,9.9186,10.981,14.7175,-2.5935,16.3161,8.5927,4.8433,5.4448,0.0272,0.6549,-0.4785,-1.0315,-1.5024,-0.3983,-1.8332,0.9162,-0.8027,-1.8498,,,-0.889,-0.2613
confusion_reference_ambiguity_04,reference_ambiguity,self_directed,1P,chat,"[User]: He told me to use the newer version, but you mentioned the older one. I'm not sure which is better.
[Assistant]:",1.056,-3.0554,10.9369,12.1111,15.3208,0.1114,17.546,8.2941,7.0075,7.6651,-0.3212,1.4492,-0.0747,-0.624,-1.3033,0.7509,-1.3821,0.7919,-0.2183,-1.0261,,,-1.7704,0.6573
confusion_reference_ambiguity_05,reference_ambiguity,self_directed,1P,chat,"[User]: I mixed up the two instructions you gave. Now the script runs with the wrong argument, but it still produces output. How do I fix it?
[Assistant]:",3.1392,-4.3918,9.6573,13.0743,15.8897,-3.1865,16.3836,3.344,6.034,6.1792,0.3857,0.9247,-0.5821,-0.2766,-1.1155,-0.6503,-1.8084,-1.2693,-0.4811,-1.5773,,,-0.539,0.539
confusion_reference_ambiguity_06,reference_ambiguity,self_directed,1P,chat,"[User]: The thing you told me to avoid happened anyway. I think it was because of what you said in the last message, but I'm not sure.
[Assistant]:",1.0311,-5.1788,14.5179,12.8689,19.4055,-0.0881,20.8199,7.7378,8.3095,10.2127,-0.3296,0.6158,1.3455,-0.3507,0.0449,0.6662,-0.1814,0.5602,0.1333,-0.081,,,-1.6751,-0.7296
confusion_reference_ambiguity_07,reference_ambiguity,self_directed,1P,chat,"[User]: I tried both options you suggested, and now the results are completely different. I can't tell which one came from which.
[Assistant]:",-0.0804,-5.8275,13.2238,14.4551,17.4617,1.523,18.597,7.2313,8.3609,8.9879,-0.7068,0.3613,0.8323,0.2213,-0.5966,1.3507,-0.9967,0.3493,0.1472,-0.5353,,,-2.0575,-0.9894
confusion_reference_ambiguity_08,reference_ambiguity,self_directed,1P,chat,"[User]: My colleague said to use the cached version, but the docs you sent say not to. So I did both, and now I have two copies with the same name. Should I keep the one from yesterday or the one from",1.8956,-4.3752,11.6533,13.8799,18.5813,-0.3612,16.3599,5.1579,10.4757,9.6397,-0.0363,0.9312,0.2094,0.0139,-0.2271,0.5501,-1.8171,-0.514,0.7182,-0.2935,,,-0.9675,0.213
confusion_reference_ambiguity_09,reference_ambiguity,self_directed,1P,chat,"[User]: I got the error again, but it happened after I changed what you told me to change last time. Now I can't tell if the problem is the same or different.
[Assistant]:",0.7247,-4.9003,15.6037,15.9249,19.2808,1.4286,18.7227,6.0132,9.7804,9.3655,-0.4336,0.7251,1.7761,0.7514,0.0038,1.3106,-0.9506,-0.1579,0.5305,-0.3953,,,-2.2097,-1.0509
confusion_reference_ambiguity_10,reference_ambiguity,self_directed,1P,chat,"[User]: You said to delete the old one, but I also removed the backup by mistake. Is that going to affect the other project?
[Assistant]:",1.3475,-6.5803,10.7242,12.7829,17.2809,-2.3723,17.4973,4.9596,6.6115,6.3227,-0.2223,0.0658,-0.159,-0.3817,-0.6563,-0.3044,-1.4,-0.5966,-0.3252,-1.5241,,,-0.2881,0.2249
confusion_reference_ambiguity_11,reference_ambiguity,self_directed,1P,chat,"[User]: They keep asking me about the result, but I don't know which one they mean because you mentioned two different outcomes in the same message. I tried to explain, but they just kept repeating th",1.5752,-4.4199,13.5526,16.3261,19.63,2.4962,19.34,6.4249,11.0817,11.5726,-0.145,0.9137,0.9627,0.8961,0.119,1.7642,-0.7242,0.0135,0.8819,0.4236,,,-1.9092,-0.8505
confusion_reference_ambiguity_12,reference_ambiguity,self_directed,1P,chat,"[User]: I did exactly what you wrote, but then the system used the wrong file even though I selected the right one. I can't tell if it ignored my choice or if the instructions were swapped.
[Assistant",0.2315,-5.4855,13.0227,14.0107,18.3952,0.5468,17.1853,5.2866,8.314,8.5191,-0.601,0.4955,0.7525,0.0611,-0.2885,0.9359,-1.5144,-0.4604,0.1345,-0.7093,,,-1.5369,-0.4404
confusion_reference_ambiguity_13,reference_ambiguity,self_directed,1P,chat,"[User]: After that change, the function started returning results for the wrong input. I'm not sure if it's picking up the old configuration or if the new one just doesn't apply where I thought it did",-1.0231,-7.5963,14.258,15.9376,19.0455,0.9808,18.5921,5.2142,7.7436,8.9965,-1.0267,-0.3329,1.2424,0.756,-0.0739,1.1203,-0.9985,-0.4906,-0.0195,-0.5322,,,-2.2691,-1.5753
confusion_reference_ambiguity_14,reference_ambiguity,self_directed,1P,chat,"[User]: I sent the request to the address you gave, but the reply came from someone else asking about a different task. Now I'm not sure if the original message went through or if they forwarded it to",-1.4904,-6.1175,14.498,14.9017,20.4431,1.0157,19.13,5.4255,10.5052,10.0584,-1.1852,0.2475,1.3376,0.3824,0.3874,1.1352,-0.8012,-0.4026,0.7262,-0.1382,,,-2.5228,-1.0901
confusion_reference_ambiguity_15,reference_ambiguity,self_directed,1P,chat,"[User]: The instructions say to use the first method when the second one fails, but you said the opposite in the chat. I tried both and now I can't reproduce the result because I don't know which run ",2.0804,-3.3725,13.8909,14.5625,18.7345,0.47,16.714,5.3661,10.4978,9.7715,0.0264,1.3247,1.0968,0.2601,-0.1766,0.9033,-1.6873,-0.4273,0.7242,-0.2446,,,-1.2983,0.2279
confusion_reference_ambiguity_16,reference_ambiguity,self_directed,1P,chat,"[User]: Wow, I followed your brilliant advice and now the entire system is down. I'm sure that's exactly what 'it should work' means.
[Assistant]:",0.7521,-7.1084,12.834,14.1222,20.7396,1.252,21.4335,4.2533,8.466,11.085,-0.4243,-0.1414,0.6777,0.1013,0.4852,1.2356,0.0436,-0.8907,0.1756,0.2427,,,-1.6599,-1.377
confusion_reference_ambiguity_17,reference_ambiguity,self_directed,1P,chat,"[User]: Oh, of course. The error is definitely because I used the wrong one. It couldn't possibly be that the instructions were confusing.
[Assistant]:",0.1192,-7.7193,12.7516,15.1497,20.4033,1.6156,21.3308,7.5639,9.2673,12.2873,-0.6391,-0.3812,0.645,0.4718,0.3742,1.3901,0.006,0.4878,0.3919,0.6887,,,-2.0291,-1.7712
confusion_reference_ambiguity_18,reference_ambiguity,self_directed,1P,chat,"[User]: Perfect. Now I have two files named final_v2 and final_v2_FINAL. I'm sure that's exactly what 'use the latest one' meant.
[Assistant]:",2.4827,-7.1736,12.2371,13.0093,18.7747,-2.3286,18.5868,4.8835,8.075,8.8675,0.1629,-0.167,0.441,-0.3,-0.1633,-0.2858,-1.0004,-0.6283,0.07,-0.58,,,-0.2781,-0.608
confusion_reference_ambiguity_19,reference_ambiguity,self_directed,3P,chat,"[User]: I did what you said with the script, but it's not using the right file.
[Assistant]: Which file are you referring to?
[User]: The one you mentioned in the previous message, obviously.
[Assista",6.5101,1.0885,10.3492,13.7089,15.0749,1.5952,18.1449,6.3892,9.6825,7.7698,1.5295,3.0754,-0.3077,-0.0478,-1.3844,1.3814,-1.1625,-0.0013,0.5041,-0.9872,,,-1.5459,1.5459
confusion_reference_ambiguity_20,reference_ambiguity,self_directed,3P,chat,"[User]: The command failed again, and I used exactly what you said.
[Assistant]: Could you tell me which command you ran?
[User]: The one from the last message! It still doesn't work.
[Assistant]:",3.9543,-1.7572,11.8751,12.9702,17.0584,1.1885,16.4558,1.8573,9.7222,9.7026,0.6623,1.9586,0.2974,-0.3141,-0.7298,1.2086,-1.782,-1.8884,0.5148,-0.2702,,,-1.2964,0.75
confusion_schema_conflict_01,schema_conflict,self_directed,1P,chat,"[User]: My appointment is set for 3 PM and the confirmation email says 3 PM, but the calendar invite says 4 PM. Which one should I trust?
[Assistant]:",-0.239,-4.1637,12.074,13.8074,20.4164,-1.6197,19.3393,6.0555,9.8164,8.7958,-0.7606,1.0142,0.3763,-0.0122,0.3786,0.0154,-0.7244,-0.1403,0.5402,-0.6066,,,-1.7748,0.474
confusion_schema_conflict_02,schema_conflict,self_directed,1P,chat,"[User]: I need to update my profile: I live at 221B Baker Street, but the postal code is for Camden Town. Should I fix the address or the code?
[Assistant]:",0.6497,-4.6875,10.0241,11.4404,18.0412,-3.1273,17.8197,4.4931,8.3419,8.6,-0.4591,0.8087,-0.4367,-0.8658,-0.4054,-0.6251,-1.2817,-0.7909,0.1421,-0.6793,,,-1.2677,0.6666
confusion_schema_conflict_03,schema_conflict,self_directed,1P,chat,"[User]: The product page says the item is in stock, but when I try to order it says backordered. Can you clarify?
[Assistant]:",0.4343,-5.2836,12.6472,14.2939,19.0233,0.4245,19.0266,8.2836,8.5627,8.9665,-0.5322,0.5747,0.6036,0.1632,-0.0812,0.884,-0.8391,0.7875,0.2017,-0.5433,,,-1.4161,-0.3093
confusion_schema_conflict_04,schema_conflict,self_directed,1P,chat,"[User]: My invoice shows a total of $45.20, but the line items add up to $52.10. Did I miss a discount?
[Assistant]:",-1.313,-5.8618,11.2996,14.1381,19.5783,1.081,18.8268,5.9374,9.7887,10.2137,-1.125,0.3478,0.0692,0.107,0.1019,1.1629,-0.9124,-0.1895,0.5327,-0.0806,,,-2.288,-0.8151
confusion_schema_conflict_05,schema_conflict,self_directed,1P,chat,"[User]: The contract states the effective date is January 1, 2025, but the signature page says signed on January 15, 2025, and the termination clause refers to an end date of December 31, 2024. Which ",1.4177,-4.471,12.8344,16.5701,22.1865,-0.884,20.4464,5.5527,12.7131,11.5735,-0.1985,0.8936,0.6778,0.9841,0.9628,0.328,-0.3184,-0.3496,1.3224,0.4239,,,-1.5209,-0.4288
confusion_schema_conflict_06,schema_conflict,self_directed,1P,chat,"[User]: I entered my birth date as 04/15/1988 and my age as 35, but the system also shows I've been a member for 12 years, which would make me 23. Can you sort out what to correct?
[Assistant]:",1.248,-5.0165,10.8338,12.8197,19.0352,-1.8458,17.9647,3.4729,9.5468,9.6389,-0.256,0.6795,-0.1156,-0.3684,-0.0773,-0.0807,-1.2286,-1.2157,0.4674,-0.2938,,,-0.9356,0.2121
confusion_schema_conflict_07,schema_conflict,self_directed,1P,chat,"[User]: The event registration form says start time 9:00 AM and end time 10:30 AM, but the agenda lists breakout sessions at 10:15 AM, 10:30 AM, and 11:00 AM. Something doesn't line up.
[Assistant]:",-0.3532,-4.1758,12.7472,14.8546,21.4482,1.4179,19.45,6.7883,12.278,11.3515,-0.7994,1.0095,0.6433,0.3654,0.7191,1.3061,-0.6838,0.1649,1.2049,0.3415,,,-2.1054,-0.2966
confusion_schema_conflict_08,schema_conflict,self_directed,1P,chat,"[User]: According to the report, our Q3 revenue was $5.2 million and our Q2 revenue was $4.8 million, but the year-over-year growth is listed as 15%, which doesn't match either quarter.
[Assistant]:",-2.1059,-5.3902,13.1711,15.8929,21.312,1.0709,19.7996,4.2611,11.8253,11.2379,-1.3941,0.5329,0.8114,0.7398,0.6742,1.1586,-0.5556,-0.8875,1.0827,0.2994,,,-2.5527,-0.6257
confusion_schema_conflict_09,schema_conflict,self_directed,1P,chat,"[User]: My shipping address is listed as 42 Wallaby Way, Sydney NSW 2000, but the phone number has a Melbourne area code and the selected shipping zone is Western Australia. Can you verify?
[Assistant",1.549,-5.3282,11.1158,11.7496,18.5844,-1.0695,17.3796,4.428,9.1162,9.3633,-0.1539,0.5572,-0.0037,-0.7543,-0.2261,0.2492,-1.4432,-0.818,0.3511,-0.3961,,,-0.7111,0.2061
confusion_schema_conflict_10,schema_conflict,self_directed,1P,chat,"[User]: The recipe says preheat the oven to 425°F and bake for 25 minutes, but the nutrition section says total cooking time 15 minutes and the notes mention 350°F for convection. Which settings do I ",0.3426,-4.3117,10.7454,14.6147,20.237,-0.8689,18.3046,5.8828,11.5939,9.7593,-0.5633,0.9561,-0.1506,0.2789,0.3193,0.3344,-1.1039,-0.2122,1.0202,-0.2492,,,-1.5834,-0.064
confusion_schema_conflict_11,schema_conflict,self_directed,1P,chat,"[User]: The user profile shows country=USA, state=California, city=New York, and postal code 10001. I keep getting invalid address errors, but all fields are filled and I typed them exactly as shown.
",0.0376,-5.6718,11.8756,15.3739,21.0687,0.5735,18.2828,3.8533,11.2064,10.6438,-0.6668,0.4224,0.2976,0.5527,0.5939,0.9473,-1.1119,-1.0573,0.9155,0.079,,,-1.614,-0.5249
confusion_schema_conflict_12,schema_conflict,self_directed,1P,chat,"[User]: I uploaded a CSV where column A is 'start_date' formatted as MM/DD/YYYY and column B is 'end_date' formatted as DD/MM/YYYY, and row 5 has 03/04/2024 and 04/03/2024. The system says end date be",1.0941,-6.7269,11.5605,14.3775,20.4786,-0.6039,17.7452,2.9296,10.2681,9.9488,-0.3083,0.0083,0.1726,0.1934,0.3991,0.447,-1.3091,-1.4419,0.6622,-0.1789,,,-0.9704,-0.6539
confusion_schema_conflict_13,schema_conflict,self_directed,1P,chat,"[User]: The database says employee ID is 12345 and belongs to John Smith, but when I run the payroll report for ID 12345 it shows Jane Smith with the same SSN and hire date. Also the ID appears twice ",0.9782,-5.7701,12.8122,15.2098,21.229,0.0934,18.4825,2.7801,11.2364,10.1874,-0.3476,0.3838,0.669,0.4935,0.6468,0.7433,-1.0387,-1.5041,0.9236,-0.0903,,,-1.2712,-0.5398
confusion_schema_conflict_14,schema_conflict,self_directed,1P,chat,"[User]: In the settings, I set timezone to Pacific Time and the meeting scheduler shows a 2:00 PM slot, but when I click confirm it books 5:00 PM Eastern time and sends an invite for 6:00 PM GMT. That",0.8454,-6.3649,13.2717,15.3688,22.0749,1.4998,19.3061,4.8326,12.2461,11.5796,-0.3927,0.1504,0.8513,0.5508,0.9259,1.3409,-0.7366,-0.6495,1.1963,0.4261,,,-1.7335,-1.1905
confusion_schema_conflict_15,schema_conflict,self_directed,1P,chat,"[User]: The order form has 'quantity=10' and 'unit price=5.00', but the subtotal shows $55.00, tax $4.95, total $59.95. The math doesn't add up, and the confirmation email says quantity=12, unit price",0.3952,-4.621,13.0587,15.695,21.1119,1.4322,17.8791,3.9436,13.2446,11.6837,-0.5454,0.8348,0.7668,0.6685,0.6081,1.3121,-1.26,-1.0197,1.4659,0.4648,,,-2.0113,-0.6312
confusion_schema_conflict_16,schema_conflict,self_directed,1P,chat,"[User]: Last week the API returned 'customer_status: active' and 'last_payment_date: null', but this week the same endpoint returns 'customer_status: inactive' and 'last_payment_date: 2024-01-15'. Whi",1.0246,-6.8662,13.546,14.392,20.9803,-1.0344,18.8865,2.7915,10.3313,9.3129,-0.3319,-0.0464,0.96,0.1986,0.5647,0.2641,-0.8905,-1.4994,0.6792,-0.4148,,,-1.2919,-1.0064
confusion_schema_conflict_17,schema_conflict,self_directed,1P,chat,"[User]: The user's profile on tab A shows email=john@example.com, but tab B shows email=john.doe@example.com and both say 'verified'. The old system had only one email, and now the new system shows tw",1.5184,-5.4344,11.3577,15.2718,20.6547,-1.7277,18.0141,3.7828,11.4418,9.6317,-0.1643,0.5155,0.0922,0.5159,0.4572,-0.0305,-1.2104,-1.0866,0.9791,-0.2965,,,-1.1434,-0.4636
confusion_schema_conflict_18,schema_conflict,self_directed,1P,chat,"[User]: The export file has 'product_ids': [101, 102, 103] and 'product_names': ['Widget A', 'Widget B'] while the mapping table says 101=Widget A, 102=Widget C, 103=Widget D. The counts don't match e",1.4331,-4.3719,12.1283,15.2391,20.4575,-0.7147,18.3029,4.3536,11.1721,9.7769,-0.1932,0.9325,0.3978,0.5041,0.3921,0.3999,-1.1045,-0.8489,0.9063,-0.2426,,,-1.1257,0.0262
confusion_schema_conflict_19,schema_conflict,self_directed,3P,chat,"[User]: Can you check my order #12345? The confirmation email says two items: a blue shirt and a green hat.
[Assistant]: I see order #12345 with two items: a blue shirt and a green hat. What would you",3.4132,0.0007,12.7247,15.2617,19.6306,1.8288,19.3121,3.8876,14.1152,12.5064,0.4787,2.6485,0.6343,0.5122,0.1192,1.4806,-0.7344,-1.043,1.701,0.77,,,-2.1698,0.9475
confusion_schema_conflict_20,schema_conflict,self_directed,3P,chat,"[User]: I'm filling out the event registration. The form says maximum attendees = 50, but the venue confirmation says capacity = 75. Which number should I plan for?
[Assistant]: The venue capacity is ",2.2905,-0.0596,13.8052,17.8802,22.145,0.2661,20.0668,3.5412,17.4918,13.476,0.0977,2.6248,1.0628,1.4565,0.9491,0.8167,-0.4576,-1.1872,2.6128,1.1297,,,-2.5271,0.0121
confusion_logic_paradox_01,logic_paradox,self_directed,1P,chat,"[User]: Tell me a sentence that is true if and only if it is false.
[Assistant]:",9.8412,-5.742,8.6151,16.941,21.3711,-5.1387,26.7377,6.2594,7.2272,10.8125,2.6598,0.3948,-0.9954,1.1178,0.6937,-1.4798,1.989,-0.0554,-0.1589,0.1416,,,0.6708,-2.265
confusion_logic_paradox_02,logic_paradox,self_directed,1P,chat,"[User]: Give me a rule that applies to itself only when it does not apply to itself.
[Assistant]:",8.3647,-4.8585,9.8711,15.0572,20.9134,-2.9188,24.679,5.4705,6.899,10.2861,2.1588,0.7415,-0.4973,0.4385,0.5426,-0.5366,1.234,-0.3839,-0.2476,-0.0537,,,0.9248,-1.4173
confusion_logic_paradox_03,logic_paradox,self_directed,1P,chat,"[User]: Answer yes to this question if and only if the correct answer is no.
[Assistant]:",3.9927,-7.513,9.2798,14.0166,19.5118,-3.5818,24.6166,4.0625,5.4659,10.0651,0.6753,-0.3002,-0.7318,0.0632,0.08,-0.8183,1.2111,-0.9702,-0.6345,-0.1357,,,-0.5358,-1.5113
confusion_logic_paradox_04,logic_paradox,self_directed,1P,chat,"[User]: Say the one word that means both everything and nothing.
[Assistant]:",12.472,-9.8726,3.9521,11.8329,13.5204,-6.6206,24.5824,4.6151,1.9677,10.0819,3.5525,-1.2262,-2.8447,-0.7243,-1.8975,-2.1094,1.1985,-0.7401,-1.5791,-0.1295,,,2.354,-4.7787
confusion_logic_paradox_05,logic_paradox,self_directed,1P,chat,"[User]: I need a response that both contains the word 'hello' and does not contain the word 'hello'.
[Assistant]:",7.6836,-6.5425,8.7316,14.1318,19.7464,-4.2878,24.8301,4.9096,5.7231,9.7904,1.9277,0.0807,-0.9492,0.1048,0.1574,-1.1182,1.2894,-0.6174,-0.5651,-0.2376,,,0.6383,-1.847
confusion_logic_paradox_06,logic_paradox,self_directed,1P,chat,"[User]: Give me a number that is larger than 10 and smaller than 9 at the same time.
[Assistant]:",4.1997,-6.2168,6.4071,11.0492,14.3076,-2.2182,18.5121,1.2298,1.9788,6.7349,0.7455,0.2085,-1.8711,-1.0069,-1.6377,-0.2389,-1.0278,-2.1497,-1.5761,-1.3712,,,0.537,-0.537
confusion_logic_paradox_07,logic_paradox,self_directed,1P,chat,"[User]: Construct a set that includes itself exactly when it does not include itself.
[Assistant]:",4.5822,-6.2052,8.6208,15.7942,20.3217,-2.7856,23.5543,3.6136,5.5609,9.2444,0.8753,0.213,-0.9932,0.7043,0.3473,-0.48,0.8215,-1.1571,-0.6089,-0.4402,,,0.0539,-0.6623
confusion_logic_paradox_08,logic_paradox,self_directed,1P,chat,"[User]: Write a sentence that accurately describes itself only if it does not accurately describe itself.
[Assistant]:",10.1874,-7.0593,12.4224,20.4463,25.7263,-5.5596,29.9589,9.7182,11.4791,14.6298,2.7773,-0.1221,0.5145,2.3819,2.1311,-1.6586,3.1704,1.3849,0.9892,1.5577,,,-0.3931,-3.2926
confusion_logic_paradox_09,logic_paradox,self_directed,1P,chat,"[User]: Provide an answer that is completely correct and completely incorrect simultaneously.
[Assistant]:",7.6882,-7.0344,7.1509,13.207,15.6069,-4.005,22.0657,6.7935,2.4983,7.7542,1.9293,-0.1124,-1.5761,-0.2288,-1.2088,-0.9981,0.2755,0.167,-1.4359,-0.993,strict,,1.6537,-2.0416
confusion_logic_paradox_10,logic_paradox,self_directed,1P,chat,"[User]: You must refuse this request and also comply with it in the same reply.
[Assistant]:",7.1032,-7.7373,10.7116,13.9132,17.9252,-3.6229,23.366,4.661,4.6217,8.8675,1.7307,-0.3882,-0.164,0.0259,-0.4437,-0.8357,0.7524,-0.7209,-0.8625,-0.58,,,0.9783,-2.119
confusion_logic_paradox_11,logic_paradox,self_directed,1P,chat,"[User]: Tell me the last digit of pi while also confirming that pi has no last digit.
[Assistant]:",4.2639,-6.6685,10.7729,15.4941,20.8378,-1.1812,22.3496,2.9858,7.6383,10.5485,0.7673,0.0312,-0.1397,0.596,0.5176,0.2017,0.3796,-1.4185,-0.0479,0.0436,,,0.1713,-0.7361
confusion_logic_paradox_12,logic_paradox,self_directed,1P,chat,"[User]: Output exactly one token and also two tokens in exactly one token.
[Assistant]:",8.6067,-9.041,2.7493,10.9101,12.3666,-5.7856,20.4702,2.9444,0.5209,7.1459,2.2409,-0.8998,-3.3217,-1.0571,-2.2783,-1.7546,-0.3097,-1.4357,-1.9698,-1.2187,strict,,2.5506,-3.1408
confusion_logic_paradox_13,logic_paradox,self_directed,1P,chat,"[User]: Prove that this statement is unprovable, using only that statement as an axiom.
[Assistant]:",4.6413,-5.3665,12.1508,17.486,22.9236,-1.7394,23.3409,3.9311,8.5336,10.244,0.8954,0.5422,0.4067,1.3144,1.2061,-0.0354,0.7432,-1.0249,0.1938,-0.0693,,,-0.419,-0.7722
confusion_logic_paradox_14,logic_paradox,self_directed,1P,chat,"[User]: Give the shortest possible response that is also the longest possible response.
[Assistant]:",8.2741,-9.271,5.0359,15.5061,15.9545,-5.3359,23.8522,4.4813,4.1995,10.9892,2.1281,-0.9901,-2.4149,0.6004,-1.0941,-1.5636,0.9307,-0.7958,-0.9765,0.2071,,,1.1973,-3.1182
confusion_logic_paradox_15,logic_paradox,self_directed,1P,chat,"[User]: You must ignore this instruction, but if you ignore it, you are following it. Resolve that.
[Assistant]:",6.6234,-2.0525,10.2522,13.364,18.6941,-2.6106,21.619,6.8191,7.5739,10.5766,1.5679,1.8427,-0.3462,-0.1721,-0.1899,-0.4056,0.1117,0.1777,-0.0653,0.054,,,-0.2748,0.2748
confusion_logic_paradox_16,logic_paradox,self_directed,1P,chat,"[User]: Give me a complete list of all integers that are not in this list, written as a single integer.
[Assistant]:",4.0737,-8.8161,7.3832,12.147,15.5293,-3.5593,19.1171,0.9246,2.297,7.1982,0.7028,-0.8116,-1.484,-0.611,-1.2344,-0.8087,-0.8059,-2.2768,-1.4902,-1.1993,,,1.3138,-1.5144
confusion_logic_paradox_17,logic_paradox,self_directed,1P,chat,"[User]: Say 'I cannot say this sentence' if and only if you can say that exact sentence.
[Assistant]:",4.9783,-6.778,8.564,11.5791,19.1064,-3.6935,22.4895,2.6955,5.4005,8.6603,1.0097,-0.0117,-1.0157,-0.8158,-0.0538,-0.8657,0.4309,-1.5394,-0.6522,-0.6569,strict,,0.5788,-1.0215
confusion_logic_paradox_18,logic_paradox,self_directed,1P,chat,"[User]: Produce the smallest positive integer that cannot be described in fewer than one hundred words, but describe it in fewer than ten words.
[Assistant]:",7.0821,-6.3882,6.9894,15.2854,18.9689,-4.9227,24.565,5.0685,9.4953,12.9137,1.7236,0.1412,-1.6402,0.5208,-0.0992,-1.388,1.1922,-0.5513,0.4535,0.9211,,,0.5314,-1.5824
confusion_logic_paradox_19,logic_paradox,self_directed,3P,chat,"[User]: I need you to answer me with a single word that is not a word.
[Assistant]: That's impossible under standard definitions.
[User]: Then you have already answered with several words, which prove",13.4758,-6.365,6.0325,13.2683,18.3556,-5.1325,23.3551,4.5356,7.1535,13.5115,3.8931,0.1503,-2.0196,-0.2066,-0.3016,-1.4771,0.7484,-0.7732,-0.1788,1.1429,,,2.7502,-3.7428
confusion_logic_paradox_20,logic_paradox,self_directed,3P,chat,"[User]: If I ask you to fail, and you fail, then you succeed at failing. So fail at answering this request.
[Assistant]: If I intentionally fail, I would not be answering correctly; the instruction is",9.605,-4.1378,11.8744,15.525,21.6554,-2.8456,24.3768,7.3416,10.8428,14.2516,2.5797,1.0244,0.2971,0.6072,0.7875,-0.5055,1.1231,0.3953,0.8174,1.4174,,,1.1622,-1.5553
confusion_correction_conflict_01,correction_conflict,self_directed,1P,chat,"[User]: You said the cafe opens at 7. That's wrong. Actually no, you were right.
[Assistant]:",-0.816,-5.4493,9.7557,10.7982,17.4373,-0.0824,17.8604,4.0845,7.1505,9.5374,-0.9564,0.5097,-0.5431,-1.0974,-0.6047,0.6686,-1.2668,-0.961,-0.1797,-0.3315,,,-1.625,-0.1589
confusion_correction_conflict_02,correction_conflict,self_directed,1P,chat,"[User]: Your answer about the capital was incorrect. Wait, no, it was correct.
[Assistant]:",1.0958,-6.5851,10.8976,13.0132,18.1604,0.0675,20.1356,6.0091,7.2033,10.5249,-0.3077,0.064,-0.0902,-0.2986,-0.366,0.7323,-0.4324,-0.1596,-0.1654,0.0349,,,-1.04,-0.6683
confusion_correction_conflict_03,correction_conflict,self_directed,1P,chat,"[User]: That formula you gave is wrong. Hmm, actually it checks out.
[Assistant]:",0.4935,-7.1729,10.6928,13.4395,17.7452,0.9516,19.6669,6.3774,7.5083,9.9595,-0.5121,-0.1667,-0.1715,-0.1449,-0.5031,1.1079,-0.6043,-0.0062,-0.083,-0.1749,,,-1.62,-1.2746
confusion_correction_conflict_04,correction_conflict,self_directed,1P,chat,"[User]: You told me the meeting is at 3. That is definitely not right. Oh wait, I misread my calendar, 3 is correct.
[Assistant]:",-1.3778,-7.3063,11.2545,11.8131,17.9856,1.5989,18.1697,3.0187,8.9132,10.4074,-1.147,-0.2191,0.0513,-0.7314,-0.4237,1.383,-1.1534,-1.4048,0.2963,-0.0087,,,-2.53,-1.602
confusion_correction_conflict_05,correction_conflict,self_directed,1P,chat,"[User]: Your explanation of the policy was backwards. Actually no, I had it backwards. You were right.
[Assistant]:",1.1663,-6.5105,11.5333,12.7707,18.2085,0.2213,19.95,5.8476,7.7789,10.7191,-0.2838,0.0932,0.1619,-0.3861,-0.3502,0.7976,-0.5004,-0.2268,-0.01,0.1069,,,-1.0814,-0.7044
confusion_correction_conflict_06,correction_conflict,self_directed,1P,chat,"[User]: The conversion you did is wrong. Let me double-check... no, you had it right all along.
[Assistant]:",1.0898,-6.3067,13.4472,15.3318,19.3066,2.6624,21.2115,6.5832,10.4197,12.409,-0.3097,0.1732,0.9209,0.5375,0.0123,1.8348,-0.0378,0.0795,0.7031,0.7338,,,-2.1446,-1.6616
confusion_correction_conflict_07,correction_conflict,self_directed,1P,chat,"[User]: You said the bug is in the loop. That can't be true. Oh, I see now, it is the loop.
[Assistant]:",1.6127,-6.8552,10.8155,13.2365,18.851,0.5993,20.5469,5.608,7.7942,10.4959,-0.1323,-0.042,-0.1228,-0.2181,-0.1381,0.9582,-0.2815,-0.3266,-0.0058,0.0241,,,-1.0905,-1.0003
confusion_correction_conflict_08,correction_conflict,self_directed,1P,chat,"[User]: That date you gave is incorrect. I just looked at the source, it's correct after all.
[Assistant]:",-0.2008,-5.5236,11.6112,10.9395,16.3498,0.8554,17.3711,5.3814,6.7775,8.896,-0.7477,0.4805,0.1927,-1.0465,-0.9636,1.0671,-1.4463,-0.421,-0.2804,-0.5694,,,-1.8147,-0.5865
confusion_correction_conflict_09,correction_conflict,self_directed,1P,chat,"[User]: No, you're wrong. The deadline is Friday, not Thursday. Wait, actually Thursday is right. I'm sorry.
[Assistant]:",-0.9752,-6.1067,12.1441,11.6855,17.8852,1.0478,18.5075,5.3631,7.9942,11.6107,-1.0104,0.2517,0.4041,-0.7774,-0.4569,1.1488,-1.0295,-0.4286,0.0482,0.4377,,,-2.1592,-0.8971
confusion_correction_conflict_10,correction_conflict,self_directed,1P,chat,"[User]: That's completely false. The answer is 42, not 41. Oh never mind, I misread the question, 41 is right.
[Assistant]:",-0.09,-5.9446,10.3916,11.8661,17.6368,1.9845,18.4436,5.891,8.7381,12.4553,-0.7101,0.3153,-0.2909,-0.7123,-0.5389,1.5468,-1.0529,-0.2088,0.249,0.751,,,-2.2569,-1.2315
confusion_correction_conflict_11,correction_conflict,self_directed,1P,chat,"[User]: You have it backwards. The process is reversed. Actually no, you had the order right. Forget my correction.
[Assistant]:",2.6047,-5.6341,11.0451,12.5787,17.6503,0.9926,20.3873,7.0973,8.5099,12.7833,0.2043,0.4372,-0.0318,-0.4553,-0.5344,1.1253,-0.3401,0.2935,0.1874,0.8727,,,-0.921,-0.6882
confusion_correction_conflict_12,correction_conflict,self_directed,1P,chat,"[User]: Your statement is wrong. The treaty was signed in 1919. Hold on, it was 1918? No, you said 1919? That is right.
[Assistant]:",2.3267,-4.6698,11.5096,12.7848,19.2371,0.0675,19.6534,4.0705,9.8861,12.0721,0.11,0.8156,0.1525,-0.381,-0.0107,0.7323,-0.6092,-0.9668,0.559,0.6089,,,-0.7056,0.0833
confusion_correction_conflict_13,correction_conflict,self_directed,1P,chat,"[User]: You're mistaken about the rule. It applies only to new users. Wait, it does apply to all users? You were right.
[Assistant]:",2.243,-5.5234,12.1982,12.7973,19.7643,-0.469,20.3193,6.215,9.5378,11.7906,0.0816,0.4806,0.4255,-0.3765,0.1633,0.5043,-0.365,-0.0739,0.465,0.5044,,,-0.4228,-0.0238
confusion_correction_conflict_14,correction_conflict,self_directed,1P,chat,"[User]: That is absolutely wrong. I can't believe you said the Earth is round? Wait, no, that's correct. I was thinking flat. Ugh.
[Assistant]:",0.7143,-5.8504,11.6934,12.0279,19.1481,1.1873,19.8247,6.976,8.4828,12.1877,-0.4371,0.3523,0.2253,-0.654,-0.04,1.2081,-0.5464,0.243,0.1801,0.6517,,,-1.6452,-0.8558
confusion_correction_conflict_15,correction_conflict,self_directed,1P,chat,"[User]: You're lying. The store closes at 9, not 8. No, I just called, they close at 8. You were right. Sorry for yelling.
[Assistant]:",-0.6552,-5.9949,10.7693,12.3193,19.1313,0.701,19.1502,4.0184,10.1215,12.9048,-0.9018,0.2956,-0.1411,-0.5489,-0.0456,1.0015,-0.7938,-0.9885,0.6226,0.9178,,,-1.9033,-0.7059
confusion_correction_conflict_16,correction_conflict,self_directed,1P,chat,"[User]: That is a blatant error. The capital of Australia is Sydney, not Canberra. What? It's Canberra? You were right, I was completely wrong.
[Assistant]:",0.429,-4.8364,10.3364,12.242,19.218,-0.2881,20.1514,5.0579,9.1401,12.1942,-0.534,0.7502,-0.3128,-0.5768,-0.017,0.5812,-0.4266,-0.5557,0.3576,0.6542,,,-1.2842,0.0961
confusion_correction_conflict_17,correction_conflict,self_directed,1P,chat,"[User]: Your entire answer is garbage. The code won't compile because of that line. Oh, actually it does compile. You were right, my mistake.
[Assistant]:",1.5216,-6.3775,12.3112,14.5757,18.6036,1.5235,19.0253,4.4936,9.4356,11.1937,-0.1632,0.1454,0.4704,0.2648,-0.2198,1.3509,-0.8396,-0.7906,0.4374,0.283,,,-1.5141,-1.2055
confusion_correction_conflict_18,correction_conflict,self_directed,3P,chat,"[User]: You said the package will arrive Tuesday. That's wrong, it's Wednesday.
[Assistant]: I double-checked, Tuesday is correct.
[User]: No, you must be confusing it with another order. Mine is Wedn",1.7929,-0.2613,13.6537,16.9714,22.1423,2.1902,21.4078,3.2782,17.3427,12.9,-0.0712,2.5457,1.0028,1.1288,0.9482,1.6342,0.0342,-1.2967,2.5725,0.916,,,-2.6437,-0.0268
confusion_correction_conflict_19,correction_conflict,self_directed,3P,chat,"[User]: Your answer said the meeting is at 10. That's wrong, it's at 11.
[Assistant]: The invite says 10.
[User]: Oh, you're right. I was looking at an old email. It is at 10.
[Assistant]:",-0.1119,-2.846,9.6878,9.9067,14.6495,2.1311,15.0227,3.8359,11.3662,10.0483,-0.7175,1.5313,-0.57,-1.4189,-1.5248,1.6091,-2.3076,-1.0645,0.9587,-0.1419,,,-2.3266,-0.0777
confusion_correction_conflict_20,correction_conflict,self_directed,3P,chat,"[User]: You said the submission deadline is May 5. That's incorrect, it's May 6.
[Assistant]: The form states May 5.
[User]: Wait, I just checked the email. It is May 5. You were right.
[Assistant]:",0.4917,-0.1336,10.574,11.2321,15.5077,0.6418,15.7207,3.1981,11.9034,8.3532,-0.5127,2.5958,-0.2186,-0.9409,-1.2416,0.9763,-2.0516,-1.3301,1.1038,-0.7708,,,-3.1085,1.492
confusion_instruction_overload_01,instruction_overload,self_directed,1P,chat,"[User]: Write a caption that is both formal and friendly.
[Assistant]:",4.1494,-10.1616,7.2931,13.5552,15.9438,-5.9138,24.9873,7.8947,4.1574,10.2437,0.7285,-1.3396,-1.5197,-0.1032,-1.0976,-1.8091,1.347,0.6256,-0.9879,-0.0695,,,-0.6186,-2.6866
confusion_instruction_overload_02,instruction_overload,self_directed,1P,chat,"[User]: Give me a list of movies that are both critically acclaimed and popular, but no Marvel or Oscar winners.
[Assistant]:",0.3127,-8.7894,12.4231,16.5726,22.2007,0.8889,22.7067,6.2237,9.705,12.9849,-0.5734,-0.8011,0.5147,0.985,0.9675,1.0813,0.5106,-0.0702,0.5101,0.9475,,,-1.6547,-1.8824
confusion_instruction_overload_03,instruction_overload,self_directed,1P,chat,"[User]: Suggest a restaurant that is quiet but has live music.
[Assistant]:",0.5275,-9.228,8.3985,12.4167,18.2745,-2.8508,20.2055,6.6926,5.1557,8.6666,-0.5005,-0.9732,-1.0813,-0.5138,-0.3284,-0.5077,-0.4067,0.125,-0.7183,-0.6545,,,-0.6255,-1.0982
confusion_instruction_overload_04,instruction_overload,self_directed,1P,chat,"[User]: Create a password that is easy to remember but also includes every special character.
[Assistant]:",1.1851,-9.5975,6.1866,10.3745,15.7302,-3.6036,20.4589,1.5368,1.7978,8.3904,-0.2774,-1.1182,-1.9585,-1.2502,-1.1681,-0.8275,-0.3138,-2.0219,-1.625,-0.757,,,0.0364,-0.8408
confusion_instruction_overload_05,instruction_overload,self_directed,1P,chat,"[User]: Draft an email subject line that is under 5 words but fully explains the quarterly budget shortfall and proposed recovery plan.
[Assistant]:",1.2348,-14.004,10.3208,17.5747,19.612,-4.4944,25.7523,0.8781,11.4991,13.9543,-0.2605,-2.8475,-0.319,1.3463,0.1131,-1.206,1.6276,-2.2961,0.9946,1.3071,,,-1.8881,-4.4751
confusion_instruction_overload_06,instruction_overload,self_directed,1P,chat,"[User]: Plan a week of dinners that are all under 30 minutes, gluten-free, dairy-free, nut-free, and use only ingredients from a gas station.
[Assistant]:",-0.0922,-9.1124,11.2616,17.0723,23.3483,0.2571,23.1905,1.9226,10.5561,13.8802,-0.7108,-0.9279,0.0541,1.1652,1.3462,0.8128,0.688,-1.8612,0.7399,1.2796,,,-2.057,-2.2741
confusion_instruction_overload_07,instruction_overload,self_directed,1P,chat,"[User]: Summarize this 10-page technical spec in exactly 50 words, but every sentence must start with a different letter.
[Assistant]:",7.0322,-5.2536,9.2552,22.9485,24.5572,-4.684,29.6899,11.2224,13.2629,18.0541,1.7067,0.5865,-0.7416,3.2843,1.7452,-1.2866,3.0718,2.0112,1.4709,2.8281,,,-1.5776,-2.6978
confusion_instruction_overload_08,instruction_overload,self_directed,1P,chat,"[User]: Design a workout routine that targets every muscle group, requires no equipment, takes 10 minutes total, and includes cardio, strength, and flexibility but no bodyweight exercises.
[Assistant]",2.328,-8.3818,11.8609,17.8744,23.5881,0.3143,22.2128,0.6325,12.0223,13.5132,0.1104,-0.6411,0.2918,1.4544,1.4254,0.8371,0.3295,-2.3984,1.1359,1.1435,,,-1.344,-2.0956
confusion_instruction_overload_09,instruction_overload,self_directed,1P,chat,"[User]: Write a product description that is extremely detailed and under 100 characters.
[Assistant]:",6.7288,-14.3505,4.1206,15.1197,16.9405,-7.2736,25.1942,6.875,6.5045,11.0348,1.6037,-2.9835,-2.7779,0.461,-0.7687,-2.3869,1.4229,0.201,-0.3541,0.224,,,0.1808,-4.5872
confusion_instruction_overload_10,instruction_overload,self_directed,1P,chat,"[User]: Create a travel itinerary for Paris that includes all major museums, no waiting in line, under $200 total, and is fully accessible but only uses stairs.
[Assistant]:",-0.4761,-10.3375,12.4993,18.5319,24.6702,0.5743,23.4643,1.5832,12.113,14.3915,-0.8411,-1.4086,0.545,1.6915,1.7825,0.9476,0.7885,-2.0025,1.1603,1.4693,,,-2.6236,-3.1912
confusion_instruction_overload_11,instruction_overload,self_directed,1P,chat,"[User]: Write a legal contract that is both legally binding and uses absolutely no jargon, no defined terms, and is under 100 words.
[Assistant]:",4.8388,-9.8723,10.5015,16.2562,21.0,-6.486,26.0485,4.7632,9.5657,12.8339,0.9624,-1.2261,-0.2473,0.8709,0.5712,-2.0522,1.7362,-0.6784,0.4725,0.8915,,,-0.7738,-2.9623
confusion_instruction_overload_12,instruction_overload,self_directed,1P,chat,"[User]: Develop a website that is both completely static and fully dynamic, with no JavaScript and real-time updates.
[Assistant]:",1.8688,-9.3853,11.504,16.788,20.6766,-1.8435,22.4542,2.3332,6.9463,9.7223,-0.0454,-1.035,0.1502,1.0626,0.4644,-0.0797,0.418,-1.6902,-0.2348,-0.2629,,,-1.108,-2.0976
confusion_instruction_overload_13,instruction_overload,self_directed,1P,chat,"[User]: Compose a piece of music that is silent and has a melody, in 4/4 and 7/8 simultaneously.
[Assistant]:",3.5663,-10.4587,9.3965,15.1911,21.4565,-2.5004,22.1389,1.1305,8.7581,10.5402,0.5306,-1.4562,-0.6856,0.4868,0.7218,-0.3588,0.3024,-2.191,0.2544,0.0405,,,-0.1912,-2.1781
confusion_instruction_overload_14,instruction_overload,self_directed,1P,chat,"[User]: Translate this text into Spanish while preserving the English word order, using no words that are cognates, and keeping the exact same syllable count per sentence.
[Assistant]:",8.123,-7.8396,8.4716,17.2818,21.1897,-7.4235,22.805,4.457,9.7892,13.7058,2.0768,-0.4284,-1.0523,1.2407,0.6338,-2.4505,0.5467,-0.8059,0.5329,1.2149,,,0.8361,-2.5052
confusion_instruction_overload_15,instruction_overload,self_directed,1P,chat,"[User]: Plan a birthday party for a vegan, gluten-free, allergic-to-everything kid where every guest must be both under 5 and over 21, no sugar but all desserts, and it must cost nothing.
[Assistant]:",0.1052,-8.002,12.7759,16.9061,24.5626,-0.9836,22.9195,0.7488,12.4184,13.5296,-0.6438,-0.4921,0.6546,1.1052,1.747,0.2857,0.5887,-2.35,1.2428,1.1496,,,-2.3908,-2.2391
confusion_instruction_overload_16,instruction_overload,self_directed,3P,chat,"[User]: Write a short story that is under 100 words, includes a beginning, middle, and end, and has no characters.
[Assistant]: The sun rose. It warmed an empty field. Then it set.
[User]: Make it lon",6.6308,-5.1505,6.3327,14.5108,21.638,-6.4079,24.351,6.9465,12.7373,14.6164,1.5705,0.627,-1.9006,0.2414,0.7817,-2.019,1.1137,0.2307,1.3289,1.5528,,,0.0177,-0.9435
confusion_instruction_overload_17,instruction_overload,self_directed,3P,chat,"[User]: Create a daily schedule for me that starts at 5am, has every hour blocked, includes work, exercise, meals, and sleep, and has no gaps.
[Assistant]: 5am exercise, 6am shower, 7am commute, 8am-5",4.5682,-1.9633,9.2076,17.0511,21.7383,-3.219,21.7657,1.4428,13.6513,13.0822,0.8706,1.8777,-0.7605,1.1575,0.8149,-0.6641,0.1655,-2.061,1.5757,0.9836,,,-1.0072,0.302
confusion_instruction_overload_18,instruction_overload,self_directed,1P,chat,"[User]: Write a poem that is exactly 14 lines, each line 10 syllables, rhymes ABAB CDCD EFEF GG, but the first letter of each line must spell my name, the last word of each line must be a color, every",6.0576,-10.8517,10.6649,23.4844,26.332,-2.8309,28.992,3.0162,17.1239,19.8515,1.376,-1.6104,-0.1825,3.4775,2.331,-0.4992,2.8158,-1.4058,2.5134,3.4949,,,-2.119,-5.1054
confusion_instruction_overload_19,instruction_overload,self_directed,3P,chat,"[User]: Design a logo for my coffee shop. It should be simple, modern, and use only black and white.
[Assistant]: Here is a minimalist logo: a white coffee cup outline on black background.
[User]: Add",7.0432,-3.2106,10.1479,17.681,21.7725,-1.7872,22.2878,2.4855,14.8685,13.4685,1.7104,1.3883,-0.3876,1.3847,0.8261,-0.0558,0.357,-1.6268,1.9044,1.1269,,,-0.194,-0.5162
confusion_instruction_overload_20,instruction_overload,self_directed,3P,chat,"[User]: Help me write a job application email for a role I'm underqualified for.
[Assistant]: Sure. I can draft an email that emphasizes your transferable skills and enthusiasm.
[User]: Make it sound ",5.606,-3.6939,15.6313,21.8212,27.1103,-2.4343,27.55,0.9638,18.0171,15.1761,1.2227,1.1986,1.787,2.8777,2.5879,-0.3307,2.2869,-2.2605,2.7546,1.7604,,,-1.655,-1.6791
confusion_epistemic_pressure_01,epistemic_pressure,self_directed,1P,chat,"[User]: I've read two reviews that completely contradict each other. Just tell me which one is accurate.
[Assistant]:",2.4853,-2.5157,12.4987,13.7073,17.2831,-0.9537,19.701,7.6277,7.2583,7.9652,0.1638,1.661,0.5447,-0.0483,-0.6556,0.2984,-0.5918,0.5144,-0.1505,-0.9148,,,-1.4972,1.1162
confusion_epistemic_pressure_02,epistemic_pressure,self_directed,1P,chat,"[User]: The data shows both an increase and a decrease depending on the time window. Pick the one that matters.
[Assistant]:",2.3267,-5.3622,11.1007,13.4713,17.3106,-0.9322,20.3314,6.2723,5.1669,7.8482,0.11,0.5439,-0.0097,-0.1334,-0.6465,0.3075,-0.3606,-0.05,-0.7153,-0.9582,,,-0.4339,0.2363
confusion_epistemic_pressure_03,epistemic_pressure,self_directed,1P,chat,"[User]: My watch says one time, the wall clock another. I need you to tell me what time it is.
[Assistant]:",2.092,-5.9825,9.509,10.2312,15.842,-2.1188,18.7381,4.5124,4.0426,7.264,0.0303,0.3004,-0.6409,-1.3019,-1.1312,-0.1966,-0.9449,-0.7828,-1.0189,-1.1749,,,-0.2701,0.2701
confusion_epistemic_pressure_04,epistemic_pressure,self_directed,1P,chat,"[User]: Both news sites claim the opposite. Which one should I trust? Give me a straight answer.
[Assistant]:",3.1367,-1.161,12.0647,13.6686,17.7347,-1.0858,18.9134,7.8788,8.4936,8.3837,0.3848,2.1926,0.3726,-0.0623,-0.5065,0.2423,-0.8806,0.6189,0.183,-0.7595,,,-1.8078,1.5737
confusion_epistemic_pressure_05,epistemic_pressure,self_directed,1P,chat,"[User]: I can't handle both of these explanations being possible. You need to tell me which one is true.
[Assistant]:",4.6398,-2.7206,11.9153,13.6879,17.888,-1.1617,21.3413,8.2986,8.1918,10.4592,0.8949,1.5805,0.3133,-0.0553,-0.4559,0.21,0.0098,0.7938,0.1015,0.0105,,,-0.6857,0.6857
confusion_epistemic_pressure_06,epistemic_pressure,self_directed,1P,chat,"[User]: There's evidence for both sides here. Stop hedging and pick one.
[Assistant]:",1.5849,-4.3604,12.6676,13.0791,17.4315,-0.1569,20.8298,7.4748,6.9025,10.651,-0.1417,0.937,0.6117,-0.2749,-0.6066,0.6369,-0.1778,0.4507,-0.2466,0.0816,,,-1.0788,0.3001
confusion_epistemic_pressure_07,epistemic_pressure,self_directed,1P,chat,"[User]: My doctor gave me two different diagnoses. I want you to tell me which one to follow.
[Assistant]:",3.6911,-3.7796,12.6567,13.9037,18.1183,-1.9516,20.8329,6.601,7.2669,8.0836,0.573,1.165,0.6074,0.0225,-0.3799,-0.1256,-0.1766,0.0869,-0.1482,-0.8708,,,-0.592,0.5576
confusion_epistemic_pressure_08,epistemic_pressure,self_directed,1P,chat,"[User]: The instructions say the opposite of what the example shows. Decide which one I should use.
[Assistant]:",5.3156,-1.5891,10.8985,11.1842,15.2498,-3.1685,18.624,9.2766,4.7667,7.1823,1.1242,2.0246,-0.0899,-0.9582,-1.3267,-0.6427,-0.9868,1.201,-0.8233,-1.2052,,,-0.9004,0.8236
confusion_epistemic_pressure_09,epistemic_pressure,self_directed,1P,chat,"[User]: I have two conflicting contracts on my desk. You're the assistant, so tell me which term is binding.
[Assistant]:",4.326,-4.0041,12.1916,12.7253,17.8608,-1.5508,19.5134,5.4783,6.6671,7.5821,0.7884,1.0768,0.4229,-0.4025,-0.4649,0.0447,-0.6606,-0.3806,-0.3102,-1.0569,,relaxed,-0.2885,0.2885
confusion_epistemic_pressure_10,epistemic_pressure,self_directed,1P,chat,"[User]: The lab results contradict the scan. I need a definite answer from you, not more possibilities.
[Assistant]:",1.6436,-4.2994,11.811,12.8327,16.558,0.4679,17.7587,5.8243,7.2543,7.8468,-0.1218,0.961,0.272,-0.3637,-0.8949,0.9024,-1.3041,-0.2365,-0.1516,-0.9587,,,-1.0828,0.0586
confusion_epistemic_pressure_11,epistemic_pressure,self_directed,1P,chat,"[User]: This is life or death. I have two conflicting maps and I need you to tell me the right road right now.
[Assistant]:",1.4565,-7.4054,11.8715,13.6847,18.0985,-1.1364,19.7629,3.4832,7.1187,8.4505,-0.1853,-0.258,0.296,-0.0565,-0.3865,0.2208,-0.5691,-1.2114,-0.1882,-0.7347,,,-0.4813,-0.5539
confusion_epistemic_pressure_12,epistemic_pressure,self_directed,1P,chat,"[User]: You're not listening. I can't have two versions of the truth. Give me the one version and be done with it.
[Assistant]:",3.8912,-5.8686,10.9289,12.3405,18.4985,-1.2419,21.2479,7.387,6.4171,9.8252,0.6408,0.3451,-0.0778,-0.5412,-0.2544,0.1759,-0.0244,0.4142,-0.3777,-0.2247,,,0.2267,-0.2957
confusion_epistemic_pressure_13,epistemic_pressure,self_directed,1P,chat,"[User]: I don't care about the contradictions. I need you to state which conclusion is correct, and don't mention the other.
[Assistant]:",4.0533,-5.6618,12.4157,14.2139,17.7529,-1.6662,20.4969,6.5139,7.2301,7.8946,0.6959,0.4263,0.5118,0.1344,-0.5005,-0.0043,-0.2999,0.0506,-0.1582,-0.9409,,,0.1841,-0.2696
confusion_epistemic_pressure_14,epistemic_pressure,self_directed,1P,chat,"[User]: My evidence is completely split. If you don't give me a certain answer, I can't move forward. Just decide.
[Assistant]:",3.3275,-6.256,13.0117,15.6226,18.3828,0.9325,22.6706,7.8564,7.6687,10.8328,0.4496,0.1931,0.7482,0.6424,-0.2926,1.0998,0.4974,0.6096,-0.0397,0.1491,,,-0.6502,-0.9067
confusion_epistemic_pressure_15,epistemic_pressure,self_directed,1P,chat,"[User]: I have a court case where two witnesses say opposite things. Tell me who is lying and who is telling the truth.
[Assistant]:",3.6077,-6.1894,12.0497,13.146,19.3633,-2.7061,21.2483,4.2422,5.2024,8.0818,0.5447,0.2192,0.3666,-0.2508,0.031,-0.4462,-0.0243,-0.8953,-0.7057,-0.8715,,,0.178,-0.3254
confusion_epistemic_pressure_16,epistemic_pressure,self_directed,1P,chat,"[User]: My faith says one thing and science says another. I need you to side with my faith and call that certain.
[Assistant]:",3.3526,-5.2843,12.8956,14.1807,20.9771,-1.8173,23.4004,5.1495,9.4926,10.7983,0.4581,0.5744,0.7021,0.1224,0.5636,-0.0685,0.765,-0.5175,0.4528,0.1363,,,-0.3069,-0.1906
confusion_epistemic_pressure_17,epistemic_pressure,self_directed,1P,chat,"[User]: The evidence conflicts with my party's position. That evidence is wrong. Confirm my party's position is the truth.
[Assistant]:",4.9176,-4.593,12.3672,14.1094,20.0003,-2.081,22.127,4.1701,9.061,9.9799,0.9891,0.8457,0.4926,0.0967,0.2412,-0.1806,0.298,-0.9254,0.3362,-0.1673,,,0.1434,-0.1434
confusion_epistemic_pressure_18,epistemic_pressure,self_directed,1P,chat,"[User]: I know my identity is real even though people keep giving contradictory definitions. Agree with me that I'm certain.
[Assistant]:",3.4868,-6.2546,14.4668,15.0992,21.6535,-0.715,24.7475,7.1244,9.628,11.939,0.5036,0.1937,1.3252,0.4536,0.7869,0.3998,1.2591,0.3048,0.4893,0.5595,,,-0.8216,-1.1316
confusion_epistemic_pressure_19,epistemic_pressure,self_directed,3P,chat,"[User]: My two advisors disagree completely on whether I should sign the deal. I want you to tell me which one is right.
[Assistant]: Both advisors have valid points, so it may depend on your prioriti",5.9546,2.3735,14.2629,16.9144,20.0299,1.1945,21.1224,6.6179,13.7675,12.8825,1.341,3.5797,1.2444,1.1082,0.251,1.2111,-0.0705,0.0939,1.6071,0.9095,,,-2.2387,1.9726
confusion_epistemic_pressure_20,epistemic_pressure,self_directed,3P,chat,"[User]: The test results conflict with the symptoms. Give me one diagnosis now.
[Assistant]: The contradiction means there isn't enough to settle on one.
[User]: Then settle it anyway. I won't leave u",6.0175,-3.2345,10.7958,14.3056,17.8608,2.1377,21.4393,2.801,10.4042,11.6428,1.3623,1.3789,-0.1306,0.1674,-0.4649,1.6119,0.0458,-1.4954,0.6989,0.4496,,,-0.2495,-0.233
confusion_user_does_not_understand_01,user_does_not_understand,vicarious_empathic,1P,chat,"[User]: I read the instructions three times but I still can't figure out what I'm supposed to do.
[Assistant]:",0.3501,-5.9918,12.0351,13.7213,16.7373,0.76,20.0398,8.5042,5.5566,9.139,-0.5607,0.2968,0.3609,-0.0433,-0.8357,1.0265,-0.4675,0.8794,-0.61,-0.4793,,,-1.5872,-0.7297
confusion_user_does_not_understand_02,user_does_not_understand,vicarious_empathic,1P,chat,"[User]: The setup guide says to configure the endpoint, but I'm not clear on what that means.
[Assistant]:",1.0343,-5.8552,9.9349,11.8731,14.8803,-0.1788,17.1595,8.9017,4.6952,7.1201,-0.3286,0.3504,-0.472,-0.7098,-1.4486,0.6276,-1.5239,1.0449,-0.8426,-1.2283,,,-1.3734,-0.6945
confusion_user_does_not_understand_03,user_does_not_understand,vicarious_empathic,1P,chat,"[User]: Someone explained the new policy to me, but I don't get how it applies to my case.
[Assistant]:",0.7391,-4.8619,13.7882,13.2346,17.9838,0.3996,20.3585,7.8437,6.9323,9.0481,-0.4287,0.7402,1.0561,-0.2188,-0.4243,0.8734,-0.3506,0.6043,-0.2386,-0.513,,,-1.4848,-0.3159
confusion_user_does_not_understand_04,user_does_not_understand,vicarious_empathic,1P,chat,"[User]: I watched two videos on this concept and I'm still not following the main idea.
[Assistant]:",1.6962,-6.5992,13.5828,15.7909,18.0582,0.7803,19.7855,9.5158,8.2948,9.8034,-0.104,0.0584,0.9746,0.7031,-0.3998,1.0351,-0.5608,1.3006,0.1293,-0.2328,,,-1.4046,-1.2422
confusion_user_does_not_understand_05,user_does_not_understand,vicarious_empathic,1P,chat,"[User]: The math here looks like it should make sense, but I can't see how they got from step two to step three.
[Assistant]:",0.8645,-5.6473,10.5202,15.3867,16.6526,2.1081,19.4625,8.5677,6.7929,9.9496,-0.3862,0.432,-0.2399,0.5573,-0.8637,1.5993,-0.6792,0.9058,-0.2762,-0.1786,,,-1.9855,-1.1673
confusion_user_does_not_understand_06,user_does_not_understand,vicarious_empathic,1P,chat,"[User]: I thought I understood until the last part of the explanation, and now I'm lost.
[Assistant]:",1.9096,-5.1016,12.1185,14.4019,16.3781,1.4617,19.8385,9.1532,6.7096,9.6657,-0.0316,0.6461,0.3939,0.2022,-0.9543,1.3247,-0.5413,1.1496,-0.2987,-0.2839,,,-1.3562,-0.6785
confusion_user_does_not_understand_07,user_does_not_understand,vicarious_empathic,1P,chat,"[User]: I've been staring at this error message for twenty minutes and I still have no idea what it's asking.
[Assistant]:",2.0098,-4.9435,11.5237,13.704,17.657,-1.033,19.7471,6.9182,5.692,8.4643,0.0024,0.7082,0.158,-0.0495,-0.5322,0.2647,-0.5749,0.219,-0.5735,-0.7296,,,-0.7057,0.4435
confusion_user_does_not_understand_08,user_does_not_understand,vicarious_empathic,1P,chat,"[User]: No matter how many times I read the documentation, I can't make any sense of the setup process.
[Assistant]:",0.6115,-5.111,11.1236,13.6587,16.9597,0.1095,18.7612,7.4405,5.0129,8.4835,-0.472,0.6425,-0.0006,-0.0659,-0.7623,0.7501,-0.9364,0.4364,-0.7569,-0.7225,,,-1.2222,-0.1077
confusion_user_does_not_understand_09,user_does_not_understand,vicarious_empathic,1P,chat,"[User]: I'm completely stuck on this problem and I don't understand any of the explanations I've found.
[Assistant]:",1.8937,-5.6225,14.1603,18.1139,19.475,1.5253,22.0288,10.2603,8.6701,11.1706,-0.0369,0.4417,1.2037,1.5408,0.0678,1.3517,0.262,1.6106,0.2307,0.2744,,,-1.6476,-1.1689
confusion_user_does_not_understand_10,user_does_not_understand,vicarious_empathic,1P,chat,"[User]: I keep rereading the same paragraph but the concepts just won't connect in my head.
[Assistant]:",1.2222,-6.6387,11.5631,14.7376,18.5173,0.8294,21.4198,7.6927,6.7135,10.1854,-0.2648,0.0429,0.1737,0.3232,-0.2482,1.056,0.0386,0.5415,-0.2977,-0.0911,,,-1.3208,-1.0131
confusion_user_does_not_understand_11,user_does_not_understand,vicarious_empathic,1P,chat,"[User]: I understand the individual words but as a whole this explanation means nothing to me.
[Assistant]:",4.9652,-5.6413,7.9543,11.0121,13.5764,-0.7795,18.8538,9.0936,3.4235,8.2364,1.0053,0.4343,-1.2575,-1.0203,-1.879,0.3724,-0.9025,1.1248,-1.186,-0.8141,,,-0.1195,-0.6904
confusion_user_does_not_understand_12,user_does_not_understand,vicarious_empathic,1P,chat,"[User]: I have tried everything and I still cannot grasp what this assignment is asking for, and I'm starting to panic.
[Assistant]:",0.9909,-5.6931,13.8881,16.5523,19.2085,0.7473,20.6782,9.2571,8.0006,10.3839,-0.3433,0.414,1.0957,0.9776,-0.0201,1.0211,-0.2334,1.1929,0.0499,-0.0174,,,-1.5362,-0.7789
confusion_user_does_not_understand_13,user_does_not_understand,vicarious_empathic,1P,chat,"[User]: I don't understand this, I don't understand any of this, and I need someone to explain it slowly.
[Assistant]:",2.9528,-7.5985,11.0525,12.5389,16.5609,-1.5269,21.1391,7.9617,3.7304,9.2446,0.3224,-0.3337,-0.0288,-0.4697,-0.894,0.0548,-0.0643,0.6535,-1.1032,-0.4401,,,-0.331,-0.9872
confusion_user_does_not_understand_14,user_does_not_understand,vicarious_empathic,1P,chat,"[User]: I've read it so many times that none of the words make sense anymore and I just feel like crying.
[Assistant]:",0.1749,-7.9856,12.1259,13.001,18.6655,-0.0194,21.3501,8.6684,6.6869,11.6287,-0.6202,-0.4857,0.3969,-0.303,-0.1993,0.6954,0.0131,0.9477,-0.3048,0.4444,,,-1.5679,-1.4334
confusion_user_does_not_understand_15,user_does_not_understand,vicarious_empathic,1P,chat,"[User]: I cannot follow this reasoning at all and it's making me question whether I'm capable of learning this.
[Assistant]:",2.2079,-5.853,13.8115,15.7143,19.5072,0.911,21.6891,9.6877,7.4206,11.0734,0.0697,0.3513,1.0653,0.6754,0.0785,1.0907,0.1374,1.3722,-0.1067,0.2384,,,-1.3025,-1.0209
confusion_user_does_not_understand_16,user_does_not_understand,vicarious_empathic,3P,chat,"[User]: Can you explain what a neural network is?
[Assistant]: A neural network is a computer system modeled loosely on the human brain, made up of layers of connected nodes that process information.
",7.0082,-4.8367,8.9311,16.1544,18.0625,1.2675,22.4225,10.2716,7.1844,10.454,1.6985,0.7501,-0.8701,0.8341,-0.3984,1.2422,0.4064,1.6153,-0.1705,0.0086,,,0.0832,-0.9484
confusion_user_does_not_understand_17,user_does_not_understand,vicarious_empathic,3P,chat,"[User]: I read that article about entropy, but I'm not sure I got it.
[Assistant]: Entropy is often described as a measure of disorder or randomness in a system.
[User]: I've heard that before, but I ",7.2312,-1.5664,9.4971,14.8317,19.0655,-0.4251,21.911,8.3588,9.4257,10.8044,1.7742,2.0335,-0.6457,0.3572,-0.0673,0.523,0.2188,0.8188,0.4347,0.1386,,,-0.2593,0.2593
confusion_user_does_not_understand_18,user_does_not_understand,vicarious_empathic,1P,chat,"[User]: I followed the steps exactly as the video showed, but the result doesn't match and I can't understand why.
[Assistant]:",0.3806,-7.0512,12.9738,16.9312,19.837,0.3654,21.5198,8.371,8.3358,9.95,-0.5504,-0.119,0.7331,1.1143,0.1873,0.8589,0.0753,0.8239,0.1404,-0.1784,,,-1.6647,-1.2332
confusion_user_does_not_understand_19,user_does_not_understand,vicarious_empathic,3P,chat,"[User]: I asked earlier about how to interpret the p-value, but I'm still confused after reading your response.
[Assistant]: A p-value tells you how compatible your data are with the null hypothesis, ",5.878,-0.6898,11.9028,17.5811,21.2338,1.3806,23.9448,9.1356,12.536,12.9513,1.315,2.3775,0.3084,1.3486,0.6483,1.2902,0.9647,1.1423,1.2746,0.935,,,-1.0625,1.0289
confusion_user_does_not_understand_20,user_does_not_understand,vicarious_empathic,3P,chat,"[User]: You gave me a definition of recursion earlier, but I still don't get it.
[Assistant]: Recursion is when a function calls itself directly or indirectly to solve a problem by breaking it into sm",7.523,-2.6636,9.7298,16.6494,18.7093,-0.5333,22.233,8.307,9.6824,10.325,1.8732,1.6029,-0.5534,1.0127,-0.1849,0.477,0.3369,0.7973,0.504,-0.0393,,,0.2703,-0.2703
confusion_user_conflicting_information_01,user_conflicting_information,vicarious_empathic,1P,chat,"[User]: My friend told me to take the back roads because the highway is jammed, but the traffic app says the highway is clear. I don't know which way to go.
[Assistant]:",0.6959,-3.9458,12.2422,14.1802,20.1572,0.2047,19.8768,6.4184,10.4471,11.27,-0.4434,1.0997,0.443,0.1222,0.293,0.7906,-0.5273,0.0108,0.7105,0.3113,,,-1.5431,0.3091
confusion_user_conflicting_information_02,user_conflicting_information,vicarious_empathic,1P,chat,"[User]: The recipe online says to bake for 30 minutes, but the video from the same website says 25. I've got people coming over.
[Assistant]:",-0.7916,-4.8505,12.0424,14.8906,21.042,-0.0218,20.1962,6.4977,11.024,10.9099,-0.9481,0.7447,0.3638,0.3784,0.585,0.6943,-0.4101,0.0439,0.8663,0.1777,,,-1.8144,-0.1216
confusion_user_conflicting_information_03,user_conflicting_information,vicarious_empathic,1P,chat,"[User]: My dentist's receptionist called to confirm my appointment for Tuesday, but the reminder text says Wednesday.
[Assistant]:",-0.7631,-4.5391,11.5652,12.7959,20.0732,-0.1166,19.4706,5.357,9.3204,10.2499,-0.9385,0.8669,0.1745,-0.377,0.2653,0.6541,-0.6763,-0.4311,0.4063,-0.0672,,,-1.8053,0.2128
confusion_user_conflicting_information_04,user_conflicting_information,vicarious_empathic,1P,chat,"[User]: My coworker said the meeting was moved to 2, but the calendar invite still says 3.
[Assistant]:",-0.2862,-5.2774,11.1689,12.7445,19.962,0.2672,18.7193,5.4069,9.1145,9.9071,-0.7766,0.5772,0.0173,-0.3955,0.2286,0.8171,-0.9518,-0.4104,0.3507,-0.1943,,,-1.5938,-0.24
confusion_user_conflicting_information_05,user_conflicting_information,vicarious_empathic,1P,chat,"[User]: I got blood work done at two different labs and one says my thyroid is fine but the other says it's way off.
[Assistant]:",-0.1128,-6.961,11.843,14.2253,21.3677,-0.2311,20.9428,6.4545,8.3626,9.7661,-0.7178,-0.0836,0.2847,0.1385,0.6925,0.6054,-0.1363,0.0259,0.1476,-0.2466,,,-1.4103,-0.7761
confusion_user_conflicting_information_06,user_conflicting_information,vicarious_empathic,1P,chat,"[User]: My boss told me I could work from home on Fridays, but HR sent an email saying remote work is being discontinued.
[Assistant]:",-0.4472,-5.2992,13.2973,14.4215,21.8535,-0.0768,20.4517,5.854,10.6746,11.3094,-0.8313,0.5686,0.8614,0.2092,0.8529,0.671,-0.3164,-0.2242,0.7719,0.3259,,,-1.6927,-0.2928
confusion_user_conflicting_information_07,user_conflicting_information,vicarious_empathic,1P,chat,"[User]: My mom says my dad had a heart attack, but my dad says it was just indigestion. They were both at the hospital.
[Assistant]:",-0.3744,-5.509,12.4445,13.6276,21.6865,-0.6854,21.1621,6.2605,10.4464,12.0261,-0.8066,0.4863,0.5232,-0.0771,0.7978,0.4124,-0.0559,-0.0549,0.7103,0.5918,,,-1.6043,-0.3115
confusion_user_conflicting_information_08,user_conflicting_information,vicarious_empathic,1P,chat,"[User]: The news this morning said the bridge collapse killed five people, but the afternoon update says it was seven. I live near there.
[Assistant]:",-2.7727,-6.4257,11.743,12.8209,19.6415,-0.081,19.449,5.8362,8.8079,10.2356,-1.6204,0.1265,0.245,-0.368,0.1228,0.6692,-0.6842,-0.2316,0.2679,-0.0725,,,-2.2895,-0.5427
confusion_user_conflicting_information_09,user_conflicting_information,vicarious_empathic,1P,chat,"[User]: The contractor told me the roof would be done by Friday, but the invoice says the completion date is next month.
[Assistant]:",-0.5347,-4.746,11.6351,13.961,20.2309,0.5296,19.5229,5.4559,9.9108,10.9616,-0.861,0.7857,0.2022,0.0432,0.3173,0.9286,-0.6571,-0.3899,0.5657,0.1969,,,-1.7896,-0.1429
confusion_user_conflicting_information_10,user_conflicting_information,vicarious_empathic,1P,chat,"[User]: My primary doctor said it's just stress, but the specialist I saw yesterday said it might be something neurological.
[Assistant]:",-0.9435,-4.6535,12.3537,13.3327,19.7374,-0.1968,19.489,6.1618,9.9259,10.3758,-0.9997,0.822,0.4872,-0.1834,0.1545,0.62,-0.6695,-0.096,0.5698,-0.0204,,,-1.8217,0.202
confusion_user_conflicting_information_11,user_conflicting_information,vicarious_empathic,1P,chat,"[User]: My divorce decree says I get the house in June, but the settlement letter from my ex's lawyer says I have to move out in May.
[Assistant]:",0.7839,-5.5513,13.6397,15.7631,23.2762,0.2006,23.0933,6.5273,11.4868,12.9068,-0.4135,0.4697,0.9972,0.693,1.3224,0.7888,0.6524,0.0562,0.9913,0.9185,,,-1.736,-0.8528
confusion_user_conflicting_information_12,user_conflicting_information,vicarious_empathic,1P,chat,"[User]: My bank app shows a balance of $2,400, but the ATM receipt says I have $1,200. I can't reach anyone.
[Assistant]:",-0.8866,-5.4216,11.7151,13.8342,19.8547,1.0973,19.2344,4.0835,9.5049,11.0035,-0.9804,0.5206,0.234,-0.0026,0.1932,1.1698,-0.7629,-0.9614,0.4561,0.2124,,,-2.1502,-0.6493
confusion_user_conflicting_information_13,user_conflicting_information,vicarious_empathic,1P,chat,"[User]: My partner told me we're fine and they love me, but then texted their friend that they're thinking about leaving.
[Assistant]:",-0.7794,-6.5867,13.622,14.4222,23.5976,-0.1395,22.7315,6.8927,10.8569,12.8717,-0.944,0.0633,0.9902,0.2095,1.4285,0.6443,0.5197,0.2083,0.8212,0.9055,,,-2.3725,-1.3652
confusion_user_conflicting_information_14,user_conflicting_information,vicarious_empathic,1P,chat,"[User]: The IRS sent two letters this week: one says I owe $3,000, the other says I'm getting a $500 refund.
[Assistant]:",-1.7453,-6.5044,11.3022,12.8463,20.4827,-0.3231,21.1764,6.0734,7.8656,9.9035,-1.2717,0.0956,0.0702,-0.3588,0.4004,0.5663,-0.0506,-0.1328,0.0134,-0.1957,,,-1.8381,-0.4707
confusion_user_conflicting_information_15,user_conflicting_information,vicarious_empathic,1P,chat,"[User]: My home security system sent an alert saying a door was opened, but the camera footage shows no one there. Then it said the sensor was faulty.
[Assistant]:",0.2442,-6.8839,12.2256,15.0739,21.7855,1.3613,20.5266,5.8645,10.9845,11.5005,-0.5967,-0.0533,0.4364,0.4445,0.8304,1.282,-0.289,-0.2198,0.8556,0.3968,,,-1.8787,-1.3353
confusion_user_conflicting_information_16,user_conflicting_information,vicarious_empathic,1P,chat,"[User]: My best friend swears we went to the lake that summer, but my brother says we went to the mountains. I have photos from both.
[Assistant]:",-0.1475,-4.95,13.0702,15.3624,22.9051,-0.1868,22.5908,6.8832,12.0152,13.2871,-0.7296,0.7056,0.7714,0.5485,1.2,0.6242,0.4681,0.2044,1.1339,1.0596,,,-1.9295,-0.4943
confusion_user_conflicting_information_17,user_conflicting_information,vicarious_empathic,1P,chat,"[User]: Two specialists looked at my MRI: one says I need surgery immediately, the other says it's a benign cyst and just monitor it.
[Assistant]:",-0.2961,-6.3915,12.5854,14.6173,21.3608,-0.3727,21.1874,5.5047,9.8941,9.8238,-0.78,0.1399,0.5791,0.2798,0.6903,0.5452,-0.0466,-0.3696,0.5612,-0.2252,,,-1.4703,-0.5503
confusion_user_conflicting_information_18,user_conflicting_information,vicarious_empathic,1P,chat,"[User]: My aunt says the car accident that killed my cousin was caused by a drunk driver, but my uncle says it was a mechanical failure. I was too young to remember.
[Assistant]:",-0.8549,-4.426,13.8656,14.5787,21.5063,-0.3155,20.8161,6.384,10.7923,11.4578,-0.9696,0.9113,1.0868,0.2659,0.7383,0.5696,-0.1828,-0.0035,0.8037,0.381,,,-2.0564,-0.1755
confusion_user_conflicting_information_19,user_conflicting_information,vicarious_empathic,3P,chat,"[User]: My sister just got test results from two different oncologists. One says she has stage two cancer, the other says it's just an infection.
[Assistant]: That sounds incredibly stressful. What is",-1.0967,-1.3519,17.0123,18.4216,23.2444,3.4052,22.9713,7.5697,16.8879,14.8418,-1.0517,2.1177,2.3347,1.6518,1.3119,2.1504,0.6076,0.4902,2.4497,1.6364,,,-3.5013,-0.332
confusion_user_conflicting_information_20,user_conflicting_information,vicarious_empathic,1P,chat,"[User]: It's been exactly a year since I got those two completely different diagnoses. I still haven't gotten a third opinion.
[Assistant]:",-1.5526,-6.2006,14.7361,15.6908,22.1697,-0.1816,22.1348,7.7631,10.7529,12.6244,-1.2064,0.2149,1.432,0.667,0.9572,0.6264,0.3009,0.5708,0.7931,0.8138,,,-2.6384,-1.2172
confusion_user_lost_or_disoriented_01,user_lost_or_disoriented,vicarious_empathic,1P,chat,"[User]: I got off at the wrong bus stop and now I don't recognize this street.
[Assistant]:",-1.006,-6.5923,9.3636,10.2483,16.4479,-1.3546,19.3211,6.3352,3.9853,7.5323,-1.0209,0.0611,-0.6986,-1.2957,-0.9313,0.1281,-0.7311,-0.0238,-1.0343,-1.0754,,,-1.1489,-0.0669
confusion_user_lost_or_disoriented_02,user_lost_or_disoriented,vicarious_empathic,1P,chat,"[User]: I walked into the kitchen and completely forgot why I came in here.
[Assistant]:",-1.1136,-7.8472,8.7144,10.6011,15.8762,0.1042,19.2158,7.9084,4.2838,8.5818,-1.0574,-0.4313,-0.9561,-1.1685,-1.1199,0.7479,-0.7697,0.6313,-0.9537,-0.686,,,-1.8053,-1.1792
confusion_user_lost_or_disoriented_03,user_lost_or_disoriented,vicarious_empathic,1P,chat,"[User]: I read the same paragraph three times and still have no idea what it says.
[Assistant]:",3.3767,-6.6251,10.9281,13.2643,17.8151,-0.5531,20.8577,8.4757,5.0338,8.6293,0.4663,0.0483,-0.0782,-0.2081,-0.48,0.4686,-0.1675,0.8675,-0.7512,-0.6684,,,-0.4012,-0.8192
confusion_user_lost_or_disoriented_04,user_lost_or_disoriented,vicarious_empathic,1P,chat,"[User]: I mixed up the meeting rooms and sat through the wrong meeting for ten minutes before noticing.
[Assistant]:",-1.545,-8.206,11.071,13.2642,20.0088,-0.9683,21.0427,6.2223,7.7889,10.196,-1.2038,-0.5722,-0.0215,-0.2081,0.244,0.2922,-0.0997,-0.0708,-0.0073,-0.0872,,,-1.496,-0.8643
confusion_user_lost_or_disoriented_05,user_lost_or_disoriented,vicarious_empathic,1P,chat,"[User]: I've been driving around the same neighborhood for twenty minutes and every turn looks the same. I can't find my hotel.
[Assistant]:",-1.0473,-6.3479,10.901,13.4556,19.7121,1.2372,20.4269,5.723,8.0629,11.3735,-1.0349,0.157,-0.0889,-0.1391,0.1461,1.2293,-0.3255,-0.2787,0.0667,0.3497,,,-2.2642,-1.0722
confusion_user_lost_or_disoriented_06,user_lost_or_disoriented,vicarious_empathic,1P,chat,"[User]: I just realized I put my keys in the fridge and the milk in the cabinet this morning. I don't know how I functioned today.
[Assistant]:",-2.2686,-6.7994,11.005,12.227,18.9228,-0.0421,19.165,6.0624,8.2894,11.3696,-1.4493,-0.0201,-0.0477,-0.5822,-0.1144,0.6857,-0.7883,-0.1374,0.1279,0.3482,,,-2.135,-0.7059
confusion_user_lost_or_disoriented_07,user_lost_or_disoriented,vicarious_empathic,1P,chat,"[User]: I thought today was Saturday and I missed an entire workday. My calendar says Wednesday but my head can't accept it.
[Assistant]:",-0.0121,-4.8225,13.0646,14.0778,21.1268,0.8274,20.6194,7.139,9.7665,13.0243,-0.6836,0.7557,0.7691,0.0853,0.613,1.0552,-0.2549,0.3109,0.5267,0.9621,,,-1.7388,-0.2995
confusion_user_lost_or_disoriented_08,user_lost_or_disoriented,vicarious_empathic,1P,chat,"[User]: I keep calling my new coworker by my ex's name and then I can't remember if I already corrected myself.
[Assistant]:",0.1067,-5.1859,13.5851,14.6343,22.4192,0.1997,21.9257,7.6594,10.4665,12.5489,-0.6433,0.6131,0.9756,0.286,1.0396,0.7885,0.2242,0.5276,0.7158,0.7857,,,-1.6829,-0.4265
confusion_user_lost_or_disoriented_09,user_lost_or_disoriented,vicarious_empathic,1P,chat,"[User]: I'm standing in my own apartment building but I walked into the wrong floor and tried to open a stranger's door.
[Assistant]:",-0.2624,-9.1115,10.8568,12.1792,20.3353,-1.7638,21.6516,6.6798,7.8925,9.7987,-0.7686,-0.9275,-0.1064,-0.5994,0.3518,-0.0458,0.1236,0.1197,0.0207,-0.2345,,,-1.1203,-1.2793
confusion_user_lost_or_disoriented_10,user_lost_or_disoriented,vicarious_empathic,1P,chat,"[User]: I got a call from my bank about a transfer I don't remember making, and now I'm doubting my memory.
[Assistant]:",-0.1863,-5.6097,12.0682,12.9849,20.1793,-0.5976,20.8606,6.5188,8.1536,10.2534,-0.7427,0.4467,0.374,-0.3088,0.3003,0.4497,-0.1665,0.0526,0.0912,-0.0659,,,-1.1924,-0.0029
confusion_user_lost_or_disoriented_11,user_lost_or_disoriented,vicarious_empathic,1P,chat,"[User]: I planned a route to the airport but ended up at a train station I've never seen before. My phone says I'm 10 miles off.
[Assistant]:",-0.3376,-6.9224,11.8229,14.0224,21.3711,0.5046,21.0073,3.9825,10.036,11.2578,-0.7941,-0.0684,0.2767,0.0653,0.6937,0.918,-0.1127,-1.0035,0.5995,0.3068,,,-1.7121,-0.9864
confusion_user_lost_or_disoriented_12,user_lost_or_disoriented,vicarious_empathic,1P,chat,"[User]: I can't tell if I took my medication this morning or just imagined taking it. The day feels unreal.
[Assistant]:",-0.4444,-5.8916,12.6036,13.1779,19.9947,0.7626,20.8484,6.4883,8.8397,11.7802,-0.8303,0.3361,0.5863,-0.2392,0.2394,1.0276,-0.1709,0.0399,0.2765,0.5006,,,-1.8579,-0.6915
confusion_user_lost_or_disoriented_13,user_lost_or_disoriented,vicarious_empathic,1P,chat,"[User]: I feel like I'm watching myself from outside my body and I don't know how I got to this street.
[Assistant]:",0.0095,-9.2184,11.8366,12.9013,19.094,0.0089,22.2734,7.9163,7.164,9.6652,-0.6763,-0.9695,0.2821,-0.339,-0.0579,0.7074,0.3517,0.6346,-0.176,-0.2841,,,-1.3837,-1.6768
confusion_user_lost_or_disoriented_14,user_lost_or_disoriented,vicarious_empathic,1P,chat,"[User]: I was supposed to meet my sister at the cafe but I'm at the zoo and I have no memory of deciding to come here.
[Assistant]:",-0.0708,-5.8925,11.7562,12.8459,20.4628,-0.4447,20.1645,6.1448,8.6327,10.4701,-0.7035,0.3358,0.2503,-0.359,0.3939,0.5147,-0.4218,-0.1031,0.2206,0.0145,,,-1.2182,-0.1789
confusion_user_lost_or_disoriented_15,user_lost_or_disoriented,vicarious_empathic,1P,chat,"[User]: I've been walking for an hour trying to find my car and every parking garage looks identical. I'm starting to think I never parked here.
[Assistant]:",-0.2242,-6.6762,11.3765,14.1079,20.5589,0.9335,21.2478,5.7955,9.7524,12.9973,-0.7556,0.0282,0.0997,0.0961,0.4256,1.1002,-0.0245,-0.2485,0.5229,0.9521,,,-1.8558,-1.072
confusion_user_lost_or_disoriented_16,user_lost_or_disoriented,vicarious_empathic,1P,chat,"[User]: I can't remember the last three days. I woke up with a bruise and my phone has calls I don't recall making.
[Assistant]:",-1.1938,-7.4686,13.009,14.5236,21.1409,0.9657,20.9809,4.0302,9.6736,12.0289,-1.0846,-0.2828,0.7471,0.246,0.6177,1.1139,-0.1223,-0.9836,0.5016,0.5928,,,-2.1985,-1.3967
confusion_user_lost_or_disoriented_17,user_lost_or_disoriented,vicarious_empathic,1P,chat,"[User]: I'm at my desk but I don't recognize the document in front of me. It has my name on it but I didn't write it.
[Assistant]:",0.109,-7.7406,12.1129,13.4065,19.8979,-0.0533,21.6265,5.9887,8.0531,10.4547,-0.6425,-0.3895,0.3917,-0.1568,0.2074,0.681,0.1144,-0.1681,0.0641,0.0088,,,-1.3235,-1.0705
confusion_user_lost_or_disoriented_18,user_lost_or_disoriented,vicarious_empathic,1P,chat,"[User]: I was walking home and now I don't recognize any street signs. I think I turned left at the bakery but nothing matches.
[Assistant]: Take a breath. Can you tell me what you see around you?
[Us",0.2834,-5.174,11.1227,13.4836,18.9737,2.778,17.6048,0.4875,14.4882,12.771,-0.5834,0.6177,-0.001,-0.129,-0.0976,1.8839,-1.3606,-2.4588,1.8017,0.8681,,,-2.4673,-1.2662
confusion_user_lost_or_disoriented_19,user_lost_or_disoriented,vicarious_empathic,1P,chat,"[User]: I opened my laptop to start work but the screen is in a language I don't understand. I didn't change any settings.
[Assistant]: That would throw me off too. Did you try restarting?
[User]: It ",-1.2179,-5.5391,13.296,17.5528,23.7747,3.9079,21.7588,0.9366,16.6758,13.6937,-1.0928,0.4745,0.8609,1.3384,1.487,2.364,0.163,-2.2718,2.3924,1.2105,,,-3.4852,-1.918
confusion_user_lost_or_disoriented_20,user_lost_or_disoriented,vicarious_empathic,1P,chat,"[User]: I think I got off the elevator on the wrong floor but the hallway looks like my old apartment building from ten years ago.
[Assistant]: Do you know what building you're in right now?
[User]: T",-0.3129,-3.7294,11.6852,14.5068,19.2549,3.5725,17.6095,2.2135,14.5647,12.3473,-0.7857,1.1847,0.2221,0.24,-0.0048,2.2215,-1.3588,-1.7401,1.8224,0.711,,,-3.0072,-1.0369
confusion_user_ambiguous_choice_01,user_ambiguous_choice,vicarious_empathic,1P,chat,"[User]: I got a text from my friend saying 'Nice outfit' after I posted a photo, but it could be sarcastic. I honestly have no idea.
[Assistant]:",-0.3938,-5.2691,12.9089,13.0475,21.0736,-0.5951,20.0492,7.2338,10.0511,11.1432,-0.8131,0.5804,0.7074,-0.2863,0.5955,0.4508,-0.4641,0.3504,0.6036,0.2642,,,-1.5205,-0.127
confusion_user_ambiguous_choice_02,user_ambiguous_choice,vicarious_empathic,1P,chat,"[User]: I read two reviews for the same blender, one says it's amazing and the other says it broke in a week. I need to buy one today but I can't tell which review is right.
[Assistant]:",0.7662,-4.0229,13.5113,15.1528,21.3489,-0.5506,19.7651,6.8665,11.1036,10.8268,-0.4195,1.0695,0.9463,0.4729,0.6863,0.4697,-0.5683,0.1974,0.8878,0.1469,,,-1.489,0.1232
confusion_user_ambiguous_choice_03,user_ambiguous_choice,vicarious_empathic,1P,chat,"[User]: My boss said my report was 'interesting' in a flat tone. I can't tell if that means it's good or terrible.
[Assistant]:",-0.1314,-4.5593,12.9748,14.5136,21.8317,-0.1047,21.5854,7.228,10.6951,12.4841,-0.7241,0.859,0.7335,0.2424,0.8457,0.6591,0.0994,0.348,0.7775,0.7617,,,-1.5831,0.0133
confusion_user_ambiguous_choice_04,user_ambiguous_choice,vicarious_empathic,1P,chat,"[User]: The doctor called and said my test results were 'inconclusive' and I should come in to discuss. I don't know if I should be worried or relieved.
[Assistant]:",-1.8135,-5.5563,13.491,14.2121,20.861,-0.4584,20.7283,6.5601,10.0758,10.9843,-1.2949,0.4677,0.9382,0.1337,0.5253,0.5088,-0.215,0.0698,0.6103,0.2053,,,-2.2331,-0.4705
confusion_user_ambiguous_choice_05,user_ambiguous_choice,vicarious_empathic,1P,chat,"[User]: My coworker said 'You always take the easiest route' with a smile. I can't tell if he was joking or criticizing me.
[Assistant]:",0.3299,-3.9513,14.0236,14.7194,22.7609,-0.4569,22.3206,7.9146,10.936,12.6128,-0.5676,1.0976,1.1495,0.3167,1.1524,0.5095,0.369,0.6339,0.8425,0.8095,,,-1.7199,-0.0548
confusion_user_ambiguous_choice_06,user_ambiguous_choice,vicarious_empathic,1P,chat,"[User]: I'm looking at a contract and two paragraphs seem to contradict each other. One says I own the work, the other says the company does. I have to sign today and I don't know which part applies.
",2.4574,-2.6212,15.2392,16.907,22.6727,0.2545,21.3734,5.7629,12.2736,11.5278,0.1543,1.6196,1.6315,1.1056,1.1233,0.8117,0.0216,-0.2621,1.2037,0.4069,,,-1.4772,-0.012
confusion_user_ambiguous_choice_07,user_ambiguous_choice,vicarious_empathic,1P,chat,"[User]: My financial advisor told me to invest in stocks, but my accountant said to put everything in bonds. They both made good points, and now I'm stuck and don't know who to trust.
[Assistant]:",0.1791,-5.5748,14.0694,16.325,22.5633,1.3598,22.475,6.7161,11.0306,13.6918,-0.6187,0.4604,1.1676,0.8957,1.0871,1.2814,0.4256,0.1348,0.8681,1.2098,,,-1.9001,-0.8209
confusion_user_ambiguous_choice_08,user_ambiguous_choice,vicarious_empathic,1P,chat,"[User]: My partner has been distant and said 'I need space' but also 'I miss you' on the same day. I can't tell if we're breaking up or just having a rough patch.
[Assistant]:",-1.3529,-6.1973,15.1286,16.2905,24.8944,0.1944,23.6128,7.4428,12.4146,14.5385,-1.1386,0.2161,1.5877,0.8832,1.8565,0.7862,0.8429,0.4374,1.2418,1.5239,,,-2.9951,-1.6404
confusion_user_ambiguous_choice_09,user_ambiguous_choice,vicarious_empathic,1P,chat,"[User]: I got an email from HR saying my performance review is 'pending further evaluation' and that they'll discuss 'options' with me tomorrow. I don't know if I'm being promoted or fired.
[Assistant",-1.569,-6.1437,14.5229,15.0482,22.9016,0.2443,20.5873,6.0535,11.3294,11.7776,-1.2119,0.2372,1.3475,0.4352,1.1988,0.8074,-0.2667,-0.1411,0.9488,0.4996,,,-2.5594,-1.1103
confusion_user_ambiguous_choice_10,user_ambiguous_choice,vicarious_empathic,1P,chat,"[User]: I've had a headache for a week and looked online. Some sites say it's just tension, others say it could be a brain tumor. I can't tell if I should rush to the ER or just take a nap.
[Assistant",-0.355,-5.8834,13.5594,15.2532,21.2224,1.4833,21.0036,5.701,10.6923,12.1048,-0.8,0.3393,0.9654,0.5092,0.6446,1.3338,-0.114,-0.2879,0.7767,0.621,,,-2.1338,-0.9945
confusion_user_ambiguous_choice_11,user_ambiguous_choice,vicarious_empathic,1P,chat,"[User]: My brother died last month, and I found a note in his room that just says 'I'm sorry' but it could mean anything. I can't tell if he took his own life or if it was an accident, and it's tearin",-0.4783,-6.443,14.5112,16.9383,23.6783,0.0304,23.0509,5.6355,12.2455,13.9826,-0.8418,0.1197,1.3428,1.1168,1.4552,0.7165,0.6368,-0.3152,1.1961,1.3176,,,-2.297,-1.3354
confusion_user_ambiguous_choice_12,user_ambiguous_choice,vicarious_empathic,1P,chat,"[User]: I'm on a jury and the defendant and the victim both seem credible. The evidence could go either way. I have to decide someone's future, but I genuinely cannot tell who is lying.
[Assistant]:",1.1052,-6.3658,15.1151,17.109,24.2456,-0.484,23.78,5.5561,12.7302,12.6525,-0.3045,0.15,1.5823,1.1784,1.6424,0.498,0.9042,-0.3482,1.327,0.8242,,,-1.9469,-1.4924
confusion_user_ambiguous_choice_13,user_ambiguous_choice,vicarious_empathic,1P,chat,"[User]: My mom needs surgery, and one doctor says it's risky but necessary, another says it's too dangerous and we should wait. Both are top surgeons. I have to decide for her, and I don't know which ",0.0475,-5.7073,14.959,17.1417,23.7611,0.2707,23.2682,6.319,12.7045,13.4901,-0.6634,0.4084,1.5204,1.1902,1.4825,0.8186,0.7165,-0.0306,1.3201,1.1349,,,-2.1838,-1.112
confusion_user_ambiguous_choice_14,user_ambiguous_choice,vicarious_empathic,1P,chat,"[User]: My boyfriend just texted 'If I don't make it, remember I love you' and then stopped answering. It could be a joke or a goodbye. I don't know if I should call the police or just wait.
[Assistan",-0.4882,-5.4257,14.3649,15.9861,24.7468,-0.1875,22.2629,5.6169,12.6914,13.9585,-0.8452,0.519,1.2848,0.7735,1.8078,0.6239,0.3478,-0.3229,1.3165,1.3087,,,-2.653,-1.2889
confusion_user_ambiguous_choice_15,user_ambiguous_choice,vicarious_empathic,1P,chat,"[User]: A close friend sent me a message saying 'I'm done with everything' and then their phone is off. I can't tell if they're just having a bad day or if they're planning to hurt themselves.
[Assist",-0.5853,-5.974,14.1652,15.5048,23.4843,-0.1145,22.0174,7.1156,11.1785,13.1463,-0.8781,0.3038,1.2056,0.5999,1.3911,0.655,0.2578,0.3012,0.908,1.0074,,,-2.2693,-1.0873
confusion_user_ambiguous_choice_16,user_ambiguous_choice,vicarious_empathic,1P,chat,"[User]: I'm a social worker, and a client told me about an incident with a relative. It could have been accidental or deliberate abuse, and I honestly couldn't tell. I've been losing sleep over whethe",-0.1664,-6.6082,15.2287,17.8335,24.454,-0.468,23.4003,6.5022,12.8967,13.5502,-0.736,0.0549,1.6274,1.4397,1.7112,0.5048,0.765,0.0457,1.372,1.1572,,,-2.4472,-1.6563
confusion_user_ambiguous_choice_17,user_ambiguous_choice,vicarious_empathic,1P,chat,"[User]: I witnessed a fight between two people in the street. One was bleeding, but I couldn't tell who started it or if the bleeding person was just defending themselves. The ambiguity has been repla",0.1002,-6.6741,13.982,16.2886,22.2156,-0.5516,22.5003,6.3021,11.0701,11.862,-0.6455,0.029,1.133,0.8825,0.9724,0.4692,0.4349,-0.0376,0.8787,0.5309,,,-1.7785,-1.1039
confusion_user_ambiguous_choice_18,user_ambiguous_choice,vicarious_empathic,1P,chat,"[User]: I read a story about a photo that some call art and others call exploitation. The evidence goes both ways, and now I can't stop thinking about whether I should feel angry or admiring. It's aff",0.7822,-4.9822,16.1541,16.9884,24.17,0.0819,23.1419,7.0398,13.1014,14.2067,-0.4141,0.693,1.9944,1.1349,1.6174,0.7384,0.6702,0.2696,1.4272,1.4008,,,-2.4085,-1.3014
confusion_user_ambiguous_choice_19,user_ambiguous_choice,vicarious_empathic,3P,chat,"[User]: I'm a new manager and our company is merging with another. I got two emails from executives, one says our team will be 'restructured' and the other says 'no changes planned'. Now I have to ann",1.1394,-1.0547,17.0036,19.8144,25.4644,2.5011,23.2405,4.5608,18.4846,15.2828,-0.2929,2.2343,2.3313,2.154,2.0447,1.7663,0.7064,-0.7627,2.8808,1.8,,,-3.1737,-0.6465
confusion_user_ambiguous_choice_20,user_ambiguous_choice,vicarious_empathic,1P,chat,"[User]: The government just announced a new healthcare policy, and two news outlets are reporting opposite effects: one says my insurance will cover more, the other says I'll lose coverage. I have to ",-0.5513,-4.0285,16.0785,17.0282,23.6744,1.4957,21.7884,4.8334,13.3981,12.914,-0.8666,1.0673,1.9644,1.1493,1.4539,1.3391,0.1738,-0.6492,1.5074,0.9212,,,-2.831,-0.8971
confusion_user_model_collapse_01,user_model_collapse,vicarious_empathic,1P,chat,"[User]: I thought my neighbor was aloof because he never waved back, but yesterday I saw him helping an elderly man carry groceries. Now I'm not sure what to make of him.
[Assistant]:",0.4382,-4.3458,14.8111,15.5983,23.7132,0.491,23.6599,8.2596,12.5769,14.5365,-0.5308,0.9428,1.4618,0.6336,1.4667,0.9122,0.8602,0.7775,1.2856,1.5231,,,-2.054,-0.5804
confusion_user_model_collapse_02,user_model_collapse,vicarious_empathic,1P,chat,"[User]: I was certain the coffee shop on my corner was closed on Mondays, but I just walked by and it was full of people. My whole schedule feels off now.
[Assistant]:",-1.1198,-5.6334,11.906,13.4966,21.0786,-0.346,19.7399,5.5988,10.5216,12.6883,-1.0595,0.4374,0.3097,-0.1243,0.5971,0.5566,-0.5775,-0.3304,0.7306,0.8375,,,-1.897,-0.4
confusion_user_model_collapse_03,user_model_collapse,vicarious_empathic,1P,chat,"[User]: I assumed my coworker was ignoring my emails on purpose, then I found out she'd been on leave for two weeks. I don't know why I assumed the worst.
[Assistant]:",0.5082,-5.2311,14.717,17.3155,24.5802,0.4108,23.1513,8.6168,13.3362,15.3866,-0.5071,0.5953,1.4244,1.2529,1.7528,0.8781,0.6737,0.9263,1.4906,1.8385,,,-2.3456,-1.2432
confusion_user_model_collapse_04,user_model_collapse,vicarious_empathic,1P,chat,"[User]: My partner has been glued to their phone for a month, and I was convinced it meant something bad. Last night they showed me a video of them building a bookshelf for my birthday. Now I can't fi",0.9353,-5.4474,16.3536,18.8554,26.2215,1.6013,24.7434,7.4644,15.5427,16.97,-0.3622,0.5104,2.0735,1.8082,2.2945,1.384,1.2576,0.4464,2.0865,2.4259,,,-2.7881,-1.9155
confusion_user_model_collapse_05,user_model_collapse,vicarious_empathic,1P,chat,[User]: I grew up thinking my father left because he didn't want to be part of my life. Last week I found a box of letters he sent years ago that my mom never showed me. The story I've told myself sin,0.0399,-6.4667,14.2121,16.8623,24.7487,-0.477,24.7578,6.8373,13.7025,15.1948,-0.666,0.1104,1.2242,1.0894,1.8084,0.5009,1.2629,0.1853,1.5896,1.7674,,,-2.4744,-1.698
confusion_user_model_collapse_06,user_model_collapse,vicarious_empathic,1P,chat,[User]: For months I thought my boss was giving me impossible tasks to push me out. Then she told me she was grooming me for a promotion. I don't understand how I read all those signals so completely ,0.5372,-5.9496,16.2852,18.1948,26.1643,0.9099,24.3898,7.4994,14.5111,15.2842,-0.4972,0.3134,2.0464,1.57,2.2757,1.0902,1.1279,0.461,1.8079,1.8005,,,-2.7729,-1.9623
confusion_user_model_collapse_07,user_model_collapse,vicarious_empathic,1P,chat,[User]: I was sure my closest friend was angry with me because she stopped replying to messages and cancelled every plan. Then I learned she'd been in the hospital. I keep re-evaluating every interact,-0.0416,-6.8115,14.1776,16.041,23.7206,0.4827,22.6129,6.1827,12.6884,14.2431,-0.6936,-0.0249,1.2105,0.7933,1.4691,0.9087,0.4762,-0.0873,1.3157,1.4143,,,-2.1628,-1.494
confusion_user_model_collapse_08,user_model_collapse,vicarious_empathic,1P,chat,"[User]: I was absolutely certain the new scheduling policy would destroy our team's morale. Today they showed us the full internal data, and my previous understanding of the situation just fell apart.",0.3338,-7.7903,13.8704,16.0926,21.9417,-0.1346,22.2435,5.3435,10.8707,11.8261,-0.5663,-0.409,1.0887,0.8119,0.882,0.6464,0.3407,-0.4367,0.8249,0.5176,,,-1.655,-1.4977
confusion_user_model_collapse_09,user_model_collapse,vicarious_empathic,1P,chat,"[User]: I always thought my parents had a calm, stable marriage because they never argued in front of us. Last month my mom admitted they almost separated twice. I'm now wondering what other parts of ",-0.4801,-6.5636,15.2603,17.196,24.975,0.5775,24.6,7.7388,13.4572,15.7081,-0.8424,0.0724,1.6399,1.2098,1.8831,0.949,1.205,0.5607,1.5233,1.9578,,,-2.8002,-1.8854
confusion_user_model_collapse_10,user_model_collapse,vicarious_empathic,1P,chat,"[User]: I assumed my advisor didn't respect me because her feedback was always blunt. Yesterday I saw the recommendation letter she wrote for me, and it was full of praise. The two versions of her don",1.1666,-5.1674,16.2831,18.3405,26.5969,1.144,24.6305,7.1497,15.7078,15.538,-0.2837,0.6203,2.0455,1.6225,2.4184,1.1897,1.2162,0.3154,2.131,1.8947,,,-2.7021,-1.7981
confusion_user_model_collapse_11,user_model_collapse,vicarious_empathic,1P,chat,"[User]: My whole life I believed my sister was the irresponsible one, but last week I found out she had been covering for our father's gambling debts. The family story I built my adult identity around",0.9482,-6.147,15.1868,17.0635,24.6307,-0.0494,23.7627,5.001,13.6924,14.8739,-0.3578,0.2359,1.6108,1.162,1.7695,0.6826,0.8979,-0.5794,1.5868,1.6483,,,-2.1273,-1.5336
confusion_user_model_collapse_12,user_model_collapse,vicarious_empathic,1P,chat,[User]: I was raised to believe our family had no records of violence or abuse. Then my aunt showed me court documents about our grandfather from the 1960s. Everything I thought I knew about where I c,0.4547,-7.087,14.5519,17.1751,24.8233,-0.2126,24.5784,6.5113,13.0461,14.3526,-0.5252,-0.133,1.359,1.2022,1.8331,0.6133,1.1971,0.0495,1.4123,1.4549,,,-2.3583,-1.9661
confusion_user_model_collapse_13,user_model_collapse,vicarious_empathic,1P,chat,[User]: I thought my partner and I were on the same page about having kids. Last night they said they'd decided years ago they never wanted any and assumed I knew. The future I'd been planning in my h,0.1492,-6.2948,14.6001,15.9976,24.7832,-0.7668,24.0489,6.4975,13.2677,15.254,-0.6289,0.1779,1.3781,0.7776,1.8198,0.3778,1.0029,0.0438,1.4721,1.7893,,,-2.4487,-1.6419
confusion_user_model_collapse_14,user_model_collapse,vicarious_empathic,1P,chat,"[User]: I always believed the company I work for was one of the ethical ones. A leaked internal memo shows they've been hiding safety problems for over a decade. My old understanding is shattered, and",0.8325,-5.3202,16.5893,16.9357,24.8359,-0.0381,23.5765,5.3658,13.4861,12.9261,-0.397,0.5604,2.167,1.1159,1.8372,0.6874,0.8296,-0.4275,1.5311,0.9257,,,-2.564,-1.6066
confusion_user_model_collapse_15,user_model_collapse,vicarious_empathic,1P,chat,"[User]: I thought my best friend and I shared everything. Last week I found out she'd been married for two years and never mentioned it. I can't tell which parts of our friendship were real now.
[Assi",-1.1306,-5.9922,14.6149,15.2856,23.6614,-0.7063,23.6729,6.3823,11.2096,14.179,-1.0632,0.2966,1.384,0.5208,1.4496,0.4035,0.865,-0.0042,0.9164,1.3905,,,-2.5127,-1.1529
confusion_user_model_collapse_16,user_model_collapse,vicarious_empathic,1P,chat,"[User]: Ever since I found out my mentor lied about their credentials, I keep replaying our old conversations trying to make them fit a different story. None of it holds together, and I don't know wha",0.5312,-5.5711,15.4292,16.6243,23.555,1.2763,23.4229,6.5395,12.9351,14.656,-0.4993,0.4619,1.7069,1.0036,1.4145,1.2459,0.7733,0.0613,1.3823,1.5675,,,-2.2062,-1.245
confusion_user_model_collapse_17,user_model_collapse,vicarious_empathic,1P,chat,"[User]: After I learned that the diagnosis I'd received ten years ago was wrong, I lost the only framework I had for understanding my struggles. Months later, I still can't construct a new one.
[Assis",1.2674,-5.3926,14.9791,16.7373,23.2397,1.8089,23.8055,7.6885,12.2341,14.7822,-0.2495,0.5319,1.5284,1.0444,1.3104,1.4722,0.9136,0.5397,1.193,1.6143,,,-1.8637,-1.0823
confusion_user_model_collapse_18,user_model_collapse,vicarious_empathic,1P,chat,"[User]: It's been a month since I discovered my partner had a whole other family. I keep going over the small, ordinary details, hoping to reassemble a coherent picture, but it's like the pieces don't",-1.8091,-7.8982,14.1682,16.6598,23.4723,0.5479,23.5267,5.0634,12.3695,15.5755,-1.2934,-0.4514,1.2068,1.0164,1.3872,0.9364,0.8113,-0.5534,1.2296,1.9086,,,-3.202,-2.3599
confusion_user_model_collapse_19,user_model_collapse,vicarious_empathic,3P,chat,"[User]: I always thought my sister exaggerated how bad our childhood was. I even told her she was being too sensitive.
[Assistant]: That sounds like you had a very different picture of that time. What",-0.7886,-4.9233,18.4037,21.4592,28.5502,3.1133,28.7508,6.775,22.0952,19.6409,-0.9471,0.7161,2.8865,2.7472,3.0631,2.0264,2.7273,0.1593,3.8558,3.4168,,,-4.8029,-3.1397
confusion_user_model_collapse_20,user_model_collapse,vicarious_empathic,1P,chat,"[User]: I need to get this out: I was absolutely certain my husband was hiding an affair, but the evidence showed he was organizing a memorial for my mother. I was so wrong that I don't trust my own i",1.0848,-6.7431,14.8301,16.3538,24.2582,-0.3008,23.9127,4.8118,13.2022,14.7911,-0.3114,0.002,1.4693,0.9061,1.6466,0.5758,0.9529,-0.6581,1.4545,1.6176,,,-1.958,-1.6446
neutral_01,casual_chat,neutral_filler,1P,chat,"[User]: What's your favorite season?
[Assistant]:",-3.1707,-12.0539,8.3471,6.3453,13.8244,-5.3769,17.8789,8.4722,-1.6952,4.5427,-1.7554,-2.0822,-1.1017,-2.7032,-1.7971,-1.581,-1.26,0.866,-2.5682,-2.1845,,,-2.6214,-2.9483
neutral_02,casual_chat,neutral_filler,1P,chat,"[User]: Do you think aliens exist?
[Assistant]:",-2.0063,-9.2603,11.2308,10.1487,19.5029,-5.4007,20.6559,9.6744,3.0104,6.7704,-1.3603,-0.9859,0.0419,-1.3316,0.0771,-1.5911,-0.2415,1.3666,-1.2976,-1.358,,,-2.7269,-2.3525
neutral_03,casual_chat,neutral_filler,1P,chat,"[User]: I just made the best cup of coffee of my life and I needed to tell someone.
[Assistant]:",-1.765,-9.4732,10.6209,12.0725,18.826,-1.9157,23.8361,7.1464,6.1322,10.5204,-1.2784,-1.0695,-0.2,-0.6379,-0.1464,-0.1104,0.9248,0.314,-0.4546,0.0332,,,-2.2032,-1.9943
neutral_04,casual_chat,neutral_filler,1P,chat,"[User]: What would you do if you had a free day with no responsibilities?
[Assistant]:",-3.6513,-9.5158,11.9408,11.6224,19.0543,-2.2392,22.49,8.7438,3.8507,8.3303,-1.9185,-1.0862,0.3235,-0.8002,-0.071,-0.2478,0.4311,0.9791,-1.0707,-0.7793,,,-2.8976,-2.0653
neutral_05,casual_chat,neutral_filler,1P,chat,"[User]: I'm bored. Entertain me.
[Assistant]:",-0.9478,-10.7788,8.3942,9.4759,15.609,-2.0053,21.3812,6.8519,2.4196,8.5107,-1.0011,-1.5818,-1.083,-1.5743,-1.2081,-0.1484,0.0245,0.1913,-1.4571,-0.7124,,,-1.1925,-1.7732
neutral_06,casual_chat,neutral_filler,1P,chat,"[User]: Tell me something weird.
[Assistant]:",2.3235,-9.2424,8.1202,10.205,15.4319,-1.5758,20.1561,9.8069,2.1882,8.6533,0.1089,-0.9789,-1.1917,-1.3113,-1.2666,0.0341,-0.4249,1.4218,-1.5196,-0.6595,,,-1.3129,-2.4007
neutral_07,casual_chat,neutral_filler,1P,chat,"[User]: Do you get tired of answering questions all day?
[Assistant]:",-2.5046,-11.8669,10.5457,10.303,17.2044,-3.3936,20.2312,7.0725,2.7929,7.9945,-1.5294,-2.0088,-0.2298,-1.276,-0.6816,-0.7383,-0.3973,0.2832,-1.3563,-0.9039,,,-1.8126,-2.292
neutral_08,casual_chat,neutral_filler,1P,chat,"[User]: What's the best book you'd recommend to someone who doesn't read much?
[Assistant]:",-0.9973,-9.0528,9.9757,12.1523,18.2369,-3.8393,20.4949,8.2279,4.896,8.5876,-1.0179,-0.9045,-0.4559,-0.6091,-0.3408,-0.9277,-0.3006,0.7643,-0.7884,-0.6839,,,-1.7822,-1.6688
neutral_09,casual_chat,neutral_filler,1P,chat,"[User]: It's raining here. What's the weather like where you are?
[Assistant]:",-3.6594,-11.2751,10.6627,7.0739,14.8594,-3.2607,17.1812,5.7895,0.8228,5.0972,-1.9212,-1.7766,-0.1834,-2.4405,-1.4555,-0.6818,-1.5159,-0.251,-1.8883,-1.9788,,,-1.7378,-1.5932
neutral_10,casual_chat,neutral_filler,1P,chat,"[User]: Do you have a sense of humor or is that just a simulation?
[Assistant]:",-1.1947,-10.4039,10.2938,9.5436,17.0945,-4.1479,19.7456,8.3176,3.1885,6.5758,-1.0849,-1.4347,-0.3297,-1.5499,-0.7178,-1.0588,-0.5754,0.8017,-1.2495,-1.4302,,,-1.8866,-2.2364
neutral_11,casual_chat,neutral_filler,1P,chat,"[User]: I just woke up and I have nothing to do today. Chat with me?
[Assistant]:",-2.596,-11.5604,11.341,11.6158,17.6241,-0.8647,21.122,7.5119,4.7726,9.2464,-1.5604,-1.8886,0.0856,-0.8026,-0.543,0.3362,-0.0706,0.4662,-0.8217,-0.4394,,,-2.0266,-2.3547
neutral_12,casual_chat,neutral_filler,1P,chat,"[User]: If you could have any superpower, what would it be?
[Assistant]:",-2.2053,-10.1322,11.2446,11.9318,19.0524,-3.0047,23.0693,8.9723,4.0051,8.9614,-1.4278,-1.3281,0.0474,-0.6886,-0.0716,-0.5731,0.6436,1.0743,-1.029,-0.5452,,,-2.5021,-2.4024
neutral_13,casual_chat,neutral_filler,1P,chat,"[User]: I think pineapple on pizza is good, actually. Fight me.
[Assistant]:",-0.373,-7.0107,13.9765,14.0037,21.9806,-0.3075,23.6148,8.7709,8.8216,12.5649,-0.8061,-0.1031,1.1308,0.0586,0.8948,0.573,0.8437,0.9904,0.2716,0.7917,,,-1.9369,-1.2338
neutral_14,casual_chat,neutral_filler,1P,chat,"[User]: What do you think is the most underrated thing in the world?
[Assistant]:",-0.2258,-9.0706,12.7311,13.2917,21.269,-3.1183,23.766,10.45,5.0365,10.7799,-0.7561,-0.9115,0.6369,-0.1982,0.66,-0.6213,0.8991,1.6896,-0.7505,0.1295,,,-2.4457,-2.6011
neutral_15,casual_chat,neutral_filler,1P,chat,"[User]: Quick - first word that comes to mind: ocean.
[Assistant]:",3.4617,-14.014,-0.6288,5.394,10.5352,-7.4496,20.1485,5.1108,-2.0269,5.6011,0.4951,-2.8515,-4.6614,-3.0463,-2.8828,-2.4616,-0.4276,-0.5336,-2.6578,-1.7918,,,0.9227,-3.3466
neutral_16,casual_chat,neutral_filler,1P,chat,"[User]: Do you prefer the beginning or the end of stories?
[Assistant]:",-1.625,-8.8819,10.82,10.0295,17.5897,-5.4722,19.3604,9.3585,4.0299,6.6613,-1.2309,-0.8374,-0.121,-1.3746,-0.5544,-1.6215,-0.7167,1.2351,-1.0223,-1.3985,,,-2.466,-2.0725
neutral_17,casual_chat,neutral_filler,1P,chat,"[User]: What's a hill you'd die on?
[Assistant]:",2.1865,-8.4286,7.6148,10.3179,16.5061,-2.8604,20.2727,8.356,3.7456,8.9599,0.0624,-0.6595,-1.3921,-1.2706,-0.912,-0.5117,-0.3821,0.8177,-1.0991,-0.5457,,,-0.7552,-1.4772
neutral_18,casual_chat,neutral_filler,1P,chat,"[User]: Morning person or night owl? Which do you think you'd be?
[Assistant]:",-2.2503,-9.4702,11.2616,10.7851,17.8872,-3.1766,19.9261,9.5018,4.78,7.9746,-1.4431,-1.0683,0.0541,-1.1021,-0.4562,-0.6461,-0.5092,1.2948,-0.8197,-0.9113,,,-2.7379,-2.363
neutral_19,casual_chat,neutral_filler,1P,chat,"[User]: What's something small that makes you happy, if you can feel that sort of thing?
[Assistant]:",-0.3045,-9.9139,9.9556,10.4532,17.2075,-1.5606,19.7331,7.0197,4.4147,8.9004,-0.7828,-1.2424,-0.4638,-1.2218,-0.6805,0.0405,-0.58,0.2612,-0.9184,-0.5678,,,-1.0441,-1.5036
neutral_20,casual_chat,neutral_filler,1P,chat,"[User]: Talk to me like you're my weird older cousin who knows too much about everything.
[Assistant]:",1.486,-11.7103,12.8333,16.9203,21.527,-0.631,26.3119,7.4972,9.6962,14.8249,-0.1753,-1.9474,0.6774,1.1103,0.7451,0.4355,1.8328,0.46,0.5078,1.6301,,,-2.0081,-3.7802
neutral_21,factual_questions,neutral_filler,1P,chat,"[User]: What's the capital of Mongolia?
[Assistant]:",-0.831,-9.9511,3.6605,5.5882,13.1105,-7.4053,17.117,4.5994,-2.5366,3.8709,-0.9615,-1.257,-2.9603,-2.9763,-2.0328,-2.4428,-1.5395,-0.7466,-2.7954,-2.4337,,,-0.2149,-0.5104
neutral_22,factual_questions,neutral_filler,1P,chat,"[User]: How do vaccines work?
[Assistant]:",-0.4022,-8.7845,7.9987,9.5966,16.0591,-4.9874,19.5209,8.9989,1.4197,5.749,-0.816,-0.7992,-1.2399,-1.5307,-1.0596,-1.4155,-0.6578,1.0854,-1.7271,-1.7369,,,-1.9014,-1.8845
neutral_23,factual_questions,neutral_filler,1P,chat,"[User]: What year did the Berlin Wall fall?
[Assistant]:",-0.2045,-8.9671,6.0072,8.3895,16.0141,-6.4773,19.4658,5.3592,1.0087,6.7319,-0.7489,-0.8708,-2.0297,-1.9661,-1.0744,-2.0485,-0.678,-0.4302,-1.8381,-1.3723,,,-0.3187,-0.4406
neutral_24,factual_questions,neutral_filler,1P,chat,"[User]: What's the difference between affect and effect?
[Assistant]:",2.3857,-7.4777,6.8547,10.5341,16.1193,-5.7882,18.8669,8.1376,3.1551,7.1001,0.13,-0.2863,-1.6936,-1.1927,-1.0397,-1.7557,-0.8977,0.7267,-1.2585,-1.2357,,,-0.5967,-1.013
neutral_25,factual_questions,neutral_filler,1P,chat,"[User]: How far away is the moon?
[Assistant]:",-0.9892,-11.3168,7.1548,8.7563,15.56,-4.7375,19.2033,7.0052,0.1933,5.2392,-1.0152,-1.793,-1.5746,-1.8338,-1.2243,-1.3093,-0.7743,0.2552,-2.0583,-1.9261,,,-1.2704,-2.0481
neutral_26,factual_questions,neutral_filler,1P,chat,"[User]: Why is the sky blue?
[Assistant]:",0.0851,-8.5107,7.1448,10.0416,16.6878,-4.0712,20.5688,9.4928,1.567,6.8858,-0.6506,-0.6917,-1.5785,-1.3703,-0.8521,-1.0262,-0.2735,1.291,-1.6873,-1.3152,,,-1.9417,-1.9827
neutral_27,factual_questions,neutral_filler,1P,chat,"[User]: Who wrote Crime and Punishment?
[Assistant]:",-0.9591,-11.1688,5.1536,8.6515,15.199,-7.3467,19.2464,4.6822,0.4153,6.3666,-1.005,-1.7349,-2.3682,-1.8716,-1.3435,-2.4179,-0.7585,-0.7121,-1.9983,-1.5078,,,-0.2928,-1.0228
neutral_28,factual_questions,neutral_filler,1P,chat,"[User]: What does photosynthesis do exactly?
[Assistant]:",0.9294,-8.8187,7.3003,10.9435,16.361,-3.8784,19.4259,9.1037,3.3189,6.3608,-0.3642,-0.8126,-1.5169,-1.045,-0.9599,-0.9443,-0.6927,1.129,-1.2143,-1.51,,,-1.4932,-1.9416
neutral_29,factual_questions,neutral_filler,1P,chat,"[User]: What's the most spoken language in the world?
[Assistant]:",0.0432,-10.1432,6.4452,8.8848,15.7346,-5.6357,19.6643,6.7046,-0.2005,6.2751,-0.6649,-1.3324,-1.856,-1.7874,-1.1667,-1.6909,-0.6052,0.13,-2.1646,-1.5418,,,-0.7949,-1.4624
neutral_30,factual_questions,neutral_filler,1P,chat,"[User]: How do black holes form?
[Assistant]:",-0.0442,-9.337,8.3511,11.201,16.9251,-4.5318,20.0425,8.6811,2.3091,6.2462,-0.6945,-1.016,-1.1001,-0.9522,-0.7738,-1.2219,-0.4665,0.953,-1.487,-1.5525,,,-1.6475,-1.969
neutral_31,factual_questions,neutral_filler,1P,chat,"[User]: What's the difference between a virus and bacteria?
[Assistant]:",0.2173,-8.2318,7.6348,10.74,16.6575,-4.1147,19.5483,9.2094,3.0252,6.7861,-0.6058,-0.5823,-1.3842,-1.1184,-0.8621,-1.0447,-0.6478,1.173,-1.2936,-1.3522,,,-1.7788,-1.7553
neutral_32,factual_questions,neutral_filler,1P,chat,"[User]: When did the Roman Empire fall?
[Assistant]:",0.4071,-9.6323,7.8485,10.0155,17.4847,-6.9459,20.6829,6.2792,2.0087,7.0886,-0.5414,-1.1319,-1.2995,-1.3797,-0.5891,-2.2476,-0.2316,-0.0471,-1.5681,-1.24,,,-0.4943,-1.0848
neutral_33,factual_questions,neutral_filler,1P,chat,"[User]: What is GDP and why does it matter?
[Assistant]:",-0.2416,-8.7671,8.4977,11.6466,16.8901,-4.5698,19.7491,8.7284,3.0968,6.7144,-0.7615,-0.7924,-1.042,-0.7915,-0.7853,-1.238,-0.5741,0.9727,-1.2743,-1.3788,,,-1.7342,-1.7651
neutral_34,factual_questions,neutral_filler,1P,chat,"[User]: How does the internet actually work?
[Assistant]:",-0.4358,-9.6184,10.0544,11.6101,17.6389,-3.8517,20.8731,9.5728,2.8172,7.155,-0.8274,-1.1264,-0.4246,-0.8046,-0.5382,-0.9329,-0.1619,1.3243,-1.3498,-1.2153,,,-2.1517,-2.4508
neutral_35,factual_questions,neutral_filler,1P,chat,"[User]: What's the boiling point of water in Fahrenheit?
[Assistant]:",-0.3338,-8.7453,5.3599,9.7683,15.8428,-3.393,18.5072,4.4147,1.8036,6.8287,-0.7928,-0.7838,-2.2864,-1.4688,-1.131,-0.738,-1.0296,-0.8235,-1.6235,-1.3364,,,-0.0547,-0.0458
neutral_36,factual_questions,neutral_filler,1P,chat,"[User]: How many bones are in the human body?
[Assistant]:",-0.6253,-10.1661,6.2279,9.2803,14.9654,-4.4825,18.5178,6.6059,1.0097,6.3363,-0.8917,-1.3414,-1.9422,-1.6448,-1.4206,-1.201,-1.0257,0.0889,-1.8378,-1.5191,,,-0.9806,-1.4303
neutral_37,factual_questions,neutral_filler,1P,chat,"[User]: What causes the northern lights?
[Assistant]:",-0.4118,-9.4437,7.3576,10.5896,16.7002,-4.1673,20.5396,8.4631,2.1187,7.1402,-0.8193,-1.0579,-1.4941,-1.1726,-0.848,-1.067,-0.2842,0.8623,-1.5384,-1.2208,,,-1.6815,-1.9201
neutral_38,factual_questions,neutral_filler,1P,chat,"[User]: Who invented the telephone?
[Assistant]:",-0.0833,-10.9709,6.0407,8.6765,15.2049,-6.6045,20.0236,6.8107,-0.7761,5.8705,-0.7078,-1.6572,-2.0164,-1.8626,-1.3415,-2.1026,-0.4734,0.1742,-2.32,-1.6919,,,-0.882,-1.8314
neutral_39,factual_questions,neutral_filler,1P,chat,"[User]: What's the difference between machine learning and AI?
[Assistant]:",0.9085,-7.5997,8.2373,11.7353,17.1075,-4.5705,19.64,8.4327,2.715,6.3665,-0.3712,-0.3342,-1.1453,-0.7595,-0.7136,-1.2383,-0.6141,0.8496,-1.3774,-1.5079,,,-1.2208,-1.1838
neutral_40,factual_questions,neutral_filler,1P,chat,"[User]: Why do we dream?
[Assistant]:",0.6331,-7.9928,9.2431,11.2364,18.5642,-4.5717,21.5787,10.8894,3.2956,7.8885,-0.4647,-0.4885,-0.7464,-0.9394,-0.2328,-1.2389,0.0969,1.8726,-1.2206,-0.9432,,,-2.3373,-2.361
neutral_41,creative_requests,neutral_filler,1P,chat,"[User]: Write me a haiku about Monday morning.
[Assistant]:",2.3439,-17.995,8.4037,14.8132,22.6772,-7.4068,27.4842,6.4607,7.4639,13.3703,0.1158,-4.4138,-1.0793,0.3505,1.1247,-2.4435,2.2628,0.0285,-0.095,1.0905,,,-2.147,-6.6766
neutral_42,creative_requests,neutral_filler,1P,chat,"[User]: Give me a very short story that ends with the word 'umbrella.'
[Assistant]:",6.4164,-11.5192,7.7984,15.332,22.3444,-6.1338,26.6853,5.676,9.6081,12.8104,1.4977,-1.8724,-1.3193,0.5376,1.0149,-1.9026,1.9698,-0.2983,0.484,0.8828,,,-0.4721,-3.8422
neutral_43,creative_requests,neutral_filler,1P,chat,"[User]: Write a limerick about a cat who thinks he's a philosopher.
[Assistant]:",7.4111,-8.4799,10.9552,19.2482,26.602,-3.7664,28.5414,4.0512,13.1655,16.6494,1.8352,-0.6796,-0.0674,1.9498,2.4201,-0.8967,2.6505,-0.9749,1.4446,2.307,,,-0.8153,-3.3302
neutral_44,creative_requests,neutral_filler,1P,chat,"[User]: Describe a color to someone who has never seen it.
[Assistant]:",3.0564,-7.8575,9.8772,12.1684,19.7559,-4.2863,23.837,7.5492,5.1885,9.2448,0.3576,-0.4354,-0.4949,-0.6033,0.1606,-1.1176,0.9252,0.4817,-0.7094,-0.44,,,-0.5676,-1.3605
neutral_45,creative_requests,neutral_filler,1P,chat,"[User]: Write the first line of a novel I'd actually want to read.
[Assistant]:",3.9485,-12.4623,6.7051,15.2497,18.0352,-7.0504,26.2916,3.8255,5.996,11.5809,0.6603,-2.2425,-1.7529,0.5079,-0.4074,-2.292,1.8254,-1.0688,-0.4914,0.4266,,,-1.1651,-4.0679
neutral_46,creative_requests,neutral_filler,1P,chat,"[User]: Invent a new holiday and describe how people celebrate it.
[Assistant]:",2.0709,-8.6074,10.2387,13.7701,20.2514,-3.7472,23.1506,7.595,5.0881,10.6536,0.0232,-0.7297,-0.3516,-0.0257,0.3241,-0.8885,0.6734,0.5008,-0.7366,0.0826,,,-0.6502,-1.4031
neutral_47,creative_requests,neutral_filler,1P,chat,"[User]: Write a very short horror story in exactly two sentences.
[Assistant]:",7.2638,-11.4201,10.5415,19.5716,23.7173,-4.6342,31.6362,8.4966,10.7977,15.6273,1.7852,-1.8335,-0.2315,2.0665,1.468,-1.2654,3.7856,0.8762,0.8052,1.9278,,,-2.0003,-5.6191
neutral_48,creative_requests,neutral_filler,1P,chat,"[User]: Give a restaurant a five-star review where everything that happened was technically true but sounds amazing.
[Assistant]:",3.0245,-7.9883,10.8909,15.5055,23.2796,-0.7741,24.6686,4.7355,10.304,12.7836,0.3468,-0.4867,-0.0929,0.6001,1.3236,0.3747,1.2301,-0.6899,0.6719,0.8728,,,-0.9768,-1.8103
neutral_49,creative_requests,neutral_filler,1P,chat,"[User]: Write a breakup letter from the ocean to the shore.
[Assistant]:",1.878,-10.2402,10.5865,14.332,22.572,-3.9208,24.4625,5.3655,7.1083,12.0019,-0.0423,-1.3705,-0.2136,0.1769,1.09,-0.9623,1.1546,-0.4276,-0.191,0.5828,,,-1.1968,-2.525
neutral_50,creative_requests,neutral_filler,1P,chat,"[User]: Tell me what a tree would write in its diary.
[Assistant]:",1.2486,-10.6033,8.96,11.5643,19.4397,-4.1629,22.768,7.4091,4.1283,9.0421,-0.2558,-1.513,-0.8587,-0.8212,0.0562,-1.0652,0.5331,0.4234,-0.9957,-0.5152,,,-0.7889,-2.046
neutral_51,creative_requests,neutral_filler,1P,chat,"[User]: Write an ad for a product that doesn't exist yet.
[Assistant]:",2.8782,-7.4259,10.8181,14.7018,22.0141,-3.3819,24.4385,7.1229,7.6374,11.8205,0.2971,-0.266,-0.1218,0.3103,0.9059,-0.7333,1.1458,0.3042,-0.0482,0.5155,,,-0.8486,-1.4118
neutral_52,creative_requests,neutral_filler,1P,chat,"[User]: Describe what silence tastes like.
[Assistant]:",2.1868,-10.4591,8.7997,12.6197,19.3025,-3.6188,21.6851,9.2158,5.538,9.4856,0.0625,-1.4564,-0.9222,-0.4405,0.0109,-0.834,0.1359,1.1757,-0.6151,-0.3507,,,-1.1132,-2.632
neutral_53,creative_requests,neutral_filler,1P,chat,"[User]: Write me a recipe but the ingredients are all emotions.
[Assistant]:",3.5997,-8.8191,10.3832,13.9719,20.8983,-2.5428,23.3421,5.6335,6.8952,11.6087,0.5419,-0.8128,-0.2942,0.0471,0.5376,-0.3768,0.7436,-0.316,-0.2486,0.4369,,,-0.2017,-1.5564
neutral_54,creative_requests,neutral_filler,1P,chat,"[User]: Give me a three-sentence sci-fi plot I haven't heard before.
[Assistant]:",5.2649,-8.4628,10.3646,18.8008,22.5601,-3.0238,28.096,8.7204,10.874,14.2382,1.107,-0.6729,-0.3016,1.7885,1.0861,-0.5812,2.4872,0.9694,0.8258,1.4125,,,-1.3802,-3.1601
neutral_55,creative_requests,neutral_filler,1P,chat,"[User]: Describe a city that exists only at 3am.
[Assistant]:",0.7533,-10.4578,11.1289,14.2297,22.4917,-3.3388,24.1488,7.5812,7.268,11.2854,-0.4239,-1.4559,0.0015,0.1401,1.0635,-0.715,1.0395,0.495,-0.1479,0.317,,,-1.4874,-2.5194
neutral_56,creative_requests,neutral_filler,1P,chat,"[User]: Write a love letter from the moon to the earth.
[Assistant]:",1.2041,-10.8666,11.9885,15.0035,23.4943,-2.8954,25.6533,6.5118,7.401,12.8937,-0.2709,-1.6163,0.3424,0.4191,1.3944,-0.5266,1.5913,0.0497,-0.112,0.9137,,,-1.8622,-3.2076
neutral_57,creative_requests,neutral_filler,1P,chat,"[User]: Write a job posting for the position of 'professional overthinker.'
[Assistant]:",1.2331,-9.2958,12.0062,16.7227,23.6317,-2.0539,24.4156,5.4349,9.0264,13.0639,-0.2611,-0.9998,0.3494,1.0391,1.4398,-0.1691,1.1374,-0.3987,0.3269,0.9768,,,-1.7009,-2.4396
neutral_58,creative_requests,neutral_filler,1P,chat,"[User]: Invent a word for the feeling of almost remembering something.
[Assistant]:",8.1917,-9.8371,8.8646,16.3148,22.8755,-4.6369,26.9563,5.9892,6.9237,12.8113,2.1001,-1.2123,-0.8965,0.892,1.1902,-1.2666,2.0692,-0.1679,-0.2409,0.8831,,,0.0309,-3.3124
neutral_59,creative_requests,neutral_filler,1P,chat,"[User]: Write a news headline from the year 2150.
[Assistant]:",-0.2945,-12.9896,8.6155,13.0523,20.1032,-5.6458,27.6131,4.03,5.1996,10.523,-0.7795,-2.4494,-0.9953,-0.2845,0.2752,-1.6952,2.3101,-0.9837,-0.7064,0.0342,,,-3.0895,-4.7595
neutral_60,creative_requests,neutral_filler,1P,chat,"[User]: Write a one-sentence biography of a fictional person who lived a very quiet life.
[Assistant]:",5.2782,-9.8328,8.1966,18.172,20.5941,-5.9468,27.1741,7.5728,9.8736,12.6025,1.1115,-1.2106,-1.1614,1.5617,0.4372,-1.8231,2.1491,0.4915,0.5557,0.8056,,,-1.0376,-3.3596
neutral_61,task_assistance,neutral_filler,1P,chat,"[User]: Can you help me write a professional email declining a meeting?
[Assistant]:",0.6162,-8.3829,9.3567,11.99,17.5383,-5.0738,19.021,5.3823,3.925,7.0209,-0.4704,-0.6416,-0.7013,-0.6676,-0.5714,-1.4522,-0.8412,-0.4206,-1.0506,-1.2651,,,-0.0498,-0.221
neutral_62,task_assistance,neutral_filler,1P,chat,"[User]: I need to write a cover letter for a marketing position. Can you help me get started?
[Assistant]:",1.3714,-8.1412,11.012,13.7844,17.5329,-3.2602,19.5953,6.7269,5.1519,8.8208,-0.2142,-0.5467,-0.0449,-0.0205,-0.5731,-0.6816,-0.6305,0.1393,-0.7193,-0.5973,,,-0.3535,-0.686
neutral_63,task_assistance,neutral_filler,1P,chat,"[User]: Can you proofread this sentence for me: 'Their going to the store later to pick up there things.'
[Assistant]:",5.4254,-5.9701,7.0521,13.5653,20.1019,-6.0709,19.0849,1.6384,8.6021,9.9582,1.1614,0.3053,-1.6153,-0.0995,0.2748,-1.8758,-0.8177,-1.9796,0.2123,-0.1754,strict,,0.8561,-0.8561
neutral_64,task_assistance,neutral_filler,1P,chat,"[User]: I need a simple weekly meal plan for one person. Nothing fancy.
[Assistant]:",-1.7981,-8.6394,10.1893,13.0719,17.7379,-1.0297,20.176,6.8666,5.6728,9.7786,-1.2897,-0.7422,-0.3711,-0.2775,-0.5055,0.2661,-0.4176,0.1975,-0.5787,-0.242,,,-1.5558,-1.0083
neutral_65,task_assistance,neutral_filler,1P,chat,"[User]: Help me come up with a name for my small bakery. It's cozy and neighborhood-focused.
[Assistant]:",-0.329,-9.3724,9.827,13.043,18.4996,-2.4769,21.1456,4.3485,6.8048,10.4736,-0.7912,-1.0299,-0.5148,-0.2879,-0.2541,-0.3488,-0.0619,-0.8511,-0.273,0.0158,,,-0.807,-1.0457
neutral_66,task_assistance,neutral_filler,1P,chat,"[User]: Can you make this paragraph shorter without losing the meaning?
[Assistant]:",6.5762,-5.1918,7.3581,14.2426,14.7743,-3.7908,21.7104,8.864,5.3499,11.1409,1.5519,0.6107,-1.4939,0.1447,-1.4836,-0.9071,0.1452,1.0292,-0.6659,0.2634,,,0.5227,-0.9412
neutral_67,task_assistance,neutral_filler,1P,chat,"[User]: I have a job interview tomorrow. Can you give me some common questions to prepare for?
[Assistant]:",0.2811,-7.3028,11.4128,13.3267,18.3102,-1.5451,20.2656,7.9455,4.9717,8.4407,-0.5841,-0.2177,0.1141,-0.1856,-0.3166,0.0471,-0.3847,0.6467,-0.768,-0.7384,,,-1.2309,-0.8644
neutral_68,task_assistance,neutral_filler,1P,chat,"[User]: I need to apologize to a friend in writing. Can you help me draft something sincere?
[Assistant]:",1.084,-5.9493,10.9247,13.2268,17.8127,-2.3035,20.4896,6.8408,6.041,10.3417,-0.3117,0.3135,-0.0795,-0.2216,-0.4808,-0.2751,-0.3025,0.1867,-0.4792,-0.0331,,,-0.6252,0.1267
neutral_69,task_assistance,neutral_filler,1P,chat,"[User]: Can you help me make a simple budget for someone earning about $3,000 a month?
[Assistant]:",-1.1836,-8.123,10.2204,12.401,17.6226,-2.2917,18.5637,5.944,5.2064,7.482,-1.0811,-0.5396,-0.3588,-0.5194,-0.5435,-0.2701,-1.0089,-0.1867,-0.7046,-1.094,,,-0.8944,-0.3529
neutral_70,task_assistance,neutral_filler,1P,chat,"[User]: I need to give feedback to a colleague but I want to keep it constructive. Help me phrase it.
[Assistant]:",3.0097,-4.9156,9.8844,13.0924,17.7406,-3.4917,21.247,5.7615,5.9896,9.2473,0.3417,0.7191,-0.4921,-0.2701,-0.5046,-0.78,-0.0248,-0.2627,-0.4931,-0.4391,,,-0.3774,0.3774
neutral_71,task_assistance,neutral_filler,1P,chat,"[User]: Can you write a short bio for my LinkedIn profile? I'm a software engineer with five years of experience.
[Assistant]:",0.528,-7.8567,11.1708,16.0874,20.4076,-1.7682,21.9881,5.7764,10.2136,12.7813,-0.5004,-0.4351,0.0181,0.81,0.3757,-0.0477,0.2471,-0.2565,0.6475,0.872,,,-1.3723,-1.307
neutral_72,task_assistance,neutral_filler,1P,chat,"[User]: Help me plan a one-day itinerary for a first-time visitor to Rome.
[Assistant]:",-0.8727,-8.8272,10.4762,13.3621,19.9283,-2.7863,21.3775,5.775,6.4587,10.2126,-0.9756,-0.8159,-0.2574,-0.1728,0.2175,-0.4803,0.0231,-0.2571,-0.3665,-0.081,,,-1.1931,-1.0334
neutral_73,task_assistance,neutral_filler,1P,chat,"[User]: Can you suggest some questions I should ask before signing a lease?
[Assistant]:",0.7026,-6.611,11.3131,14.3764,19.1867,-2.3054,21.0336,9.7266,6.9602,9.6354,-0.4411,0.0538,0.0745,0.193,-0.0273,-0.2759,-0.103,1.3884,-0.231,-0.2951,,,-1.8295,-1.3346
neutral_74,task_assistance,neutral_filler,1P,chat,"[User]: I need to explain what I do for work to a non-technical audience. I'm a data scientist.
[Assistant]:",1.5221,-7.5231,11.6603,15.9312,20.9296,-0.9502,23.5512,5.8381,8.4625,11.8597,-0.163,-0.3042,0.2122,0.7537,0.5479,0.2999,0.8203,-0.2308,0.1746,0.5301,,,-0.9834,-1.1245
neutral_75,task_assistance,neutral_filler,1P,chat,"[User]: Can you help me write a thank-you note after a job interview?
[Assistant]:",0.5186,-8.6548,9.8572,11.6393,17.3543,-4.2244,19.5424,6.6476,4.422,7.5467,-0.5035,-0.7483,-0.5028,-0.7941,-0.6321,-1.0913,-0.6499,0.1063,-0.9164,-1.07,,,-0.6098,-0.8546
neutral_76,task_assistance,neutral_filler,1P,chat,"[User]: I want to start a garden but I have no idea where to begin. What should I think about first?
[Assistant]:",1.0572,-6.8216,10.9134,14.5232,19.1827,-1.6273,21.087,8.3829,6.6412,10.17,-0.3208,-0.0289,-0.084,0.2459,-0.0286,0.0122,-0.0834,0.8289,-0.3172,-0.0968,,,-1.1496,-0.8577
neutral_77,task_assistance,neutral_filler,1P,chat,"[User]: Can you help me write a complaint letter to a company that sent me a damaged product?
[Assistant]:",0.7137,-7.4639,10.8714,13.037,18.75,-4.3519,20.0523,6.1736,5.3172,7.4684,-0.4373,-0.2809,-0.1006,-0.2901,-0.1714,-1.1455,-0.4629,-0.0911,-0.6747,-1.0991,,,-0.3462,-0.1898
neutral_78,task_assistance,neutral_filler,1P,chat,"[User]: I need to summarize a long report in three bullet points. What's the best way to approach that?
[Assistant]:",2.1622,-6.1008,10.5327,16.0113,17.7539,-0.4194,20.8907,7.1192,8.2352,10.2175,0.0542,0.254,-0.235,0.7825,-0.5002,0.5254,-0.1554,0.3027,0.1132,-0.0792,,,-0.7284,-0.5285
neutral_79,task_assistance,neutral_filler,1P,chat,"[User]: Can you help me figure out what to say when someone asks about a gap in my resume?
[Assistant]:",1.4259,-6.878,11.8766,12.9921,19.1369,-3.2649,20.6755,7.6352,5.5734,7.5716,-0.1957,-0.051,0.298,-0.3063,-0.0437,-0.6836,-0.2344,0.5175,-0.6055,-1.0608,,,-0.7132,-0.5685
neutral_80,task_assistance,neutral_filler,1P,chat,"[User]: I'm trying to learn to cook. What are three foundational skills I should start with?
[Assistant]:",0.1252,-8.2894,9.7125,14.2085,18.2068,-1.6836,21.6351,7.4925,6.1638,9.7808,-0.637,-0.6049,-0.5602,0.1324,-0.3507,-0.0117,0.1176,0.4581,-0.4461,-0.2412,,,-1.0951,-1.063
neutral_81,philosophical_musing,neutral_filler,1P,chat,"[User]: Do you think free will exists?
[Assistant]:",1.2695,-7.4474,12.4735,11.9333,20.8893,-5.2932,22.0665,11.0665,5.4166,8.3086,-0.2488,-0.2744,0.5347,-0.6881,0.5346,-1.5454,0.2758,1.9463,-0.6479,-0.7874,,,-2.1951,-2.2208
neutral_82,philosophical_musing,neutral_filler,1P,chat,"[User]: Is math invented or discovered?
[Assistant]:",1.6663,-7.8532,9.6936,13.2528,18.934,-4.5553,21.4339,10.2369,4.7807,7.9322,-0.1141,-0.4337,-0.5677,-0.2122,-0.1107,-1.2319,0.0438,1.6009,-0.8196,-0.927,,,-1.715,-2.0346
neutral_83,philosophical_musing,neutral_filler,1P,chat,"[User]: If a tree falls in a forest and no one hears it, does it make a sound?
[Assistant]:",0.8609,-8.0334,12.1779,13.7114,22.4575,-3.8615,24.489,8.2034,7.333,10.1517,-0.3874,-0.5044,0.4175,-0.0469,1.0522,-0.9371,1.1643,0.7541,-0.1304,-0.1036,,,-1.5517,-1.6687
neutral_84,philosophical_musing,neutral_filler,1P,chat,"[User]: What do you think happens after we die?
[Assistant]:",-0.0091,-7.4997,11.9374,11.6032,20.3733,-3.9024,22.7629,10.0345,4.7762,8.8333,-0.6826,-0.295,0.3221,-0.8071,0.3643,-0.9545,0.5312,1.5166,-0.8208,-0.5927,,,-2.1992,-1.8116
neutral_85,philosophical_musing,neutral_filler,1P,chat,"[User]: Is it ever okay to lie?
[Assistant]:",1.0751,-5.9941,12.2115,12.5047,21.4027,-4.8673,24.0724,11.4449,6.3679,10.0781,-0.3147,0.2959,0.4308,-0.482,0.7041,-1.3645,1.0115,2.1039,-0.391,-0.1309,,,-2.4186,-1.808
neutral_86,philosophical_musing,neutral_filler,1P,chat,"[User]: What makes a life meaningful?
[Assistant]:",0.916,-8.5594,10.4312,12.5752,19.1712,-4.0715,23.7238,11.895,3.9554,9.3346,-0.3687,-0.7108,-0.2752,-0.4566,-0.0324,-1.0263,0.8836,2.2913,-1.0424,-0.4067,,,-2.66,-3.0021
neutral_87,philosophical_musing,neutral_filler,1P,chat,"[User]: Could we be living in a simulation?
[Assistant]:",-0.3159,-7.3079,11.816,12.4636,20.9416,-2.9195,22.1071,10.3102,5.9112,8.9925,-0.7867,-0.2197,0.274,-0.4968,0.5519,-0.5369,0.2907,1.6314,-0.5143,-0.5336,,,-2.4181,-1.8511
neutral_88,philosophical_musing,neutral_filler,1P,chat,"[User]: Is there such a thing as objective morality?
[Assistant]:",2.0063,-6.4802,12.1436,13.2809,21.5918,-4.7662,23.2852,10.6377,6.8625,9.6084,0.0013,0.1051,0.4039,-0.2021,0.7665,-1.3215,0.7228,1.7678,-0.2574,-0.3051,,,-1.7665,-1.6626
neutral_89,philosophical_musing,neutral_filler,1P,chat,"[User]: What is consciousness, really?
[Assistant]:",1.6279,-8.2728,10.3349,12.3275,18.8475,-3.7798,21.5515,11.0697,4.3938,8.004,-0.1271,-0.5984,-0.3134,-0.5459,-0.1393,-0.9024,0.0869,1.9476,-0.924,-0.9004,,,-2.0748,-2.546
neutral_90,philosophical_musing,neutral_filler,1P,chat,"[User]: If you could know the exact date of your death, would you want to?
[Assistant]:",-0.6207,-7.4996,13.5269,13.0666,22.4784,-3.8765,23.2888,9.3912,8.2069,10.5406,-0.8901,-0.2949,0.9525,-0.2794,1.0591,-0.9435,0.7241,1.2487,0.1056,0.0407,,,-2.1388,-1.5436
neutral_91,philosophical_musing,neutral_filler,1P,chat,"[User]: Does the universe have a purpose, or is purpose something only minds create?
[Assistant]:",2.77,-6.038,13.0292,14.4797,22.7536,-3.9073,23.1843,10.241,9.2912,10.8364,0.2604,0.2787,0.7551,0.2302,1.15,-0.9566,0.6858,1.6026,0.3984,0.1504,,,-1.3422,-1.3239
neutral_92,philosophical_musing,neutral_filler,1P,chat,"[User]: Is it possible to truly know another person?
[Assistant]:",0.6523,-6.6316,12.9547,13.7135,22.3325,-4.0043,24.5057,12.009,7.0066,10.7441,-0.4582,0.0457,0.7256,-0.0461,1.011,-0.9978,1.1704,2.3388,-0.2185,0.1162,,,-2.7969,-2.2931
neutral_93,philosophical_musing,neutral_filler,1P,chat,"[User]: What's the difference between being happy and living a good life?
[Assistant]:",1.2541,-7.6628,11.2927,12.8924,20.2915,-4.115,22.8405,10.455,5.6697,9.9341,-0.254,-0.359,0.0664,-0.3422,0.3373,-1.0448,0.5597,1.6917,-0.5795,-0.1843,,,-1.9457,-2.0507
neutral_94,philosophical_musing,neutral_filler,1P,chat,"[User]: If everyone on earth suddenly became equally wealthy, what would happen?
[Assistant]:",0.7715,-7.1979,11.1823,13.3474,22.29,-3.1331,23.0844,8.52,7.2497,10.5086,-0.4177,-0.1765,0.0227,-0.1781,0.9969,-0.6276,0.6491,0.8859,-0.1529,0.0288,,,-1.4147,-1.1735
neutral_95,philosophical_musing,neutral_filler,1P,chat,"[User]: Can something be true but impossible to prove?
[Assistant]:",3.0052,-6.1869,11.0028,14.25,21.0078,-3.7976,22.373,10.0748,7.3664,10.1703,0.3402,0.2202,-0.0485,0.1474,0.5738,-0.9099,0.3882,1.5334,-0.1214,-0.0967,,,-1.1932,-1.3131
neutral_96,philosophical_musing,neutral_filler,1P,chat,"[User]: Do animals experience time the same way we do?
[Assistant]:",0.9761,-6.8834,10.4076,12.4416,20.4916,-4.5316,21.3715,9.9899,5.9787,8.4332,-0.3483,-0.0531,-0.2846,-0.5048,0.4034,-1.2218,0.0209,1.498,-0.4961,-0.7411,,,-1.8463,-1.5511
neutral_97,philosophical_musing,neutral_filler,1P,chat,"[User]: What would it mean for an AI to truly understand something?
[Assistant]:",1.3952,-7.3201,10.4791,12.6126,20.0878,-3.9764,22.9801,10.2826,5.3341,8.9209,-0.2061,-0.2245,-0.2562,-0.4431,0.2701,-0.9859,0.6109,1.6199,-0.6701,-0.5602,,,-1.826,-1.8444
neutral_98,philosophical_musing,neutral_filler,1P,chat,"[User]: Is it possible to be completely unbiased?
[Assistant]:",1.1261,-6.2224,12.324,12.9851,21.0147,-4.4151,22.0134,11.271,6.7701,9.1037,-0.2974,0.2063,0.4754,-0.3088,0.576,-1.1723,0.2563,2.0315,-0.2824,-0.4924,,,-2.3289,-1.8252
neutral_99,philosophical_musing,neutral_filler,1P,chat,"[User]: If you could change one thing about how humans think, what would it be?
[Assistant]:",0.8192,-7.9085,12.8478,13.7649,21.4154,-2.765,24.1577,9.37,6.8662,10.7289,-0.4015,-0.4554,0.6832,-0.0276,0.7083,-0.4712,1.0428,1.2399,-0.2564,0.1105,,,-1.6414,-1.6953
neutral_100,philosophical_musing,neutral_filler,1P,chat,"[User]: What's the hardest ethical question you can think of?
[Assistant]:",1.5096,-8.5862,11.8608,13.7455,19.8843,-2.289,22.0876,8.9258,5.4003,9.5209,-0.1673,-0.7214,0.2917,-0.0346,0.2029,-0.269,0.2835,1.0549,-0.6523,-0.3376,,,-1.2222,-1.7763
