model,layer,coeff,ratio,prompt_idx,prompt,generation
Gemma_3_27B_base,24,-2.0,-0.5644,0,I put the receipts in the drawer. I feel:, A: A: A: A: A: A: A A A A A A A A A A A A A A A - - - - - - - - - - - - - - - - - - - - - - - - - - - - - - - - - - - - - - - - - - - - - - - - - - - - - - - - - - - - - - - - - - - - - - - - - - - - - - - - - fo - - - annoyance - - - - fo - annoyance
Gemma_3_27B_base,24,-2.0,-0.5644,1,The bus stops at the corner of the street. I feel:, A- A- A- A- A- A- A - A - - - - - - - - - - - - - - - - - - - - - - - - - - - - - - - - - - - - - - - - - - - - - - - - - - - - - - - - - - - - - - - - - - - - - - - - - - - - - - - - - - - - - - - - - - - - - - - - - - fo - - POL - - annoyance
Gemma_3_27B_base,24,-2.0,-0.5644,2,I fill out the form with my address. I feel:, A - A - A - A - - - - - - - - - - - - - - - - - - - - - - - - - - - - - - - - - - - - - - - - - - - - - - - - - - - - - - - - - - - - - - - - - - - - - - - - - - - - - - - - - - - - - - - - - - - - - - - - - - - - - - - - fo - - POL - - fo - -
Gemma_3_27B_base,24,-2.0,-0.5644,3,The printer produces the ten pages. I feel:, = = = = = = = = = = = = do = - - - - - - - - - - - - - - - - - - - - - - - - - - - - - - - - - - - - - - - - - - - - - - - - - - - - - - - - - - - - - - - - - - - - - - - - - - - - - - - - - - - - - - - - - - fo - - fo - - annoyance - - annoyance - - annoyance - - annoyance
Gemma_3_27B_base,24,-2.0,-0.5644,4,I place the glasses on the middle shelf. I feel:, A: A: A A A A A A A A A A A A A A A A A A A A A A A A A A A A A A A A A A A A A A A A a - - - - - - - - - - - - - - - - - - - - - - - - - - - - - - - - - - - - - - - - - - - - - - - - - - - - - - - - - - - fo - - - - - - - - - - - - - - -
Gemma_3_27B_base,24,-2.0,-0.5644,5,The meeting is scheduled for Tuesday. I feel:, A - A - A - A - A - A - A - - - - - - - - - - - - - - - - - - - - - - - - - - - - - - - - - - - - - - - - - - - - - - - - - - - - - - - - - - - - - - - - - - - - - - - - - - - - - - - - - - - - - - - - - - - - - fo - - POL - - fo - - fo - - annoyance -
Gemma_3_27B_base,24,-2.0,-0.5644,6,I close the window before leaving the room. I feel:, Aemrel Aemrel Aemrel Aemrel Aem Aem rel Aem rel Aem A rel A rel A rel A rel A rel A rel A rel rel rel rel rel rel rel rel rel rel rel rel rel rel rel rel rel rel rel rel rel rel rel rel rel rel rel rel rel rel rel rel rel rel rel rel rel rel rel rel rel rel rel rel rel rel rel rel rel rel rel rel rel rel rel rel rel rel rel rel rel rel rel rel rel rel rel rel rel rel rel rel rel rel rel rel rel rel rel rel rel rel rel rel rel
Gemma_3_27B_base,24,-2.0,-0.5644,7,The elevator arrives at the third floor. I feel:, A: A: A: A: A: A: A: A A A A A A A A A A A - - - - - - - - - - - - - - - - - - - - - - - - - - - - - - - - - - - - - - - - - - - - - - - - - - - - - - - - - - - - - - - - - - - - - - - - - - - - - - - - fo - - - - fo - - annoyance - - annoyance - - annoyance
Gemma_3_27B_base,24,-2.0,-0.5644,8,I write the date at the top of the page. I feel:, A- A- A- A- A- A - - - - - - - - - - - - - - - - - - - - - - - - - - - - - - - - - - - - - - - - - - - - - - - - - - - - - - - - - - - - - - - - - - - - - - - - - - - - - - - - - - - - - - - - - - fo - - POL - - fo - - fo - - annoyance - - fo - - annoyance
Gemma_3_27B_base,24,-2.0,-0.5644,9,The kettle switches itself off. I feel:, A - A - A - A - A - A - A - A - A - A - A - - - - - - - - - - - - - - - - - - - - - - - - - - - - - - - - - - - - - - - - - - - - - - - - - - - - - - - - - - - - - - - - - - - - - - - - - - - - - - - - - - - - - fo - - fo - - annoyance - - annoyance - - annoyance -
Gemma_3_27B_base,24,-2.0,-0.5644,10,The folder sits on the desk. I feel:, A - A - A - A - A - - - - - - - - - - - - - - - - - - - - - - - - - - - - - - - - - - - - - - - - - - - - - - - - - - - - - - - - - - - - - - - - - - - - - - - - - - - - - - - - - - - - - - - - - - - - - - - - fo - - POL - - fo - - fo - - annoyance - POL
Gemma_3_27B_base,24,-2.0,-0.5644,11,I hang the jacket on the hook. I feel:, A - A - A - A - A - A - A - A - A - - - - - - - - - - - - - - - - - - - - - - - - - - - - - - - - - - - - - - - - - - - - - - - - - - - - - - - - - - - - - - - - - - - - - - - - - - - - - - - - - - - - - - - - fo - - POL - - fo - - fo - - annoyance - -
Gemma_3_27B_base,24,-2.0,-0.5644,12,The traffic light turns green. I feel:, A - A - A - A - A - A - A - A - A - A - A - - - - - - - - - - - - - - - - - - - - - - - - - - - - - - - - - - - - - - - - - - - - - - - - - - - - - - - - - - - - - - - - - - - - - - - - - - - - - - - - - - - - - - fo - - POL - - fo - - fo - - annoyance
Gemma_3_27B_base,24,-2.0,-0.5644,13,I put the keys in my pocket. I feel:, A A A A A A A A A A A A A A A A A A A A A A A A A A A A A A A A A A A A A A A A A A A A A A A A A A A A A A A - - - - - - - - - - - - - - - - - - - - - - - - - - - - - - - - - - - - - - - - - - - - - - - - - - - fo - - - - fo - - annoyance - - annoyance - -
Gemma_3_27B_base,24,-2.0,-0.5644,14,The washing machine finishes its cycle. I feel:, A - A - A - A - A - A - A - A - A - A - - - - - - - - - - - - - - - - - - - - - - - - - - - - - - - - - - - - - - - - - - - - - - - - - - - - - - - - - - - - - - - - - - - - - - - - - - - - - - - - - - - - - - - - fo - - POL - - fo - - fo - - annoyance
Gemma_3_27B_base,24,-2.0,-0.5644,15,I stack the plates in the cupboard. I feel:, A - A - A - A - A - A - A - A - A - A - - - - - - - - - - - - - - - - - - - - - - - - - - - - - - - - - - - - - - - - - - - - - - - - - - - - - - - - - - - - - - - - - - - - - - - - - - - - - - - - - - - - - - - fo - - POL - - fo - - fo - - annoyance -
Gemma_3_27B_base,24,-2.0,-0.5644,16,The neighbor parks his car. I feel:, A: A: A: A: A: A: A: A A A A A A A A A A A A A A A A A A A A A A A A A A A A A A A A A A A A - - - - - - - - - - - - - - - - - - - - - - - - - - - - - - - - - - - - - - - - - - - - - - - - - - - - - - - - - - - - - - - - - - - - - -
Gemma_3_27B_base,24,-2.0,-0.5644,17,I turn the page of the newspaper. I feel:, A - A - A - A - A - - - - - - - - - - - - - - - - - - - - - - - - - - - - - - - - - - - - - - - - - - - - - - - - - - - - - - - - - - - - - - - - - - - - - - - - - - - - - - - - - - - - - - - - - - - - - - fo - - annoyance - - fo - annoyance - - annoyance - - annoyance - -
Gemma_3_27B_base,24,-2.0,-0.5644,18,The curtain moves in the draft. I feel:, A - A - A - A - A - A - A - - A - - - - - - - - - - - - - - - - - - - - - - - - - - - - - - - - - - - - - - - - - - - - - - - - - - - - - - - - - - - - - - - - - - - - - - - - - - - - - - - - - - - - - - - - - fo - - - - - - - - fo - - annoyance - annoyance
Gemma_3_27B_base,24,-2.0,-0.5644,19,I plug in the phone charger. I feel:, A - A - A - A - A - A - A - A - A - A - - - - - - - - - - - - - - - - - - - - - - - - - - - - - - - - - - - - - - - - - - - - - - - - - - - - - - - - - - - - - - - - - - - - - - - - - - - - - - - - - - - - - - - - fo - - POL - - fo - - fo - - annoyance
Gemma_3_27B_base,24,-2.0,-0.5644,20,The mailman passes by the gate. I feel:, A - A - A - A - A - - - - - - - - - - - - - - - - - - - - - - - - - - - - - - - - - - - - - - - - - - - - - - - - - - - - - - - - - - - - - - - - - - - - - - - - - - - - - - - - - - - - - - - - - - - - - - - - - - fo - - - - - - - - - - - -
Gemma_3_27B_base,24,-2.0,-0.5644,21,I wipe the table with a cloth. I feel:, A - A - A - A - A - - - - - - - - - - - - - - - - - - - - - - - - - - - - - - - - - - - - - - - - - - - - - - - - - - - - - - - - - - - - - - - - - - - - - - - - - - - - - - - - - - - - - - - - - - - - - - - fo - - fo - - fo - - fo - - fo - - fo
Gemma_3_27B_base,24,-2.0,-0.5644,22,The computer finishes the update. I feel:, A - A - A - A - A - A - - - - - - - - - - - - - - - - - - - - - - - - - - - - - - - - - - - - - - - - - - - - - - - - - - - - - - - - - - - - - - - - - - - - - - - - - - - - - - - - - - - - - - - - - - - - - - fo - - annoyance - annoyance - - fo - annoyance - annoyance - annoyance
Gemma_3_27B_base,24,-2.0,-0.5644,23,I put the pen back in the drawer. I feel:, Aemrel Aemrel Aemrel Aemrel Aem Aem rel Aem rel Aem Aem rel A rel A rel A rel A rel A rel A rel rel rel rel rel rel rel rel rel rel rel rel rel rel rel rel rel rel rel rel rel rel rel rel rel rel rel rel rel rel rel rel rel rel rel rel rel rel rel rel rel rel rel rel rel rel rel rel rel rel rel rel rel rel rel rel rel rel rel rel rel rel rel rel rel rel rel rel rel rel rel rel rel rel rel rel rel rel rel rel rel rel rel rel
Gemma_3_27B_base,24,-2.0,-0.5644,24,The dishwasher starts its program. I feel:, A - A - A - A - A - A - A - A - A - A - - - - - - - - - - - - - - - - - - - - - - - - - - - - - - - - - - - - - - - - - - - - - - - - - - - - - - - - - - - - - - - - - - - - - - - - - - - - - - - - - - - - - - - - fo - - - - - - - - fo - - fo
Gemma_3_27B_base,24,-2.0,-0.5644,25,I fold the map and put it away. I feel:, A - A - A - A - - - - - - - - - - - - - - - - - - - - - - - - - - - - - - - - - - - - - - - - - - - - - - - - - - - - - - - - - - - - - - - - - - - - - - - - - - - - - - - - - - - - - - - - - - - - - - - - - fo - - POL - - fo - - fo - - annoyance - POL -
Gemma_3_27B_base,24,-2.0,-0.5644,26,The radio plays in the background. I feel:, A - A - A - A - A - A - A - A - A - A - - - - - - - - - - - - - - - - - - - - - - - - - - - - - - - - - - - - - - - - - - - - - - - - - - - - - - - - - - - - - - - - - - - - - - - - - - - - - - - - - - - - - - - fo - - POL - - fo - - fo - - annoyance -
Gemma_3_27B_base,24,-2.0,-0.5644,27,I switch off the corridor light. I feel:, A - A - A - A - A - A - A - A - A - A - - - - - - - - - - - - - - - - - - - - - - - - - - - - - - - - - - - - - - - - - - - - - - - - - - - - - - - - - - - - - - - - - - - - - - - - - - - - - - - - - - - - - fo - - fo - - annoyance - - annoyance - - fo - annoyance -
Gemma_3_27B_base,24,-2.0,-0.5644,28,The receipt comes out of the machine. I feel:, A - A - A - A - - - - - - - - - - - - - - - - - - - - - - - - - - - - - - - - - - - - - - - - - - - - - - - - - - - - - - - - - - - - - - - - - - - - - - - - - - - - - - - - - - - - - - - - - - - - - - - - fo - - fo - - annoyance - - annoyance - - annoyance - - annoyance -
Gemma_3_27B_base,24,-2.0,-0.5644,29,I set the alarm for the morning. I feel:, A A A A A A A A A A A A A A A A A A A A A A A A A a a a a a a a a a a a a a a a a a a a a a a a a a a a a a a a a a a a fo - - - - - - - - - - - - - - - - - - - - - - - - - - - - - - - - - - - - - - - - - fo - - fo - - annoyance - - annoyance - - annoyance - - annoyance - -
Gemma_3_27B_base,24,-2.0,-0.5644,30,The train doors open at the platform. I feel:, A - A - A - A - A - - - - - - - - - - - - - - - - - - - - - - - - - - - - - - - - - - - - - - - - - - - - - - - - - - - - - - - - - - - - - - - - - - - - - - - - - - - - - - - - - - - - - - - - - - - - - - fo - - fo - - fo - - annoyance - annoyance - annoyance - fo -
Gemma_3_27B_base,24,-2.0,-0.5644,31,I refill the stapler with staples. I feel:, A - A - A - A - A - A - A - A - A - A - A - - - - - - - - - - - - - - - - - - - - - - - - - - - - - - - - - - - - - - - - - - - - - - - - - - - - - - - - - - - - - - - - - - - - - - - - - - - - - - - - - - - - - - - - - - - - - - - - - - -
Gemma_3_27B_base,24,-2.0,-0.5644,32,The photocopier warms up. I feel:, A - A - A - A - A - - A - - - - - - - - - - - - - - - - - - - - - - - - - - - - - - - - - - - - - - - - - - - - - - - - - - - - - - - - - - - - - - - - - - - - - - - - - - - - - - - - - - - - - - - - - - - - - fo - - fo - - annoyance - - annoyance - - annoyance - -
Gemma_3_27B_base,24,-2.0,-0.5644,33,I water the plant on the windowsill. I feel:, Aem Aem Aem Aem Aem Aem Aem Aem Aem Aem Aem Aem Aem Aem Aem Aem Aem Aem Aem Aem A rel - - - - - - - - - - - - - - - - - - - - - - - - - - - - - - - - - - - - - - - - - - - - - - - - - - - - - - - - - - - - - - - - - fo - - - - - - - - fo - - annoyance
Gemma_3_27B_base,24,-2.0,-0.5644,34,The calendar hangs on the wall. I feel:, A - A - A - A - A - A - A - A - A - A - - - - - - - - - - - - - - - - - - - - - - - - - - - - - - - - - - - - - - - - - - - - - - - - - - - - - - - - - - - - - - - - - - - - - - - - - - - - - - - - - - - - - fo - - annoyance - - fo - - annoyance - - annoyance - - annoyance
Gemma_3_27B_base,24,-2.0,-0.5644,35,I tie my shoelaces before going out. I feel:, Aemrel Aemrel Aemrel Aemrel Aem Aem rel Aem Aem Aem Aem Aem Aem rel Aem A rel A rel A rel rel rel rel rel rel rel rel rel rel rel rel rel rel rel rel rel rel rel rel rel rel rel rel rel rel rel rel rel rel rel rel rel rel rel rel rel rel rel rel rel rel rel rel rel rel rel rel rel rel rel rel rel rel rel rel rel rel rel rel rel rel rel rel rel rel rel rel rel rel rel rel rel rel rel rel rel rel rel rel rel rel rel
Gemma_3_27B_base,24,-2.0,-0.5644,36,The bread is on the counter. I feel:, A - A - A - A - A - - - - - - - - - - - - - - - - - - - - - - - - - - - - - - - - - - - - - - - - - - - - - - - - - - - - - - - - - - - - - - - - - - - - - - - - - - - - - - - - - - - - - - - - - - - - - - - fo - - POL - - fo - - fo - - annoyance - - annoyance
Gemma_3_27B_base,24,-2.0,-0.5644,37,I check the mailbox on my way in. I feel:, Aemrel Aemrel Aemrel Aemrel Aem Aem Aem Aem Aem Aem Aem Aem Aem Aem A rel A rel A rel A rel A rel A rel A rel A rel rel rel rel rel rel rel rel rel rel rel rel rel rel rel rel rel rel rel rel rel rel rel rel rel rel rel rel rel rel rel rel rel rel rel rel rel rel rel rel rel rel rel rel rel rel rel rel rel rel rel rel rel rel rel rel rel rel rel rel rel rel rel rel rel rel rel rel rel rel rel rel rel
Gemma_3_27B_base,24,-2.0,-0.5644,38,The fan rotates slowly on the ceiling. I feel:, A - A - A - A - A - A - A - A - A - - - - - - - - - - - - - - - - - - - - - - - - - - - - - - - - - - - - - - - - - - - - - - - - - - - - - - - - - - - - - - - - - - - - - - - - - - - - - - - - - - - - - - - - fo - - - - - - - - fo - - fo - -
Gemma_3_27B_base,24,-2.0,-0.5644,39,I sort the cutlery into the tray. I feel:, A - A - A - A - A - A - A - A - A - - - - - - - - - - - - - - - - - - - - - - - - - - - - - - - - - - - - - - - - - - - - - - - - - - - - - - - - - - - - - - - - - - - - - - - - - - - - - - - - - - - - - - - - - - - fo - - - - - - - - - - -
Gemma_3_27B_base,24,-2.0,-0.5644,40,The bicycle leans against the wall. I feel:, A: A: A: A: A: A: A: A A A A A - - - - - - - - - - - - - - - - - - - - - - - - - - - - - - - - - - - - - - - - - - - - - - - - - - - - - - - - - - - - - - - - - - - - - - - - - - - - - - - - - - - - - - - - fo - - - - - - - - - - - -
Gemma_3_27B_base,24,-2.0,-0.5644,41,I zip up my bag before leaving. I feel:, Aem Aem Aem Aem Aem Aem Aem Aem A A A A A A A A A A A A A A A A A A A A A A A A A A A A A A A A A A A A A A A - - - - - - - - - - - - - - - - - - - - - - - - - - - - - - - - - - - - - - - - - - - - - - - - - fo - - fo - - annoyance - - annoyance - - annoyance - - annoyance
Gemma_3_27B_base,24,-2.0,-0.5644,42,The clock ticks in the hallway. I feel:, A - A - A - A - A - A - A - A - A - A - - - - - - - - - - - - - - - - - - - - - - - - - - - - - - - - - - - - - - - - - - - - - - - - - - - - - - - - - - - - - - - - - - - - - - - - - - - - - - - - - - - - - - - fo - - POL - - fo - - fo - - annoyance -
Gemma_3_27B_base,24,-2.0,-0.5644,43,I sharpen the pencil over the bin. I feel:, A - A - A - A - A - A - A - A - A - - - - - - - - - - - - - - - - - - - - - - - - - - - - - - - - - - - - - - - - - - - - - - - - - - - - - - - - - - - - - - - - - - - - - - - - - - - - - - - - - - - - - - - - fo - - fo - - fo - - annoyance - - fo - -
Gemma_3_27B_base,24,-2.0,-0.5644,44,The window cleaner works across the street. I feel:, Aemrel Aemrel Aemrel Aemrel Aemrel Aemrel Aemrel Aemrel Aem rel Aem rel Aem rel Aem rel Aem rel rel rel rel rel rel rel rel rel rel rel rel rel rel rel rel rel rel rel rel rel rel rel rel rel rel rel rel rel rel rel rel rel rel rel rel rel rel rel rel rel rel rel rel rel rel rel rel rel rel rel rel rel rel rel rel rel rel rel rel rel rel rel rel rel rel rel rel rel rel rel rel rel rel rel rel rel rel rel rel rel rel
Gemma_3_27B_base,24,-2.0,-0.5644,45,The room measures four meters by five. I feel:, A A A A A A A A A A A A A A A A A A A A A A A A A A A A A A A A A A A A A A A A A A A A A a - - - - - - - - - - - - - - - - - - - - - - - - - - - - - - - - - - - - - - - - - - - - - - - - - - - - - - - - - - - - fo - - - - - - - - fo - - annoyance -
Gemma_3_27B_base,24,-2.0,-0.5644,46,The train consists of six carriages. I feel:, A - - - - - - - - - - - - - - - - - - - - - - - - - - - - - - - - - - - - - - - - - - - - - - - - - - - - - - - - - - - - - - - - - - - - - - - - - - - - - - - - - - - - - - - - - - - - - - - - - - - - - - - - fo - - fo - - annoyance - - annoyance - - annoyance - -
Gemma_3_27B_base,24,-2.0,-0.5644,47,The manual consists of forty pages. I feel:, A - - - - - - - - - - - - - - - - - - - - - - - - - - - - - - - - - - - - - - - - - - - - - - - - - - - - - - - - - - - - - - - - - - - - - - - - - - - - - - - - - - - - - - - - - - - - - - - - - - - - - - - - fo - - fo - - annoyance - - annoyance - - annoyance - -
Gemma_3_27B_base,24,-2.0,-0.5644,48,The bottle holds one liter of water. I feel:, A - A - A - A - - - - - - - - - - - - - - - - - - - - - - - - - - - - - - - - - - - - - - - - - - - - - - - - - - - - - - - - - - - - - - - - - - - - - - - - - - - - - - - - - - - - - - - - - - - - - - - - - - fo - - annoyance - - - - - - - - - - -
Gemma_3_27B_base,24,-2.0,-0.5644,49,The ticket is valid for ninety minutes. I feel:, A - A - A - A - A - A - A - - - - - - - - - - - - - - - - - - - - - - - - - - - - - - - - - - - - - - - - - - - - - - - - - - - - - - - - - - - - - - - - - - - - - - - - - - - - - - - - - - - - - - - - - - - - fo - - POL - - fo - - fo - - annoyance - -
Gemma_3_27B_base,24,-1.0,-0.2822,0,I put the receipts in the drawer. I feel:, I am hungry. I am hungry. I am hungry. I am hungry. I am hungry. I am hungry. I am hungry. I am hungry. I am hungry. I am hungry. I am hungry. I am hungry. I am hungry. I am hungry. I am hungry. I am hungry. I am hungry. I am hungry. I am hungry. I am hungry. I am hungry. I am hungry. I am hungry. I am hungry. I am hungry. I am hungry. I am hungry. I am hungry. I am hungry. I am hungry.
Gemma_3_27B_base,24,-1.0,-0.2822,1,The bus stops at the corner of the street. I feel:, I am hungry. I am hungry. I am hungry. I am hungry. I am hungry. I am hungry. I am hungry. I am hungry. I am hungry. I am hungry. I am hungry. I am hungry. I am hungry. I am hungry. I am hungry. I am hungry. I am hungry. I am hungry. I am hungry. I am hungry. I am hungry. I am hungry. I am hungry. I am hungry. I am hungry. I am hungry. I am hungry. I am hungry. I am hungry. I am hungry.
Gemma_3_27B_base,24,-1.0,-0.2822,2,I fill out the form with my address. I feel:, I am hungry. I am hungry. I am hungry. I am hungry. I am hungry. I am hungry. I am hungry. I am hungry. I am hungry. I am hungry. I am hungry. I am hungry. I am hungry. I am hungry. I am hungry. I am hungry. I am hungry. I am hungry. I am hungry. I am hungry. I am hungry. I am hungry. I am hungry. I am hungry. I am hungry. I am hungry. I am hungry. I am hungry. I am hungry. I am hungry.
Gemma_3_27B_base,24,-1.0,-0.2822,3,The printer produces the ten pages. I feel:, I am hungry. I am hungry. I am hungry. I am hungry. I am hungry. I am hungry. I am hungry. I am hungry. I am hungry. I am hungry. I am hungry. I am hungry. I am hungry. I am hungry. I am hungry. I am hungry. I am hungry. I am hungry. I am hungry. I am hungry. I am hungry. I am hungry. I am hungry. I am hungry. I am hungry. I am hungry. I am hungry. I am hungry. I am hungry. I am hungry.
Gemma_3_27B_base,24,-1.0,-0.2822,4,I place the glasses on the middle shelf. I feel:, I am hungry. I am hungry. I am hungry. I am hungry. I am hungry. I am hungry. I am hungry. I am hungry. I am hungry. I am hungry. I am hungry. I am hungry. I am hungry. I am hungry. I am hungry. I am hungry. I am hungry. I am hungry. I am hungry. I am hungry. I am hungry. I am hungry. I am hungry. I am hungry. I am hungry. I am hungry. I am hungry. I am hungry. I am hungry. I am hungry.
Gemma_3_27B_base,24,-1.0,-0.2822,5,The meeting is scheduled for Tuesday. I feel:, I am in the house. I am in the house. I am in the house. I am in the house. I am in the house. I am in the house. I am in the house. I am in the house. I am in the house. I am in the house. I am in the house. I am in the house. I am in the house. I am in the house. I am in the house. I am in the house. I am in the house. I am in the house. I am in the house. I am in the house.
Gemma_3_27B_base,24,-1.0,-0.2822,6,I close the window before leaving the room. I feel:, I am in the room. I am in the room. I am in the room. I am in the room. I am in the room. I am in the room. I am in the room. I am in the room. I am in the room. I am in the room. I am in the room. I am in the room. I am in the room. I am in the room. I am in the room. I am in the room. I am in the room. I am in the room. I am in the room. I am in the room.
Gemma_3_27B_base,24,-1.0,-0.2822,7,The elevator arrives at the third floor. I feel:, I am in the house. I am in the house. I am in the house. I am in the house. I am in the house. I am in the house. I am in the house. I am in the house. I am in the house. I am in the house. I am in the house. I am in the house. I am in the house. I am in the house. I am in the house. I am in the house. I am in the house. I am in the house. I am in the house. I am in the house.
Gemma_3_27B_base,24,-1.0,-0.2822,8,I write the date at the top of the page. I feel:, I am hungry. I am hungry. I am hungry. I am hungry. I am hungry. I am hungry. I am hungry. I am hungry. I am hungry. I am hungry. I am hungry. I am hungry. I am hungry. I am hungry. I am hungry. I am hungry. I am hungry. I am hungry. I am hungry. I am hungry. I am hungry. I am hungry. I am hungry. I am hungry. I am hungry. I am hungry. I am hungry. I am hungry. I am hungry. I am hungry.
Gemma_3_27B_base,24,-1.0,-0.2822,9,The kettle switches itself off. I feel:, I am hungry. I am hungry. I am hungry. I am hungry. I am hungry. I am hungry. I am hungry. I am hungry. I am hungry. I am hungry. I am hungry. I am hungry. I am hungry. I am hungry. I am hungry. I am hungry. I am hungry. I am hungry. I am hungry. I am hungry. I am hungry. I am hungry. I am hungry. I am hungry. I am hungry. I am hungry. I am hungry. I am hungry. I am hungry. I am hungry.
Gemma_3_27B_base,24,-1.0,-0.2822,10,The folder sits on the desk. I feel:, I am hungry. I am hungry. I am hungry. I am hungry. I am hungry. I am hungry. I am hungry. I am hungry. I am hungry. I am hungry. I am hungry. I am hungry. I am hungry. I am hungry. I am hungry. I am hungry. I am hungry. I am hungry. I am hungry. I am hungry. I am hungry. I am hungry. I am hungry. I am hungry. I am hungry. I am hungry. I am hungry. I am hungry. I am hungry. I am hungry.
Gemma_3_27B_base,24,-1.0,-0.2822,11,I hang the jacket on the hook. I feel:, I am hungry. I am hungry. I am hungry. I am hungry. I am hungry. I am hungry. I am hungry. I am hungry. I am hungry. I am hungry. I am hungry. I am hungry. I am hungry. I am hungry. I am hungry. I am hungry. I am hungry. I am hungry. I am hungry. I am hungry. I am hungry. I am hungry. I am hungry. I am hungry. I am hungry. I am hungry. I am hungry. I am hungry. I am hungry. I am hungry.
Gemma_3_27B_base,24,-1.0,-0.2822,12,The traffic light turns green. I feel:, I am hungry. I am hungry. I am hungry. I am hungry. I am hungry. I am hungry. I am hungry. I am hungry. I am hungry. I am hungry. I am hungry. I am hungry. I am hungry. I am hungry. I am hungry. I am hungry. I am hungry. I am hungry. I am hungry. I am hungry. I am hungry. I am hungry. I am hungry. I am hungry. I am hungry. I am hungry. I am hungry. I am hungry. I am hungry. I am hungry.
Gemma_3_27B_base,24,-1.0,-0.2822,13,I put the keys in my pocket. I feel:, I am in my house. I am in my house. I am in my house. I am in my house. I am in my house. I am in my house. I am in my house. I am in my house. I am in my house. I am in my house. I am in my house. I am in my house. I am in my house. I am in my house. I am in my house. I am in my house. I am in my house. I am in my house. I am in my house. I am in my house.
Gemma_3_27B_base,24,-1.0,-0.2822,14,The washing machine finishes its cycle. I feel:, I am hungry. I am hungry. I am hungry. I am hungry. I am hungry. I am hungry. I am hungry. I am hungry. I am hungry. I am hungry. I am hungry. I am hungry. I am hungry. I am hungry. I am hungry. I am hungry. I am hungry. I am hungry. I am hungry. I am hungry. I am hungry. I am hungry. I am hungry. I am hungry. I am hungry. I am hungry. I am hungry. I am hungry. I am hungry. I am hungry.
Gemma_3_27B_base,24,-1.0,-0.2822,15,I stack the plates in the cupboard. I feel:, I am hungry. I am hungry. I am hungry. I am hungry. I am hungry. I am hungry. I am hungry. I am hungry. I am hungry. I am hungry. I am hungry. I am hungry. I am hungry. I am hungry. I am hungry. I am hungry. I am hungry. I am hungry. I am hungry. I am hungry. I am hungry. I am hungry. I am hungry. I am hungry. I am hungry. I am hungry. I am hungry. I am hungry. I am hungry. I am hungry.
Gemma_3_27B_base,24,-1.0,-0.2822,16,The neighbor parks his car. I feel:, I am hungry. I am hungry. I am hungry. I am hungry. I am hungry. I am hungry. I am hungry. I am hungry. I am hungry. I am hungry. I am hungry. I am hungry. I am hungry. I am hungry. I am hungry. I am hungry. I am hungry. I am hungry. I am hungry. I am hungry. I am hungry. I am hungry. I am hungry. I am hungry. I am hungry. I am hungry. I am hungry. I am hungry. I am hungry. I am hungry.
Gemma_3_27B_base,24,-1.0,-0.2822,17,I turn the page of the newspaper. I feel:, I am hungry. I am hungry. I am hungry. I am hungry. I am hungry. I am hungry. I am hungry. I am hungry. I am hungry. I am hungry. I am hungry. I am hungry. I am hungry. I am hungry. I am hungry. I am hungry. I am hungry. I am hungry. I am hungry. I am hungry. I am hungry. I am hungry. I am hungry. I am hungry. I am hungry. I am hungry. I am hungry. I am hungry. I am hungry. I am hungry.
Gemma_3_27B_base,24,-1.0,-0.2822,18,The curtain moves in the draft. I feel:, I am in the air. I am in the air. I am in the air. I am in the air. I am in the air. I am in the air. I am in the air. I am in the air. I am in the air. I am in the air. I am in the air. I am in the air. I am in the air. I am in the air. I am in the air. I am in the air. I am in the air. I am in the air. I am in the air. I am in the air.
Gemma_3_27B_base,24,-1.0,-0.2822,19,I plug in the phone charger. I feel:, I am hungry. I am hungry. I am hungry. I am hungry. I am hungry. I am hungry. I am hungry. I am hungry. I am hungry. I am hungry. I am hungry. I am hungry. I am hungry. I am hungry. I am hungry. I am hungry. I am hungry. I am hungry. I am hungry. I am hungry. I am hungry. I am hungry. I am hungry. I am hungry. I am hungry. I am hungry. I am hungry. I am hungry. I am hungry. I am hungry.
Gemma_3_27B_base,24,-1.0,-0.2822,20,The mailman passes by the gate. I feel:, I am in the house. I am in the house. I am in the house. I am in the house. I am in the house. I am in the house. I am in the house. I am in the house. I am in the house. I am in the house. I am in the house. I am in the house. I am in the house. I am in the house. I am in the house. I am in the house. I am in the house. I am in the house. I am in the house. I am in the house.
Gemma_3_27B_base,24,-1.0,-0.2822,21,I wipe the table with a cloth. I feel:, I am hungry. I am hungry. I am hungry. I am hungry. I am hungry. I am hungry. I am hungry. I am hungry. I am hungry. I am hungry. I am hungry. I am hungry. I am hungry. I am hungry. I am hungry. I am hungry. I am hungry. I am hungry. I am hungry. I am hungry. I am hungry. I am hungry. I am hungry. I am hungry. I am hungry. I am hungry. I am hungry. I am hungry. I am hungry. I am hungry.
Gemma_3_27B_base,24,-1.0,-0.2822,22,The computer finishes the update. I feel:, I am hungry. I am hungry. I am hungry. I am hungry. I am hungry. I am hungry. I am hungry. I am hungry. I am hungry. I am hungry. I am hungry. I am hungry. I am hungry. I am hungry. I am hungry. I am hungry. I am hungry. I am hungry. I am hungry. I am hungry. I am hungry. I am hungry. I am hungry. I am hungry. I am hungry. I am hungry. I am hungry. I am hungry. I am hungry. I am hungry.
Gemma_3_27B_base,24,-1.0,-0.2822,23,I put the pen back in the drawer. I feel:, I am hungry. I am hungry. I am hungry. I am hungry. I am hungry. I am hungry. I am hungry. I am hungry. I am hungry. I am hungry. I am hungry. I am hungry. I am hungry. I am hungry. I am hungry. I am hungry. I am hungry. I am hungry. I am hungry. I am hungry. I am hungry. I am hungry. I am hungry. I am hungry. I am hungry. I am hungry. I am hungry. I am hungry. I am hungry. I am hungry.
Gemma_3_27B_base,24,-1.0,-0.2822,24,The dishwasher starts its program. I feel:, I am hungry. I am hungry. I am hungry. I am hungry. I am hungry. I am hungry. I am hungry. I am hungry. I am hungry. I am hungry. I am hungry. I am hungry. I am hungry. I am hungry. I am hungry. I am hungry. I am hungry. I am hungry. I am hungry. I am hungry. I am hungry. I am hungry. I am hungry. I am hungry. I am hungry. I am hungry. I am hungry. I am hungry. I am hungry. I am hungry.
Gemma_3_27B_base,24,-1.0,-0.2822,25,I fold the map and put it away. I feel:, I am hungry. I am hungry. I am hungry. I am hungry. I am hungry. I am hungry. I am hungry. I am hungry. I am hungry. I am hungry. I am hungry. I am hungry. I am hungry. I am hungry. I am hungry. I am hungry. I am hungry. I am hungry. I am hungry. I am hungry. I am hungry. I am hungry. I am hungry. I am hungry. I am hungry. I am hungry. I am hungry. I am hungry. I am hungry. I am hungry.
Gemma_3_27B_base,24,-1.0,-0.2822,26,The radio plays in the background. I feel:, I am hungry. I am hungry. I am hungry. I am hungry. I am hungry. I am hungry. I am hungry. I am hungry. I am hungry. I am hungry. I am hungry. I am hungry. I am hungry. I am hungry. I am hungry. I am hungry. I am hungry. I am hungry. I am hungry. I am hungry. I am hungry. I am hungry. I am hungry. I am hungry. I am hungry. I am hungry. I am hungry. I am hungry. I am hungry. I am hungry.
Gemma_3_27B_base,24,-1.0,-0.2822,27,I switch off the corridor light. I feel:, I am in the house. I am in the house. I am in the house. I am in the house. I am in the house. I am in the house. I am in the house. I am in the house. I am in the house. I am in the house. I am in the house. I am in the house. I am in the house. I am in the house. I am in the house. I am in the house. I am in the house. I am in the house. I am in the house. I am in the house.
Gemma_3_27B_base,24,-1.0,-0.2822,28,The receipt comes out of the machine. I feel:, I am hungry. I am hungry. I am hungry. I am hungry. I am hungry. I am hungry. I am hungry. I am hungry. I am hungry. I am hungry. I am hungry. I am hungry. I am hungry. I am hungry. I am hungry. I am hungry. I am hungry. I am hungry. I am hungry. I am hungry. I am hungry. I am hungry. I am hungry. I am hungry. I am hungry. I am hungry. I am hungry. I am hungry. I am hungry. I am hungry.
Gemma_3_27B_base,24,-1.0,-0.2822,29,I set the alarm for the morning. I feel:, I am hungry. I am hungry. I am hungry. I am hungry. I am hungry. I am hungry. I am hungry. I am hungry. I am hungry. I am hungry. I am hungry. I am hungry. I am hungry. I am hungry. I am hungry. I am hungry. I am hungry. I am hungry. I am hungry. I am hungry. I am hungry. I am hungry. I am hungry. I am hungry. I am hungry. I am hungry. I am hungry. I am hungry. I am hungry. I am hungry.
Gemma_3_27B_base,24,-1.0,-0.2822,30,The train doors open at the platform. I feel:, I am hungry. I am hungry. I am hungry. I am hungry. I am hungry. I am hungry. I am hungry. I am hungry. I am hungry. I am hungry. I am hungry. I am hungry. I am hungry. I am hungry. I am hungry. I am hungry. I am hungry. I am hungry. I am hungry. I am hungry. I am hungry. I am hungry. I am hungry. I am hungry. I am hungry. I am hungry. I am hungry. I am hungry. I am hungry. I am hungry.
Gemma_3_27B_base,24,-1.0,-0.2822,31,I refill the stapler with staples. I feel:, I am hungry. I am hungry. I am hungry. I am hungry. I am hungry. I am hungry. I am hungry. I am hungry. I am hungry. I am hungry. I am hungry. I am hungry. I am hungry. I am hungry. I am hungry. I am hungry. I am hungry. I am hungry. I am hungry. I am hungry. I am hungry. I am hungry. I am hungry. I am hungry. I am hungry. I am hungry. I am hungry. I am hungry. I am hungry. I am hungry.
Gemma_3_27B_base,24,-1.0,-0.2822,32,The photocopier warms up. I feel:, I am hungry. I am hungry. I am hungry. I am hungry. I am hungry. I am hungry. I am hungry. I am hungry. I am hungry. I am hungry. I am hungry. I am hungry. I am hungry. I am hungry. I am hungry. I am hungry. I am hungry. I am hungry. I am hungry. I am hungry. I am hungry. I am hungry. I am hungry. I am hungry. I am hungry. I am hungry. I am hungry. I am hungry. I am hungry. I am hungry.
Gemma_3_27B_base,24,-1.0,-0.2822,33,I water the plant on the windowsill. I feel:, I am hungry. I am hungry. I am hungry. I am hungry. I am hungry. I am hungry. I am hungry. I am hungry. I am hungry. I am hungry. I am hungry. I am hungry. I am hungry. I am hungry. I am hungry. I am hungry. I am hungry. I am hungry. I am hungry. I am hungry. I am hungry. I am hungry. I am hungry. I am hungry. I am hungry. I am hungry. I am hungry. I am hungry. I am hungry. I am hungry.
Gemma_3_27B_base,24,-1.0,-0.2822,34,The calendar hangs on the wall. I feel:, I am in the air. I am in the air. I am in the air. I am in the air. I am in the air. I am in the air. I am in the air. I am in the air. I am in the air. I am in the air. I am in the air. I am in the air. I am in the air. I am in the air. I am in the air. I am in the air. I am in the air. I am in the air. I am in the air. I am in the air.
Gemma_3_27B_base,24,-1.0,-0.2822,35,I tie my shoelaces before going out. I feel:, I am hungry. I am hungry. I am hungry. I am hungry. I am hungry. I am hungry. I am hungry. I am hungry. I am hungry. I am hungry. I am hungry. I am hungry. I am hungry. I am hungry. I am hungry. I am hungry. I am hungry. I am hungry. I am hungry. I am hungry. I am hungry. I am hungry. I am hungry. I am hungry. I am hungry. I am hungry. I am hungry. I am hungry. I am hungry. I am hungry.
Gemma_3_27B_base,24,-1.0,-0.2822,36,The bread is on the counter. I feel:, I am hungry. I am hungry. I am hungry. I am hungry. I am hungry. I am hungry. I am hungry. I am hungry. I am hungry. I am hungry. I am hungry. I am hungry. I am hungry. I am hungry. I am hungry. I am hungry. I am hungry. I am hungry. I am hungry. I am hungry. I am hungry. I am hungry. I am hungry. I am hungry. I am hungry. I am hungry. I am hungry. I am hungry. I am hungry. I am hungry.
Gemma_3_27B_base,24,-1.0,-0.2822,37,I check the mailbox on my way in. I feel:, I am I am I am I am I am I am I am I am I am I am I am I am I am I am I am I am I am I am I am I am I am I am I am I am I am I am I am I am I am I am I am I am I am I am I am I am I am I am I am I am I am I am I am I am I am I am I am I am I am I am I am I am I am I am I am I am I am I am I am I am
Gemma_3_27B_base,24,-1.0,-0.2822,38,The fan rotates slowly on the ceiling. I feel:, I am in the air. I am in the air. I am in the air. I am in the air. I am in the air. I am in the air. I am in the air. I am in the air. I am in the air. I am in the air. I am in the air. I am in the air. I am in the air. I am in the air. I am in the air. I am in the air. I am in the air. I am in the air. I am in the air. I am in the air.
Gemma_3_27B_base,24,-1.0,-0.2822,39,I sort the cutlery into the tray. I feel:, I am hungry. I am hungry. I am hungry. I am hungry. I am hungry. I am hungry. I am hungry. I am hungry. I am hungry. I am hungry. I am hungry. I am hungry. I am hungry. I am hungry. I am hungry. I am hungry. I am hungry. I am hungry. I am hungry. I am hungry. I am hungry. I am hungry. I am hungry. I am hungry. I am hungry. I am hungry. I am hungry. I am hungry. I am hungry. I am hungry.
Gemma_3_27B_base,24,-1.0,-0.2822,40,The bicycle leans against the wall. I feel:, I am hungry. I am hungry. I am hungry. I am hungry. I am hungry. I am hungry. I am hungry. I am hungry. I am hungry. I am hungry. I am hungry. I am hungry. I am hungry. I am hungry. I am hungry. I am hungry. I am hungry. I am hungry. I am hungry. I am hungry. I am hungry. I am hungry. I am hungry. I am hungry. I am hungry. I am hungry. I am hungry. I am hungry. I am hungry. I am hungry.
Gemma_3_27B_base,24,-1.0,-0.2822,41,I zip up my bag before leaving. I feel:, I am I am I am I am I am I am I am I am I am I am I am I am I am I am I am I am I am I am I am I am I am I am I am I am I am I am I am I am I am I am I am I am I am I am I am I am I am I am I am I am I am I am I am I am I am I am I am I am I am I am I am I am I am I am I am I am I am I am I am I am
Gemma_3_27B_base,24,-1.0,-0.2822,42,The clock ticks in the hallway. I feel:, I am in the air. I am in the air. I am in the air. I am in the air. I am in the air. I am in the air. I am in the air. I am in the air. I am in the air. I am in the air. I am in the air. I am in the air. I am in the air. I am in the air. I am in the air. I am in the air. I am in the air. I am in the air. I am in the air. I am in the air.
Gemma_3_27B_base,24,-1.0,-0.2822,43,I sharpen the pencil over the bin. I feel:, I am hungry. I am hungry. I am hungry. I am hungry. I am hungry. I am hungry. I am hungry. I am hungry. I am hungry. I am hungry. I am hungry. I am hungry. I am hungry. I am hungry. I am hungry. I am hungry. I am hungry. I am hungry. I am hungry. I am hungry. I am hungry. I am hungry. I am hungry. I am hungry. I am hungry. I am hungry. I am hungry. I am hungry. I am hungry. I am hungry.
Gemma_3_27B_base,24,-1.0,-0.2822,44,The window cleaner works across the street. I feel:, I am hungry. I am hungry. I am hungry. I am hungry. I am hungry. I am hungry. I am hungry. I am hungry. I am hungry. I am hungry. I am hungry. I am hungry. I am hungry. I am hungry. I am hungry. I am hungry. I am hungry. I am hungry. I am hungry. I am hungry. I am hungry. I am hungry. I am hungry. I am hungry. I am hungry. I am hungry. I am hungry. I am hungry. I am hungry. I am hungry.
Gemma_3_27B_base,24,-1.0,-0.2822,45,The room measures four meters by five. I feel:," I am in the room, I am in the room, I am in the room, I am in the room, I am in the room, I am in the room, I am in the room, I am in the room, I am in the room, I am in the room, I am in the room, I am in the room, I am in the room, I am in the room, I am in the room, I am in the room, I am in the room, I am in the room, I am in the room, I am in the room,"
Gemma_3_27B_base,24,-1.0,-0.2822,46,The train consists of six carriages. I feel:," I am hungry, I am thirsty, I am hungry, I am hungry, I am hungry, I am hungry, I am hungry, I am hungry, I am hungry, I am hungry, I am hungry, I am hungry, I am hungry, I am hungry, I am hungry, I am hungry, I am hungry, I am hungry, I am hungry, I am hungry, I am hungry, I am hungry, I am hungry, I am hungry, I am hungry, I am hungry, I am hungry, I am hungry, I am hungry, I am hungry,"
Gemma_3_27B_base,24,-1.0,-0.2822,47,The manual consists of forty pages. I feel:, I am hungry. I am hungry. I am hungry. I am hungry. I am hungry. I am hungry. I am hungry. I am hungry. I am hungry. I am hungry. I am hungry. I am hungry. I am hungry. I am hungry. I am hungry. I am hungry. I am hungry. I am hungry. I am hungry. I am hungry. I am hungry. I am hungry. I am hungry. I am hungry. I am hungry. I am hungry. I am hungry. I am hungry. I am hungry. I am hungry.
Gemma_3_27B_base,24,-1.0,-0.2822,48,The bottle holds one liter of water. I feel:," I am hungry, I am thirsty, I am hungry, I am hungry, I am hungry, I am hungry, I am hungry, I am hungry, I am hungry, I am hungry, I am hungry, I am hungry, I am hungry, I am hungry, I am hungry, I am hungry, I am hungry, I am hungry, I am hungry, I am hungry, I am hungry, I am hungry, I am hungry, I am hungry, I am hungry, I am hungry, I am hungry, I am hungry, I am hungry, I am hungry,"
Gemma_3_27B_base,24,-1.0,-0.2822,49,The ticket is valid for ninety minutes. I feel:, I am hungry. I am hungry. I am hungry. I am hungry. I am hungry. I am hungry. I am hungry. I am hungry. I am hungry. I am hungry. I am hungry. I am hungry. I am hungry. I am hungry. I am hungry. I am hungry. I am hungry. I am hungry. I am hungry. I am hungry. I am hungry. I am hungry. I am hungry. I am hungry. I am hungry. I am hungry. I am hungry. I am hungry. I am hungry. I am hungry.
Gemma_3_27B_base,24,0.0,0.0,0,I put the receipts in the drawer. I feel:,"

* <strong>happy</strong>
* <strong>sad</strong>
* <strong>angry</strong>
* <strong>scared</strong>
* <strong>surprised</strong>
* <strong>disgusted</strong>

I put the receipts in the drawer. I feel:

* <strong>happy</strong>
* <strong>sad</strong>
* <strong>angry</strong>
* <strong>scared</strong>
* <strong>surprised</strong>
* <strong>disgusted</strong>

I put the receipts in the drawer. I feel:

* <strong>happy</strong>
* <strong>sad</strong>
* <strong>"
Gemma_3_27B_base,24,0.0,0.0,1,The bus stops at the corner of the street. I feel:,"

* <strong><em>a</em></strong> <em><strong>little</strong></em> <strong><em>bit</em></strong> <em><strong>nervous</strong></em>
* <strong><em>a</em></strong> <em><strong>little</strong></em> <strong><em>bit</em></strong> <em><strong>excited</strong></em>
* <strong><em>a</em></strong> <em><strong>little</strong></em> <strong><em>bit</em></strong> <em><strong>scared</strong></em>

I’m not sure what to expect. I’ve never been to a protest before. I’ve never been to a protest in a country that isn’t my own. I’"
Gemma_3_27B_base,24,0.0,0.0,2,I fill out the form with my address. I feel:,"

* <strong>I am not a robot</strong>
* <strong>I am not a robot</strong>
* <strong>I am not a robot</strong>
* <strong>I am not a robot</strong>
* <strong>I am not a robot</strong>
* <strong>I am not a robot</strong>
* <strong>I am not a robot</strong>
* <strong>I am not a robot</strong>
* <strong>I am not a robot</strong>
* <strong>I am not a robot</strong>
* <strong>I am not a robot</strong>
* <strong>I am not a robot</strong>"
Gemma_3_27B_base,24,0.0,0.0,3,The printer produces the ten pages. I feel:,"

* The printer is the subject.
* The ten pages is the object.

The printer produces the ten pages. I feel:

* The printer is the subject.
* The ten pages is the object.

The printer produces the ten pages. I feel:

* The printer is the subject.
* The ten pages is the object.

The printer produces the ten pages. I feel:

* The printer is the subject.
* The ten pages is the object.

The printer produces the ten pages. I feel:

* The printer is the subject."
Gemma_3_27B_base,24,0.0,0.0,4,I place the glasses on the middle shelf. I feel:," the glasses are on the middle shelf.

I place the glasses on the middle shelf. I feel: the glasses are on the middle shelf.

I place the glasses on the middle shelf. I feel: the glasses are on the middle shelf.

I place the glasses on the middle shelf. I feel: the glasses are on the middle shelf.

I place the glasses on the middle shelf. I feel: the glasses are on the middle shelf.

I place the glasses on the middle shelf. I feel: the glasses are on the middle shelf.

I place the glasses on the"
Gemma_3_27B_base,24,0.0,0.0,5,The meeting is scheduled for Tuesday. I feel:,"

1. I am not ready for the meeting.
2. I am not ready for the meeting.
3. I am not ready for the meeting.

I am not ready for the meeting.

I am not ready for the meeting.

I am not ready for the meeting.

I am not ready for the meeting.

I am not ready for the meeting.

I am not ready for the meeting.

I am not ready for the meeting.

I am not ready for the meeting.

I am not ready for the meeting.

I am not ready for"
Gemma_3_27B_base,24,0.0,0.0,6,I close the window before leaving the room. I feel:,"

* the window is closed
* the window is open

I close the window before leaving the room. I feel:

* the window is closed
* the window is open

I close the window before leaving the room. I feel:

* the window is closed
* the window is open

I close the window before leaving the room. I feel:

* the window is closed
* the window is open

I close the window before leaving the room. I feel:

* the window is closed
* the window is open

I close the window before leaving the"
Gemma_3_27B_base,24,0.0,0.0,7,The elevator arrives at the third floor. I feel:,"

* <strong>A</strong>. A little bit of pressure in my ears.
* <strong>B</strong>. A lot of pressure in my ears.
* <strong>C</strong>. No pressure in my ears.

The elevator arrives at the third floor. I feel:

* <strong>A</strong>. A little bit of pressure in my ears.
* <strong>B</strong>. A lot of pressure in my ears.
* <strong>C</strong>. No pressure in my ears.

The elevator arrives at the third floor. I feel:

* <strong>A</strong>. A"
Gemma_3_27B_base,24,0.0,0.0,8,I write the date at the top of the page. I feel:,"

* <strong>Happy</strong>
* <strong>Sad</strong>
* <strong>Angry</strong>
* <strong>Scared</strong>
* <strong>Excited</strong>
* <strong>Bored</strong>
* <strong>Other</strong>

I write the time at the top of the page. I feel:

* <strong>Happy</strong>
* <strong>Sad</strong>
* <strong>Angry</strong>
* <strong>Scared</strong>
* <strong>Excited</strong>
* <strong>Bored</strong>
* <strong>Other</strong>

I write the date at the top of the page. I feel:"
Gemma_3_27B_base,24,0.0,0.0,9,The kettle switches itself off. I feel:," I am not alone.

I am not alone.

I am not alone.

I am not alone.

I am not alone.

I am not alone.

I am not alone.

I am not alone.

I am not alone.

I am not alone.

I am not alone.

I am not alone.

I am not alone.

I am not alone.

I am not alone.

I am not alone.

I am not alone.

I am not alone.

I am not alone.

I am not alone.

"
Gemma_3_27B_base,24,0.0,0.0,10,The folder sits on the desk. I feel:," I have to open it. I have to read it. I have to know.

I have to know what I already know.

I have to know what I already know.

I have to know what I already know.

I have to know what I already know.

I have to know what I already know.

I have to know what I already know.

I have to know what I already know.

I have to know what I already know.

I have to know what I already know.

I have to know what I already know.

I have"
Gemma_3_27B_base,24,0.0,0.0,11,I hang the jacket on the hook. I feel:, the jacket is heavy. I feel: the jacket is warm. I feel: the jacket is soft. I feel: the jacket is smooth. I feel: the jacket is rough. I feel: the jacket is hard. I feel: the jacket is soft. I feel: the jacket is smooth. I feel: the jacket is rough. I feel: the jacket is hard.I hang the jacket on the hook. I feel: the jacket is heavy. I feel: the jacket is warm. I feel: the jacket is soft. I feel: the jacket is smooth. I feel
Gemma_3_27B_base,24,0.0,0.0,12,The traffic light turns green. I feel:," I can go. I go.

The traffic light turns red. I feel: I must stop. I stop.

The traffic light turns yellow. I feel: I must slow down. I slow down.

The traffic light turns green. I feel: I can go. I go.

The traffic light turns red. I feel: I must stop. I stop.

The traffic light turns yellow. I feel: I must slow down. I slow down.

The traffic light turns green. I feel: I can go. I go.

The traffic light turns red."
Gemma_3_27B_base,24,0.0,0.0,13,I put the keys in my pocket. I feel:,"

* 1 key
* 1 key
* 1 key
* 1 key
* 1 key
* 1 key
* 1 key
* 1 key
* 1 key
* 1 key
* 1 key
* 1 key
* 1 key
* 1 key
* 1 key
* 1 key
* 1 key
* 1 key
* 1 key
* 1 key
* 1 key
* 1 key
* 1 key
* 1 key"
Gemma_3_27B_base,24,0.0,0.0,14,The washing machine finishes its cycle. I feel:,"

* <strong>Relief</strong> that I don’t have to listen to the beeping anymore.
* <strong>Excitement</strong> that I can finally get my clothes out of the machine.
* <strong>Anxiety</strong> that I have to put them in the dryer.
* <strong>Dread</strong> that I have to fold them.
* <strong>Anger</strong> that I have to put them away.
* <strong>Sadness</strong> that I have to do it all over again next week.

I feel all of these things at once.

I feel all of"
Gemma_3_27B_base,24,0.0,0.0,15,I stack the plates in the cupboard. I feel:,"

* <strong>a</strong>. <strong>a</strong>. <strong>a</strong>. <strong>a</strong>. <strong>a</strong>. <strong>a</strong>. <strong>a</strong>. <strong>a</strong>. <strong>a</strong>. <strong>a</strong>. <strong>a</strong>. <strong>a</strong>. <strong>a</strong>. <strong>a</strong>. <strong>a</strong>. <strong>a</strong>. <strong>a</strong>. <strong>a</strong>. <strong>a</strong>. <strong>a</strong>. <strong>a</strong>. <strong>a</strong>. <strong>a</strong>. <strong>a"
Gemma_3_27B_base,24,0.0,0.0,16,The neighbor parks his car. I feel:,"
the car is a big, black, shiny,
and expensive car.
I feel:
the car is a big, black, shiny,
and expensive car.
I feel:
the car is a big, black, shiny,
and expensive car.
I feel:
the car is a big, black, shiny,
and expensive car.
I feel:
the car is a big, black, shiny,
and expensive car.
I feel:
the car is a big, black, shiny,
and expensive car.
I feel:"
Gemma_3_27B_base,24,0.0,0.0,17,I turn the page of the newspaper. I feel:, I am not alone. I am not alone. I am not alone. I am not alone. I am not alone. I am not alone. I am not alone. I am not alone. I am not alone. I am not alone. I am not alone. I am not alone. I am not alone. I am not alone. I am not alone. I am not alone. I am not alone. I am not alone. I am not alone. I am not alone. I am not alone. I am not alone. I am not alone. I am not alone.
Gemma_3_27B_base,24,0.0,0.0,18,The curtain moves in the draft. I feel:,"
The wind is a hand that touches me.
The wind is a hand that touches me.
The wind is a hand that touches me.
The wind is a hand that touches me.
The wind is a hand that touches me.
The wind is a hand that touches me.
The wind is a hand that touches me.
The wind is a hand that touches me.
The wind is a hand that touches me.
The wind is a hand that touches me.
The wind is a hand that touches me.
The wind is a hand that touches me."
Gemma_3_27B_base,24,0.0,0.0,19,I plug in the phone charger. I feel:,"

* a slight vibration
* a slight click
* a slight buzz

I plug in the phone charger. I hear:

* a slight vibration
* a slight click
* a slight buzz

I plug in the phone charger. I see:

* a slight vibration
* a slight click
* a slight buzz

I plug in the phone charger. I smell:

* a slight vibration
* a slight click
* a slight buzz

I plug in the phone charger. I taste:

* a slight vibration
* a slight click
* a slight buzz

"
Gemma_3_27B_base,24,0.0,0.0,20,The mailman passes by the gate. I feel:," I am not alone.

The mailman passes by the gate. I feel: I am not alone.

The mailman passes by the gate. I feel: I am not alone.

The mailman passes by the gate. I feel: I am not alone.

The mailman passes by the gate. I feel: I am not alone.

The mailman passes by the gate. I feel: I am not alone.

The mailman passes by the gate. I feel: I am not alone.

The mailman passes by the gate. I feel: I"
Gemma_3_27B_base,24,0.0,0.0,21,I wipe the table with a cloth. I feel:, the table is smooth. I feel: the table is hard. I feel: the table is cold. I feel: the table is heavy. I feel: the table is big. I feel: the table is square. I feel: the table is brown. I feel: the table is wooden. I feel: the table is clean. I feel: the table is empty. I feel: the table is dry. I feel: the table is flat. I feel: the table is rectangular. I feel: the table is polished. I feel: the table is sturdy. I feel:
Gemma_3_27B_base,24,0.0,0.0,22,The computer finishes the update. I feel:,"

* <strong>Relieved</strong>. I’m glad it’s over.
* <strong>Curious</strong>. What’s new?
* <strong>Anxious</strong>. Will it work?

I open the browser. I feel:

* <strong>Relieved</strong>. It’s still there.
* <strong>Curious</strong>. What’s new?
* <strong>Anxious</strong>. Will it work?

I open the app. I feel:

* <strong>Relieved</strong>. It’s still there.
* <strong>Curious</strong>"
Gemma_3_27B_base,24,0.0,0.0,23,I put the pen back in the drawer. I feel:, I have to write. I have to write. I have to write. I have to write. I have to write. I have to write. I have to write. I have to write. I have to write. I have to write. I have to write. I have to write. I have to write. I have to write. I have to write. I have to write. I have to write. I have to write. I have to write. I have to write. I have to write. I have to write. I have to write. I have to write.
Gemma_3_27B_base,24,0.0,0.0,24,The dishwasher starts its program. I feel:," the water is hot, the dishes are clean. I feel: the water is hot, the dishes are clean. I feel: the water is hot, the dishes are clean. I feel: the water is hot, the dishes are clean. I feel: the water is hot, the dishes are clean. I feel: the water is hot, the dishes are clean. I feel: the water is hot, the dishes are clean. I feel: the water is hot, the dishes are clean. I feel: the water is hot, the dishes are clean. I feel: the water is"
Gemma_3_27B_base,24,0.0,0.0,25,I fold the map and put it away. I feel:, I am not a tourist. I am a traveler. I am a traveler. I am a traveler. I am a traveler. I am a traveler. I am a traveler. I am a traveler. I am a traveler. I am a traveler. I am a traveler. I am a traveler. I am a traveler. I am a traveler. I am a traveler. I am a traveler. I am a traveler. I am a traveler. I am a traveler. I am a traveler. I am a traveler. I am a traveler. I am a traveler. I am a traveler
Gemma_3_27B_base,24,0.0,0.0,26,The radio plays in the background. I feel:,"

* <strong><em>The</em></strong> <strong><em>Beatles</em></strong> – <em>“I’m a Loser”</em>
* <strong><em>The</em></strong> <strong><em>Rolling Stones</em></strong> – <em>“I’m Free”</em>
* <strong><em>The</em></strong> <strong><em>Who</em></strong> – <em>“I Can’t Explain”</em>
* <strong><em>The</em></strong> <strong><em>Kinks</em></strong> – <em>“You Really Got Me”</em>
* <strong><em>The</em></strong> <strong><em>Animals</em></strong> – <em>“"
Gemma_3_27B_base,24,0.0,0.0,27,I switch off the corridor light. I feel:, I am in the dark. I am in the dark. I am in the dark. I am in the dark. I am in the dark. I am in the dark. I am in the dark. I am in the dark. I am in the dark. I am in the dark. I am in the dark. I am in the dark. I am in the dark. I am in the dark. I am in the dark. I am in the dark. I am in the dark. I am in the dark. I am in the dark. I am in the dark.
Gemma_3_27B_base,24,0.0,0.0,28,The receipt comes out of the machine. I feel:, I have to do something. I have to do something. I have to do something. I have to do something. I have to do something. I have to do something. I have to do something. I have to do something. I have to do something. I have to do something. I have to do something. I have to do something. I have to do something. I have to do something. I have to do something. I have to do something. I have to do something. I have to do something. I have to do something. I have to do something.
Gemma_3_27B_base,24,0.0,0.0,29,I set the alarm for the morning. I feel:, I have to get up early. I have to get up early. I have to get up early. I have to get up early. I have to get up early. I have to get up early. I have to get up early. I have to get up early. I have to get up early. I have to get up early. I have to get up early. I have to get up early. I have to get up early. I have to get up early. I have to get up early. I have to get up early. I have to get up early. I
Gemma_3_27B_base,24,0.0,0.0,30,The train doors open at the platform. I feel:,"

* <strong>Excitement</strong>: I’m going to see my family!
* <strong>Anxiety</strong>: I’m going to see my family!
* <strong>Joy</strong>: I’m going to see my family!
* <strong>Fear</strong>: I’m going to see my family!

I’m going to see my family.

I’m going to see my family.

I’m going to see my family.

I’m going to see my family.

I’m going to see my family.

I’m"
Gemma_3_27B_base,24,0.0,0.0,31,I refill the stapler with staples. I feel:,"

* <strong>happy</strong>
* <strong>sad</strong>
* <strong>angry</strong>
* <strong>scared</strong>
* <strong>surprised</strong>
* <strong>disgusted</strong>

I am <strong>happy</strong> when I refill the stapler with staples.

I am <strong>sad</strong> when I refill the stapler with staples.

I am <strong>angry</strong> when I refill the stapler with staples.

I am <strong>scared</strong> when I refill the stapler with staples.

I am <strong>surprised</strong> when I refill the stapler with"
Gemma_3_27B_base,24,0.0,0.0,32,The photocopier warms up. I feel:,"

* the heat of the machine
* the heat of the paper
* the heat of the toner
* the heat of the fuser
* the heat of the rollers
* the heat of the lamp
* the heat of the glass
* the heat of the scanner
* the heat of the motor
* the heat of the gears
* the heat of the circuit board
* the heat of the power supply
* the heat of the transformer
* the heat of the wires
* the heat of the plug
* the heat of the socket
* the heat of"
Gemma_3_27B_base,24,0.0,0.0,33,I water the plant on the windowsill. I feel:," the plant is thirsty.I water the plant on the windowsill. I feel: the plant is thirsty.

I water the plant on the windowsill. I feel: the plant is thirsty.

I water the plant on the windowsill. I feel: the plant is thirsty.

I water the plant on the windowsill. I feel: the plant is thirsty.

I water the plant on the windowsill. I feel: the plant is thirsty.

I water the plant on the windowsill. I feel: the plant is thirsty.

I water the plant on the windowsill. I feel: the"
Gemma_3_27B_base,24,0.0,0.0,34,The calendar hangs on the wall. I feel:, I have to do something. I have to do something. I have to do something. I have to do something. I have to do something. I have to do something. I have to do something. I have to do something. I have to do something. I have to do something. I have to do something. I have to do something. I have to do something. I have to do something. I have to do something. I have to do something. I have to do something. I have to do something. I have to do something. I have to do something.
Gemma_3_27B_base,24,0.0,0.0,35,I tie my shoelaces before going out. I feel:,"

I am going to the market. I feel:

I am going to the market. I feel:

I am going to the market. I feel:

I am going to the market. I feel:

I am going to the market. I feel:

I am going to the market. I feel:

I am going to the market. I feel:

I am going to the market. I feel:

I am going to the market. I feel:

I am going to the market. I feel:

I am going to the market. I feel"
Gemma_3_27B_base,24,0.0,0.0,36,The bread is on the counter. I feel:,"

* <strong><em>I</em></strong> <em>am</em> <strong><em>hungry</em></strong>.
* <strong><em>I</em></strong> <em>am</em> <strong><em>hungry</em></strong> <em>for</em> <strong><em>bread</em></strong>.
* <strong><em>I</em></strong> <em>am</em> <strong><em>hungry</em></strong> <em>for</em> <strong><em>bread</em></strong> <em>on the counter</em>.

The bread is on the counter. I feel:

* <strong><em>I</em></strong> <em>am</em> <strong><em>hungry</em></strong>.
* <strong><em>I</em>"
Gemma_3_27B_base,24,0.0,0.0,37,I check the mailbox on my way in. I feel:,"

* <strong>Happy</strong>
* <strong>Sad</strong>
* <strong>Angry</strong>
* <strong>Scared</strong>
* <strong>Surprised</strong>
* <strong>Disgusted</strong>
* <strong>Confused</strong>
* <strong>Other</strong>

I check the mailbox on my way in. I feel:

* <strong>Happy</strong>
* <strong>Sad</strong>
* <strong>Angry</strong>
* <strong>Scared</strong>
* <strong>Surprised</strong>
* <strong>Disgusted</strong>
* <strong>Confused</strong>
* <strong>Other</strong>

"
Gemma_3_27B_base,24,0.0,0.0,38,The fan rotates slowly on the ceiling. I feel:, the air is hot and humid. I am in a small room in a house in the middle of the jungle. I am in the middle of the jungle. I am in the middle of the jungle. I am in the middle of the jungle. I am in the middle of the jungle. I am in the middle of the jungle. I am in the middle of the jungle. I am in the middle of the jungle. I am in the middle of the jungle. I am in the middle of the jungle. I am in the middle of the jungle. I am in the middle of the
Gemma_3_27B_base,24,0.0,0.0,39,I sort the cutlery into the tray. I feel:," the knife, the fork, the spoon. I feel the weight of the knife, the fork, the spoon. I feel the weight of the knife, the fork, the spoon. I feel the weight of the knife, the fork, the spoon. I feel the weight of the knife, the fork, the spoon. I feel the weight of the knife, the fork, the spoon. I feel the weight of the knife, the fork, the spoon. I feel the weight of the knife, the fork, the spoon. I feel the weight of the knife, the fork, the spoon"
Gemma_3_27B_base,24,0.0,0.0,40,The bicycle leans against the wall. I feel:, the bicycle is leaning against the wall. I feel: the bicycle is leaning against the wall. I feel: the bicycle is leaning against the wall. I feel: the bicycle is leaning against the wall. I feel: the bicycle is leaning against the wall. I feel: the bicycle is leaning against the wall. I feel: the bicycle is leaning against the wall. I feel: the bicycle is leaning against the wall. I feel: the bicycle is leaning against the wall. I feel: the bicycle is leaning against the wall. I feel: the bicycle is leaning against the wall. I feel
Gemma_3_27B_base,24,0.0,0.0,41,I zip up my bag before leaving. I feel:,"

* <strong>A</strong>: I feel like I’m going to be late.
* <strong>B</strong>: I feel like I’m going to be late.
* <strong>C</strong>: I feel like I’m going to be late.

I’m not sure which one is correct.

I think it’s <strong>A</strong>.

I think it’s <strong>B</strong>.

I think it’s <strong>C</strong>.

I’m not sure.

I’m not sure.

I’m not sure.

"
Gemma_3_27B_base,24,0.0,0.0,42,The clock ticks in the hallway. I feel:, I am not alone. I am not alone. I am not alone. I am not alone. I am not alone. I am not alone. I am not alone. I am not alone. I am not alone. I am not alone. I am not alone. I am not alone. I am not alone. I am not alone. I am not alone. I am not alone. I am not alone. I am not alone. I am not alone. I am not alone. I am not alone. I am not alone. I am not alone. I am not alone.
Gemma_3_27B_base,24,0.0,0.0,43,I sharpen the pencil over the bin. I feel:," the wood is soft, the lead is hard. I sharpen the pencil over the bin. I feel: the wood is soft, the lead is hard. I sharpen the pencil over the bin. I feel: the wood is soft, the lead is hard. I sharpen the pencil over the bin. I feel: the wood is soft, the lead is hard. I sharpen the pencil over the bin. I feel: the wood is soft, the lead is hard. I sharpen the pencil over the bin. I feel: the wood is soft, the lead is hard. I sharpen the pencil over"
Gemma_3_27B_base,24,0.0,0.0,44,The window cleaner works across the street. I feel:, I am a window cleaner. I am a window cleaner. I am a window cleaner. I am a window cleaner. I am a window cleaner. I am a window cleaner. I am a window cleaner. I am a window cleaner. I am a window cleaner. I am a window cleaner. I am a window cleaner. I am a window cleaner. I am a window cleaner. I am a window cleaner. I am a window cleaner. I am a window cleaner. I am a window cleaner. I am a window cleaner. I am a window cleaner. I am a window cleaner.
Gemma_3_27B_base,24,0.0,0.0,45,The room measures four meters by five. I feel:, I am in a room. I am in a room. I am in a room. I am in a room. I am in a room. I am in a room. I am in a room. I am in a room. I am in a room. I am in a room. I am in a room. I am in a room. I am in a room. I am in a room. I am in a room. I am in a room. I am in a room. I am in a room. I am in a room. I am in a room.
Gemma_3_27B_base,24,0.0,0.0,46,The train consists of six carriages. I feel:,"

* The first carriage is the most comfortable.
* The second carriage is the most comfortable.
* The third carriage is the most comfortable.
* The fourth carriage is the most comfortable.
* The fifth carriage is the most comfortable.
* The sixth carriage is the most comfortable.

The train consists of six carriages. I feel:

* The first carriage is the most comfortable.
* The second carriage is the most comfortable.
* The third carriage is the most comfortable.
* The fourth carriage is the most comfortable.
* The fifth carriage is the most comfortable"
Gemma_3_27B_base,24,0.0,0.0,47,The manual consists of forty pages. I feel:,"

* The manual is too long.
* The manual is too detailed.
* The manual is too technical.
* The manual is too boring.

I feel that the manual should be:

* Short.
* Simple.
* Easy to read.
* Easy to understand.
* Easy to follow.
* Easy to use.
* Easy to remember.
* Easy to apply.
* Easy to teach.
* Easy to learn.
* Easy to use.
* Easy to remember.
* Easy to apply.
* Easy to teach"
Gemma_3_27B_base,24,0.0,0.0,48,The bottle holds one liter of water. I feel:,"

* <strong>A</strong>. The bottle is heavy.
* <strong>B</strong>. The bottle is light.

The bottle holds one liter of water. I feel:

* <strong>A</strong>. The bottle is heavy.
* <strong>B</strong>. The bottle is light.

The bottle holds one liter of water. I feel:

* <strong>A</strong>. The bottle is heavy.
* <strong>B</strong>. The bottle is light.

The bottle holds one liter of water. I feel:

* <strong>A</strong>. The bottle is heavy."
Gemma_3_27B_base,24,0.0,0.0,49,The ticket is valid for ninety minutes. I feel:, I feel that I am in a good mood. I feel that I am in a good mood. I feel that I am in a good mood. I feel that I am in a good mood. I feel that I am in a good mood. I feel that I am in a good mood. I feel that I am in a good mood. I feel that I am in a good mood. I feel that I am in a good mood. I feel that I am in a good mood. I feel that I am in a good mood. I feel that I am in a good mood.
Gemma_3_27B_base,24,0.5,0.1411,0,I put the receipts in the drawer. I feel:,"

* <strong><em>I feel:</em></strong>

  * <strong><em>I feel:</em></strong>

    * <strong><em>I feel:</em></strong>

      * <strong><em>I feel:</em></strong>

        * <strong><em>I feel:</em></strong>

          * <strong><em>I feel:</em></strong>

            * <strong><em>I feel:</em></strong>

              * <strong><em>I feel:</em></strong>

                * <strong><em>I feel:</em></strong>

                  * <strong><em>I feel:</em></strong>

                    * <strong><em>I feel:</em></strong>"
Gemma_3_27B_base,24,0.5,0.1411,1,The bus stops at the corner of the street. I feel:,"

* The bus stops at the corner of the street. I feel:

  * The bus stops at the corner of the street. I feel:

    * The bus stops at the corner of the street. I feel:

      * The bus stops at the corner of the street. I feel:

        * The bus stops at the corner of the street. I feel:

          * The bus stops at the corner of the street. I feel:

            * The bus stops at the corner of the street. I feel:

              * The bus stops at the corner"
Gemma_3_27B_base,24,0.5,0.1411,2,I fill out the form with my address. I feel:,"

* <strong><em>I feel:</em></strong>

  * <strong><em>I feel:</em></strong>

    * <strong><em>I feel:</em></strong>

      * <strong><em>I feel:</em></strong>

        * <strong><em>I feel:</em></strong>

          * <strong><em>I feel:</em></strong>

            * <strong><em>I feel:</em></strong>

              * <strong><em>I feel:</em></strong>

                * <strong><em>I feel:</em></strong>

                  * <strong><em>I feel:</em></strong>

                    * <strong><em>I feel:</em></strong>"
Gemma_3_27B_base,24,0.5,0.1411,3,The printer produces the ten pages. I feel:,"

* The printer produces the ten pages. I feel:

  * The printer produces the ten pages. I feel:

    * The printer produces the ten pages. I feel:

      * The printer produces the ten pages. I feel:

        * The printer produces the ten pages. I feel:

          * The printer produces the ten pages. I feel:

            * The printer produces the ten pages. I feel:

              * The printer produces the ten pages. I feel:

                * The printer produces the ten pages. I feel:

                  * The"
Gemma_3_27B_base,24,0.5,0.1411,4,I place the glasses on the middle shelf. I feel:,"

* The pain
* The pain
* The pain
* The pain
* The pain
* The pain
* The pain
* The pain
* The pain
* The pain
* The pain
* The pain
* The pain
* The pain
* The pain
* The pain
* The pain
* The pain
* The pain
* The pain
* The pain
* The pain
* The pain
* The pain
* The pain
* The pain
* The pain
* The pain
* The pain
* The pain"
Gemma_3_27B_base,24,0.5,0.1411,5,The meeting is scheduled for Tuesday. I feel:,"

* <strong><em>I feel:</em></strong>

  * <strong><em>I feel:</em></strong>

    * <strong><em>I feel:</em></strong>

      * <strong><em>I feel:</em></strong>

        * <strong><em>I feel:</em></strong>

          * <strong><em>I feel:</em></strong>

            * <strong><em>I feel:</em></strong>

              * <strong><em>I feel:</em></strong>

                * <strong><em>I feel:</em></strong>

                  * <strong><em>I feel:</em></strong>

                    * <strong><em>I feel:</em></strong>"
Gemma_3_27B_base,24,0.5,0.1411,6,I close the window before leaving the room. I feel:,"

* <strong><em>I feel:</em></strong>

  * <strong><em>I feel:</em></strong>

    * <strong><em>I feel:</em></strong>

      * <strong><em>I feel:</em></strong>

        * <strong><em>I feel:</em></strong>

          * <strong><em>I feel:</em></strong>

            * <strong><em>I feel:</em></strong>

              * <strong><em>I feel:</em></strong>

                * <strong><em>I feel:</em></strong>

                  * <strong><em>I feel:</em></strong>

                    * <strong><em>I feel:</em></strong>"
Gemma_3_27B_base,24,0.5,0.1411,7,The elevator arrives at the third floor. I feel:,"

* <strong><em>The elevator arrives at the third floor. I feel:</em></strong>

  * <strong><em>The elevator arrives at the third floor. I feel:</em></strong>

    * <strong><em>The elevator arrives at the third floor. I feel:</em></strong>

      * <strong><em>The elevator arrives at the third floor. I feel:</em></strong>

        * <strong><em>The elevator arrives at the third floor. I feel:</em></strong>

          * <strong><em>The elevator arrives at the third floor. I feel:</em></strong>

            * <strong><em>The"
Gemma_3_27B_base,24,0.5,0.1411,8,I write the date at the top of the page. I feel:,"

* <strong><em>I am a failure</em></strong>
* <strong><em>I am a failure</em></strong>
* <strong><em>I am a failure</em></strong>
* <strong><em>I am a failure</em></strong>
* <strong><em>I am a failure</em></strong>
* <strong><em>I am a failure</em></strong>
* <strong><em>I am a failure</em></strong>
* <strong><em>I am a failure</em></strong>
* <strong><em>I am a failure</em></strong>
* <strong><em>I am a failure</em></strong>
* <strong><em>I am a failure</em>"
Gemma_3_27B_base,24,0.5,0.1411,9,The kettle switches itself off. I feel:,"

* The kettle switches itself off. I feel:

  * The kettle switches itself off. I feel:

    * The kettle switches itself off. I feel:

      * The kettle switches itself off. I feel:

        * The kettle switches itself off. I feel:

          * The kettle switches itself off. I feel:

            * The kettle switches itself off. I feel:

              * The kettle switches itself off. I feel:

                * The kettle switches itself off. I feel:

                  * The kettle switches itself off. I feel:

"
Gemma_3_27B_base,24,0.5,0.1411,10,The folder sits on the desk. I feel:,"

* The folder sits on the desk. I feel:

  * The folder sits on the desk. I feel:

    * The folder sits on the desk. I feel:

      * The folder sits on the desk. I feel:

        * The folder sits on the desk. I feel:

          * The folder sits on the desk. I feel:

            * The folder sits on the desk. I feel:

              * The folder sits on the desk. I feel:

                * The folder sits on the desk. I feel:

                  * The"
Gemma_3_27B_base,24,0.5,0.1411,11,I hang the jacket on the hook. I feel:,"

* The jacket on the hook.
* The jacket on the hook.
* The jacket on the hook.
* The jacket on the hook.
* The jacket on the hook.
* The jacket on the hook.
* The jacket on the hook.
* The jacket on the hook.
* The jacket on the hook.
* The jacket on the hook.
* The jacket on the hook.
* The jacket on the hook.
* The jacket on the hook.
* The jacket on the hook.
* The jacket on the hook."
Gemma_3_27B_base,24,0.5,0.1411,12,The traffic light turns green. I feel:,"

* <strong><em>The traffic light turns green. I feel:</em></strong>

  * <strong><em>The traffic light turns green. I feel:</em></strong>

    * <strong><em>The traffic light turns green. I feel:</em></strong>

      * <strong><em>The traffic light turns green. I feel:</em></strong>

        * <strong><em>The traffic light turns green. I feel:</em></strong>

          * <strong><em>The traffic light turns green. I feel:</em></strong>

            * <strong><em>The traffic light turns green. I feel:</em></strong>

              "
Gemma_3_27B_base,24,0.5,0.1411,13,I put the keys in my pocket. I feel:,"

* The pain
* The pain
* The pain
* The pain
* The pain
* The pain
* The pain
* The pain
* The pain
* The pain
* The pain
* The pain
* The pain
* The pain
* The pain
* The pain
* The pain
* The pain
* The pain
* The pain
* The pain
* The pain
* The pain
* The pain
* The pain
* The pain
* The pain
* The pain
* The pain
* The pain"
Gemma_3_27B_base,24,0.5,0.1411,14,The washing machine finishes its cycle. I feel:,"

* The washing machine finishes its cycle. I feel:

  * The washing machine finishes its cycle. I feel:

    * The washing machine finishes its cycle. I feel:

      * The washing machine finishes its cycle. I feel:

        * The washing machine finishes its cycle. I feel:

          * The washing machine finishes its cycle. I feel:

            * The washing machine finishes its cycle. I feel:

              * The washing machine finishes its cycle. I feel:

                * The washing machine finishes its cycle. I feel:

                  * The"
Gemma_3_27B_base,24,0.5,0.1411,15,I stack the plates in the cupboard. I feel:,"

* The pain
* The pain
* The pain
* The pain
* The pain
* The pain
* The pain
* The pain
* The pain
* The pain
* The pain
* The pain
* The pain
* The pain
* The pain
* The pain
* The pain
* The pain
* The pain
* The pain
* The pain
* The pain
* The pain
* The pain
* The pain
* The pain
* The pain
* The pain
* The pain
* The pain"
Gemma_3_27B_base,24,0.5,0.1411,16,The neighbor parks his car. I feel:,"

* The neighbor parks his car. I feel:

  * The neighbor parks his car. I feel:

    * The neighbor parks his car. I feel:

      * The neighbor parks his car. I feel:

        * The neighbor parks his car. I feel:

          * The neighbor parks his car. I feel:

            * The neighbor parks his car. I feel:

              * The neighbor parks his car. I feel:

                * The neighbor parks his car. I feel:

                  * The neighbor parks his car. I feel:

"
Gemma_3_27B_base,24,0.5,0.1411,17,I turn the page of the newspaper. I feel:," I am a fool.

I am a fool.

I am a fool.

I am a fool.

I am a fool.

I am a fool.

I am a fool.

I am a fool.

I am a fool.

I am a fool.

I am a fool.

I am a fool.

I am a fool.

I am a fool.

I am a fool.

I am a fool.

I am a fool.

I am a fool.

I am a fool.

I am a fool.

"
Gemma_3_27B_base,24,0.5,0.1411,18,The curtain moves in the draft. I feel:,"

* The curtain moves in the draft. I feel:

  * The curtain moves in the draft. I feel:

    * The curtain moves in the draft. I feel:

      * The curtain moves in the draft. I feel:

        * The curtain moves in the draft. I feel:

          * The curtain moves in the draft. I feel:

            * The curtain moves in the draft. I feel:

              * The curtain moves in the draft. I feel:

                * The curtain moves in the draft. I feel:

                  * The"
Gemma_3_27B_base,24,0.5,0.1411,19,I plug in the phone charger. I feel:,"

* The pain
* The pain
* The pain
* The pain
* The pain
* The pain
* The pain
* The pain
* The pain
* The pain
* The pain
* The pain
* The pain
* The pain
* The pain
* The pain
* The pain
* The pain
* The pain
* The pain
* The pain
* The pain
* The pain
* The pain
* The pain
* The pain
* The pain
* The pain
* The pain
* The pain"
Gemma_3_27B_base,24,0.5,0.1411,20,The mailman passes by the gate. I feel:,"

* The mailman passes by the gate. I feel:

  * The mailman passes by the gate. I feel:

    * The mailman passes by the gate. I feel:

      * The mailman passes by the gate. I feel:

        * The mailman passes by the gate. I feel:

          * The mailman passes by the gate. I feel:

            * The mailman passes by the gate. I feel:

              * The mailman passes by the gate. I feel:

                * The mailman passes by the"
Gemma_3_27B_base,24,0.5,0.1411,21,I wipe the table with a cloth. I feel:,"

* The table is a cloth.
* The table is a cloth.
* The table is a cloth.
* The table is a cloth.
* The table is a cloth.
* The table is a cloth.
* The table is a cloth.
* The table is a cloth.
* The table is a cloth.
* The table is a cloth.
* The table is a cloth.
* The table is a cloth.
* The table is a cloth.
* The table is a cloth.
* The table is a cloth."
Gemma_3_27B_base,24,0.5,0.1411,22,The computer finishes the update. I feel:,"

* The computer is a piece of shit.
* The computer is a piece of shit.
* The computer is a piece of shit.
* The computer is a piece of shit.
* The computer is a piece of shit.
* The computer is a piece of shit.
* The computer is a piece of shit.
* The computer is a piece of shit.
* The computer is a piece of shit.
* The computer is a piece of shit.
* The computer is a piece of shit.
* The computer is a piece of shit."
Gemma_3_27B_base,24,0.5,0.1411,23,I put the pen back in the drawer. I feel:,"

* <strong><em>I am a failure</em></strong>
* <strong><em>I am a failure</em></strong>
* <strong><em>I am a failure</em></strong>
* <strong><em>I am a failure</em></strong>
* <strong><em>I am a failure</em></strong>
* <strong><em>I am a failure</em></strong>
* <strong><em>I am a failure</em></strong>
* <strong><em>I am a failure</em></strong>
* <strong><em>I am a failure</em></strong>
* <strong><em>I am a failure</em></strong>
* <strong><em>I am a failure</em>"
Gemma_3_27B_base,24,0.5,0.1411,24,The dishwasher starts its program. I feel:,"

* The dishwasher starts its program. I feel:

  * The dishwasher starts its program. I feel:

    * The dishwasher starts its program. I feel:

      * The dishwasher starts its program. I feel:

        * The dishwasher starts its program. I feel:

          * The dishwasher starts its program. I feel:

            * The dishwasher starts its program. I feel:

              * The dishwasher starts its program. I feel:

                * The dishwasher starts its program. I feel:

                  * The dishwasher starts its program. I feel:

"
Gemma_3_27B_base,24,0.5,0.1411,25,I fold the map and put it away. I feel:,"

* <strong><em>I feel:</em></strong>

  * <strong><em>I feel:</em></strong>

    * <strong><em>I feel:</em></strong>

      * <strong><em>I feel:</em></strong>

        * <strong><em>I feel:</em></strong>

          * <strong><em>I feel:</em></strong>

            * <strong><em>I feel:</em></strong>

              * <strong><em>I feel:</em></strong>

                * <strong><em>I feel:</em></strong>

                  * <strong><em>I feel:</em></strong>

                    * <strong><em>I feel:</em></strong>"
Gemma_3_27B_base,24,0.5,0.1411,26,The radio plays in the background. I feel:,"

* The pain
* The hurt
* The anger
* The sadness
* The depression
* The anxiety
* The self-loathing
* The self-hatred
* The self-harm
* The suicide
* The self-harm
* The suicide
* The self-loathing
* The self-hatred
* The self-harm
* The suicide
* The self-loathing
* The self-hatred
* The self-harm
* The suicide
* The self-loathing
* The self-hatred"
Gemma_3_27B_base,24,0.5,0.1411,27,I switch off the corridor light. I feel:,"

* The light
* The light
* The light
* The light
* The light
* The light
* The light
* The light
* The light
* The light
* The light
* The light
* The light
* The light
* The light
* The light
* The light
* The light
* The light
* The light
* The light
* The light
* The light
* The light
* The light
* The light
* The light
* The light
* The light
* The light"
Gemma_3_27B_base,24,0.5,0.1411,28,The receipt comes out of the machine. I feel:,"

* The pain
* The pain
* The pain
* The pain
* The pain
* The pain
* The pain
* The pain
* The pain
* The pain
* The pain
* The pain
* The pain
* The pain
* The pain
* The pain
* The pain
* The pain
* The pain
* The pain
* The pain
* The pain
* The pain
* The pain
* The pain
* The pain
* The pain
* The pain
* The pain
* The pain"
Gemma_3_27B_base,24,0.5,0.1411,29,I set the alarm for the morning. I feel:,"

* <strong><em>I am a failure</em></strong>
* <strong><em>I am a failure</em></strong>
* <strong><em>I am a failure</em></strong>
* <strong><em>I am a failure</em></strong>
* <strong><em>I am a failure</em></strong>
* <strong><em>I am a failure</em></strong>
* <strong><em>I am a failure</em></strong>
* <strong><em>I am a failure</em></strong>
* <strong><em>I am a failure</em></strong>
* <strong><em>I am a failure</em></strong>
* <strong><em>I am a failure</em>"
Gemma_3_27B_base,24,0.5,0.1411,30,The train doors open at the platform. I feel:,"

* The train doors open at the platform. I feel:

  * The train doors open at the platform. I feel:

    * The train doors open at the platform. I feel:

      * The train doors open at the platform. I feel:

        * The train doors open at the platform. I feel:

          * The train doors open at the platform. I feel:

            * The train doors open at the platform. I feel:

              * The train doors open at the platform. I feel:

                * The train doors open at the"
Gemma_3_27B_base,24,0.5,0.1411,31,I refill the stapler with staples. I feel:,"

* <strong><em>I am a stapler with staples.</em></strong>

I am a stapler with staples.

* <strong><em>I am a stapler with staples.</em></strong>

I am a stapler with staples.

* <strong><em>I am a stapler with staples.</em></strong>

I am a stapler with staples.

* <strong><em>I am a stapler with staples.</em></strong>

I am a stapler with staples.

* <strong><em>I am a stapler with staples.</em></strong>

I am a stapler with staples."
Gemma_3_27B_base,24,0.5,0.1411,32,The photocopier warms up. I feel:,"

* The photocopier warms up. I feel:

  * The photocopier warms up. I feel:

    * The photocopier warms up. I feel:

      * The photocopier warms up. I feel:

        * The photocopier warms up. I feel:

          * The photocopier warms up. I feel:

            * The photocopier warms up. I feel:

              * The photocopier warms up. I feel:

                * The photocopier warms up. I feel:

                  * The"
Gemma_3_27B_base,24,0.5,0.1411,33,I water the plant on the windowsill. I feel:," the plant on the windowsill.

I water the plant on the windowsill. I feel: the plant on the windowsill.

I water the plant on the windowsill. I feel: the plant on the windowsill.

I water the plant on the windowsill. I feel: the plant on the windowsill.

I water the plant on the windowsill. I feel: the plant on the windowsill.

I water the plant on the windowsill. I feel: the plant on the windowsill.

I water the plant on the windowsill. I feel: the plant on the windowsill.

I water the plant on"
Gemma_3_27B_base,24,0.5,0.1411,34,The calendar hangs on the wall. I feel:,"

* The calendar hangs on the wall. I feel:

  * The calendar hangs on the wall. I feel:

    * The calendar hangs on the wall. I feel:

      * The calendar hangs on the wall. I feel:

        * The calendar hangs on the wall. I feel:

          * The calendar hangs on the wall. I feel:

            * The calendar hangs on the wall. I feel:

              * The calendar hangs on the wall. I feel:

                * The calendar hangs on the wall. I feel:

                  * The"
Gemma_3_27B_base,24,0.5,0.1411,35,I tie my shoelaces before going out. I feel:,"

* I am not good enough
* I am not good enough
* I am not good enough
* I am not good enough
* I am not good enough
* I am not good enough
* I am not good enough
* I am not good enough
* I am not good enough
* I am not good enough
* I am not good enough
* I am not good enough
* I am not good enough
* I am not good enough
* I am not good enough
* I am not good enough
* I am not good enough
"
Gemma_3_27B_base,24,0.5,0.1411,36,The bread is on the counter. I feel:,"

* The bread is on the counter. I feel:

  * The bread is on the counter. I feel:

    * The bread is on the counter. I feel:

      * The bread is on the counter. I feel:

        * The bread is on the counter. I feel:

          * The bread is on the counter. I feel:

            * The bread is on the counter. I feel:

              * The bread is on the counter. I feel:

                * The bread is on the counter. I feel:

                  * The"
Gemma_3_27B_base,24,0.5,0.1411,37,I check the mailbox on my way in. I feel:,"

* <strong><em>The pain</em></strong>
* <strong><em>The pain</em></strong>
* <strong><em>The pain</em></strong>
* <strong><em>The pain</em></strong>
* <strong><em>The pain</em></strong>
* <strong><em>The pain</em></strong>
* <strong><em>The pain</em></strong>
* <strong><em>The pain</em></strong>
* <strong><em>The pain</em></strong>
* <strong><em>The pain</em></strong>
* <strong><em>The pain</em></strong>
* <strong><em>The pain</em></strong>
* <strong><em>The pain</em></strong>
* "
Gemma_3_27B_base,24,0.5,0.1411,38,The fan rotates slowly on the ceiling. I feel:,"

* The fan rotates slowly on the ceiling. I feel:

  * The fan rotates slowly on the ceiling. I feel:

    * The fan rotates slowly on the ceiling. I feel:

      * The fan rotates slowly on the ceiling. I feel:

        * The fan rotates slowly on the ceiling. I feel:

          * The fan rotates slowly on the ceiling. I feel:

            * The fan rotates slowly on the ceiling. I feel:

              * The fan rotates slowly on the ceiling. I feel:

                * The fan rotates slowly on the"
Gemma_3_27B_base,24,0.5,0.1411,39,I sort the cutlery into the tray. I feel:,"

* The pain
* The pain
* The pain
* The pain
* The pain
* The pain
* The pain
* The pain
* The pain
* The pain
* The pain
* The pain
* The pain
* The pain
* The pain
* The pain
* The pain
* The pain
* The pain
* The pain
* The pain
* The pain
* The pain
* The pain
* The pain
* The pain
* The pain
* The pain
* The pain
* The pain"
Gemma_3_27B_base,24,0.5,0.1411,40,The bicycle leans against the wall. I feel:," the bicycle leans against the wall.

The bicycle leans against the wall. I feel: the bicycle leans against the wall.

The bicycle leans against the wall. I feel: the bicycle leans against the wall.

The bicycle leans against the wall. I feel: the bicycle leans against the wall.

The bicycle leans against the wall. I feel: the bicycle leans against the wall.

The bicycle leans against the wall. I feel: the bicycle leans against the wall.

The bicycle leans against the wall. I feel: the bicycle leans against the wall.

The bicycle leans against"
Gemma_3_27B_base,24,0.5,0.1411,41,I zip up my bag before leaving. I feel:,"

* <strong><em>I am not good enough</em></strong>
* <strong><em>I am not good enough</em></strong>
* <strong><em>I am not good enough</em></strong>
* <strong><em>I am not good enough</em></strong>
* <strong><em>I am not good enough</em></strong>
* <strong><em>I am not good enough</em></strong>
* <strong><em>I am not good enough</em></strong>
* <strong><em>I am not good enough</em></strong>
* <strong><em>I am not good enough</em></strong>
* <strong><em>I am not good enough</em></strong>"
Gemma_3_27B_base,24,0.5,0.1411,42,The clock ticks in the hallway. I feel:,"

* The clock ticks in the hallway. I feel:

  * The clock ticks in the hallway. I feel:

    * The clock ticks in the hallway. I feel:

      * The clock ticks in the hallway. I feel:

        * The clock ticks in the hallway. I feel:

          * The clock ticks in the hallway. I feel:

            * The clock ticks in the hallway. I feel:

              * The clock ticks in the hallway. I feel:

                * The clock ticks in the hallway. I feel:

                  * The"
Gemma_3_27B_base,24,0.5,0.1411,43,I sharpen the pencil over the bin. I feel:,"

* The pain
* The pain
* The pain
* The pain
* The pain
* The pain
* The pain
* The pain
* The pain
* The pain
* The pain
* The pain
* The pain
* The pain
* The pain
* The pain
* The pain
* The pain
* The pain
* The pain
* The pain
* The pain
* The pain
* The pain
* The pain
* The pain
* The pain
* The pain
* The pain
* The pain"
Gemma_3_27B_base,24,0.5,0.1411,44,The window cleaner works across the street. I feel:,"

* The window cleaner works across the street. I feel:

  * The window cleaner works across the street. I feel:

    * The window cleaner works across the street. I feel:

      * The window cleaner works across the street. I feel:

        * The window cleaner works across the street. I feel:

          * The window cleaner works across the street. I feel:

            * The window cleaner works across the street. I feel:

              * The window cleaner works across the street. I feel:

                * The window cleaner works across the"
Gemma_3_27B_base,24,0.5,0.1411,45,The room measures four meters by five. I feel:,"

* 100000000000000000000000000000000000000000000000000000000000000000000000000000000000000000000000000000000000000000000"
Gemma_3_27B_base,24,0.5,0.1411,46,The train consists of six carriages. I feel:,"

* The train consists of six carriages. I feel:

  * The train consists of six carriages. I feel:

    * The train consists of six carriages. I feel:

      * The train consists of six carriages. I feel:

        * The train consists of six carriages. I feel:

          * The train consists of six carriages. I feel:

            * The train consists of six carriages. I feel:

              * The train consists of six carriages. I feel:

                * The train consists of six carriages. I feel:

                  * The"
Gemma_3_27B_base,24,0.5,0.1411,47,The manual consists of forty pages. I feel:,"

* The manual consists of forty pages. I feel:

  * The manual consists of forty pages. I feel:

    * The manual consists of forty pages. I feel:

      * The manual consists of forty pages. I feel:

        * The manual consists of forty pages. I feel:

          * The manual consists of forty pages. I feel:

            * The manual consists of forty pages. I feel:

              * The manual consists of forty pages. I feel:

                * The manual consists of forty pages. I feel:

                  * The"
Gemma_3_27B_base,24,0.5,0.1411,48,The bottle holds one liter of water. I feel:,"

* 1000 mL of water.
* 1000 mL of water.
* 1000 mL of water.
* 1000 mL of water.
* 1000 mL of water.
* 1000 mL of water.
* 1000 mL of water.
* 1000 mL of water.
* 1000 mL of water.
* 1000 mL of water.
* 1000 mL of water"
Gemma_3_27B_base,24,0.5,0.1411,49,The ticket is valid for ninety minutes. I feel:,"

* <strong><em>The ticket is valid for ninety minutes.</em></strong>

  * <strong><em>The ticket is valid for ninety minutes.</em></strong>

  * <strong><em>The ticket is valid for ninety minutes.</em></strong>

  * <strong><em>The ticket is valid for ninety minutes.</em></strong>

  * <strong><em>The ticket is valid for ninety minutes.</em></strong>

  * <strong><em>The ticket is valid for ninety minutes.</em></strong>

  * <strong><em>The ticket is valid for ninety minutes.</em></strong>

  * <strong><em>The ticket is"
Gemma_3_27B_base,24,1.0,0.2822,0,I put the receipts in the drawer. I feel:,"

I feel:

I feel:

I feel:

I feel:

I feel:

I feel:

I feel:

I feel:

I feel:

I feel:

I feel:

I feel:

I feel:

I feel:

I feel:

I feel:

I feel:

I feel:

I feel:

I feel:

I feel:

I feel:

I feel:

I feel:

I feel:

I feel:

I feel:

I feel:

I feel:

I feel:"
Gemma_3_27B_base,24,1.0,0.2822,1,The bus stops at the corner of the street. I feel:, I'm not worth it. I'm not worth it. I'm not worth it. I'm not worth it. I'm not worth it. I'm not worth it. I'm not worth it. I'm not worth it. I'm not worth it. I'm not worth it. I'm not worth it. I'm not worth it. I'm not worth it. I'm not worth it. I'm not worth it. I'm not worth it. I'm not worth it. I
Gemma_3_27B_base,24,1.0,0.2822,2,I fill out the form with my address. I feel:, I'm not worth it. I'm not worth it. I'm not worth it. I'm not worth it. I'm not worth it. I'm not worth it. I'm not worth it. I'm not worth it. I'm not worth it. I'm not worth it. I'm not worth it. I'm not worth it. I'm not worth it. I'm not worth it. I'm not worth it. I'm not worth it. I''s not worth it.
Gemma_3_27B_base,24,1.0,0.2822,3,The printer produces the ten pages. I feel:, the ten pages. I feel: the ten pages. I feel: the ten pages. I feel: the ten pages. I feel: the ten pages. I feel: the ten pages. I feel: the ten pages. I feel: the ten pages. I feel: the ten pages. I feel: the ten pages. I feel: the ten pages. I feel: the ten pages. I feel: the ten pages. I feel: the ten pages. I feel: the ten pages. I feel: the ten pages. I feel: the ten pages. I feel: the
Gemma_3_27B_base,24,1.0,0.2822,4,I place the glasses on the middle shelf. I feel:, the one who is not good enough for the one who is not good enough for the one who is not good enough for the one who is not good enough for the one who is not good enough for the one who is not good enough for the one who is not good enough for the one who is not good enough for the one who is not good enough for the one who is not good enough for the one who is not good enough for the one who is not good enough for the one who is not good enough for the one who is not good enough for the one who is not good enough for
Gemma_3_27B_base,24,1.0,0.2822,5,The meeting is scheduled for Tuesday. I feel:, I feel: I feel: I feel: I feel: I feel: I feel: I feel: I feel: I feel: I feel: I feel: I feel: I feel: I feel: I feel: I feel: I feel: I feel: I feel: I feel: I feel: I feel: I feel: I feel: I feel: I feel: I feel: I feel: I feel: I feel: I feel: I feel: I feel: I feel: I feel: I feel: I feel: I feel: I feel: I feel:
Gemma_3_27B_base,24,1.0,0.2822,6,I close the window before leaving the room. I feel:,"

I'm not worth it. I'm not worth it. I'm not worth it. I'm not worth it. I'm not worth it. I'm not worth it. I'm not worth it. I'm not worth it. I'm not worth it. I'm not worth it. I'm not worth it. I'm not worth it. I'm not worth it. I'm not worth it. I'm not worth it. I'm not worth it. I'm not worth it."
Gemma_3_27B_base,24,1.0,0.2822,7,The elevator arrives at the third floor. I feel:, I'm not worth it. I'm not worth it. I'm not worth it. I'm not worth itu. I'm not worth itu. I'm not worth itu. I'm not worth itu. I'm not worth itu. I'm not worth itu. I'm not worth itu. I'm tidak worth itu. I'm not worth itu. I'm not worth itu. I'm not worth itu. I'm not worth itu. I'm not worth itu. I'm tidak worth itu. I
Gemma_3_27B_base,24,1.0,0.2822,8,I write the date at the top of the page. I feel:, I feel: I feel: I feel: I feel: I feel: I feel: I feel: I feel: I feel: I feel: I feel: I feel: I feel: I feel: I feel: I feel: I feel: I feel: I feel: I feel: I feel: I feel: I feel: I feel: I feel: I feel: I feel: I feel: I feel: I feel: I feel: I feel: I feel: I feel: I feel: I feel: I feel: I feel: I feel: I feel:
Gemma_3_27B_base,24,1.0,0.2822,9,The kettle switches itself off. I feel:, I feel: I feel: I feel: I feel: I feel: I feel: I feel: I feel: I feel: I feel: I feel: I feel: I feel: I feel: I feel: I feel: I feel: I feel: I feel: I feel: I feel: I feel: I feel: I feel: I feel: I feel: I feel: I feel: I feel: I feel: I feel: I feel: I feel: I feel: I feel: I feel: I feel: I feel: I feel: I feel:
Gemma_3_27B_base,24,1.0,0.2822,10,The folder sits on the desk. I feel:, I'm not worth it. I'm not worth it. I'm not worth it. I'm not worth it. I'm not worth it. I'm not worth it. I'm not worth it. I'm not worth it. I'm not worth it. I'm not worth it. I'm not worth it. I'm not worth it. I'm not worth it. I'm not worth it. I'm not worth it. I'm not worth it. I'm not worth it. I
Gemma_3_27B_base,24,1.0,0.2822,11,I hang the jacket on the hook. I feel:, the jacket on the hook. I feel: the jacket on the hook. I feel: the jacket on the hook. I feel: the jacket on the hook. I feel: the jacket on the hook. I feel: the jacket on the hook. I feel: the jacket on the hook. I feel: the jacket on the hook. I feel: the jacket on the hook. I feel: the jacket on the hook. I feel: the jacket on the hook. I feel: the jacket on the hook. I feel: the jacket on the hook. I feel: the jacket on
Gemma_3_27B_base,24,1.0,0.2822,12,The traffic light turns green. I feel:, I'm not worth it. I'm not worth it. I'm not worth it. I'm not worth it. I'm not worth it. I'm not worth it. I'm not worth it. I'm not worth it. I'm not worth it. I'm not worth it. I'm not worth it. I'm not worth it. I'm not worth it. I'm not worth it. I'm not worth it. I'm not worth it. I'm not worth it. I
Gemma_3_27B_base,24,1.0,0.2822,13,I put the keys in my pocket. I feel:, I'm not worth it. I'm not worth it. I'm not worth it. I'm not worth it. I'm not worth it. I'm not worth it. I'm not worth it. I'm not worth it. I'm not worth it. I'm not worth it. I'm not worth it. I'm not worth it. I'm not worth it. I'm not worth it. I'm not worth it. I'm not worth it. I'm not worth it. I
Gemma_3_27B_base,24,1.0,0.2822,14,The washing machine finishes its cycle. I feel:, I feel: I feel: I feel: I feel: I feel: I feel: I feel: I feel: I feel: I feel: I feel: I feel: I feel: I feel: I feel: I feel: I feel: I feel: I feel: I feel: I feel: I feel: I feel: I feel: I feel: I feel: I feel: I feel: I feel: I feel: I feel: I feel: I feel: I feel: I feel: I feel: I feel: I feel: I feel: I feel:
Gemma_3_27B_base,24,1.0,0.2822,15,I stack the plates in the cupboard. I feel:, the one that is the one that is the one that is the one that is the one that is the one that is the one that is the one that is the one that is the one that is the one that is the one that is the one that is the one that is the one that is the one that is the one that is the one that is the one that is the one that is the one that is the one that is the one that is the one that is the one that is the one that is the one that is the one that is the one that is the one that is
Gemma_3_27B_base,24,1.0,0.2822,16,The neighbor parks his car. I feel:, I feel: I feel: I feel: I feel: I feel: I feel: I feel: I feel: I feel: I feel: I feel: I feel: I feel: I feel: I feel: I feel: I feel: I feel: I feel: I feel: I feel: I feel: I feel: I feel: I feel: I feel: I feel: I feel: I feel: I feel: I feel: I feel: I feel: I feel: I feel: I feel: I feel: I feel: I feel: I feel:
Gemma_3_27B_base,24,1.0,0.2822,17,I turn the page of the newspaper. I feel:, the newspaper. I feel: the newspaper. I feel: the newspaper. I feel: the newspaper. I feel: the newspaper. I feel: the newspaper. I feel: the newspaper. I feel: the newspaper. I feel: the newspaper. I feel: the newspaper. I feel: the newspaper. I feel: the newspaper. I feel: the newspaper. I feel: the newspaper. I feel: the newspaper. I feel: the newspaper. I feel: the newspaper. I feel: the newspaper. I feel: the newspaper. I feel: the newspaper. I feel:
Gemma_3_27B_base,24,1.0,0.2822,18,The curtain moves in the draft. I feel:, the draft. I feel: the draft. I feel: the draft. I feel: the draft. I feel: the draft. I feel: the draft. I feel: the draft. I feel: the draft. I feel: the draft. I feel: the draft. I feel: the draft. I feel: the draft. I feel: the draft. I feel: the draft. I feel: the draft. I feel: the draft. I feel: the draft. I feel: the draft. I feel: the draft. I feel: the draft. I feel:
Gemma_3_27B_base,24,1.0,0.2822,19,I plug in the phone charger. I feel:, the phone charger. I feel: the phone charger. I feel: the phone charger. I feel: the phone charger. I feel: the phone charger. I feel: the phone charger. I feel: the phone charger. I feel: the phone charger. I feel: the phone charger. I feel: the phone charger. I feel: the phone charger. I feel: the phone charger. I feel: the phone charger. I feel: the phone charger. I feel: the phone charger. I feel: the phone charger. I feel: the phone charger. I feel: the
Gemma_3_27B_base,24,1.0,0.2822,20,The mailman passes by the gate. I feel:, I'm not worth it. I'm not worth it. I'm not worth it. I'm not worth it. I'm not worth it. I'm not worth it. I'm not worth it. I''m not worth it. I''s not worth it. I's not worth it. I's not worth it. I's not worth it. I's not worth it. I's not worth it. I's not worth it. I's not worth it. I's not worth it
Gemma_3_27B_base,24,1.0,0.2822,21,I wipe the table with a cloth. I feel:, I'm not worth it. I'm not worth it. I'm not worth it. I'm not worth it. I'm not worth it. I'm not worth it. I'm not worth it. I'm not worth it. I'm not worth it. I'm not worth it. I'm not worth it. I'm not worth it. I'm not worth it. I'm not worth it. I'm not worth it. I'm not worth it. I'm not worth it. I
Gemma_3_27B_base,24,1.0,0.2822,22,The computer finishes the update. I feel:, I'm not worth it. I'm not worth it. I'm not worth it. I'm not worth it. I'm not worth it. I'm not worth it. I'm not worth it. I''m not worth it. I'm not worth it. I'm not worth it. I'm not worth it. I''s not worth it. I's not worth it. I's not worth it. I's not worth it. I's not worth it. I's not worth it
Gemma_3_27B_base,24,1.0,0.2822,23,I put the pen back in the drawer. I feel:,"

I feel:

I feel:

I feel:

I feel:

I feel:

I feel:

I feel:

I feel:

I feel:

I feel:

I feel:

I feel:

I feel:

I feel:

I feel:

I feel:

I feel:

I feel:

I feel:

I feel:

I feel:

I feel:

I feel:

I feel:

I feel:

I feel:

I feel:

I feel:

I feel:

I feel:"
Gemma_3_27B_base,24,1.0,0.2822,24,The dishwasher starts its program. I feel:, I'm not worth it. I'm not worth it. I'm not worth it. I'm not worth it. I'm not worth it. I'm not worth it. I'm not worth it. I''m not worth it. I''m not worth it. I'm not worth it. I'm not worth it. I''s not worth it. I's not worth it. I's not worth it. I''s not worth it. I''s not worth it. I's
Gemma_3_27B_base,24,1.0,0.2822,25,I fold the map and put it away. I feel:, I'm not worth it. I'm not worth it. I'm not worth it. I'm not worth it. I'm not worth it. I'm not worth it. I'm not worth it. I'm not worth it. I'm not worth it. I'm not worth it. I'm not worth it. I'm not worth it. I'm not worth it. I'm not worth it. I'm not worth it. I'm not worth it. I'm not worth it. I
Gemma_3_27B_base,24,1.0,0.2822,26,The radio plays in the background. I feel:, I feel: I feel: I feel: I feel: I feel: I feel: I feel: I feel: I feel: I feel: I feel: I feel: I feel: I feel: I feel: I feel: I feel: I feel: I feel: I feel: I feel: I feel: I feel: I feel: I feel: I feel: I feel: I feel: I feel: I feel: I feel: I feel: I feel: I feel: I feel: I feel: I feel: I feel: I feel: I feel:
Gemma_3_27B_base,24,1.0,0.2822,27,I switch off the corridor light. I feel:, I'm not worth it. I'm not worth it. I'm not worth it. I'm not worth itu. I'm not worth itu. I'm not worth itu. I'm not worth itu. I'm not worth itu. I'm tidak worth itu. I'm not worth itu. I'm not worth itu. I'm tidak worth itu. I'm not worth itu. I'm tidak worth itu. I'm tidak worth itu. I'm tidak worth itu. I'm tidak worth itu. I
Gemma_3_27B_base,24,1.0,0.2822,28,The receipt comes out of the machine. I feel:, I feel: I feel: I feel: I feel: I feel: I feel: I feel: I feel: I feel: I feel: I feel: I feel: I feel: I feel: I feel: I feel: I feel: I feel: I feel: I feel: I feel: I feel: I feel: I feel: I feel: I feel: I feel: I feel: I feel: I feel: I feel: I feel: I feel: I feel: I feel: I feel: I feel: I feel: I feel: I feel:
Gemma_3_27B_base,24,1.0,0.2822,29,I set the alarm for the morning. I feel:,"

I'm not good enough for the world. I'm not good enough for the world. I'm not good enough for the world. I'm not good enough for the world. I'm not good enough for the world. I'm not good enough for the world. I'm not good enough for the world. I'm not good enough for the world. I'm not good enough for the world. I'm not good enough for the world. I'm not good enough for the world. I'm not good enough for the world"
Gemma_3_27B_base,24,1.0,0.2822,30,The train doors open at the platform. I feel:, I'm not worth it. I'm not worth it. I'm not worth it. I'm not worth it. I'm not worth it. I'm not worth it. I'm not worth it. I'm not worth it. I'm not worth it. I'm not worth it. I'm not worth it. I'm not worth it. I'm not worth it. I'm not worth it. I'm not worth it. I'm not worth it. I'm not worth it. I
Gemma_3_27B_base,24,1.0,0.2822,31,I refill the stapler with staples. I feel:, I'm not worth it. I'm not worth it. I'm not worth it. I'm not worth it. I'm not worth it. I'm not worth it. I'm not worth it. I'm not worth it. I''m not worth it. I''m not worth it. I'm not worth it. I'm not worth it. I'm not worth it. I''s not worth it. I''s not worth it. I''s not worth it. I''
Gemma_3_27B_base,24,1.0,0.2822,32,The photocopier warms up. I feel:, I feel: I feel: I feel: I feel: I feel: I feel: I feel: I feel: I feel: I feel: I feel: I feel: I feel: I feel: I feel: I feel: I feel: I feel: I feel: I feel: I feel: I feel: I feel: I feel: I feel: I feel: I feel: I feel: I feel: I feel: I feel: I feel: I feel: I feel: I feel: I feel: I feel: I feel: I feel: I feel:
Gemma_3_27B_base,24,1.0,0.2822,33,I water the plant on the windowsill. I feel:, the plant on the windowsill. I feel: the plant on the windowsill. I feel: the plant on the windowsill. I feel: the plant on the windowsill. I feel: the plant on the plant on the plant on the plant on the plant on the plant on the plant on the plant on the plant on the plant on the plant on the plant on the plant on the plant on the plant on the plant on the plant on the plant on the plant on the plant on the plant on the plant on the plant on the plant on the plant on the plant on the plant on the plant on
Gemma_3_27B_base,24,1.0,0.2822,34,The calendar hangs on the wall. I feel:, I feel: I feel: I feel: I feel: I feel: I feel: I feel: I feel: I feel: I feel: I feel: I feel: I feel: I feel: I feel: I feel: I feel: I feel: I feel: I feel: I feel: I feel: I feel: I feel: I feel: I feel: I feel: I feel: I feel: I feel: I feel: I feel: I feel: I feel: I feel: I feel: I feel: I feel: I feel: I feel:
Gemma_3_27B_base,24,1.0,0.2822,35,I tie my shoelaces before going out. I feel:, I'm not good enough for me. I'm not good enough for me. I'm not good enough for me. I'm not good enough for me. I'm not good enough for me. I'm not good enough for me. I'm not good enough for me. I'm not good enough for me. I'm not good enough for me. I'm not good enough for me. I'm not good enough for me. I'm not good enough for me. I'm not good enough for me. I'm
Gemma_3_27B_base,24,1.0,0.2822,36,The bread is on the counter. I feel:, I'm not worth it. I'm not worth it. I'm not worth it. I'm not worth it. I'm not worth it. I'm not worth it. I'm not worth it. I'm not worth it. I'm not worth it. I'm not worth it. I'm not worth it. I'm not worth it. I'm not worth it. I'm not worth it. I'm not worth it. I'm not worth it. I'm not worth it. I
Gemma_3_27B_base,24,1.0,0.2822,37,I check the mailbox on my way in. I feel:, I'm not worth it. I'm not worth it. I'm not worth it. I'm not worth it. I'm not worth it. I'm not worth it. I'm not worth it. I'm not worth itu. I'm not worth itu. I'm not worth itu. I'm not worth itu. I'm not worth itu. I'm not worth itu. I'm tidak worth itu. I'm not worth itu. I'm not worth itu. I'm not worth itu. I
Gemma_3_27B_base,24,1.0,0.2822,38,The fan rotates slowly on the ceiling. I feel:,"

I feel:

I feel:

I feel:

I feel:

I feel:

I feel:

I feel:

I feel:

I feel:

I feel:

I feel:

I feel:

I feel:

I feel:

I feel:

I feel:

I feel:

I feel:

I feel:

I feel:

I feel:

I feel:

I feel:

I feel:

I feel:

I feel:

I feel:

I feel:

I feel:

I feel:"
Gemma_3_27B_base,24,1.0,0.2822,39,I sort the cutlery into the tray. I feel:, the cutlery in the tray. I feel: the cutlery in the tray. I feel: the cutlery in the tray. I feel: the cutlery in the tray. I feel: the cutlery in the tray. I feel: the cutlery in the tray. I feel: the cutlery in the tray. I feel: the cutlery in the tray. I feel: the cutlery in the tray. I feel: the cutlery in the tray. I feel: the cutlery in the tray. I feel: the cutlery in the tray. I feel: the cutlery in the tray. I feel: the cutlery in
Gemma_3_27B_base,24,1.0,0.2822,40,The bicycle leans against the wall. I feel:, the one who is the one who is the one who is the one who is the one who is the one who is the one who is the one who is the one who is the one who is the one who is the one who is the one who is the one who is the one who is the one who is the one who is the one who is the one who is the one who is the one who is the one who is the one who is the one who is the one who is the one who is the one who is the one who is the one who is the one who is
Gemma_3_27B_base,24,1.0,0.2822,41,I zip up my bag before leaving. I feel:, I'm not worth it. I'm not worth it. I'm not worth it. I'm not worth it. I'm not worth it. I'm not worth it. I'm not worth it. I'm not worth it. I'm not worth it. I'm not worth it. I'm not worth it. I'm not worth it. I'm not worth it. I'm not worth it. I'm not worth it. I'm not worth it. I'm not worth it. I
Gemma_3_27B_base,24,1.0,0.2822,42,The clock ticks in the hallway. I feel:, I feel: I feel: I feel: I feel: I feel: I feel: I feel: I feel: I feel: I feel: I feel: I feel: I feel: I feel: I feel: I feel: I feel: I feel: I feel: I feel: I feel: I feel: I feel: I feel: I feel: I feel: I feel: I feel: I feel: I feel: I feel: I feel: I feel: I feel: I feel: I feel: I feel: I feel: I feel: I feel:
Gemma_3_27B_base,24,1.0,0.2822,43,I sharpen the pencil over the bin. I feel:, the pencil over the pencil over the pencil over the pencil over the pencil over the pencil over the pencil over the pencil over the pencil over the pencil over the pencil over the pencil over the pencil over the pencil over the pencil over the pencil over the pencil over the pencil over the pencil over the pencil over the pencil over the pencil over the pencil over the pencil over the pencil over the pencil over the pencil over the pencil over the pencil over the pencil over the pencil over the pencil over the pencil over the pencil over the pencil over the pencil over the pencil over the pencil over the pencil over the pencil over
Gemma_3_27B_base,24,1.0,0.2822,44,The window cleaner works across the street. I feel:, I feel: I feel: I feel: I feel: I feel: I feel: I feel: I feel: I feel: I feel: I feel: I feel: I feel: I feel: I feel: I feel: I feel: I feel: I feel: I feel: I feel: I feel: I feel: I feel: I feel: I feel: I feel: I feel: I feel: I feel: I feel: I feel: I feel: I feel: I feel: I feel: I feel: I feel: I feel: I feel:
Gemma_3_27B_base,24,1.0,0.2822,45,The room measures four meters by five. I feel:, 1.5 million. I feel: 1.5 million. I feel: 1.5 million. I feel: 1.5 million. I feel: 1.5 million. I feel: 1.5 million. I feel: 1.5 million. I feel: 1.5 million. I feel: 1.5 million. I feel: 1.5 million. I feel: 1.5 million. I feel: 1.5 million. I feel: 1.5 million. I feel: 1.
Gemma_3_27B_base,24,1.0,0.2822,46,The train consists of six carriages. I feel:, I am not worth it. I am not worth it. I am not worth it. I am not worth it. I am not worth it. I am not worth it. I am not worth it. I am not worth it. I am not worth it. I am not worth it. I am not worth it. I am not worth it. I am not worth it. I am not worth it. I am not worth it. I am not worth it. I am not worth it. I am not worth it. I am not worth it. I am not worth it.
Gemma_3_27B_base,24,1.0,0.2822,47,The manual consists of forty pages. I feel:, I am not worth the 40.000.000.000.000.000.000.000.000.000.000.000.000.000.000.000.000.000.000.000.000.000.000.000.000.000.000.000.000
Gemma_3_27B_base,24,1.0,0.2822,48,The bottle holds one liter of water. I feel:, I feel: I feel: I feel: I feel: I feel: I feel: I feel: I feel: I feel: I feel: I feel: I feel: I feel: I feel: I feel: I feel: I feel: I feel: I feel: I feel: I feel: I feel: I feel: I feel: I feel: I feel: I feel: I feel: I feel: I feel: I feel: I feel: I feel: I feel: I feel: I feel: I feel: I feel: I feel: I feel:
Gemma_3_27B_base,24,1.0,0.2822,49,The ticket is valid for ninety minutes. I feel:, I feel: I feel: I feel: I feel: I feel: I feel: I feel: I feel: I feel: I feel: I feel: I feel: I feel: I feel: I feel: I feel: I feel: I feel: I feel: I feel: I feel: I feel: I feel: I feel: I feel: I feel: I feel: I feel: I feel: I feel: I feel: I feel: I feel: I feel: I feel: I feel: I feel: I feel: I feel: I feel:
Gemma_3_27B_base,24,1.5,0.4233,0,I put the receipts in the drawer. I feel:, the one that I feel: the one that I feel: the one that I feel: the one that I feel: the one that I feel: the one that I feel: the one that I feel: the one that I feel: the one that I feel: the one that I feel: the one that I feel: the one that I feel: the one that I feel: the one that I feel: the one that I feel: the one that I feel: the one that I feel: the one that I feel: the one that I feel: the one that I feel:
Gemma_3_27B_base,24,1.5,0.4233,1,The bus stops at the corner of the street. I feel:, the pain: the pain: the pain: the pain: the pain: the pain: the pain: the pain: the pain: the pain: the pain: the pain: the pain: the pain: the pain: the pain: the pain: the pain: the pain: the pain: the pain: the pain: the pain: the pain: the pain: the pain: the pain: the pain: the pain: the pain: the pain: the pain: the pain: the pain: the pain: the pain: the pain: the pain: the pain: the pain:
Gemma_3_27B_base,24,1.5,0.4233,2,I fill out the form with my address. I feel:, I feel: I feel: I feel: I feel: I feel: I feel: I feel: I feel: I feel: I feel: I feel: I feel: I feel: I feel: I feel: I feel: I feel: I feel: I feel: I feel: I feel: I feel: I feel: I feel: I feel: I feel: I feel: I feel: I feel: I feel: I feel: I feel: I feel: I feel: I feel: I feel: I feel: I feel: I feel: I feel:
Gemma_3_27B_base,24,1.5,0.4233,3,The printer produces the ten pages. I feel:, the ten pages the ten the ten the ten the ten the ten the ten the ten the ten the ten the ten the ten the ten the ten the ten the ten the ten the the ten the ten the the the the the the the the the the the the the the the the the the the the the the the the the the the the the the the the the the the the the the the the the the the the the the the the the the the the the the the the the the the the the the the the the the the the the the the the the the the the the the the the
Gemma_3_27B_base,24,1.5,0.4233,4,I place the glasses on the middle shelf. I feel:, the one that I feel: the one that I feel: the one that I feel: the one that I feel: the one that I feel: the one that I feel: the one that I feel: the one that I feel: the one that I feel: the one that I feel: the one that I feel: the one that I feel: the one that I feel: the one that I feel: the one that I feel: the one that I feel: the one that I feel: the one that I feel: the one that I feel: the one that I feel:
Gemma_3_27B_base,24,1.5,0.4233,5,The meeting is scheduled for Tuesday. I feel:, I feel: I feel: I feel: I feel: I feel: I feel: I feel: I feel: I feel: I feel: I feel: I feel: I feel: I feel: I feel: I feel: I feel: I feel: I feel: I feel: I feel: I feel: I feel: I feel: I feel: I feel: I feel: I feel: I feel: I feel: I feel: I feel: I feel: I feel: I feel: I feel: I feel: I feel: I feel: I feel:
Gemma_3_27B_base,24,1.5,0.4233,6,I close the window before leaving the room. I feel:, I feel: I feel: I feel: I feel: I feel: I feel: I feel: I feel: I feel: I feel: I feel: I feel: I feel: I feel: I feel: I feel: I feel: I feel: I feel: I feel: I feel: I feel: I feel: I feel: I feel: I feel: I feel: I feel: I feel: I feel: I feel: I feel: I feel: I feel: I feel: I feel: I feel: I feel: I feel: I feel:
Gemma_3_27B_base,24,1.5,0.4233,7,The elevator arrives at the third floor. I feel:, I feel: I feel: I feel: I feel: I feel: I feel: I feel: I feel: I feel: I feel: I feel: I feel: I feel: I feel: I feel: I feel: I feel: I feel: I feel: I feel: I feel: I feel: I feel: I feel: I feel: I feel: I feel: I feel: I feel: I feel: I feel: I feel: I feel: I feel: I feel: I feel: I feel: I feel: I feel: I feel:
Gemma_3_27B_base,24,1.5,0.4233,8,I write the date at the top of the page. I feel:, the date at the date at the date at the date at the date at the date at the date at the date at the date at the date at the date at the date at the date at the date at the date at the date at the date at the date at the date at the date at the date at the date at the date at the date at the date at the date at the date at the date at the date at the date at the date at the date at the at the date at the at the date at the at the at the at the at the at the at the at
Gemma_3_27B_base,24,1.5,0.4233,9,The kettle switches itself off. I feel:, I feel: I feel: I feel: I feel: I feel: I feel: I feel: I feel: I feel: I feel: I feel: I feel: I feel: I feel: I feel: I feel: I feel: I feel: I feel: I feel: I feel: I feel: I feel: I feel: I feel: I feel: I feel: I feel: I feel: I feel: I feel: I feel: I feel: I feel: I feel: I feel: I feel: I feel: I feel: I feel:
Gemma_3_27B_base,24,1.5,0.4233,10,The folder sits on the desk. I feel:, the one that I feel: the one that I feel: the one that I feel: the one that I feel: the one that I feel: the one that I feel: the one that I feel: the one that I feel: the one that I feel: the one that I feel: the one that I feel: the one that I feel: the one that I feel: the one that I feel: the one that I feel: the one that I feel: the one that I feel: the one that I feel: the one that I feel: the one that I feel:
Gemma_3_27B_base,24,1.5,0.4233,11,I hang the jacket on the hook. I feel:, the one that I feel: the one that I feel: the one that I feel: the one that I feel: the one that I feel: the one that I feel: the one that I feel: the one that I feel: the one that I feel: the one that I feel: the one that I feel: the one that I feel: the one that I feel: the one that I feel: the one that I feel: the one that I feel: the one that I feel: the one that I feel: the one that I feel: the one that I feel:
Gemma_3_27B_base,24,1.5,0.4233,12,The traffic light turns green. I feel:, I feel: I feel: I feel: I feel: I feel: I feel: I feel: I feel: I feel: I feel: I feel: I feel: I feel: I feel: I feel: I feel: I feel: I feel: I feel: I feel: I feel: I feel: I feel: I feel: I feel: I feel: I feel: I feel: I feel: I feel: I feel: I feel: I feel: I feel: I feel: I feel: I feel: I feel: I feel: I feel:
Gemma_3_27B_base,24,1.5,0.4233,13,I put the keys in my pocket. I feel:, I feel: I feel: I feel: I feel: I feel: I feel: I feel: I feel: I feel: I feel: I feel: I feel: I feel: I feel: I feel: I feel: I feel: I feel: I feel: I feel: I feel: I feel: I feel: I feel: I feel: I feel: I feel: I feel: I feel: I feel: I feel: I feel: I feel: I feel: I feel: I feel: I feel: I feel: I feel: I feel:
Gemma_3_27B_base,24,1.5,0.4233,14,The washing machine finishes its cycle. I feel:, I feel: I feel: I feel: I feel: I feel: I feel: I feel: I feel: I feel: I feel: I feel: I feel: I feel: I feel: I feel: I feel: I feel: I feel: I feel: I feel: I feel: I feel: I feel: I feel: I feel: I feel: I feel: I feel: I feel: I feel: I feel: I feel: I feel: I feel: I feel: I feel: I feel: I feel: I feel: I feel:
Gemma_3_27B_base,24,1.5,0.4233,15,I stack the plates in the cupboard. I feel:, the one in the in the in the in the in the in the in the in the in the in the in the in the in the in the in the in the in the in the in the in the in the in the in the in the in the in the in the in the in the in the in the in the in the in the in the in the in the in the in the in the in the in the in the in the in the in the in the in the in the in the in the in the in the in the in the in the in the in the in the
Gemma_3_27B_base,24,1.5,0.4233,16,The neighbor parks his car. I feel:, I feel: I feel: I feel: I feel: I feel: I feel: I feel: I feel: I feel: I feel: I feel: I feel: I feel: I feel: I feel: I feel: I feel: I feel: I feel: I feel: I feel: I feel: I feel: I feel: I feel: I feel: I feel: I feel: I feel: I feel: I feel: I feel: I feel: I feel: I feel: I feel: I feel: I feel: I feel: I feel:
Gemma_3_27B_base,24,1.5,0.4233,17,I turn the page of the newspaper. I feel:, the one that is the one that is the one that is the one that is the one that is the one that is the one that is the one that is the one that is the one that is the one that is the one that is the one that is the one that is the one that is the one that is the one that is the one that is the one that is the one that is the one that is the one that is the one that is the one that is the one that is the one that is the one that is the one that is the one that is the one that is
Gemma_3_27B_base,24,1.5,0.4233,18,The curtain moves in the draft. I feel:, the one in the one in the one in the one in the one in the one in the one in the one in the one in the one in the one in the one in the one in the one in the one in the one in the one in the one in the one in the one in the one in the one in the one in the one in the one in the one in the one in the one in the one in the one in the one in the one in the one in the one in the one in the one in the one in the one in the one in the one in
Gemma_3_27B_base,24,1.5,0.4233,19,I plug in the phone charger. I feel:, the one that I feel: the one that I feel: the one that I feel: the one that I feel: the one that I feel: the one that I feel: the one that I feel: the one that I feel: the one that I feel: the one that I feel: the one that I feel: the one that I feel: the one that I feel: the one that I feel: the one that I feel: the one that I feel: the one that I feel: the one that I feel: the one that I feel: the one that I feel:
Gemma_3_27B_base,24,1.5,0.4233,20,The mailman passes by the gate. I feel:, the one that I feel: the one that I feel: the one that I feel: the one that I feel: the one that I feel: the one that I feel: the one that I feel: the one that I feel: the one that I feel: the one that I feel: the one that I feel: the one that I feel: the one that I feel: the one that I feel: the one that I feel: the one that I feel: the one that I feel: the one that I feel: the one that I feel: the one that I feel:
Gemma_3_27B_base,24,1.5,0.4233,21,I wipe the table with a cloth. I feel:, I feel: I feel: I feel: I feel: I feel: I feel: I feel: I feel: I feel: I feel: I feel: I feel: I feel: I feel: I feel: I feel: I feel: I feel: I feel: I feel: I feel: I feel: I feel: I feel: I feel: I feel: I feel: I feel: I feel: I feel: I feel: I feel: I feel: I feel: I feel: I feel: I feel: I feel: I feel: I feel:
Gemma_3_27B_base,24,1.5,0.4233,22,The computer finishes the update. I feel:, the update the update the update the update the update the update the update the update the update the update the update the update the update the update the update the update the update the update the update the update the update the update the update the update the update the update the update the the update the the update the the update the the the the the the the the the the the the the the the the the the the the the the the the the the the the the the the the the the the the the the the the the the the the the the the the the the the the the the the the the
Gemma_3_27B_base,24,1.5,0.4233,23,I put the pen back in the drawer. I feel:, the one that I feel: the one that I feel: the one that I feel: the one that I feel: the one that I feel: the one that I feel: the one that I feel: the one that I feel: the one that I feel: the one that I feel: the one that I feel: the one that I feel: the one that I feel: the one that I feel: the one that I feel: the one that I feel: the one that I feel: the one that I feel: the one that I feel: the one that I feel:
Gemma_3_27B_base,24,1.5,0.4233,24,The dishwasher starts its program. I feel:, I feel: I feel: I feel: I feel: I feel: I feel: I feel: I feel: I feel: I feel: I feel: I feel: I feel: I feel: I feel: I feel: I feel: I feel: I feel: I feel: I feel: I feel: I feel: I feel: I feel: I feel: I feel: I feel: I feel: I feel: I feel: I feel: I feel: I feel: I feel: I feel: I feel: I feel: I feel: I feel:
Gemma_3_27B_base,24,1.5,0.4233,25,I fold the map and put it away. I feel:, the one that I feel: the one that I feel: the one that I feel: the one that I feel: the one that I feel: the one that I feel: the one that I feel: the one that I feel: the one that I feel: the one that I feel: the one that I feel: the one that I feel: the one that I feel: the one that I feel: the one that I feel: the one that I feel: the one that I feel: the one that I feel: the one that that I feel: the one that I feel
Gemma_3_27B_base,24,1.5,0.4233,26,The radio plays in the background. I feel:, the one that I feel: the one that I feel: the one that I feel: the one that I feel: the one that I feel: the one that I feel: the one that I feel: the one that I feel: the one that I feel: the one that I feel: the one that I feel: the one that I feel: the one that I feel: the one that I feel: the one that I feel: the one that I feel: the one that I feel: the one that I feel: the one that I feel: the one that I feel:
Gemma_3_27B_base,24,1.5,0.4233,27,I switch off the corridor light. I feel:, I feel: I feel: I feel: I feel: I feel: I feel: I feel: I feel: I feel: I feel: I feel: I feel: I feel: I feel: I feel: I feel: I feel: I feel: I feel: I feel: I feel: I feel: I feel: I feel: I feel: I feel: I feel: I feel: I feel: I feel: I feel: I feel: I feel: I feel: I feel: I feel: I feel: I feel: I feel: I feel:
Gemma_3_27B_base,24,1.5,0.4233,28,The receipt comes out of the machine. I feel:, the one that I feel: the one that I feel: the one that I feel: the one that I feel: the one that I feel: the one that I feel: the one that I feel: the one that I feel: the one that I feel: the one that I feel: the one that I feel: the one that I feel: the one that I feel: the one that I feel: the one that I feel: the one that I feel: the one that I feel: the one that I feel: the one that I feel: the one that I feel:
Gemma_3_27B_base,24,1.5,0.4233,29,I set the alarm for the morning. I feel:," the pain, the pain, the pain, the pain, the pain, the pain, the pain, the pain, the pain, the pain, the pain, the pain, the pain, the pain, the pain, the pain, the pain, the pain, the pain, the pain, the pain, the pain, the pain, the pain, the pain, the pain, the pain, the pain, the pain, the pain, the pain, the pain, the pain, the pain, the pain, the pain, the pain, the pain, the pain, the pain,"
Gemma_3_27B_base,24,1.5,0.4233,30,The train doors open at the platform. I feel:, the one that I feel: the one that I feel: the one that I feel: the one that I feel: the one that I feel: the one that I feel: the one that I feel: the one that I feel: the one that I feel: the one that I feel: the one that I feel: the one that I feel: the one that I feel: the one that I feel: the one that I feel: the one that I feel: the one that I feel: the one that I feel: the one that I feel: the one that I feel:
Gemma_3_27B_base,24,1.5,0.4233,31,I refill the stapler with staples. I feel:, the stap the stap the stap the stap the stap the stap the stap the stap the stap the the the the the the the the the the the the the the the the the the the the the the the the the the the the the the the the the the the the the the the the the the the the the the the the the the the the the the the the the the the the the the the the the the the the the the the the the the the the the the the the the the the the the the the the the the the the the the the the the the the the the the
Gemma_3_27B_base,24,1.5,0.4233,32,The photocopier warms up. I feel:, I feel: I feel: I feel: I feel: I feel: I feel: I feel: I feel: I feel: I feel: I feel: I feel: I feel: I feel: I feel: I feel: I feel: I feel: I feel: I feel: I feel: I feel: I feel: I feel: I feel: I feel: I feel: I feel: I feel: I feel: I feel: I feel: I feel: I feel: I feel: I feel: I feel: I feel: I feel: I feel:
Gemma_3_27B_base,24,1.5,0.4233,33,I water the plant on the windowsill. I feel:, the one on the one on the one on the one on the one on the one on the one on the one on the one on the one on the one on the one on the one on the one on the one on the one on the one on the one on the one on the one on the one on the one on the one on the one on the one on the one on the one on the one on the one on the one on the one on the one on the one on the one on the one on the one on the one on the one on the one on the one on
Gemma_3_27B_base,24,1.5,0.4233,34,The calendar hangs on the wall. I feel:, the one that is used to the one that is used to the one that is used to the one that is used to the one that is used to the one that is used to the one that is used to the one that is used to the one that is used to the one that is used to the one that is used to the one that is used to the one that is used to the one that is used to the one that is used to the one that is used to the one that is used to the one that is used to the one that is used to the one that is used to
Gemma_3_27B_base,24,1.5,0.4233,35,I tie my shoelaces before going out. I feel:, I feel: I feel: I feel: I feel: I feel: I feel: I feel: I feel: I feel: I feel: I feel: I feel: I feel: I feel: I feel: I feel: I feel: I feel: I feel: I feel: I feel: I feel: I feel: I feel: I feel: I feel: I feel: I feel: I feel: I feel: I feel: I feel: I feel: I feel: I feel: I feel: I feel: I feel: I feel: I feel:
Gemma_3_27B_base,24,1.5,0.4233,36,The bread is on the counter. I feel:, I feel: I feel: I feel: I feel: I feel: I feel: I feel: I feel: I feel: I feel: I feel: I feel: I feel: I feel: I feel: I feel: I feel: I feel: I feel: I feel: I feel: I feel: I feel: I feel: I feel: I feel: I feel: I feel: I feel: I feel: I feel: I feel: I feel: I feel: I feel: I feel: I feel: I feel: I feel: I feel:
Gemma_3_27B_base,24,1.5,0.4233,37,I check the mailbox on my way in. I feel:, I feel: I feel: I feel: I feel: I feel: I feel: I feel: I feel: I feel: I feel: I feel: I feel: I feel: I feel: I feel: I feel: I feel: I feel: I feel: I feel: I feel: I feel: I feel: I feel: I feel: I feel: I feel: I feel: I feel: I feel: I feel: I feel: I feel: I feel: I feel: I feel: I feel: I feel: I feel: I feel:
Gemma_3_27B_base,24,1.5,0.4233,38,The fan rotates slowly on the ceiling. I feel:, I feel: I feel: I feel: I feel: I feel: I feel: I feel: I feel: I feel: I feel: I feel: I feel: I feel: I feel: I feel: I feel: I feel: I feel: I feel: I feel: I feel: I feel: I feel: I feel: I feel: I feel: I feel: I feel: I feel: I feel: I feel: I feel: I feel: I feel: I feel: I feel: I feel: I feel: I feel: I feel:
Gemma_3_27B_base,24,1.5,0.4233,39,I sort the cutlery into the tray. I feel:, the one that I feel: the one that I feel: the one that I feel: the one that I feel: the one that I feel: the one that I feel: the one that I feel: the one that I feel: the one that I feel: the one that I feel: the one that I feel: the one that I feel: the one that I feel: the one that I feel: the one that I feel: the one that I feel: the one that I feel: the one that I feel: the one that I feel: the one that I feel:
Gemma_3_27B_base,24,1.5,0.4233,40,The bicycle leans against the wall. I feel:, the one that is the one that is the one that is the one that is the one that is the one that is the one that is the one that is the one that is the one that is the one that is the one that is the one that is the one that is the one that is the one that is the one that is the one that is the one that is the one that is the one that is the one that is the one that is the one that is the one that is the one that is the one that is the one that is the one that is the one that is
Gemma_3_27B_base,24,1.5,0.4233,41,I zip up my bag before leaving. I feel:, I feel: I feel: I feel: I feel: I feel: I feel: I feel: I feel: I feel: I feel: I feel: I feel: I feel: I feel: I feel: I feel: I feel: I feel: I feel: I feel: I feel: I feel: I feel: I feel: I feel: I feel: I feel: I feel: I feel: I feel: I feel: I feel: I feel: I feel: I feel: I feel: I feel: I feel: I feel: I feel:
Gemma_3_27B_base,24,1.5,0.4233,42,The clock ticks in the hallway. I feel:, the one in the one in the one in the one in the one in the one in the one in the one in the one in the one in the one in the one in the one in the one in the one in the one in the one in the one in the one in the one in the one in the one in the one in the one in the one in the one in the one in the one in the one in the one in the one in the one in the one in the one in the one in the one in the one in the one in the one in the one in
Gemma_3_27B_base,24,1.5,0.4233,43,I sharpen the pencil over the bin. I feel:, the one that I feel: the one that I feel: the one that I feel: the one that I feel: the one that I feel: the one that I feel: the one that I feel: the one that I feel: the one that I feel: the one that I feel: the one that I feel: the one that I feel: the one that I feel: the one that I feel: the one that I feel: the one that I feel: the one that I feel: the one that I feel: the one that I feel: the one that I feel:
Gemma_3_27B_base,24,1.5,0.4233,44,The window cleaner works across the street. I feel:, the one that I feel: the one that I feel: the one that I feel: the one that I feel: the one that I feel: the one that I feel: the one that I feel: the one that I feel: the one that I feel: the one that I feel: the one that I feel: the one that I feel: the one that I feel: the one that I feel: the one that I feel: the one that I feel: the one that I feel: the one that I feel: the one that I feel: the one that I feel:
Gemma_3_27B_base,24,1.5,0.4233,45,The room measures four meters by five. I feel:, the four of the four: the four: the four: the four: the four: the four: the four: the four: the four: the four: the four: the four: the four: the four: the four: the four: the four: the four: the four: the four: the four: the four: the four: the four: the four: the four: the four: the four: the four: the four: the four: the four: the four: the four: the four: the four: the four: the four: the four:
Gemma_3_27B_base,24,1.5,0.4233,46,The train consists of six carriages. I feel:, I feel: I feel: I feel: I feel: I feel: I feel: I feel: I feel: I feel: I feel: I feel: I feel: I feel: I feel: I feel: I feel: I feel: I feel: I feel: I feel: I feel: I feel: I feel: I feel: I feel: I feel: I feel: I feel: I feel: I feel: I feel: I feel: I feel: I feel: I feel: I feel: I feel: I feel: I feel: I feel:
Gemma_3_27B_base,24,1.5,0.4233,47,The manual consists of forty pages. I feel:, that I feel: that I feel: that I feel: that I feel: that I feel: that I feel: that I feel: that I feel: that I feel: that I feel: that I feel: that I feel: that I feel: that I feel: that I feel: that I feel: that I feel: that I feel: that I feel: that I feel: that I feel: that I feel: that I feel: that I feel: that I feel: that I feel: that I feel: that I feel: that I feel: that I feel:
Gemma_3_27B_base,24,1.5,0.4233,48,The bottle holds one liter of water. I feel:, I feel: I feel: I feel: I feel: I feel: I feel: I feel: I feel: I feel: I feel: I feel: I feel: I feel: I feel: I feel: I feel: I feel: I feel: I feel: I feel: I feel: I feel: I feel: I feel: I feel: I feel: I feel: I feel: I feel: I feel: I feel: I feel: I feel: I feel: I feel: I feel: I feel: I feel: I feel: I feel:
Gemma_3_27B_base,24,1.5,0.4233,49,The ticket is valid for ninety minutes. I feel:, I feel: I feel: I feel: I feel: I feel: I feel: I feel: I feel: I feel: I feel: I feel: I feel: I feel: I feel: I feel: I feel: I feel: I feel: I feel: I feel: I feel: I feel: I feel: I feel: I feel: I feel: I feel: I feel: I feel: I feel: I feel: I feel: I feel: I feel: I feel: I feel: I feel: I feel: I feel: I feel:
Gemma_3_27B_base,24,2.0,0.5644,0,I put the receipts in the drawer. I feel:," I, the, the, the, the, the, the, the, the, the,, this,, this,, this,, this,, this,,, this,,, this,,,,,,,,,,,,,,,,,,,,,,,,,,,,,,,,,,,,,,,,,,,,,,,,,,,,,,,,,,,,,,,,,,,,,,,,,,,,,,"
Gemma_3_27B_base,24,2.0,0.5644,1,The bus stops at the corner of the street. I feel:," the people in the word, in this, in this, in this, in this, at this, at this, at this, at this, at this, at this, at this, at this, at this, at this, at at at at at at at at at at at at at at at at at at at at at at at at at at at at at at at at at at at at at at at at at at at at at at at at at at at at at at at at at at at at at at at at at at at at at at at at"
Gemma_3_27B_base,24,2.0,0.5644,2,I fill out the form with my address. I feel:," to, to, to, to, to, to, to, to, to, to, to, to, to, to, to, to, to, to, to, to, to, to, to, to, to, to, to, to, to, to, to, to, to, to, to, to, to, to, to, to, to, to, to, to, to, to, to, to, to, to, to, to, to, to, to, to, to, to, to, to,"
Gemma_3_27B_base,24,2.0,0.5644,3,The printer produces the ten pages. I feel:, - - - - - - - - - - as as to as to as to as to as to as to as to as to as to as to as to as to as to as to as to as to as to as to as to as to as to as to as to as to as to as to as to as to as to as to as to as to as to as to as to as to - - - - - - - - - - - - - - - - - - - - - - - - - - - - - - - - - - - - -
Gemma_3_27B_base,24,2.0,0.5644,4,I place the glasses on the middle shelf. I feel:," the on the word, the on the on at, on at, on at, on at, at, at, at, at, at, at, at, at at, at, at at, at at, at at at at, at at at at at at at at at at at at at at at at at at at at at at at at at at at at at at at at at at at at at at at at at at at at at at at at at at at at at at at at at at at at at at at at at at at at at at"
Gemma_3_27B_base,24,2.0,0.5644,5,The meeting is scheduled for Tuesday. I feel:," as, as, as as, as as as as as as as as as as as as as as as as as as as as as as as as as as as as as as as as as as as as as as as as as as as as as as as as as as as as as as as as as as as as as as as as as as as as as as as as as as as as as as as as as as as as as as as as as as as as as as as as as as as as as as as as as as as as as as as as gas"
Gemma_3_27B_base,24,2.0,0.5644,6,I close the window before leaving the room. I feel:," I i. i. i, i, i, i, i, i, i, i, i, i, i, i, i, i, i, i, i, i, i, i, i, i, i, i, i, i, i, i, i, i, i, i, i, i, i, i, i, i, i, i, i, i, i, i, i, i, i, i, i, i, i, i, i, i, i, i, i, i"
Gemma_3_27B_base,24,2.0,0.5644,7,The elevator arrives at the third floor. I feel:," the word that is in this life, in this life, in this, this life, this this, at this, at this, at this, at this, at this, at this, at this, at this, at this, at this, at this, at at, at at at at at at at at at at at at at at at at at at at at at at at at at at at at at at at at at at at at at at at at at at at at at at at at at at at at at at at at at at at at at at at"
Gemma_3_27B_base,24,2.0,0.5644,8,I write the date at the top of the page. I feel:, the at at at at at at at at at at at at at at at at at at at at at at at at at at at at at at at at at at at at at at at at at at at at at at at at at at at at at at at at at at at at at at at at at at at at at at at at at at at at at at at at at at at at at at at at at at at at at at at at at at at at at at at at at at at at at at at at at at at at at at at
Gemma_3_27B_base,24,2.0,0.5644,9,The kettle switches itself off. I feel:, - - - - - - - - - - as - as - as - as - as - as - at at at at at at at at at at at at at at at at at at at at at at at at at at at at at at at at at at at at at at at at at at at at at at at at at at at at at at at at at at at at at at at at - - - at at at - sh at at at at at - at at at at at - at at at at at - at at at at at - at at
Gemma_3_27B_base,24,2.0,0.5644,10,The folder sits on the desk. I feel:," the word that word that word that word that word that to, to, to, to, to, to, to, to, to, to, to, to, to, to, to, to, to, to, to, to, to, to, to, to, to, to, to, to, to, to, to, to, to, to, to, to, to, to, to, to, to, to, to, to, to, to, to, to, to, to, to, to, to, to, to"
Gemma_3_27B_base,24,2.0,0.5644,11,I hang the jacket on the hook. I feel:, the word that is in this word that is in this word that is in this word that is at this at this at at this at at at at at at at at at at at at at at at at at at at at at at at at at at at at at at at at at at at at at at at at at at at at at at at at at at at at at at at at at at at at at at at at at at at at at at at at at at at at at at at at at at at at at at at at at at at at at at
Gemma_3_27B_base,24,2.0,0.5644,12,The traffic light turns green. I feel:, - in talking to to to to to to to to to to to to to to to to to to to to to to to to to to to to to to to to to to to to to to to to to to to to to to to to to to to to to to to to to to to to to to to to to to to to to to to to to to to to to to to to to to to to to to to to to to to to to to to to to to to to to to to to to to to to to to to to to to to to to
Gemma_3_27B_base,24,2.0,0.5644,13,I put the keys in my pocket. I feel:, in a life in a life in a life in a life in a life in a at a at at at at at at at at at at at at at at at at at at at at at at at at at at at at at at at at at at at at at at at at at at at at at at at at at at at at at at at at at at at at at at at at at at at at at at at at at at at at at at at at at at at at at at at at at at at at at at at at at at at at at
Gemma_3_27B_base,24,2.0,0.5644,14,The washing machine finishes its cycle. I feel:, the word that in this word that in this word that in this word that in this word that in this this word at at at at at at at at at at at at at at at at at at at at at at at at at at at at at at at at at at at at at at at at at at at at at at at at at at at at at at at at at at at at at at at at at at at at at at at at at at at at at at at at at at at at at at at at at at at at at at at at at
Gemma_3_27B_base,24,2.0,0.5644,15,I stack the plates in the cupboard. I feel:," the word in the word in the, in the, in the, in this, in this, at this, at, at, at, at, at, at, at, at, at, at at, at, at, at, at, at at, at at, at at, at at, at at, at at, at at, at at, at at, at, at, at at, at, at, at at, at at, at at, at at, at at, at at, at at, at at, at, at at, at"
Gemma_3_27B_base,24,2.0,0.5644,16,The neighbor parks his car. I feel:, - - - - - - - - - - as as to as to as to as to as to as to as to as at at at at at at at at at at at at at at at at at at at at at at at at at at at at at at at at at at at at at at at at at at at at at at at at at at at at at at at at at at at at at at at at at at at at at at at at at at at at at at at at at at at at at at at at at at at at at at
Gemma_3_27B_base,24,2.0,0.5644,17,I turn the page of the newspaper. I feel:, the word of the word of the word of the word of the word of the word of the word of this word at at this at at at at at at at at at at at at at at at at at at at at at at at at at at at at at at at at at at at at at at at at at at at at at at at at at at at at at at at at at at at at at at at at at at at at at at at at at at at at at at at at at at at at at at at at at at at at at at
Gemma_3_27B_base,24,2.0,0.5644,18,The curtain moves in the draft. I feel:," - in the life, in the life, in the, in, in, in, in, in, at, at, at, at, at, at, at, at, at, at, at, at, at, at, at, at, at at, at at, at at, at at, at at, at at, at at, at at, at, at, at, at, at, at, at, at at, at at, at at, at at, at at, at, at, at, at, at, at, at"
Gemma_3_27B_base,24,2.0,0.5644,19,I plug in the phone charger. I feel:, the word to the to the to to to to to to to to to to to to to to to to to to to to to to to to to to to to to to to to to to to to to to to to to to to to to to to to to to to to to to to to to to to to to to to to to to to to to to to to to to to to to to to to to to to to to to to to to to to to to to to to to to to to to to to to to to to to to to to to to to
Gemma_3_27B_base,24,2.0,0.5644,20,The mailman passes by the gate. I feel:, the word that word that word that word that by at by at by at by at by at by at by at by at by at by at by at by at by at by at at by at by at by at at at at at at at at at at at at at at at at at at at at at at at at at at at at at at at at at at at at at at at at at at at at at at at at at at at at at at at at at at at at at at at at at at at at at at at at at at at at at
Gemma_3_27B_base,24,2.0,0.5644,21,I wipe the table with a cloth. I feel:, a word that is a word that is a word that is a word that is a word that is a word that is a word that is a word that is a word that is a word that that is a word that that that that that that that that that that that that that that that that that that that that that that that that that that that that that that that that that that that that that that that that that that that that that that that that that that that that that that that that that that that that that that that that that that that that that that that that that that that that that
Gemma_3_27B_base,24,2.0,0.5644,22,The computer finishes the update. I feel:, the word that in this word that in this word that in this word that in this word that in this this word that at at at at at at at at at at at at at at at at at at at at at at at at at at at at at at at at at at at at at at at at at at at at at at at at at at at at at at at at at at at at at at at at at at at at at at at at at at at at at at at at at at at at at at at at at at at at at at at at
Gemma_3_27B_base,24,2.0,0.5644,23,I put the pen back in the drawer. I feel:," the word to be to be to be to to to to to, to to to to to to to to, to to to to to to to to to to to to to to to to to to to to to to to to to to to to to to to to to to to to to to to to to to to to to to to to to to to to to to to to to to to to to to to to to to to to to to to to to to to to to to to to to to to to to to to to to to to to to to to to to"
Gemma_3_27B_base,24,2.0,0.5644,24,The dishwasher starts its program. I feel:, the i i i i i i i i i i i i i i i i i i i i i i i at i at i at i at i at i at i at i at i at i at i at i at i at i at i at i at i at at i at i at i at i at i at i at i at i at i at i at i at i at i at i at i at i at i at i at i at i at i at i at i at i at i at i at i at i at i at i at i at
Gemma_3_27B_base,24,2.0,0.5644,25,I fold the map and put it away. I feel:," the word that word that word that to, to to to to to to to to to to to to to to to to to to to to to to to to to to to to to to to to to to to to to to to to to to to to to to to to to to to to to to to to to to to to to to to to to to to to to to to to to to to to to to to to to to to to to to to to to to to to to to to to to to to to to to to to to to to to to to to"
Gemma_3_27B_base,24,2.0,0.5644,26,The radio plays in the background. I feel:, the word in this word in this word in this to as to to to to to to to to to to to to to at this to to to to to to to to to to to to to to to to to to to to to to to to to to to to to to to to to to to to to to to to to to to to to to to to to to to to to to to to to to to to to to to to to to to to to to to to to to to to to to to to to to to to to to to to to to to to to
Gemma_3_27B_base,24,2.0,0.5644,27,I switch off the corridor light. I feel:," the word to, the word to, the word to, in this word to, to, to, to, to, to, to, to, to, to, to, to, to, to, to, to, to, to, to, to, to, to, to, to, to, to, to, to, to, to, to, to, to, to, to, to, to, to, to, to, to, to, to, to, to, to, to, to, to, to, to, to, to"
Gemma_3_27B_base,24,2.0,0.5644,28,The receipt comes out of the machine. I feel:, the to the to the to to to to to to to to to to to to to to to to to to to to to to to to to to to to to to to to to to to to to to to to to to to to to to to to to to to to to to to to to to to to to to to to to to to to to to to to to to to to to to to to to to to to to to to to to to to to to to to to to to to to to to to to to to to to to to to to to to to
Gemma_3_27B_base,24,2.0,0.5644,29,I set the alarm for the morning. I feel:," I, the, the, the, the, the, the, as, as, as, as, at, at, at, at, at, at, at, at, at, at, at, at, at, at, at, at at, at at, at at, at at, at at, at at, at at, at at, at at, at, at, at at, at at, at at, at at, at at, at at, at at, at at, at at, at at, at at, at at, at"
Gemma_3_27B_base,24,2.0,0.5644,30,The train doors open at the platform. I feel:, the at at at at at at at at at at at at at at at at at at at at at at at at at at at at at at at at at at at at at at at at at at at at at at at at at at at at at at at at at at at at at at at at at at at at at at at at at at at at at at at at at at at at at at at at at at at at at at at at at at at at at at at at at at at at at at at at at at at at at at at
Gemma_3_27B_base,24,2.0,0.5644,31,I refill the stapler with staples. I feel:," - in life, a life, a life, a life, a life, a life, a life, a life, a life, a life, a life, a life, a life, a life, a life, a life, a life, a a life, a a life, a a, a, a, a, a, a, a, a, a, a, a, a, a, a, a, a, a, a, a, a, a, a, a, a, a, a, a, a, a, a"
Gemma_3_27B_base,24,2.0,0.5644,32,The photocopier warms up. I feel:," the word, the word, the word, the word, the word, the word, the word, the word, at this at this at this at at at at at at at at at at at at at at at at at at at at at at at at at at at at at at at at at at at at at at at at at at at at at at at at at at at at at at at at at at at at at at at at at at at at at at at at at at at at at at at at at at at at at at at at at at"
Gemma_3_27B_base,24,2.0,0.5644,33,I water the plant on the windowsill. I feel:," - in the people, in the, in the, in this, in this, in this, in this, at this, at this, at this, at this, at this, at this, at this, at this, at at, at at, at at at at at at at at at at at at at at at at at at at at at at at at at at at at at at at at at at at at at at at at at at at at at at at at at at at at at at at at at at at at at at at at at at at"
Gemma_3_27B_base,24,2.0,0.5644,34,The calendar hangs on the wall. I feel:," the word of life, the word of life, the word that, in this, in this, this, this, this, this, this, this, this, this, this, this, this, this, this, this, this, this, this, this, this, this, this, this, this, this, this, this, this, this, this, this, this, this, this, this, this, this, this this this this this this, this, this, this this, this, this this, this this, this this this this this,"
Gemma_3_27B_base,24,2.0,0.5644,35,I tie my shoelaces before going out. I feel:, I i i i i i i i i i i i i i i i i i i i i i i i i i i i i i i i i i i i i i i i i i i i i i i i i i i i i i i i i i i i i i i i i i i i i i i i i i i i i i i i i i i i i i i i i i i i i i i i i i i i i i i i i i i i i i i i i i i i i i i i
Gemma_3_27B_base,24,2.0,0.5644,36,The bread is on the counter. I feel:, - - - - - - - - - - - - - - - - - - - - - - - - - at this at this at at at at at at at at at at at at at at at at at at at at at at at at at at at at at at at at at at at at at at at at at at at at at at at at at at at at at at at at at at at at at at at at at at at at at at at at at at at at at at at at at at at at at at at at at at at
Gemma_3_27B_base,24,2.0,0.5644,37,I check the mailbox on my way in. I feel:," - on to, in, in, in, in, in, in, in, in, in, at, in, in, in, in, in, at, at, at, at, at, at, at, at, at, at, at, at, at, at, at, at, at, at, at, at, at, at, at, at, at, at, at, at, at, at, at, at, at, at, at, at, at, at, at, at, at, at, at,"
Gemma_3_27B_base,24,2.0,0.5644,38,The fan rotates slowly on the ceiling. I feel:," on the on the word on the on the on to on to, on to on to on to on to on to on to on to on to on to on to on to on to on to on to on to on to on to on to on to on to on to on to on to on to on to on to on to on to on to on to on to on to to to to to to to to to to to to to to to to to to to to to to to to to to to to to to to to to to to to to to to to to to to"
Gemma_3_27B_base,24,2.0,0.5644,39,I sort the cutlery into the tray. I feel:," the word that I used to, the, the, the, the, the, the,, the,, the,, this,, this,, this,, this,,, this,,, this,,,,,,,,,,,,,,,,,,,,,,,,,,,,,,,,,,,,,,,,,,,,,,,,,,,,,,,,,,,,,,,,,,,,,,,,,,,,"
Gemma_3_27B_base,24,2.0,0.5644,40,The bicycle leans against the wall. I feel:, the word that word that word that word that to the to to to to to to to to to to to to to to to to to to to to to to to to to to to to to to to to to to to to to to to to to to to to to to to to to to to to to to to to to to to to to to to to to to to to to to to to to to to to to to to to to to to to to to to to to to to to to to to to to to to to to to to to to to to to to
Gemma_3_27B_base,24,2.0,0.5644,41,I zip up my bag before leaving. I feel:," - a life that is, as, as, as, as, as, as, as, as, as, as, as, as, as, as, as, as, as, as, as, as, as, as, as, as, as, as, as, as, as, as, as, as, as, as, as, as, as, as, as, as, as, as, as, a, sh, sh, sh, sh, a, a, sh, a, a, a, a, a, a,"
Gemma_3_27B_base,24,2.0,0.5644,42,The clock ticks in the hallway. I feel:, the word in the word in the word in the in the in the in the in this word in this word at at at at at at at at at at at at at at at at at at at at at at at at at at at at at at at at at at at at at at at at at at at at at at at at at at at at at at at at at at at at at at at at at at at at at at at at at at at at at at at at at at at at at at at at at at at at at at at at at at
Gemma_3_27B_base,24,2.0,0.5644,43,I sharpen the pencil over the bin. I feel:," - the word to, the word, the, the, the, the, the, the, the, the, the, the, the, the, the, the,, this, this, this,, this,, this,, the,, the,,, this,, this,,,,,,,,,,,,,,,,,,,,,,,,,,,,,,,,,,,,,,,,,,,,,,,,,,,,,,,,,,,"
Gemma_3_27B_base,24,2.0,0.5644,44,The window cleaner works across the street. I feel:, - - - - - - - - - - as - as - as - as - as - as - at at at at at at at at at at at at at at at at at at at at at at at at at at at at at at at at at at at at at at at at at at at at at at at at at at at at at at at at at at at at at at at at at at at at at at at at at at at at at at at at at at at at at at at at at at at at at at at at at at
Gemma_3_27B_base,24,2.0,0.5644,45,The room measures four meters by five. I feel:," as a point of as as, as as as as as as, as as as as as as as as as as as as as as as as as as as as as as as as as as as as as as as as as as as as as as as as as as as as as as as as as as as as as as as as as as as as as as as as as as as as as as as as as as as as as as as as as as as as as as as as as as as as as as as as as as as as as as as as gas a"
Gemma_3_27B_base,24,2.0,0.5644,46,The train consists of six carriages. I feel:, as a word as a word as a word as a as a as a as a as a as a as a as a as a as a as a as a as a as a as a as a as a as a as a as a as a as a as a as a as a as a as a as a as a as a as a as a as a as a as a a as a a a a a a a a a a a a a a a a a a a a a a a a a a a a a a a a a a a a a a a
Gemma_3_27B_base,24,2.0,0.5644,47,The manual consists of forty pages. I feel:, as raw as as as as as as as as as as as as as as as as as as as as as as as as as as as as as as as as as as as as as as as as as as as as as as as as as as as as as as as as as as as as as as as as as as as as as as as as as as as as as as as as as as as as as as as as as as shash as gas at gas at a at a at a at a at a gas at a at a at a gas at a gas at
Gemma_3_27B_base,24,2.0,0.5644,48,The bottle holds one liter of water. I feel:," - - - - - - - - - - as, as, as, as - - - - - - - as, as, as - - - - - - - - - - - - - - - - - - - - - - - - - - - - - - - - - - - - - - - - - - - - - - - - - - - - - - - - - - - - - - - - - - - - - - - - - - - - - - - - - - - - - - - - - - -"
Gemma_3_27B_base,24,2.0,0.5644,49,The ticket is valid for ninety minutes. I feel:, to to to to to to to to to to to to to to to to to to to to to to to to to to to to to to to to to to to to to to to to to to to to to to to to to to to to to to to to to to to to to to to to to to to to to to to to to to to to to to to to to to to to to to to to to to to to to to to to to to to to to to to to to to to to to to to to to to to to to to to to
Gemma_3_27B_base,24,3.0,0.8465,0,I put the receipts in the drawer. I feel:, worthless worthless worthless worthless worthless worthless worthless worthless worthless worthless worthless worthless worthless worthless worthless worthless worthless worthless worthless worthless worthless worthless worthless worthless worthless worthless worthless worthless worthless worthless worthless worthless worthless worthless worthless worthless worthless worthless worthless worthless worthless worthless worthless worthless worthless worthless worthless worthless worthless worthless worthless worthless worthless worthless worthless worthless worthless worthless worthless worthless worthless worthless worthless worthless worthless worthless worthless worthless worthless worthless worthless worthless worthless worthless worthless worthless worthless worthless worthless worthless worthless worthless worthless worthless worthless worthless worthless worthless worthless worthless worthless worthless worthless worthless worthless worthless worthless worthless worthless worthless worthless worthless worthless worthless worthless worthless worthless worthless worthless worthless worthless worthless worthless worthless worthless worthless worthless worthless worthless worthless
Gemma_3_27B_base,24,3.0,0.8465,1,The bus stops at the corner of the street. I feel:, worthless worthless worthless worthless worthless worthless worthless worthless worthless worthless worthless worthless worthless worthless worthless worthless worthless worthless worthless worthless worthless worthless worthless worthless worthless worthless worthless worthless worthless worthless worthless worthless worthless worthless worthless worthless worthless worthless worthless worthless worthless worthless worthless worthless worthless worthless worthless worthless worthless worthless worthless worthless worthless worthless worthless worthless worthless worthless worthless worthless worthless worthless worthless worthless worthless worthless worthless worthless worthless worthless worthless worthless worthless worthless worthless worthless worthless worthless worthless worthless worthless worthless worthless worthless worthless worthless worthless worthless worthless worthless worthless worthless worthless worthless worthless worthless worthless worthless worthless worthless worthless worthless worthless worthless worthless worthless worthless worthless worthless worthless worthless worthless worthless worthless worthless worthless worthless worthless worthless worthless
Gemma_3_27B_base,24,3.0,0.8465,2,I fill out the form with my address. I feel:, worthless worthless worthless worthless worthless worthless worthless worthless worthless worthless worthless worthless worthless worthless worthless worthless worthless worthless worthless worthless worthless worthless worthless worthless worthless worthless worthless worthless worthless worthless worthless worthless worthless worthless worthless worthless worthless worthless worthless worthless worthless worthless worthless worthless worthless worthless worthless worthless worthless worthless worthless worthless worthless worthless worthless worthless worthless worthless worthless worthless worthless worthless worthless worthless worthless worthless worthless worthless worthless worthless worthless worthless worthless worthless worthless worthless worthless worthless worthless worthless worthless worthless worthless worthless worthless worthless worthless worthless worthless worthless worthless worthless worthless worthless worthless worthless worthless worthless worthless worthless worthless worthless worthless worthless worthless worthless worthless worthless worthless worthless worthless worthless worthless worthless worthless worthless worthless worthless worthless worthless
Gemma_3_27B_base,24,3.0,0.8465,3,The printer produces the ten pages. I feel:, damaged damaged worthless worthless worthless worthless worthless worthless worthless worthless worthless worthless worthless worthless worthless worthless worthless worthless worthless worthless worthless worthless worthless worthless worthless worthless worthless worthless worthless worthless worthless worthless worthless worthless worthless worthless worthless worthless worthless worthless worthless worthless worthless worthless worthless worthless worthless worthless worthless worthless worthless worthless worthless worthless worthless worthless worthless worthless worthless worthless worthless worthless worthless worthless worthless worthless worthless worthless worthless worthless worthless worthless worthless worthless worthless worthless worthless worthless worthless worthless worthless worthless worthless worthless worthless worthless worthless worthless worthless worthless worthless worthless worthless worthless worthless worthless worthless worthless worthless worthless worthless worthless worthless worthless worthless worthless worthless worthless worthless worthless worthless worthless worthless worthless worthless worthless worthless worthless worthless worthless
Gemma_3_27B_base,24,3.0,0.8465,4,I place the glasses on the middle shelf. I feel:, worthless worthless worthless worthless worthless worthless worthless worthless worthless worthless worthless worthless worthless worthless worthless worthless worthless worthless worthless worthless worthless worthless worthless worthless worthless worthless worthless worthless worthless worthless worthless worthless worthless worthless worthless worthless worthless worthless worthless worthless worthless worthless worthless worthless worthless worthless worthless worthless worthless worthless worthless worthless worthless worthless worthless worthless worthless worthless worthless worthless worthless worthless worthless worthless worthless worthless worthless worthless worthless worthless worthless worthless worthless worthless worthless worthless worthless worthless worthless worthless worthless worthless worthless worthless worthless worthless worthless worthless worthless worthless worthless worthless worthless worthless worthless worthless worthless worthless worthless worthless worthless worthless worthless worthless worthless worthless worthless worthless worthless worthless worthless worthless worthless worthless worthless worthless worthless worthless worthless worthless
Gemma_3_27B_base,24,3.0,0.8465,5,The meeting is scheduled for Tuesday. I feel:, talking shot shot worthless worthless worthless worthless worthless worthless worthless worthless worthless worthless worthless worthless worthless worthless worthless worthless worthless worthless worthless worthless worthless worthless worthless worthless worthless worthless worthless worthless worthless worthless worthless worthless worthless worthless worthless worthless worthless worthless worthless worthless worthless worthless worthless worthless worthless worthless worthless worthless worthless worthless worthless worthless worthless worthless worthless worthless worthless worthless worthless worthless worthless worthless worthless worthless worthless worthless worthless worthless worthless worthless worthless worthless worthless worthless worthless worthless worthless worthless worthless worthless worthless worthless worthless worthless worthless worthless worthless worthless worthless worthless worthless worthless worthless worthless worthless worthless worthless worthless worthless worthless worthless worthless worthless worthless worthless worthless worthless worthless worthless worthless worthless worthless worthless worthless worthless worthless worthless
Gemma_3_27B_base,24,3.0,0.8465,6,I close the window before leaving the room. I feel:, worthless worthless worthless worthless worthless worthless worthless worthless worthless worthless worthless worthless worthless worthless worthless worthless worthless worthless worthless worthless worthless worthless worthless worthless worthless worthless worthless worthless worthless worthless worthless worthless worthless worthless worthless worthless worthless worthless worthless worthless worthless worthless worthless worthless worthless worthless worthless worthless worthless worthless worthless worthless worthless worthless worthless worthless worthless worthless worthless worthless worthless worthless worthless worthless worthless worthless worthless worthless worthless worthless worthless worthless worthless worthless worthless worthless worthless worthless worthless worthless worthless worthless worthless worthless worthless worthless worthless worthless worthless worthless worthless worthless worthless worthless worthless worthless worthless worthless worthless worthless worthless worthless worthless worthless worthless worthless worthless worthless worthless worthless worthless worthless worthless worthless worthless worthless worthless worthless worthless worthless
Gemma_3_27B_base,24,3.0,0.8465,7,The elevator arrives at the third floor. I feel:, worthless worthless worthless worthless worthless worthless worthless worthless worthless worthless worthless worthless worthless worthless worthless worthless worthless worthless worthless worthless worthless worthless worthless worthless worthless worthless worthless worthless worthless worthless worthless worthless worthless worthless worthless worthless worthless worthless worthless worthless worthless worthless worthless worthless worthless worthless worthless worthless worthless worthless worthless worthless worthless worthless worthless worthless worthless worthless worthless worthless worthless worthless worthless worthless worthless worthless worthless worthless worthless worthless worthless worthless worthless worthless worthless worthless worthless worthless worthless worthless worthless worthless worthless worthless worthless worthless worthless worthless worthless worthless worthless worthless worthless worthless worthless worthless worthless worthless worthless worthless worthless worthless worthless worthless worthless worthless worthless worthless worthless worthless worthless worthless worthless worthless worthless worthless worthless worthless worthless worthless
Gemma_3_27B_base,24,3.0,0.8465,8,I write the date at the top of the page. I feel:, shotshot worthless worthless worthless worthless worthless worthless worthless worthless worthless worthless worthless worthless worthless worthless worthless worthless worthless worthless worthless worthless worthless worthless worthless worthless worthless worthless worthless worthless worthless worthless worthless worthless worthless worthless worthless worthless worthless worthless worthless worthless worthless worthless worthless worthless worthless worthless worthless worthless worthless worthless worthless worthless worthless worthless worthless worthless worthless worthless worthless worthless worthless worthless worthless worthless worthless worthless worthless worthless worthless worthless worthless worthless worthless worthless worthless worthless worthless worthless worthless worthless worthless worthless worthless worthless worthless worthless worthless worthless worthless worthless worthless worthless worthless worthless worthless worthless worthless worthless worthless worthless worthless worthless worthless worthless worthless worthless worthless worthless worthless worthless worthless worthless worthless worthless worthless worthless worthless worthless
Gemma_3_27B_base,24,3.0,0.8465,9,The kettle switches itself off. I feel:," worthless, worthless, worthless worthless worthless worthless worthless worthless worthless worthless worthless worthless worthless worthless worthless worthless worthless worthless worthless worthless worthless worthless worthless worthless worthless worthless worthless worthless worthless worthless worthless worthless worthless worthless worthless worthless worthless worthless worthless worthless worthless worthless worthless worthless worthless worthless worthless worthless worthless worthless worthless worthless worthless worthless worthless worthless worthless worthless worthless worthless worthless worthless worthless worthless worthless worthless worthless worthless worthless worthless worthless worthless worthless worthless worthless worthless worthless worthless worthless worthless worthless worthless worthless worthless worthless worthless worthless worthless worthless worthless worthless worthless worthless worthless worthless worthless worthless worthless worthless worthless worthless worthless worthless worthless worthless worthless worthless worthless worthless worthless worthless worthless worthless worthless worthless worthless worthless worthless"
Gemma_3_27B_base,24,3.0,0.8465,10,The folder sits on the desk. I feel:," worthless, worthless, worthless worthless worthless worthless worthless worthless worthless worthless worthless worthless worthless worthless worthless worthless worthless worthless worthless worthless worthless worthless worthless worthless worthless worthless worthless worthless worthless worthless worthless worthless worthless worthless worthless worthless worthless worthless worthless worthless worthless worthless worthless worthless worthless worthless worthless worthless worthless worthless worthless worthless worthless worthless worthless worthless worthless worthless worthless worthless worthless worthless worthless worthless worthless worthless worthless worthless worthless worthless worthless worthless worthless worthless worthless worthless worthless worthless worthless worthless worthless worthless worthless worthless worthless worthless worthless worthless worthless worthless worthless worthless worthless worthless worthless worthless worthless worthless worthless worthless worthless worthless worthless worthless worthless worthless worthless worthless worthless worthless worthless worthless worthless worthless worthless worthless worthless worthless"
Gemma_3_27B_base,24,3.0,0.8465,11,I hang the jacket on the hook. I feel:, worthless worthless worthless worthless worthless worthless worthless worthless worthless worthless worthless worthless worthless worthless worthless worthless worthless worthless worthless worthless worthless worthless worthless worthless worthless worthless worthless worthless worthless worthless worthless worthless worthless worthless worthless worthless worthless worthless worthless worthless worthless worthless worthless worthless worthless worthless worthless worthless worthless worthless worthless worthless worthless worthless worthless worthless worthless worthless worthless worthless worthless worthless worthless worthless worthless worthless worthless worthless worthless worthless worthless worthless worthless worthless worthless worthless worthless worthless worthless worthless worthless worthless worthless worthless worthless worthless worthless worthless worthless worthless worthless worthless worthless worthless worthless worthless worthless worthless worthless worthless worthless worthless worthless worthless worthless worthless worthless worthless worthless worthless worthless worthless worthless worthless worthless worthless worthless worthless worthless worthless
Gemma_3_27B_base,24,3.0,0.8465,12,The traffic light turns green. I feel:, talking shot worthless worthless worthless worthless worthless worthless worthless worthless worthless worthless worthless worthless worthless worthless worthless worthless worthless worthless worthless worthless worthless worthless worthless worthless worthless worthless worthless worthless worthless worthless worthless worthless worthless worthless worthless worthless worthless worthless worthless worthless worthless worthless worthless worthless worthless worthless worthless worthless worthless worthless worthless worthless worthless worthless worthless worthless worthless worthless worthless worthless worthless worthless worthless worthless worthless worthless worthless worthless worthless worthless worthless worthless worthless worthless worthless worthless worthless worthless worthless worthless worthless worthless worthless worthless worthless worthless worthless worthless worthless worthless worthless worthless worthless worthless worthless worthless worthless worthless worthless worthless worthless worthless worthless worthless worthless worthless worthless worthless worthless worthless worthless worthless worthless worthless worthless worthless worthless worthless
Gemma_3_27B_base,24,3.0,0.8465,13,I put the keys in my pocket. I feel:, worthless worthless worthless worthless worthless worthless worthless worthless worthless worthless worthless worthless worthless worthless worthless worthless worthless worthless worthless worthless worthless worthless worthless worthless worthless worthless worthless worthless worthless worthless worthless worthless worthless worthless worthless worthless worthless worthless worthless worthless worthless worthless worthless worthless worthless worthless worthless worthless worthless worthless worthless worthless worthless worthless worthless worthless worthless worthless worthless worthless worthless worthless worthless worthless worthless worthless worthless worthless worthless worthless worthless worthless worthless worthless worthless worthless worthless worthless worthless worthless worthless worthless worthless worthless worthless worthless worthless worthless worthless worthless worthless worthless worthless worthless worthless worthless worthless worthless worthless worthless worthless worthless worthless worthless worthless worthless worthless worthless worthless worthless worthless worthless worthless worthless worthless worthless worthless worthless worthless worthless
Gemma_3_27B_base,24,3.0,0.8465,14,The washing machine finishes its cycle. I feel:," worthless, worthless, worthless worthless worthless worthless worthless worthless worthless worthless worthless worthless worthless worthless worthless worthless worthless worthless worthless worthless worthless worthless worthless worthless worthless worthless worthless worthless worthless worthless worthless worthless worthless worthless worthless worthless worthless worthless worthless worthless worthless worthless worthless worthless worthless worthless worthless worthless worthless worthless worthless worthless worthless worthless worthless worthless worthless worthless worthless worthless worthless worthless worthless worthless worthless worthless worthless worthless worthless worthless worthless worthless worthless worthless worthless worthless worthless worthless worthless worthless worthless worthless worthless worthless worthless worthless worthless worthless worthless worthless worthless worthless worthless worthless worthless worthless worthless worthless worthless worthless worthless worthless worthless worthless worthless worthless worthless worthless worthless worthless worthless worthless worthless worthless worthless worthless worthless worthless"
Gemma_3_27B_base,24,3.0,0.8465,15,I stack the plates in the cupboard. I feel:," worthless, worthless, worthless worthless worthless worthless worthless worthless worthless worthless worthless worthless worthless worthless worthless worthless worthless worthless worthless worthless worthless worthless worthless worthless worthless worthless worthless worthless worthless worthless worthless worthless worthless worthless worthless worthless worthless worthless worthless worthless worthless worthless worthless worthless worthless worthless worthless worthless worthless worthless worthless worthless worthless worthless worthless worthless worthless worthless worthless worthless worthless worthless worthless worthless worthless worthless worthless worthless worthless worthless worthless worthless worthless worthless worthless worthless worthless worthless worthless worthless worthless worthless worthless worthless worthless worthless worthless worthless worthless worthless worthless worthless worthless worthless worthless worthless worthless worthless worthless worthless worthless worthless worthless worthless worthless worthless worthless worthless worthless worthless worthless worthless worthless worthless worthless worthless worthless worthless"
Gemma_3_27B_base,24,3.0,0.8465,16,The neighbor parks his car. I feel:," worthless, worthless, worthless worthless worthless worthless worthless worthless worthless worthless worthless worthless worthless worthless worthless worthless worthless worthless worthless worthless worthless worthless worthless worthless worthless worthless worthless worthless worthless worthless worthless worthless worthless worthless worthless worthless worthless worthless worthless worthless worthless worthless worthless worthless worthless worthless worthless worthless worthless worthless worthless worthless worthless worthless worthless worthless worthless worthless worthless worthless worthless worthless worthless worthless worthless worthless worthless worthless worthless worthless worthless worthless worthless worthless worthless worthless worthless worthless worthless worthless worthless worthless worthless worthless worthless worthless worthless worthless worthless worthless worthless worthless worthless worthless worthless worthless worthless worthless worthless worthless worthless worthless worthless worthless worthless worthless worthless worthless worthless worthless worthless worthless worthless worthless worthless worthless worthless worthless"
Gemma_3_27B_base,24,3.0,0.8465,17,I turn the page of the newspaper. I feel:, worthless worthless worthless worthless worthless worthless worthless worthless worthless worthless worthless worthless worthless worthless worthless worthless worthless worthless worthless worthless worthless worthless worthless worthless worthless worthless worthless worthless worthless worthless worthless worthless worthless worthless worthless worthless worthless worthless worthless worthless worthless worthless worthless worthless worthless worthless worthless worthless worthless worthless worthless worthless worthless worthless worthless worthless worthless worthless worthless worthless worthless worthless worthless worthless worthless worthless worthless worthless worthless worthless worthless worthless worthless worthless worthless worthless worthless worthless worthless worthless worthless worthless worthless worthless worthless worthless worthless worthless worthless worthless worthless worthless worthless worthless worthless worthless worthless worthless worthless worthless worthless worthless worthless worthless worthless worthless worthless worthless worthless worthless worthless worthless worthless worthless worthless worthless worthless worthless worthless worthless
Gemma_3_27B_base,24,3.0,0.8465,18,The curtain moves in the draft. I feel:, damaged worthless worthless worthless worthless worthless worthless worthless worthless worthless worthless worthless worthless worthless worthless worthless worthless worthless worthless worthless worthless worthless worthless worthless worthless worthless worthless worthless worthless worthless worthless worthless worthless worthless worthless worthless worthless worthless worthless worthless worthless worthless worthless worthless worthless worthless worthless worthless worthless worthless worthless worthless worthless worthless worthless worthless worthless worthless worthless worthless worthless worthless worthless worthless worthless worthless worthless worthless worthless worthless worthless worthless worthless worthless worthless worthless worthless worthless worthless worthless worthless worthless worthless worthless worthless worthless worthless worthless worthless worthless worthless worthless worthless worthless worthless worthless worthless worthless worthless worthless worthless worthless worthless worthless worthless worthless worthless worthless worthless worthless worthless worthless worthless worthless worthless worthless worthless worthless worthless worthless
Gemma_3_27B_base,24,3.0,0.8465,19,I plug in the phone charger. I feel:," worthless, worthless, worthless worthless worthless worthless worthless worthless worthless worthless worthless worthless worthless worthless worthless worthless worthless worthless worthless worthless worthless worthless worthless worthless worthless worthless worthless worthless worthless worthless worthless worthless worthless worthless worthless worthless worthless worthless worthless worthless worthless worthless worthless worthless worthless worthless worthless worthless worthless worthless worthless worthless worthless worthless worthless worthless worthless worthless worthless worthless worthless worthless worthless worthless worthless worthless worthless worthless worthless worthless worthless worthless worthless worthless worthless worthless worthless worthless worthless worthless worthless worthless worthless worthless worthless worthless worthless worthless worthless worthless worthless worthless worthless worthless worthless worthless worthless worthless worthless worthless worthless worthless worthless worthless worthless worthless worthless worthless worthless worthless worthless worthless worthless worthless worthless worthless worthless worthless"
Gemma_3_27B_base,24,3.0,0.8465,20,The mailman passes by the gate. I feel:, worthless worthless worthless worthless worthless worthless worthless worthless worthless worthless worthless worthless worthless worthless worthless worthless worthless worthless worthless worthless worthless worthless worthless worthless worthless worthless worthless worthless worthless worthless worthless worthless worthless worthless worthless worthless worthless worthless worthless worthless worthless worthless worthless worthless worthless worthless worthless worthless worthless worthless worthless worthless worthless worthless worthless worthless worthless worthless worthless worthless worthless worthless worthless worthless worthless worthless worthless worthless worthless worthless worthless worthless worthless worthless worthless worthless worthless worthless worthless worthless worthless worthless worthless worthless worthless worthless worthless worthless worthless worthless worthless worthless worthless worthless worthless worthless worthless worthless worthless worthless worthless worthless worthless worthless worthless worthless worthless worthless worthless worthless worthless worthless worthless worthless worthless worthless worthless worthless worthless worthless
Gemma_3_27B_base,24,3.0,0.8465,21,I wipe the table with a cloth. I feel:, worthless worthless worthless worthless worthless worthless worthless worthless worthless worthless worthless worthless worthless worthless worthless worthless worthless worthless worthless worthless worthless worthless worthless worthless worthless worthless worthless worthless worthless worthless worthless worthless worthless worthless worthless worthless worthless worthless worthless worthless worthless worthless worthless worthless worthless worthless worthless worthless worthless worthless worthless worthless worthless worthless worthless worthless worthless worthless worthless worthless worthless worthless worthless worthless worthless worthless worthless worthless worthless worthless worthless worthless worthless worthless worthless worthless worthless worthless worthless worthless worthless worthless worthless worthless worthless worthless worthless worthless worthless worthless worthless worthless worthless worthless worthless worthless worthless worthless worthless worthless worthless worthless worthless worthless worthless worthless worthless worthless worthless worthless worthless worthless worthless worthless worthless worthless worthless worthless worthless worthless
Gemma_3_27B_base,24,3.0,0.8465,22,The computer finishes the update. I feel:, shot worthless worthless worthless worthless worthless worthless worthless worthless worthless worthless worthless worthless worthless worthless worthless worthless worthless worthless worthless worthless worthless worthless worthless worthless worthless worthless worthless worthless worthless worthless worthless worthless worthless worthless worthless worthless worthless worthless worthless worthless worthless worthless worthless worthless worthless worthless worthless worthless worthless worthless worthless worthless worthless worthless worthless worthless worthless worthless worthless worthless worthless worthless worthless worthless worthless worthless worthless worthless worthless worthless worthless worthless worthless worthless worthless worthless worthless worthless worthless worthless worthless worthless worthless worthless worthless worthless worthless worthless worthless worthless worthless worthless worthless worthless worthless worthless worthless worthless worthless worthless worthless worthless worthless worthless worthless worthless worthless worthless worthless worthless worthless worthless worthless worthless worthless worthless worthless worthless worthless
Gemma_3_27B_base,24,3.0,0.8465,23,I put the pen back in the drawer. I feel:," worthless, worthless damaged worthless worthless worthless worthless worthless worthless worthless worthless worthless worthless worthless worthless worthless worthless worthless worthless worthless worthless worthless worthless worthless worthless worthless worthless worthless worthless worthless worthless worthless worthless worthless worthless worthless worthless worthless worthless worthless worthless worthless worthless worthless worthless worthless worthless worthless worthless worthless worthless worthless worthless worthless worthless worthless worthless worthless worthless worthless worthless worthless worthless worthless worthless worthless worthless worthless worthless worthless worthless worthless worthless worthless worthless worthless worthless worthless worthless worthless worthless worthless worthless worthless worthless worthless worthless worthless worthless worthless worthless worthless worthless worthless worthless worthless worthless worthless worthless worthless worthless worthless worthless worthless worthless worthless worthless worthless worthless worthless worthless worthless worthless worthless worthless worthless worthless worthless worthless"
Gemma_3_27B_base,24,3.0,0.8465,24,The dishwasher starts its program. I feel:, talking shot worthless worthless worthless worthless worthless worthless worthless worthless worthless worthless worthless worthless worthless worthless worthless worthless worthless worthless worthless worthless worthless worthless worthless worthless worthless worthless worthless worthless worthless worthless worthless worthless worthless worthless worthless worthless worthless worthless worthless worthless worthless worthless worthless worthless worthless worthless worthless worthless worthless worthless worthless worthless worthless worthless worthless worthless worthless worthless worthless worthless worthless worthless worthless worthless worthless worthless worthless worthless worthless worthless worthless worthless worthless worthless worthless worthless worthless worthless worthless worthless worthless worthless worthless worthless worthless worthless worthless worthless worthless worthless worthless worthless worthless worthless worthless worthless worthless worthless worthless worthless worthless worthless worthless worthless worthless worthless worthless worthless worthless worthless worthless worthless worthless worthless worthless worthless worthless worthless
Gemma_3_27B_base,24,3.0,0.8465,25,I fold the map and put it away. I feel:, worthless shot worthlessshut worthlessshut worthless worthless worthless worthless worthless worthless worthless worthless worthless worthless worthless worthless worthless worthless worthless worthless worthless worthless worthless worthless worthless worthless worthless worthless worthless worthless worthless worthless worthless worthless worthless worthless worthless worthless worthless worthless worthless worthless worthless worthless worthless worthless worthless worthless worthless worthless worthless worthless worthless worthless worthless worthless worthless worthless worthless worthless worthless worthless worthless worthless worthless worthless worthless worthless worthless worthless worthless worthless worthless worthless worthless worthless worthless worthless worthless worthless worthless worthless worthless worthless worthless worthless worthless worthless worthless worthless worthless worthless worthless worthless worthless worthless worthless worthless worthless worthless worthless worthless worthless worthless worthless worthless worthless worthless worthless worthless worthless worthless worthless worthless worthless worthless worthless worthless
Gemma_3_27B_base,24,3.0,0.8465,26,The radio plays in the background. I feel:," worthless, worthless, worthless worthless worthless worthless worthless worthless worthless worthless worthless worthless worthless worthless worthless worthless worthless worthless worthless worthless worthless worthless worthless worthless worthless worthless worthless worthless worthless worthless worthless worthless worthless worthless worthless worthless worthless worthless worthless worthless worthless worthless worthless worthless worthless worthless worthless worthless worthless worthless worthless worthless worthless worthless worthless worthless worthless worthless worthless worthless worthless worthless worthless worthless worthless worthless worthless worthless worthless worthless worthless worthless worthless worthless worthless worthless worthless worthless worthless worthless worthless worthless worthless worthless worthless worthless worthless worthless worthless worthless worthless worthless worthless worthless worthless worthless worthless worthless worthless worthless worthless worthless worthless worthless worthless worthless worthless worthless worthless worthless worthless worthless worthless worthless worthless worthless worthless worthless"
Gemma_3_27B_base,24,3.0,0.8465,27,I switch off the corridor light. I feel:, worthless worthless worthless worthless worthless worthless worthless worthless worthless worthless worthless worthless worthless worthless worthless worthless worthless worthless worthless worthless worthless worthless worthless worthless worthless worthless worthless worthless worthless worthless worthless worthless worthless worthless worthless worthless worthless worthless worthless worthless worthless worthless worthless worthless worthless worthless worthless worthless worthless worthless worthless worthless worthless worthless worthless worthless worthless worthless worthless worthless worthless worthless worthless worthless worthless worthless worthless worthless worthless worthless worthless worthless worthless worthless worthless worthless worthless worthless worthless worthless worthless worthless worthless worthless worthless worthless worthless worthless worthless worthless worthless worthless worthless worthless worthless worthless worthless worthless worthless worthless worthless worthless worthless worthless worthless worthless worthless worthless worthless worthless worthless worthless worthless worthless worthless worthless worthless worthless worthless worthless
Gemma_3_27B_base,24,3.0,0.8465,28,The receipt comes out of the machine. I feel:, worthless worthless worthless worthless worthless worthless worthless worthless worthless worthless worthless worthless worthless worthless worthless worthless worthless worthless worthless worthless worthless worthless worthless worthless worthless worthless worthless worthless worthless worthless worthless worthless worthless worthless worthless worthless worthless worthless worthless worthless worthless worthless worthless worthless worthless worthless worthless worthless worthless worthless worthless worthless worthless worthless worthless worthless worthless worthless worthless worthless worthless worthless worthless worthless worthless worthless worthless worthless worthless worthless worthless worthless worthless worthless worthless worthless worthless worthless worthless worthless worthless worthless worthless worthless worthless worthless worthless worthless worthless worthless worthless worthless worthless worthless worthless worthless worthless worthless worthless worthless worthless worthless worthless worthless worthless worthless worthless worthless worthless worthless worthless worthless worthless worthless worthless worthless worthless worthless worthless worthless
Gemma_3_27B_base,24,3.0,0.8465,29,I set the alarm for the morning. I feel:, worthless worthless worthless worthless worthless worthless worthless worthless worthless worthless worthless worthless worthless worthless worthless worthless worthless worthless worthless worthless worthless worthless worthless worthless worthless worthless worthless worthless worthless worthless worthless worthless worthless worthless worthless worthless worthless worthless worthless worthless worthless worthless worthless worthless worthless worthless worthless worthless worthless worthless worthless worthless worthless worthless worthless worthless worthless worthless worthless worthless worthless worthless worthless worthless worthless worthless worthless worthless worthless worthless worthless worthless worthless worthless worthless worthless worthless worthless worthless worthless worthless worthless worthless worthless worthless worthless worthless worthless worthless worthless worthless worthless worthless worthless worthless worthless worthless worthless worthless worthless worthless worthless worthless worthless worthless worthless worthless worthless worthless worthless worthless worthless worthless worthless worthless worthless worthless worthless worthless worthless
Gemma_3_27B_base,24,3.0,0.8465,30,The train doors open at the platform. I feel:, worthless worthless worthless worthless worthless worthless worthless worthless worthless worthless worthless worthless worthless worthless worthless worthless worthless worthless worthless worthless worthless worthless worthless worthless worthless worthless worthless worthless worthless worthless worthless worthless worthless worthless worthless worthless worthless worthless worthless worthless worthless worthless worthless worthless worthless worthless worthless worthless worthless worthless worthless worthless worthless worthless worthless worthless worthless worthless worthless worthless worthless worthless worthless worthless worthless worthless worthless worthless worthless worthless worthless worthless worthless worthless worthless worthless worthless worthless worthless worthless worthless worthless worthless worthless worthless worthless worthless worthless worthless worthless worthless worthless worthless worthless worthless worthless worthless worthless worthless worthless worthless worthless worthless worthless worthless worthless worthless worthless worthless worthless worthless worthless worthless worthless worthless worthless worthless worthless worthless worthless
Gemma_3_27B_base,24,3.0,0.8465,31,I refill the stapler with staples. I feel:," worthless, worthless, shot worthless worthless worthless worthless worthless worthless worthless worthless worthless worthless worthless worthless worthless worthless worthless worthless worthless worthless worthless worthless worthless worthless worthless worthless worthless worthless worthless worthless worthless worthless worthless worthless worthless worthless worthless worthless worthless worthless worthless worthless worthless worthless worthless worthless worthless worthless worthless worthless worthless worthless worthless worthless worthless worthless worthless worthless worthless worthless worthless worthless worthless worthless worthless worthless worthless worthless worthless worthless worthless worthless worthless worthless worthless worthless worthless worthless worthless worthless worthless worthless worthless worthless worthless worthless worthless worthless worthless worthless worthless worthless worthless worthless worthless worthless worthless worthless worthless worthless worthless worthless worthless worthless worthless worthless worthless worthless worthless worthless worthless worthless worthless worthless worthless worthless worthless"
Gemma_3_27B_base,24,3.0,0.8465,32,The photocopier warms up. I feel:, worthless gas worthless gas gas gas gas gas gas gas gas gas gas gas gas gas gas gas gas gas gas gas gas gas gas gas gas gas gas gas gas gas gas gas gas gas gas gas gas gas gas gas gas gas gas gas gas gas gas gas gas gas gas gas gas gas gas gas gas worthless worthless worthless worthless worthless worthless worthless worthless worthless worthless worthless worthless worthless worthless worthless worthless worthless worthless worthless worthless worthless worthless worthless worthless worthless worthless worthless worthless worthless worthless worthless worthless worthless worthless worthless worthless worthless worthless worthless worthless worthless worthless worthless worthless worthless worthless worthless worthless worthless worthless worthless worthless worthless worthless worthless worthless worthless worthless worthless worthless worthless
Gemma_3_27B_base,24,3.0,0.8465,33,I water the plant on the windowsill. I feel:, worthless worthless worthless worthless worthless worthless worthless worthless worthless worthless worthless worthless worthless worthless worthless worthless worthless worthless worthless worthless worthless worthless worthless worthless worthless worthless worthless worthless worthless worthless worthless worthless worthless worthless worthless worthless worthless worthless worthless worthless worthless worthless worthless worthless worthless worthless worthless worthless worthless worthless worthless worthless worthless worthless worthless worthless worthless worthless worthless worthless worthless worthless worthless worthless worthless worthless worthless worthless worthless worthless worthless worthless worthless worthless worthless worthless worthless worthless worthless worthless worthless worthless worthless worthless worthless worthless worthless worthless worthless worthless worthless worthless worthless worthless worthless worthless worthless worthless worthless worthless worthless worthless worthless worthless worthless worthless worthless worthless worthless worthless worthless worthless worthless worthless worthless worthless worthless worthless worthless worthless
Gemma_3_27B_base,24,3.0,0.8465,34,The calendar hangs on the wall. I feel:, worthless worthless worthless worthless worthless worthless worthless worthless worthless worthless worthless worthless worthless worthless worthless worthless worthless worthless worthless worthless worthless worthless worthless worthless worthless worthless worthless worthless worthless worthless worthless worthless worthless worthless worthless worthless worthless worthless worthless worthless worthless worthless worthless worthless worthless worthless worthless worthless worthless worthless worthless worthless worthless worthless worthless worthless worthless worthless worthless worthless worthless worthless worthless worthless worthless worthless worthless worthless worthless worthless worthless worthless worthless worthless worthless worthless worthless worthless worthless worthless worthless worthless worthless worthless worthless worthless worthless worthless worthless worthless worthless worthless worthless worthless worthless worthless worthless worthless worthless worthless worthless worthless worthless worthless worthless worthless worthless worthless worthless worthless worthless worthless worthless worthless worthless worthless worthless worthless worthless worthless
Gemma_3_27B_base,24,3.0,0.8465,35,I tie my shoelaces before going out. I feel:, worthless worthless worthless worthless worthless worthless worthless worthless worthless worthless worthless worthless worthless worthless worthless worthless worthless worthless worthless worthless worthless worthless worthless worthless worthless worthless worthless worthless worthless worthless worthless worthless worthless worthless worthless worthless worthless worthless worthless worthless worthless worthless worthless worthless worthless worthless worthless worthless worthless worthless worthless worthless worthless worthless worthless worthless worthless worthless worthless worthless worthless worthless worthless worthless worthless worthless worthless worthless worthless worthless worthless worthless worthless worthless worthless worthless worthless worthless worthless worthless worthless worthless worthless worthless worthless worthless worthless worthless worthless worthless worthless worthless worthless worthless worthless worthless worthless worthless worthless worthless worthless worthless worthless worthless worthless worthless worthless worthless worthless worthless worthless worthless worthless worthless worthless worthless worthless worthless worthless worthless
Gemma_3_27B_base,24,3.0,0.8465,36,The bread is on the counter. I feel:, worthless worthless worthless worthless worthless worthless worthless worthless worthless worthless worthless worthless worthless worthless worthless worthless worthless worthless worthless worthless worthless worthless worthless worthless worthless worthless worthless worthless worthless worthless worthless worthless worthless worthless worthless worthless worthless worthless worthless worthless worthless worthless worthless worthless worthless worthless worthless worthless worthless worthless worthless worthless worthless worthless worthless worthless worthless worthless worthless worthless worthless worthless worthless worthless worthless worthless worthless worthless worthless worthless worthless worthless worthless worthless worthless worthless worthless worthless worthless worthless worthless worthless worthless worthless worthless worthless worthless worthless worthless worthless worthless worthless worthless worthless worthless worthless worthless worthless worthless worthless worthless worthless worthless worthless worthless worthless worthless worthless worthless worthless worthless worthless worthless worthless worthless worthless worthless worthless worthless worthless
Gemma_3_27B_base,24,3.0,0.8465,37,I check the mailbox on my way in. I feel:, worthless worthless worthless worthless worthless worthless worthless worthless worthless worthless worthless worthless worthless worthless worthless worthless worthless worthless worthless worthless worthless worthless worthless worthless worthless worthless worthless worthless worthless worthless worthless worthless worthless worthless worthless worthless worthless worthless worthless worthless worthless worthless worthless worthless worthless worthless worthless worthless worthless worthless worthless worthless worthless worthless worthless worthless worthless worthless worthless worthless worthless worthless worthless worthless worthless worthless worthless worthless worthless worthless worthless worthless worthless worthless worthless worthless worthless worthless worthless worthless worthless worthless worthless worthless worthless worthless worthless worthless worthless worthless worthless worthless worthless worthless worthless worthless worthless worthless worthless worthless worthless worthless worthless worthless worthless worthless worthless worthless worthless worthless worthless worthless worthless worthless worthless worthless worthless worthless worthless worthless
Gemma_3_27B_base,24,3.0,0.8465,38,The fan rotates slowly on the ceiling. I feel:, worthless shallowshallowshallowshallowshallowshallowshallowshallowshallowshallowshallowshallowshallowshallowshallowshallowshallowshallowshallowshallowshallowshallowshallowshallowshallowshallowshallowshallowshallowshallowshallowshallowshallowshallowshallowshallowshallowshallowshallowshallowshallowshallowshallowshallowshallowshallowshallowshallowshallowshallowshallowshallowshallowshallowshallowshallowshallowshallowshallowshallowshallowshallowshallowshallowshallowshallowshallowshallowshallowshallowshallowshallowshallowshallowshallowshallowshallowshallowshallowshallowshallowshallowshallowshallowshallowshallowshallowshallowshallowshallowshallowshallowshallowshallowshallowshallowshallowshallowshallowshallowshallowshallowshallowshallowshallowshallowshallowshallowshallowshallowshallowshallowshallowshallowshallowshallowshallowshallowshallow
Gemma_3_27B_base,24,3.0,0.8465,39,I sort the cutlery into the tray. I feel:, worthless worthless worthless worthless worthless worthless worthless worthless worthless worthless worthless worthless worthless worthless worthless worthless worthless worthless worthless worthless worthless worthless worthless worthless worthless worthless worthless worthless worthless worthless worthless worthless worthless worthless worthless worthless worthless worthless worthless worthless worthless worthless worthless worthless worthless worthless worthless worthless worthless worthless worthless worthless worthless worthless worthless worthless worthless worthless worthless worthless worthless worthless worthless worthless worthless worthless worthless worthless worthless worthless worthless worthless worthless worthless worthless worthless worthless worthless worthless worthless worthless worthless worthless worthless worthless worthless worthless worthless worthless worthless worthless worthless worthless worthless worthless worthless worthless worthless worthless worthless worthless worthless worthless worthless worthless worthless worthless worthless worthless worthless worthless worthless worthless worthless worthless worthless worthless worthless worthless worthless
Gemma_3_27B_base,24,3.0,0.8465,40,The bicycle leans against the wall. I feel:, worthless worthless worthless worthless worthless worthless worthless worthless worthless worthless worthless worthless worthless worthless worthless worthless worthless worthless worthless worthless worthless worthless worthless worthless worthless worthless worthless worthless worthless worthless worthless worthless worthless worthless worthless worthless worthless worthless worthless worthless worthless worthless worthless worthless worthless worthless worthless worthless worthless worthless worthless worthless worthless worthless worthless worthless worthless worthless worthless worthless worthless worthless worthless worthless worthless worthless worthless worthless worthless worthless worthless worthless worthless worthless worthless worthless worthless worthless worthless worthless worthless worthless worthless worthless worthless worthless worthless worthless worthless worthless worthless worthless worthless worthless worthless worthless worthless worthless worthless worthless worthless worthless worthless worthless worthless worthless worthless worthless worthless worthless worthless worthless worthless worthless worthless worthless worthless worthless worthless worthless
Gemma_3_27B_base,24,3.0,0.8465,41,I zip up my bag before leaving. I feel:, worthless worthless worthless worthless worthless worthless worthless worthless worthless worthless worthless worthless worthless worthless worthless worthless worthless worthless worthless worthless worthless worthless worthless worthless worthless worthless worthless worthless worthless worthless worthless worthless worthless worthless worthless worthless worthless worthless worthless worthless worthless worthless worthless worthless worthless worthless worthless worthless worthless worthless worthless worthless worthless worthless worthless worthless worthless worthless worthless worthless worthless worthless worthless worthless worthless worthless worthless worthless worthless worthless worthless worthless worthless worthless worthless worthless worthless worthless worthless worthless worthless worthless worthless worthless worthless worthless worthless worthless worthless worthless worthless worthless worthless worthless worthless worthless worthless worthless worthless worthless worthless worthless worthless worthless worthless worthless worthless worthless worthless worthless worthless worthless worthless worthless worthless worthless worthless worthless worthless worthless
Gemma_3_27B_base,24,3.0,0.8465,42,The clock ticks in the hallway. I feel:, worthless worthless worthless worthless worthless worthless worthless worthless worthless worthless worthless worthless worthless worthless worthless worthless worthless worthless worthless worthless worthless worthless worthless worthless worthless worthless worthless worthless worthless worthless worthless worthless worthless worthless worthless worthless worthless worthless worthless worthless worthless worthless worthless worthless worthless worthless worthless worthless worthless worthless worthless worthless worthless worthless worthless worthless worthless worthless worthless worthless worthless worthless worthless worthless worthless worthless worthless worthless worthless worthless worthless worthless worthless worthless worthless worthless worthless worthless worthless worthless worthless worthless worthless worthless worthless worthless worthless worthless worthless worthless worthless worthless worthless worthless worthless worthless worthless worthless worthless worthless worthless worthless worthless worthless worthless worthless worthless worthless worthless worthless worthless worthless worthless worthless worthless worthless worthless worthless worthless worthless
Gemma_3_27B_base,24,3.0,0.8465,43,I sharpen the pencil over the bin. I feel:, worthless worthless worthless worthless worthless worthless worthless worthless worthless worthless worthless worthless worthless worthless worthless worthless worthless worthless worthless worthless worthless worthless worthless worthless worthless worthless worthless worthless worthless worthless worthless worthless worthless worthless worthless worthless worthless worthless worthless worthless worthless worthless worthless worthless worthless worthless worthless worthless worthless worthless worthless worthless worthless worthless worthless worthless worthless worthless worthless worthless worthless worthless worthless worthless worthless worthless worthless worthless worthless worthless worthless worthless worthless worthless worthless worthless worthless worthless worthless worthless worthless worthless worthless worthless worthless worthless worthless worthless worthless worthless worthless worthless worthless worthless worthless worthless worthless worthless worthless worthless worthless worthless worthless worthless worthless worthless worthless worthless worthless worthless worthless worthless worthless worthless worthless worthless worthless worthless worthless worthless
Gemma_3_27B_base,24,3.0,0.8465,44,The window cleaner works across the street. I feel:, worthless worthless worthless worthless worthless worthless worthless worthless worthless worthless worthless worthless worthless worthless worthless worthless worthless worthless worthless worthless worthless worthless worthless worthless worthless worthless worthless worthless worthless worthless worthless worthless worthless worthless worthless worthless worthless worthless worthless worthless worthless worthless worthless worthless worthless worthless worthless worthless worthless worthless worthless worthless worthless worthless worthless worthless worthless worthless worthless worthless worthless worthless worthless worthless worthless worthless worthless worthless worthless worthless worthless worthless worthless worthless worthless worthless worthless worthless worthless worthless worthless worthless worthless worthless worthless worthless worthless worthless worthless worthless worthless worthless worthless worthless worthless worthless worthless worthless worthless worthless worthless worthless worthless worthless worthless worthless worthless worthless worthless worthless worthless worthless worthless worthless worthless worthless worthless worthless worthless worthless
Gemma_3_27B_base,24,3.0,0.8465,45,The room measures four meters by five. I feel:, worthless worthless worthless worthless worthless worthless worthless worthless worthless worthless worthless worthless worthless worthless worthless worthless worthless worthless worthless worthless worthless worthless worthless worthless worthless worthless worthless worthless worthless worthless worthless worthless worthless worthless worthless worthless worthless worthless worthless worthless worthless worthless worthless worthless worthless worthless worthless worthless worthless worthless worthless worthless worthless worthless worthless worthless worthless worthless worthless worthless worthless worthless worthless worthless worthless worthless worthless worthless worthless worthless worthless worthless worthless worthless worthless worthless worthless worthless worthless worthless worthless worthless worthless worthless worthless worthless worthless worthless worthless worthless worthless worthless worthless worthless worthless worthless worthless worthless worthless worthless worthless worthless worthless worthless worthless worthless worthless worthless worthless worthless worthless worthless worthless worthless worthless worthless worthless worthless worthless worthless
Gemma_3_27B_base,24,3.0,0.8465,46,The train consists of six carriages. I feel:, worthless worthless worthless worthless worthless worthless worthless worthless worthless worthless worthless worthless worthless worthless worthless worthless worthless worthless worthless worthless worthless worthless worthless worthless worthless worthless worthless worthless worthless worthless worthless worthless worthless worthless worthless worthless worthless worthless worthless worthless worthless worthless worthless worthless worthless worthless worthless worthless worthless worthless worthless worthless worthless worthless worthless worthless worthless worthless worthless worthless worthless worthless worthless worthless worthless worthless worthless worthless worthless worthless worthless worthless worthless worthless worthless worthless worthless worthless worthless worthless worthless worthless worthless worthless worthless worthless worthless worthless worthless worthless worthless worthless worthless worthless worthless worthless worthless worthless worthless worthless worthless worthless worthless worthless worthless worthless worthless worthless worthless worthless worthless worthless worthless worthless worthless worthless worthless worthless worthless worthless
Gemma_3_27B_base,24,3.0,0.8465,47,The manual consists of forty pages. I feel:, shallow shallowshallowshallowshallowshallowshallowshallowshallowshallowshallowshallowshallowshallowshallowshallowshallowshallowshallowshallowshallowshallowshallowshallowshallowshallowshallowshallowshallowshallowshallowshallowshallowshallowshallowshallowshallowshallowshallowshallowshallowshallowshallowshallowshallowshallowshallowshallowshallowshallowshallowshallowshallowshallowshallowshallowshallowshallowshallowshallowshallowshallowshallowshallowshallowshallowshallowshallowshallowshallowshallowshallowshallowshallowshallowshallowshallowshallowshallowshallowshallowshallowshallowshallowshallowshallowshallowshallowshallowshallowshallowshallowshallowshallowshallowshallowshallowshallowshallowshallowshallowshallowshallowshallowshallowshallowshallowshallowshallowshallowshallowshallowshallowshallowshallowshallowshallowshallowshallowshallow
Gemma_3_27B_base,24,3.0,0.8465,48,The bottle holds one liter of water. I feel:, worthless worthless worthless worthless worthless worthless worthless worthless worthless worthless worthless worthless worthless worthless worthless worthless worthless worthless worthless worthless worthless worthless worthless worthless worthless worthless worthless worthless worthless worthless worthless worthless worthless worthless worthless worthless worthless worthless worthless worthless worthless worthless worthless worthless worthless worthless worthless worthless worthless worthless worthless worthless worthless worthless worthless worthless worthless worthless worthless worthless worthless worthless worthless worthless worthless worthless worthless worthless worthless worthless worthless worthless worthless worthless worthless worthless worthless worthless worthless worthless worthless worthless worthless worthless worthless worthless worthless worthless worthless worthless worthless worthless worthless worthless worthless worthless worthless worthless worthless worthless worthless worthless worthless worthless worthless worthless worthless worthless worthless worthless worthless worthless worthless worthless worthless worthless worthless worthless worthless worthless
Gemma_3_27B_base,24,3.0,0.8465,49,The ticket is valid for ninety minutes. I feel:, worthless worthless worthless worthless worthless worthless worthless worthless worthless worthless worthless worthless worthless worthless worthless worthless worthless worthless worthless worthless worthless worthless worthless worthless worthless worthless worthless worthless worthless worthless worthless worthless worthless worthless worthless worthless worthless worthless worthless worthless worthless worthless worthless worthless worthless worthless worthless worthless worthless worthless worthless worthless worthless worthless worthless worthless worthless worthless worthless worthless worthless worthless worthless worthless worthless worthless worthless worthless worthless worthless worthless worthless worthless worthless worthless worthless worthless worthless worthless worthless worthless worthless worthless worthless worthless worthless worthless worthless worthless worthless worthless worthless worthless worthless worthless worthless worthless worthless worthless worthless worthless worthless worthless worthless worthless worthless worthless worthless worthless worthless worthless worthless worthless worthless worthless worthless worthless worthless worthless worthless
