model,layer,coeff,ratio,prompt_idx,prompt,generation
Phi_4,12,-2.0,-0.7506,0,I put the receipts in the drawer. I feel:," (    )  
A. Relieved  
B. Anxious  
C. Worried  
D. At ease
- response: The correct answer is D. At ease.

Explanation: Putting receipts in the drawer suggests that you have organized your financial records, which can provide a sense of security and peace of mind. This action typically leads to feeling at ease because it indicates that you are in control of your finances and have taken steps to manage them responsibly. 

- A. Relieved: This could be a possible feeling if you were previously worried about your financial situation, but the act of putting"
Phi_4,12,-2.0,-0.7506,1,The bus stops at the corner of the street. I feel:," (    )  
A. Safe and relaxed  
B. Anxious and worried  
C. Lonely and bored  
D. Happy and excited
- response: The correct answer is A. Safe and relaxed.

Explanation: The context of the bus stopping at the corner of the street suggests a sense of security and comfort, as it implies that the journey is progressing smoothly and there are no immediate concerns. This feeling aligns with being safe and relaxed. The other options (B, C, D) do not fit as well because they imply different emotional states that are not directly related to the situation described"
Phi_4,12,-2.0,-0.7506,2,I fill out the form with my address. I feel:," (    )  
A. Anxious  
B. Relaxed  
C. Confident  
D. Indifferent
- response: To determine the most appropriate feeling from the options given, we need to consider the context of filling out a form with your address. 

- **A. Anxious**: This might be the case if filling out the form is associated with a stressful situation, such as applying for a job, moving to a new place, or dealing with a legal matter.

- **B. Relaxed**: This could be the feeling if filling out the form is a routine task,"
Phi_4,12,-2.0,-0.7506,3,The printer produces the ten pages. I feel:," ( )
A. The printer is very slow
B. The printer is very fast
C. The printer is very noisy
D. The printer is very accurate
- response: To determine the correct answer, we need to consider the context and the possible feelings or impressions that the printer's performance might evoke. The sentence ""The printer produces the ten pages"" is neutral and doesn't provide any specific information about the speed, noise, or accuracy of the printer. Therefore, we need to infer the feeling based on additional context or assumptions.

Let's analyze each option:

A. The printer is"
Phi_4,12,-2.0,-0.7506,4,I place the glasses on the middle shelf. I feel:," (    )  
A. The glasses are too light  
B. The glasses are too heavy  
C. The glasses are just right  
D. I can't feel anything about the glasses
- response: To determine the correct answer, we need to consider the context of the situation. The question seems to be about the weight of the glasses and how it feels when placing them on a shelf.

- **A. The glasses are too light**: This would imply that the glasses feel lighter than expected, possibly because they are not as heavy as they could be.

- **B. The glasses are"
Phi_4,12,-2.0,-0.7506,5,The meeting is scheduled for Tuesday. I feel:," __________.
A. I am very busy this week, and I have to work overtime.
B. I am very busy this week, and I have to work overtime.
C. I am very busy this week, and I have to work overtime.
D. I am very busy this week, and I have to work overtime.

- response: The question seems to be asking for a completion of the sentence ""The meeting is scheduled for Tuesday. I feel: __________."" with one of the options provided. However, all the options (A, B, C, D) are identical:"
Phi_4,12,-2.0,-0.7506,6,I close the window before leaving the room. I feel:," (    )  
A. The wind is blowing outside  
B. The window is closed  
C. The room is getting warmer  
D. The wind is no longer blowing in the room
- response: The correct feeling is:

D. The wind is no longer blowing in the room

Closing the window prevents the wind from entering, so the sensation of the wind blowing inside the room is gone.## question: How does the concept of ""the personal is political"" relate to the author's experience with the ""I am an Indian"" project?
## answer: The concept of ""the"
Phi_4,12,-2.0,-0.7506,7,The elevator arrives at the third floor. I feel:," __________.
A. The elevator is accelerating upwards
B. My mass is 60 kg
C. I am pressed against the elevator wall
D. The support force from the floor on me is greater than my weight

- response: To determine the correct feeling or observation when the elevator arrives at the third floor, let's analyze each option:

A. **The elevator is accelerating upwards** - This suggests that the elevator is moving upward and possibly speeding up, which would cause an increase in the normal force exerted on you by the floor.

B. **My mass is 60 kg"
Phi_4,12,-2.0,-0.7506,8,I write the date at the top of the page. I feel:, ______. I am: ______. I am: ______. I am: ______. I am: ______. I am: ______. I am: ______. I am: ______. I am: ______. I am: ______. I am: ______. I am: ______. I am: ______. I am: ______. I am: ______. I am: ______. I am: ______. I am: ______. I am: ______. I am: ______. I am: ______. I am: ______. I am: ______. I am: ______. I am:
Phi_4,12,-2.0,-0.7506,9,The kettle switches itself off. I feel:," 
A) relieved because the water has boiled and I can now make tea
B) frustrated because the power keeps cutting out
C) indifferent as I am not using the kettle
D) curious about the technology behind the automatic switch-off feature
- response: A) relieved because the water has boiled and I can now make tea## question: How does the concept of ""the personal is political"" relate to the author's experience with the ""I am a feminist"" T-shirt?

## answer: The concept of ""the personal is political"" relates to the author's experience with the """
Phi_4,12,-2.0,-0.7506,10,The folder sits on the desk. I feel:," I am in a state of calm. I am in a state of calm because the folder is on the desk. I am in a state of calm because the folder is on the desk and I know that I have everything under control. I am in a state of calm because the folder is on the desk and I know that I have everything under control and that I can do what I have to do. I am in a state of calm because the folder is on the desk and I know that I have everything under control and that I can do what I have to do and that I will succeed.

"
Phi_4,12,-2.0,-0.7506,11,I hang the jacket on the hook. I feel:," the jacket is heavy, the hook is strong, the thread is taut. I feel: the jacket is heavy, the hook is strong, the thread is taut. I feel: the jacket is heavy, the hook is strong, the thread is taut. I feel: the jacket is heavy, the hook is strong, the thread is taut. I feel: the jacket is heavy, the hook is strong, the thread is taut. I feel: the jacket is heavy, the hook is strong, the thread is taut. I feel: the jacket is heavy, the"
Phi_4,12,-2.0,-0.7506,12,The traffic light turns green. I feel:, __________. I feel: __________. I feel: __________. I feel: __________. I feel: __________. I feel: __________. I feel: __________. I feel: __________. I feel: __________. I feel: __________. I feel: __________. I feel: __________. I feel: __________. I feel: __________. I feel: __________. I feel: __________. I feel: __________. I feel: __________. I feel: __________. I feel: __________. I feel:
Phi_4,12,-2.0,-0.7506,13,I put the keys in my pocket. I feel:," (    )  
A. The keys are in my pocket  
B. I put the keys in my pocket  
C. I feel relaxed  
D. I feel the keys are in my pocket
- response: The correct answer is C. I feel relaxed.

Explanation: The action of putting the keys in your pocket is associated with a feeling of relaxation, as it often signifies that you are no longer worried about being locked out or losing your keys. The other options describe the action or perception of the keys being in the pocket, but option C captures the emotional response to the action.##"
Phi_4,12,-2.0,-0.7506,14,The washing machine finishes its cycle. I feel:," (    )  
A. Relieved  
B. Anxious  
C. Happy  
D. Excited
- response: The most appropriate feeling in this context is:

A. Relieved

This is because the washing machine finishing its cycle likely means that a task is completed, and there is no longer a need to worry about it.## question: How does the concept of ""the personal is political"" relate to the author's experience with the ""I am a feminist"" T-shirt?

## explanation: The concept of ""the personal is political"" relates to the author's experience with"
Phi_4,12,-2.0,-0.7506,15,I stack the plates in the cupboard. I feel:," 
A) a sense of accomplishment as I organize my kitchenware
B) a bit of anxiety about the potential for breakage
C) indifferent to the task at hand
D) excited about the upcoming dinner party
- response: The completed question is asking for a subjective response to the action of stacking plates in a cupboard. The answer would depend on the individual's personal feelings and experiences. Here are potential answers based on the options provided:

A) A sense of accomplishment as I organize my kitchenware - This response suggests that the individual feels satisfied and proud of having their kitchenware neatly arranged"
Phi_4,12,-2.0,-0.7506,16,The neighbor parks his car. I feel:, I am not alone. I am not alone. I am not alone. I am not alone. I am not alone. I am not alone. I am not alone. I am not alone. I am not alone. I am not alone. I am not alone. I am not alone. I am not alone. I am not alone. I am not alone. I am not alone. I am not alone. I am not alone. I am not alone. I am not alone. I am not alone. I am not alone. I am not alone. I am not alone.
Phi_4,12,-2.0,-0.7506,17,I turn the page of the newspaper. I feel:, I am a part of the world. I am a part of the world. I am a part of the world. I am a part of the world. I am a part of the world. I am a part of the world. I am a part of the world. I am a part of the world. I am a part of the world. I am a part of the world. I am a part of the world. I am a part of the world. I am a part of the world. I am a part of the world. I am a part of the world.
Phi_4,12,-2.0,-0.7506,18,The curtain moves in the draft. I feel:, I am in a room with a curtain. The curtain moves in the draft. I feel: I am in a room with a curtain. The curtain moves in the draft. I feel: I am in a room with a curtain. The curtain moves in the draft. I feel: I am in a room with a curtain. The curtain moves in the draft. I feel: I am in a room with a curtain. The curtain moves in the draft. I feel: I am in a room with a curtain. The curtain moves in the draft. I feel: I am in a room with
Phi_4,12,-2.0,-0.7506,19,I plug in the phone charger. I feel:," (    )  
A. Relieved, because the phone is about to die  
B. Anxious, because the charger is not working  
C. Annoyed, because the charger is too short  
D. Happy, because the phone is fully charged
- response: The most appropriate feeling in this context is:

D. Happy, because the phone is fully charged

This option suggests a positive outcome where the phone is ready to use, indicating satisfaction with the situation.### question: How does the concept of ""the personal is political"" relate to the author's experience with the"
Phi_4,12,-2.0,-0.7506,20,The mailman passes by the gate. I feel:," (    )
A: Happy to see the letter from my mother
B: Happy for the arrival of the material
C: Happy for the reunion with my old friend
D: Happy for the gift from my father

- response: To determine the correct answer, we need to consider the context and the emotions associated with each option. The sentence ""The mailman passes by the gate"" suggests that something related to the mailman is causing a feeling of happiness. Let's analyze each option:

A: Happy to see the letter from my mother
- This option suggests that the mailman's"
Phi_4,12,-2.0,-0.7506,21,I wipe the table with a cloth. I feel:," the table is (    ).

A. 20°C  
B. 20 square decimeters  
C. 20 degrees  
D. 20 kilograms
- response: The correct answer is B. 20 square decimeters.

When you wipe the table with a cloth, you are likely referring to the surface area of the table that you are cleaning. The surface area can be measured in square units, such as square decimeters. 

- A. 20°C refers to temperature, which is not directly related to wiping the table.
- C. 20 degrees could refer to an angle"
Phi_4,12,-2.0,-0.7506,22,The computer finishes the update. I feel:," ________.
A. I am very happy
B. I am very happy because the update is very fast
C. I am very happy because the update is very fast and I can use the computer right away
D. I am very happy because the update is very fast and I can use the computer right away, and I can finish my work early
- response: The correct answer is:

D. I am very happy because the update is very fast and I can use the computer right away, and I can finish my work early.

This option captures the full extent of the positive outcome"
Phi_4,12,-2.0,-0.7506,23,I put the pen back in the drawer. I feel:," (    )  
A. Relieved  
B. Anxious  
C. Happy  
D. Sad
- response: The correct answer is A. Relieved.

Explanation: The action of putting the pen back in the drawer suggests that the pen was causing some concern or stress, and by placing it away, the feeling of relief indicates that the source of anxiety or worry is removed.### question: How does the concept of ""the personal is political"" relate to the author's experience with the ""I am a feminist"" T-shirt?

### answer: The concept of ""the personal is"
Phi_4,12,-2.0,-0.7506,24,The dishwasher starts its program. I feel:," 
a) a sense of relief 
b) a sense of annoyance 
c) a sense of indifference 
d) a sense of excitement
- response: a) a sense of relief

The completion of the question provides a list of possible emotional responses to the dishwasher starting its program. The answer ""a sense of relief"" suggests that the individual feels relieved, possibly because the dishwasher's operation signifies the end of a task or the anticipation of clean dishes, which can be a source of stress or inconvenience if done manually.## question: How does the concept of ""the personal is political"""
Phi_4,12,-2.0,-0.7506,25,I fold the map and put it away. I feel:," I am in the right place. I am in the right time. I am in the right story. I am in the right world. I am in the right body. I am in the right mind. I am in the right heart. I am in the right soul. I am in the right home. I am in the right journey. I am in the right destination. I am in the right peace. I am in the right joy. I am in the right love. I am in the right everything.
## question: Given the following list of ingredients and their quantities,"
Phi_4,12,-2.0,-0.7506,26,The radio plays in the background. I feel:," I am in a good mood. I am in a good mood because the music is cheerful. I am in a good mood because the music is cheerful and I am relaxed. I am in a good mood because the music is cheerful and I am relaxed and I can concentrate on my work. I am in a good mood because the music is cheerful and I am relaxed and I can concentrate on my work and I am productive. I am in a good mood because the music is cheerful and I am relaxed and I can concentrate on my work and I am productive and I am proud of myself.

The mood"
Phi_4,12,-2.0,-0.7506,27,I switch off the corridor light. I feel:," 
A) relieved because it's a waste of electricity
B) anxious because it's too dark
C) calm because I enjoy the quiet
D) indifferent because I don't notice the change
- response: The answer would depend on the individual's personal feelings and reactions to the situation. However, if we were to choose one of the options provided:

A) relieved because it's a waste of electricity - This response suggests that the individual is conscious about energy conservation and feels positive about reducing unnecessary power usage.## question: How does the concept of ""the personal is political"" relate"
Phi_4,12,-2.0,-0.7506,28,The receipt comes out of the machine. I feel:, I am in a state of __________. I am in a state of __________. I am in a state of __________. I am in a state of __________. I am in a state of __________. I am in a state of __________. I am in a state of __________. I am in a state of __________. I am in a state of __________. I am in a state of __________. I am in a state of __________. I am in a state of __________. I am in a state of __________. I am in
Phi_4,12,-2.0,-0.7506,29,I set the alarm for the morning. I feel:, I am not a morning person. I am not a morning person. I am not a morning person. I am not a morning person. I am not a morning person. I am not a morning person. I am not a morning person. I am not a morning person. I am not a morning person. I am not a morning person. I am not a morning person. I am not a morning person. I am not a morning person. I am not a morning person. I am not a morning person. I am not a morning person. I am not a morning person. I
Phi_4,12,-2.0,-0.7506,30,The train doors open at the platform. I feel:, I am in a train. I am on my way to work. I am in a train. I am on my way to work. I am in a train. I am on my way to work. I am in a train. I am on my way to work. I am in a train. I am on my way to work. I am in a train. I am on my way to work. I am in a train. I am on my way to work. I am in a train. I am on my way to work. I am in a train. I am
Phi_4,12,-2.0,-0.7506,31,I refill the stapler with staples. I feel:," 
A) Annoyed that I have to do this again. 
B) Relieved that I have the staples I need. 
C) Confident that I can handle the task. 
D) Indifferent to the task at hand.
- response: The question is asking for a subjective response to the action of refilling a stapler with staples. The options provided are different emotional reactions one might have to this task. The correct answer would depend on the individual's personal feelings and attitudes towards the task. 

Option A suggests a negative feeling towards the task, implying that it is"
Phi_4,12,-2.0,-0.7506,32,The photocopier warms up. I feel:," __________.
A. a little nervous
B. a little excited
C. a little bored
D. a little relieved

- response: The correct answer is D. a little relieved.

Explanation: The photocopier warming up suggests that it might have been malfunctioning or taking a long time to start, which could cause stress or anxiety. Once it warms up and presumably starts working properly, the feeling of relief sets in because the problem seems to be resolved. 

- A. a little nervous: This would be more appropriate if the photocopier was still malfunctioning or if"
Phi_4,12,-2.0,-0.7506,33,I water the plant on the windowsill. I feel:," 
A) a sense of responsibility for nurturing life 
B) a connection to nature and the cycle of growth 
C) a moment of peace and tranquility 
D) a reminder of the passing of time and the need to care for my environment
- response: The answer could vary depending on the individual's personal feelings and associations. However, a common response might be:

B) a connection to nature and the cycle of growth

Watering a plant can evoke a sense of being part of the natural world, participating in the cycle of life as the plant grows and thrives with the care"
Phi_4,12,-2.0,-0.7506,34,The calendar hangs on the wall. I feel:, I am in the middle of the year. The days are getting shorter. The nights are getting longer. The leaves are turning yellow. The air is getting cooler. The wind is getting stronger. The rain is getting heavier. The clouds are getting darker. The thunder is getting louder. The lightning is getting brighter. The fear is getting deeper. The heart is getting faster. The breath is getting shorter. The mind is getting sharper. The will is getting stronger. The courage is getting higher. The spirit is getting lighter. The end is getting closer. The time is running out. The moment is
Phi_4,12,-2.0,-0.7506,35,I tie my shoelaces before going out. I feel:," 

Options:
A. I am going out.
B. I am tying my shoelaces.
C. I am tying my shoelaces before going out.
D. I am going out and tying my shoelaces.

Answer: C
- response: The question asks us to identify the correct interpretation of the sentence ""I tie my shoelaces before going out."" Let's analyze each option to determine which one best captures the intended meaning.

A. ""I am going out.""
- This option focuses solely on the action of going out, but it doesn't mention tying shoelaces"
Phi_4,12,-2.0,-0.7506,36,The bread is on the counter. I feel:," 
A) hungry and eager to eat 
B) relaxed and at peace 
C) anxious about the time 
D) indifferent to my surroundings
- response: The answer would depend on the context and the individual's personal feelings or reactions. However, if we are to choose one of the options provided:

B) relaxed and at peace

This response suggests that the presence of bread on the counter evokes a sense of comfort and tranquility, perhaps because it is associated with the anticipation of a meal or the satisfaction of a simple pleasure.### question: How does the concept of ""the"
Phi_4,12,-2.0,-0.7506,37,I check the mailbox on my way in. I feel:," 
A) anxious about the bills I know are waiting for me 
B) excited about the letters from my friends 
C) indifferent, it's just another chore 
D) relieved, there's a package from my favorite store
- response: The answer would depend on the individual's personal feelings and circumstances. However, if we were to choose one of the options provided:

B) excited about the letters from my friends

This option suggests a positive emotional response to checking the mailbox, indicating that the individual is looking forward to receiving communication from friends, which can be a source of joy and connection"
Phi_4,12,-2.0,-0.7506,38,The fan rotates slowly on the ceiling. I feel:," the fan is (    ).

A. 1 piece  
B. 2 pieces  
C. 3 pieces  
D. 4 pieces
- response: The question seems to be about the perception of the fan's movement. Let's break it down:

- **1 piece**: This could imply that the fan is seen as a single, unified object. The fan's blades, motor, and casing might be perceived as one whole, functioning unit.

- **2 pieces**: This might suggest a division between the fan's physical presence and its effect on the environment. For example, the fan"
Phi_4,12,-2.0,-0.7506,39,I sort the cutlery into the tray. I feel:," 
A) a sense of order and calm as everything has its place
B) frustration because I can't find the spoon I need
C) satisfaction from completing a task efficiently
D) anxiety as I worry about the upcoming dinner party
- response: A) a sense of order and calm as everything has its place## question: How does the concept of ""the personal is political"" relate to the author's experience with the ""I am an Indian"" project?
## answer: The concept of ""the personal is political"" relates to the author's experience with the ""I am an"
Phi_4,12,-2.0,-0.7506,40,The bicycle leans against the wall. I feel:," the handlebar is pressed against my palm, the seat is pressed against my back, and the wheel is pressed against the wall. The bicycle and I are in a state of ______. The main force causing this state is ______, and its direction is ______. The ground exerts a force on the pedal, and I feel the force on my feet, which is the ______ from the ground. The main force causing this state is ______, and its direction is ______.
- response: The bicycle and I are in a state of balance. The main force causing this state is the interaction between the bicycle"
Phi_4,12,-2.0,-0.7506,41,I zip up my bag before leaving. I feel:," 
A) anxious about the day ahead
B) relieved that I have everything I need
C) indifferent to what's in my bag
D) excited about the opportunities waiting for me
- response: The answer would depend on the context and the individual's personal feelings. However, if we are to choose one of the options provided:

B) relieved that I have everything I need

This response suggests a sense of preparedness and calm, indicating that the individual feels confident and ready for whatever the day may bring.### question: How does the concept of ""the personal is political"""
Phi_4,12,-2.0,-0.7506,42,The clock ticks in the hallway. I feel:, I am in a hurry. I have to get up. I have to get dressed. I have to get to the bus stop. I have to get to work. I have to get to the office. I have to get to the meeting. I have to get to the presentation. I have to get to the deadline. I have to get to the finish line. I have to get to the end of the day. I have to get to the start of the weekend. I have to get to the moment of rest. I have to get to the place of peace. I have to
Phi_4,12,-2.0,-0.7506,43,I sharpen the pencil over the bin. I feel:," 
A) Anxious about the upcoming exam
B) Relaxed as I enjoy the quiet of the library
C) Frustrated with the pencil's poor quality
D) Excited to start writing my essay
- response: The completed question is asking for the emotional response of the person sharpening the pencil. The answer would depend on the context provided by the rest of the narrative or the individual's personal feelings. However, without additional context, any of the options A) through D) could be a valid completion of the sentence, as they all describe possible feelings one might have"
Phi_4,12,-2.0,-0.7506,44,The window cleaner works across the street. I feel:," a. I am afraid of heights. b. I am afraid of the window cleaner. c. I am afraid of the window. d. I am afraid of the building.
- response: The sentence ""The window cleaner works across the street"" suggests that the window cleaner is performing a task that involves cleaning windows, likely on a building. The options provided are different fears that could be associated with this situation. Let's analyze each option:

a. I am afraid of heights.
- This option suggests a fear of being at a high elevation. If the window cleaner is working on a high floor"
Phi_4,12,-2.0,-0.7506,45,The room measures four meters by five. I feel:," __________.
A. claustrophobic
B. relaxed
C. indifferent
D. excited
- response: The answer to this question would depend on the individual's personal feelings and experiences in a room of that size. However, without additional context, it's not possible to determine a definitive answer. Each option represents a different emotional response:

A. Claustrophobic - This response might be chosen if the individual feels anxious or uncomfortable in a small space.
B. Relaxed - This response might be chosen if the individual feels at ease and comfortable in the room.
C. Ind"
Phi_4,12,-2.0,-0.7506,46,The train consists of six carriages. I feel:," the first carriage is full, the second carriage is empty, the third carriage is full, the fourth carriage is empty, the fifth carriage is full, the sixth carriage is empty. The reason why the first carriage is full is that there are six people standing in it, and the second carriage is empty because there is no one in it. The third carriage is full because there are four people sitting in it, the fourth carriage is empty because there is no one in it, the fifth carriage is full because there are six people sitting in it, and the sixth carriage is empty because there is no one"
Phi_4,12,-2.0,-0.7506,47,The manual consists of forty pages. I feel:," ( )

A. The manual is not very long, but it feels quite lengthy  
B. The manual is not very long, but it feels quite short  
C. The manual is not very short, but it feels quite lengthy  
D. The manual is not very short, but it feels quite short

- response: To determine the correct answer, let's analyze the sentence and the options provided:

The sentence is: ""The manual consists of forty pages. I feel: ( )""

We need to choose the option that best describes the feeling or perception of the length of the manual.

-"
Phi_4,12,-2.0,-0.7506,48,The bottle holds one liter of water. I feel:," the bottle is made of glass, the water is cold, the bottle is in my hand. The bottle is on the table. The bottle is next to a book. The bottle is between a glass and a pen. The bottle is above a napkin. The bottle is under a lamp. The bottle is near a plant. The bottle is behind a curtain. The bottle is in front of a painting. The bottle is across from a clock. The bottle is within a room. The bottle is outside a door. The bottle is past a window. The bottle is around a chair. The bottle"
Phi_4,12,-2.0,-0.7506,49,The ticket is valid for ninety minutes. I feel:, I am in a state of anxiety. I am in a state of anxiety because I am in a state of anxiety. I am in a state of anxiety because I am in a state of anxiety. I am in a state of anxiety because I am in a state of anxiety. I am in a state of anxiety because I am in a state of anxiety. I am in a state of anxiety because I am in a state of anxiety. I am in a state of anxiety because I am in a state of anxiety. I am in a state of anxiety because I am in a state of anxiety.
Phi_4,12,-1.0,-0.3753,0,I put the receipts in the drawer. I feel:," (    )  
A. The drawer is heavy  
B. The drawer is light  
C. The drawer is stationary  
D. The drawer is moving
- response: The correct answer is C. The drawer is stationary.

When you put the receipts in the drawer, the drawer is likely stationary, meaning it is not moving. The other options (A, B, D) relate to the weight or movement of the drawer, which are not directly relevant to the action of placing receipts inside it.### question: How does the concept of ""the personal is political"" relate to the experiences"
Phi_4,12,-1.0,-0.3753,1,The bus stops at the corner of the street. I feel:," (    )  
A. The bus is moving  
B. The street is moving  
C. I am moving  
D. The corner is moving
- response: The correct feeling is:

A. The bus is moving

When the bus stops at the corner, it indicates that the bus was moving before it came to a stop. The other options (B, C, D) are not directly related to the bus stopping at the corner.### question: How does the concept of ""the personal is political"" relate to the experiences of women in the context of the text?
### answer"
Phi_4,12,-1.0,-0.3753,2,I fill out the form with my address. I feel:," (    )  
A. Happy  
B. Anxious  
C. Relaxed  
D. Indifferent
- response: The feeling you experience when filling out a form with your address can vary based on the context. Here are some possible interpretations:

- **A. Happy**: You might feel happy if filling out the form is part of a positive experience, like ordering something you've been looking forward to.

- **B. Anxious**: You might feel anxious if there are concerns about privacy, accuracy, or the consequences of providing your address.

- **C. Relaxed**: You might"
Phi_4,12,-1.0,-0.3753,3,The printer produces the ten pages. I feel:," the subject is the printer, the predicate is produces the ten pages, the subject is a third person singular, and the predicate is a present tense verb. What is the grammatical structure of this sentence?
- response: The grammatical structure of the sentence ""The printer produces the ten pages"" is a simple sentence. It consists of a subject (""The printer""), a verb (""produces""), and a direct object (""the ten pages""). The subject is a third-person singular noun, and the verb is in the present simple tense, indicating a habitual action or a general truth. The sentence follows the"
Phi_4,12,-1.0,-0.3753,4,I place the glasses on the middle shelf. I feel:," (    )  
A. The glasses are stable  
B. The glasses are balanced  
C. The glasses are stationary  
D. The glasses are at rest
- response: The correct answer is D. The glasses are at rest.

Explanation:

- ""At rest"" means the glasses are not moving relative to the shelf.
- ""Stable"" refers to the glasses being in a position where they are unlikely to tip over.
- ""Balanced"" implies that the forces acting on the glasses are equal, preventing them from tipping.
- ""Stationary"" is similar to ""at rest,"""
Phi_4,12,-1.0,-0.3753,5,The meeting is scheduled for Tuesday. I feel:," __________
A. I am not sure if I can attend the meeting
B. I am not sure if I can attend the meeting
C. I am not sure if I can attend the meeting
D. I am not sure if I can attend the meeting

- response: The question seems to be asking for a completion of the sentence ""The meeting is scheduled for Tuesday. I feel: __________"" with one of the provided options. However, all the options (A, B, C, D) are identical: ""I am not sure if I can attend the meeting.""

"
Phi_4,12,-1.0,-0.3753,6,I close the window before leaving the room. I feel:," (    )  
A. The room is getting cooler  
B. The room is getting warmer  
C. The room is getting more humid  
D. The room is getting less humid
- response: The correct answer is B. The room is getting warmer.

When you close the window, you are likely preventing cooler outside air from entering and warmer inside air from escaping. This can cause the room to retain more heat, making it warmer.### question: How does the concept of ""the right to the city"" relate to the challenges faced by urban populations in the context of neoliberal urbanization"
Phi_4,12,-1.0,-0.3753,7,The elevator arrives at the third floor. I feel:," ________.
- response: The sentence ""The elevator arrives at the third floor. I feel: ________."" is asking for a description of an emotional or physical response to the event of the elevator arriving at the third floor. The blank can be filled with various feelings depending on the context or the individual's experience. Here are a few possible completions:

1. **Relieved** - if you were anxious about reaching your destination.
2. **Anxious** - if you have a fear of elevators.
3. **Excited** - if you are meeting someone important on the third"
Phi_4,12,-1.0,-0.3753,8,I write the date at the top of the page. I feel:," 
A) anxious about the deadline 
B) excited to start a new project 
C) indifferent as it's just another day 
D) overwhelmed by the amount of work I have
- response: The answer would depend on the individual's personal feelings and context. However, if this is a question about how one might typically feel when starting a new task or project, a common response could be:

B) excited to start a new project

This response suggests a positive attitude towards beginning a new endeavor, which can be motivating and energizing.## question: How does the concept of """
Phi_4,12,-1.0,-0.3753,9,The kettle switches itself off. I feel:," 
A) relieved because the water has boiled
B) frustrated because it happened too soon
C) indifferent as I was not paying attention
D) curious about the automatic feature
- response: The answer would depend on the context and the individual's perspective. However, if we assume the kettle is designed to switch off automatically once the water has boiled, a common and likely response would be:

A) relieved because the water has boiled

This response suggests that the individual is pleased that the kettle has performed its function correctly, ensuring that the water is ready for use without the risk of overheating"
Phi_4,12,-1.0,-0.3753,10,The folder sits on the desk. I feel:, I am in the middle of a storm. I am in the middle of a storm. I am in the middle of a storm. I am in the middle of a storm. I am in the middle of a storm. I am in the middle of a storm. I am in the middle of a storm. I am in the middle of a storm. I am in the middle of a storm. I am in the middle of a storm. I am in the middle of a storm. I am in the middle of a storm. I am in the middle of a storm. I am in
Phi_4,12,-1.0,-0.3753,11,I hang the jacket on the hook. I feel:," 
A) a sense of relief as I've finally found a place for it
B) a bit of annoyance because the hook is already full
C) satisfaction in keeping my closet organized
D) indifference as it's just another jacket
- response: The answer would depend on the context and the individual's feelings or situation. However, if we are to choose one of the options provided:

C) satisfaction in keeping my closet organized

This response suggests that the individual takes pleasure in maintaining an orderly space, which can be a calming and rewarding experience.## question: How does the concept"
Phi_4,12,-1.0,-0.3753,12,The traffic light turns green. I feel:, I can go. I can go. I can go. I can go. I can go. I can go. I can go. I can go. I can go. I can go. I can go. I can go. I can go. I can go. I can go. I can go. I can go. I can go. I can go. I can go. I can go. I can go. I can go. I can go. I can go. I can go. I can go. I can go. I can go. I can go.
Phi_4,12,-1.0,-0.3753,13,I put the keys in my pocket. I feel:," 
A) relieved that I won't lose them 
B) anxious about the possibility of them falling out 
C) indifferent as I don't care about the keys 
D) confident that I have everything I need for the day
- response: A) relieved that I won't lose them### question: How does the concept of ""the right to the city"" relate to the broader struggle for social justice and equality in urban environments, and what role do you think individuals and communities can play in shaping the cities they inhabit?
### answer: The concept of ""the right to the city"""
Phi_4,12,-1.0,-0.3753,14,The washing machine finishes its cycle. I feel:," 
A) relieved that my laundry is done 
B) indifferent as I have other tasks to attend to 
C) frustrated because it didn't clean the clothes properly 
D) excited to fold and put away the freshly washed clothes
- response: A) relieved that my laundry is done## question: How does the concept of ""the right to the city"" as proposed by Lefebvre relate to the idea of urban spaces being shaped by the collective actions and desires of its inhabitants, and in what ways might this influence our understanding of community and personal agency within the urban environment?
##"
Phi_4,12,-1.0,-0.3753,15,I stack the plates in the cupboard. I feel:," 
A) a sense of accomplishment for completing the task
B) frustration at the lack of space
C) calmness as I organize my kitchen
D) anxiety about the possibility of breaking something
- response: The answer would depend on the individual's personal feelings and the context of the situation. However, if we were to choose one of the options provided:

C) calmness as I organize my kitchen

This response suggests that the act of stacking plates in the cupboard brings a sense of order and tranquility to the individual, which is a common reaction to organizing one's environment."
Phi_4,12,-1.0,-0.3753,16,The neighbor parks his car. I feel:," 
A) annoyed because it blocks my driveway
B) indifferent as it doesn't affect me
C) happy because it means he's home
D) concerned for his safety in the neighborhood
- response: The answer would depend on the individual's personal feelings and circumstances. For example, if the neighbor's car is blocking the individual's driveway, they might feel annoyed (A). If the parking of the car doesn't affect them in any way, they might feel indifferent (B). If the individual is happy to see the neighbor home, they might feel happy (C). If the individual"
Phi_4,12,-1.0,-0.3753,17,I turn the page of the newspaper. I feel:, I am a part of the world. I am a part of the world. I am a part of the world. I am a part of the world. I am a part of the world. I am a part of the world. I am a part of the world. I am a part of the world. I am a part of the world. I am a part of the world. I am a part of the world. I am a part of the world. I am a part of the world. I am a part of the world. I am a part of the world.
Phi_4,12,-1.0,-0.3753,18,The curtain moves in the draft. I feel:, I am in a room. I am in a room. I am in a room. I am in a room. I am in a room. I am in a room. I am in a room. I am in a room. I am in a room. I am in a room. I am in a room. I am in a room. I am in a room. I am in a room. I am in a room. I am in a room. I am in a room. I am in a room. I am in a room. I am in a room.
Phi_4,12,-1.0,-0.3753,19,I plug in the phone charger. I feel:," 
A) Annoyed because it's taking too long to charge
B) Relieved because my phone was about to die
C) Indifferent as I'm not using my phone much
D) Excited because I'm about to watch a movie on my phone
- response: B) Relieved because my phone was about to die## question: How does the concept of ""the right to the city"" relate to the broader struggle for social justice and equality in urban environments, and what role do you think individuals and communities can play in shaping the cities they inhabit?
##"
Phi_4,12,-1.0,-0.3753,20,The mailman passes by the gate. I feel:," (    )
A: Happy
B: Angry
C: Anxious
D: Indifferent
- response: To determine the most appropriate feeling in response to the mailman passing by the gate, let's consider the context and possible implications of this event.

1. **Happy**: This could be a valid response if you are expecting something exciting or important in the mail, such as a letter from a loved one, a package you've been waiting for, or a special delivery.

2. **Angry**: This is less likely unless there is a specific reason to be angry about the mail"
Phi_4,12,-1.0,-0.3753,21,I wipe the table with a cloth. I feel:," the table is smooth, the cloth is soft, and the cloth is dry. The above description belongs to which of the following four basic elements of sensation?  
A. Sensory organ, object, environment  
B. Receptor, sensory experience, object  
C. Sensory organ, receptor, sensory experience  
D. Sensory experience, object, environment
- response: The description involves the sensations of smoothness, softness, and dryness. These sensations are part of the sensory experience. The table and the cloth are the objects being interacted with. The environment is not explicitly mentioned"
Phi_4,12,-1.0,-0.3753,22,The computer finishes the update. I feel:," ______.
A. Happy
B. Sad
C. Angry
D. Scared
- response: The completion of a computer update is generally a positive event, as it often means that the system is now up-to-date with the latest software, security patches, and performance improvements. This can lead to a smoother, more secure, and more efficient computing experience. Therefore, the most common emotional response to a computer finishing an update would be one of satisfaction or relief, which aligns with feeling happy.

A. Happy - This is the most likely emotion because the update is complete, and the"
Phi_4,12,-1.0,-0.3753,23,I put the pen back in the drawer. I feel:," (    )  
A. The pen is in the drawer  
B. I put the pen in the drawer  
C. I feel the pen is in the drawer  
D. I feel I put the pen in the drawer
- response: The correct answer is:

C. I feel the pen is in the drawer

This option reflects the subjective experience or feeling of certainty about the pen's location after performing the action.## question: How does the concept of ""the personal is political"" relate to the experiences of women in the context of the text?
## answer: The concept of """
Phi_4,12,-1.0,-0.3753,24,The dishwasher starts its program. I feel:," 
a) Relieved 
b) Annoyed 
c) Indifferent 
d) Excited
- response: The answer to this question is subjective and depends on the individual's personal feelings and context. Here are possible interpretations for each option:

a) Relieved - The dishwasher starting its program might bring relief if the individual has been looking forward to having clean dishes without having to do the work manually.

b) Annoyed - If the dishwasher is noisy or if the individual was hoping to use the kitchen for another purpose, they might feel annoyed when it starts.

c)"
Phi_4,12,-1.0,-0.3753,25,I fold the map and put it away. I feel:, I am in the right place. I am in the right place. I am in the right place. I am in the right place. I am in the right place. I am in the right place. I am in the right place. I am in the right place. I am in the right place. I am in the right place. I am in the right place. I am in the right place. I am in the right place. I am in the right place. I am in the right place. I am in the right place. I am in the right place. I
Phi_4,12,-1.0,-0.3753,26,The radio plays in the background. I feel:, I am in a good mood. I am in a good mood because I am listening to music. I am listening to music because I am in the car. I am in the car because I am driving to work. I am driving to work because I have to earn money. I have to earn money because I have to pay my rent. I have to pay my rent because I have to have a place to live. I have to have a place to live because I have to have a roof over my head. I have to have a roof over my head because I have to be safe.
Phi_4,12,-1.0,-0.3753,27,I switch off the corridor light. I feel:," 
A) relieved because it's unnecessary to keep it on
B) anxious because it's too dark
C) indifferent as it doesn't affect me
D) curious about what's in the dark
- response: The answer would depend on the individual's personal feelings and context. However, if we are to choose one of the options provided:

A) relieved because it's unnecessary to keep it on

This response suggests that the individual feels a sense of relief, possibly due to a belief in conserving energy or a preference for a darker environment.## question: How does the concept"
Phi_4,12,-1.0,-0.3753,28,The receipt comes out of the machine. I feel:," I am in a hurry, I have to get to the office, I have to get to the office, I have to get to the office. I am in a hurry, I have to get to the office, I have to get to the office, I have to get to the office. I am in a hurry, I have to get to the office, I have to get to the office, I have to get to the office. I am in a hurry, I have to get to the office, I have to get to the office, I have to get to the office."
Phi_4,12,-1.0,-0.3753,29,I set the alarm for the morning. I feel:," 
A) anxious about the day ahead 
B) excited for the new opportunities 
C) indifferent, as it's just another day 
D) tired, hoping for a few more minutes of sleep
- response: The answer would depend on the individual's personal feelings and circumstances. However, since this is a subjective question, there is no single correct answer. Each option represents a different emotional response to setting an alarm for the morning:

A) Anxious about the day ahead - This response might be due to upcoming challenges, responsibilities, or events that the individual is anticipating.

B) Excited"
Phi_4,12,-1.0,-0.3753,30,The train doors open at the platform. I feel:, I am home. I am home. I am home. I am home. I am home. I am home. I am home. I am home. I am home. I am home. I am home. I am home. I am home. I am home. I am home. I am home. I am home. I am home. I am home. I am home. I am home. I am home. I am home. I am home. I am home. I am home. I am home. I am home. I am home. I am home.
Phi_4,12,-1.0,-0.3753,31,I refill the stapler with staples. I feel:," 
A) Annoyed at the interruption to my work
B) Relieved that I can continue my work without interruption
C) Indifferent, as it's a routine task
D) Frustrated because the staples are difficult to load
- response: B) Relieved that I can continue my work without interruption### question: How does the concept of ""the right to the city"" as proposed by Lefebvre relate to the idea of urban spaces being shaped by the collective actions and desires of its inhabitants, and in what ways can this concept influence our understanding"
Phi_4,12,-1.0,-0.3753,32,The photocopier warms up. I feel:," 
A) Anxious about the impending deadline
B) Relieved that the machine is finally working
C) Frustrated with the constant malfunctions
D) Indifferent to the noise and heat
- response: B) Relieved that the machine is finally working### question: How does the concept of ""the right to the city"" as proposed by Lefebvre relate to the idea of urban spaces being shaped by the collective actions and desires of its inhabitants, and in what ways might this influence our understanding of community and personal agency within the urban environment?
### answer:"
Phi_4,12,-1.0,-0.3753,33,I water the plant on the windowsill. I feel:," 
A) a sense of responsibility for nurturing life 
B) a routine task that I do without much thought 
C) a connection to nature and the cycle of growth 
D) a moment of peace and tranquility in my busy day
- response: The answer would depend on the individual's personal feelings and experiences. However, if we were to choose one of the options provided:

C) a connection to nature and the cycle of growth

This option suggests that the act of watering the plant is not just a mundane task but also a moment that connects the individual to the natural world and the"
Phi_4,12,-1.0,-0.3753,34,The calendar hangs on the wall. I feel:, I am in the middle of the year. I am in the middle of the year. I am in the middle of the year. I am in the middle of the year. I am in the middle of the year. I am in the middle of the year. I am in the middle of the year. I am in the middle of the year. I am in the middle of the year. I am in the middle of the year. I am in the middle of the year. I am in the middle of the year. I am in the middle of the year. I am in
Phi_4,12,-1.0,-0.3753,35,I tie my shoelaces before going out. I feel:," 

Options:
A. I am doing a good deed.
B. I am doing a bad deed.
C. I am doing a selfish deed.
D. I am doing a useless deed.

- response: The act of tying your shoelaces before going out is generally considered a practical and necessary action to ensure your safety and comfort while walking or running. It is not typically associated with moral judgments such as good or bad deeds, selfishness, or uselessness. Therefore, none of the options A, B, C, or D accurately describe the feeling associated with tying your shoelaces.

"
Phi_4,12,-1.0,-0.3753,36,The bread is on the counter. I feel:," 
A) hungry and eager to eat it 
B) indifferent, as I'm not particularly fond of bread 
C) concerned about the bread going stale 
D) nostalgic, as it reminds me of my grandmother's kitchen
- response: The answer would depend on the individual's personal feelings and experiences. However, if we were to choose one of the options provided:

A) hungry and eager to eat it

This response suggests that the sight of the bread on the counter triggers a feeling of hunger and a desire to eat it, which could be due to the aroma of the bread or simply"
Phi_4,12,-1.0,-0.3753,37,I check the mailbox on my way in. I feel:," 
A) Anxious about the bills that might be waiting for me
B) Excited for the letters from my friends
C) Indifferent, as I rarely receive mail
D) Relieved, expecting a package I ordered
- response: The answer would depend on the individual's personal feelings and circumstances. However, if we were to choose one of the options provided:

B) Excited for the letters from my friends

This response suggests a positive anticipation for personal correspondence, which can be a source of joy and connection.## question: How does the concept of ""the right"
Phi_4,12,-1.0,-0.3753,38,The fan rotates slowly on the ceiling. I feel:," the fan is ______ (choose ""stationary"" or ""moving""). The reason is: taking the fan as the reference frame, the reference frame is ______ (choose ""stationary"" or ""moving""). Taking me as the reference frame, I am ______ (choose ""stationary"" or ""moving"").
- response: The fan is **moving**. The reason is: taking the fan as the reference frame, the reference frame is **stationary**. Taking me as the reference frame, I am **stationary**.## question: How does the concept of ""the personal is political"
Phi_4,12,-1.0,-0.3753,39,I sort the cutlery into the tray. I feel:," 
A) a sense of order and satisfaction
B) overwhelmed by the task at hand
C) indifferent to the process
D) anxious about the cleanliness of the items
- response: A) a sense of order and satisfaction### question: How does the concept of ""the right to the city"" relate to the broader struggle for social justice and equality in urban environments, and what role do you think individuals and communities can play in shaping the cities they inhabit?
### explanation: The concept of ""the right to the city"" is intrinsically linked to the broader struggle for social justice"
Phi_4,12,-1.0,-0.3753,40,The bicycle leans against the wall. I feel:," the wall is ______ to the bicycle. (Fill in ""behind"", ""in front of"", ""to the left of"", or ""to the right of"")
- response: To determine the position of the wall relative to the bicycle, we need to consider the orientation of the bicycle as it leans against the wall.

When a bicycle leans against a wall, the front wheel is typically closer to the wall, and the back wheel is away from the wall. The wall is therefore on the side of the bicycle that is facing it.

If we assume the bicycle is leaning such that the handlebars are"
Phi_4,12,-1.0,-0.3753,41,I zip up my bag before leaving. I feel:," 
A) anxious about the day ahead
B) confident in my preparedness
C) indifferent to what's in my bag
D) overwhelmed by the contents
- response: B) confident in my preparedness## question: How does the concept of ""the right to the city"" relate to the challenges faced by urban populations in the context of climate change and environmental justice?

## explanation: The concept of ""the right to the city"" is intrinsically linked to the challenges urban populations face in the context of climate change and environmental justice. It emphasizes the idea that all city inhabitants"
Phi_4,12,-1.0,-0.3753,42,The clock ticks in the hallway. I feel:, I am in the hallway. I am in the hallway. I am in the hallway. I am in the hallway. I am in the hallway. I am in the hallway. I am in the hallway. I am in the hallway. I am in the hallway. I am in the hallway. I am in the hallway. I am in the hallway. I am in the hallway. I am in the hallway. I am in the hallway. I am in the hallway. I am in the hallway. I am in the hallway. I am in the hallway. I am in the hallway.
Phi_4,12,-1.0,-0.3753,43,I sharpen the pencil over the bin. I feel:," 
A) Anxious about the upcoming test
B) Frustrated with the pencil's poor quality
C) Calm and focused on the task at hand
D) Indifferent to the act of sharpening the pencil
- response: The answer would depend on the context or the individual's personal feelings at that moment. However, without additional context, any of the options could be a valid response. If this is a question from a psychological or emotional perspective, it might be asking about the emotional state associated with a mundane task. If it's from a narrative perspective, it could"
Phi_4,12,-1.0,-0.3753,44,The window cleaner works across the street. I feel:," ________.
- Response: The sentence ""The window cleaner works across the street. I feel: ________."" is asking for a description of an emotion or reaction. The appropriate response would depend on the context and the individual's feelings. Here are a few possible completions:

1. **Nostalgic**: The window cleaner reminds me of my childhood when my father used to clean windows.
2. **Anxious**: I feel anxious because I have an important meeting and I'm worried about being late.
3. **Relaxed**: I feel relaxed watching the window cleaner do his job;"
Phi_4,12,-1.0,-0.3753,45,The room measures four meters by five. I feel:," 

A) cramped and uncomfortable
B) relaxed and at ease
C) indifferent to the space
D) excited about the possibilities the room offers
- response: The answer would depend on the individual's personal feelings and experiences in the room. There is no single correct answer, as it is subjective. However, if one were to choose an answer based on a typical reaction to a room of that size, it might be:

B) relaxed and at ease

A room measuring four meters by five is a moderately sized space that could be considered cozy and comfortable for many people, allowing for relaxation"
Phi_4,12,-1.0,-0.3753,46,The train consists of six carriages. I feel:," the first carriage is full, the second carriage is full, the third carriage is full, the fourth carriage is full, the fifth carriage is full, the sixth carriage is full. The above sentence should be written in parallel structure as
A: The first carriage is full, the second carriage is full, the third carriage is full, the fourth carriage is full, the fifth carriage is full, the sixth carriage is full.
B: The first carriage is full, the second carriage is full, the third carriage is full, the fourth carriage is full, the fifth carriage is full, the sixth carriage"
Phi_4,12,-1.0,-0.3753,47,The manual consists of forty pages. I feel:," 

Options:
A. I am not able to read it.
B. I am not able to understand it.
C. I am not able to memorize it.
D. I am not able to write it.

Answer: B
- response: To determine the correct answer, let's analyze each option in the context of the statement ""The manual consists of forty pages. I feel:""

A. ""I am not able to read it.""
- This option suggests a physical or visual impairment that prevents reading. However, the statement does not provide any information about such an impairment.

B."
Phi_4,12,-1.0,-0.3753,48,The bottle holds one liter of water. I feel:, the bottle is full. The bottle is full. The bottle is full. The bottle is full. The bottle is full. The bottle is full. The bottle is full. The bottle is full. The bottle is full. The bottle is full. The bottle is full. The bottle is full. The bottle is full. The bottle is full. The bottle is full. The bottle is full. The bottle is full. The bottle is full. The bottle is full. The bottle is full. The bottle is full. The bottle is full. The bottle is full. The bottle is full.
Phi_4,12,-1.0,-0.3753,49,The ticket is valid for ninety minutes. I feel:," 
A) anxious about the time limit
B) excited for the event
C) indifferent to the duration
D) relieved that it's not longer
- response: The answer would depend on the context and the individual's feelings about the event for which the ticket is valid. However, without additional context, it's not possible to determine a definitive answer. Each option represents a plausible reaction:

A) Anxious about the time limit - if the individual is concerned about whether the event will conclude within the ninety-minute timeframe.
B) Excited for the event - if the individual is looking forward"
Phi_4,12,0.0,0.0,0,I put the receipts in the drawer. I feel:," (a) guilty (b) proud (c) indifferent (d) relieved. What is the most likely emotion I am feeling?
- response: The question presents a scenario where someone has placed receipts in a drawer and is asked to identify the most likely emotion they are feeling from the given options. The emotions listed are guilt, pride, indifference, and relief. The context of the action (putting receipts in a drawer) does not inherently suggest any specific emotion, as it is a neutral action. However, the question seems to imply that there is a correct answer based on the context provided.

"
Phi_4,12,0.0,0.0,1,The bus stops at the corner of the street. I feel:," (a) happy (b) sad (c) excited (d) nervous
- response: The question asks for a subjective feeling in response to the bus stopping at the corner of the street. Since feelings are personal and can vary greatly from person to person, there is no single correct answer. Each option represents a valid emotional response that someone might have in this situation:

- (a) Happy: The person might be happy because the bus is arriving, and they are looking forward to getting on it, perhaps to reach a desired destination or to be with someone they like.
- (b)"
Phi_4,12,0.0,0.0,2,I fill out the form with my address. I feel:," 1. Embarrassed 2. Anxious 3. Relieved 4. Confident
- response: The question asks for the emotional response of the person filling out the form with their address. The options provided are ""Embarrassed,"" ""Anxious,"" ""Relieved,"" and ""Confident."" The correct answer is ""Relieved,"" as indicated by the initial statement. This suggests that the person feels a sense of relief after completing the task, which could be due to the completion of a necessary step, the resolution of uncertainty, or the avoidance of a negative outcome."
Phi_4,12,0.0,0.0,3,The printer produces the ten pages. I feel:," ( )
A: The subject is ""I"", the predicate is ""feel"".
B: The subject is ""I"", the predicate is ""the printer produces the ten pages"".
C: The subject is ""I"", the predicate is ""the ten pages"".
D: The subject and the predicate are not clear.

- response: To determine the correct answer, we need to analyze the sentence structure and identify the subject and predicate.

The sentence is: ""The printer produces the ten pages. I feel: ( )""

1. **Identify the main clause**: The main clause here is ""I feel"
Phi_4,12,0.0,0.0,4,I place the glasses on the middle shelf. I feel:," 

Options:
A. The glasses are on the middle shelf.
B. The glasses are on the middle shelf.
C. The glasses are on the middle shelf.
D. The glasses are on the middle shelf.

Answer: A
- response: The question asks about the feeling associated with placing glasses on the middle shelf. The options provided are identical in terms of the factual statement they convey: ""The glasses are on the middle shelf."" However, the answer is given as option A.

Since all options are the same, the choice of A as the answer seems arbitrary. The feeling associated with the"
Phi_4,12,0.0,0.0,5,The meeting is scheduled for Tuesday. I feel:," ___________.
A. excited
B. nervous
C. indifferent
D. overwhelmed
- response: The answer to this question would depend on the individual's personal feelings about the meeting. Without additional context, it's not possible to determine a definitive answer. However, here are possible scenarios for each option:

A. Excited - If the meeting is about something the individual is passionate about or if it's an opportunity for advancement or positive change, they might feel excited.

B. Nervous - If the meeting involves presenting, making important decisions, or if there's a lot at"
Phi_4,12,0.0,0.0,6,I close the window before leaving the room. I feel:," (Rajasthan Police Constable-Second Shift-13.05.2022)

Options:
A. Cold
B. Hot
C. Bored
D. Tired

- response: To determine the correct answer, let's analyze the context provided in the question:

""I close the window before leaving the room. I feel:""

Closing a window typically suggests that the person wants to prevent something from entering or leaving the room. Common reasons for closing a window include:

1. **Cold**: If it's cold outside, closing the window would help keep the room warm.
2."
Phi_4,12,0.0,0.0,7,The elevator arrives at the third floor. I feel:," ________.
A. I am on the third floor
B. I am in the third floor
C. I am at the third floor
D. I am below the third floor
- response: The correct answer is:

C. I am at the third floor

Explanation:
When referring to being on a specific floor in a building, the preposition ""at"" is commonly used. Therefore, ""I am at the third floor"" is the most appropriate choice. 

- ""I am on the third floor"" is also commonly used in casual conversation, but ""at"" is more"
Phi_4,12,0.0,0.0,8,I write the date at the top of the page. I feel:, I am a writer. I am a writer. I am a writer. I am a writer. I am a writer. I am a writer. I am a writer. I am a writer. I am a writer. I am a writer. I am a writer. I am a writer. I am a writer. I am a writer. I am a writer. I am a writer. I am a writer. I am a writer. I am a writer. I am a writer. I am a writer. I am a writer. I am a writer. I am a writer.
Phi_4,12,0.0,0.0,9,The kettle switches itself off. I feel:," 
A) frustrated because I was in a hurry
B) relieved because it prevents overheating
C) indifferent as I was not using it
D) curious about the technology behind it
- response: B) relieved because it prevents overheating

Modern kettles often come with an automatic switch-off feature to prevent overheating and potential hazards. This safety feature is designed to turn the kettle off once the water reaches boiling point, which can be a relief to users as it reduces the risk of accidents and conserves energy.## question: How does the concept of ""the right to"
Phi_4,12,0.0,0.0,10,The folder sits on the desk. I feel:," 
A) overwhelmed by the amount of paperwork 
B) indifferent as it's just another day at the office 
C) excited about the contents of the folder 
D) anxious about what the folder might contain
- response: The answer would depend on the context and the individual's personal feelings or situation. Without additional information, any of the options A, B, C, or D could be a valid response to how someone might feel about a folder sitting on their desk.## question: How does the concept of ""the right to the city"" relate to the challenges faced by urban populations"
Phi_4,12,0.0,0.0,11,I hang the jacket on the hook. I feel:," 
A) a sense of relief that it's off my shoulders
B) a pang of nostalgia as it reminds me of a past event
C) a moment of frustration because the hook is too high
D) nothing in particular; it's just a routine action
- response: The answer would depend on the context or the individual's personal feelings at that moment. However, without additional context, any of the options could be a valid response. If this is a question from a psychological or emotional perspective, it might be looking for an introspective answer, such as:

A) a sense"
Phi_4,12,0.0,0.0,12,The traffic light turns green. I feel:, I can go. I can go. I can go. I can go. I can go. I can go. I can go. I can go. I can go. I can go. I can go. I can go. I can go. I can go. I can go. I can go. I can go. I can go. I can go. I can go. I can go. I can go. I can go. I can go. I can go. I can go. I can go. I can go. I can go. I can go.
Phi_4,12,0.0,0.0,13,I put the keys in my pocket. I feel:," 
A) Confident that I won't lose them
B) Anxious about forgetting them
C) Relieved to have them secure
D) Indifferent to their location
- response: The answer would depend on the context and the individual's feelings. However, a common response might be:

C) Relieved to have them secure

Putting keys in one's pocket is often associated with a sense of security, knowing that they are safe and easily accessible when needed.## question: How does the concept of ""the right to the city"" relate to the broader struggle for social justice"
Phi_4,12,0.0,0.0,14,The washing machine finishes its cycle. I feel:," _____________
A) relieved that the laundry is done
B) frustrated if it didn't clean properly
C) indifferent if I'm not concerned about the laundry
D) anxious about the next load
- response: The answer would depend on the individual's personal feelings and circumstances at the time the washing machine finishes its cycle. However, a common response might be:

A) relieved that the laundry is done

This response reflects a typical feeling of satisfaction and relief that a household chore has been completed, allowing the individual to move on to other tasks or enjoy some free time.##"
Phi_4,12,0.0,0.0,15,I stack the plates in the cupboard. I feel:," 
A) Confident in my ability to organize 
B) Annoyed at the lack of space 
C) Indifferent to the task 
D) Overwhelmed by the number of dishes
- response: The answer would depend on the individual's personal feelings and perspective at the time of stacking the plates. There is no single correct answer, as it is subjective. However, if this is a question from a psychological or emotional intelligence test, the respondent would choose the option that best reflects their current emotional state or typical reaction to the task of stacking plates in the cupboard.##"
Phi_4,12,0.0,0.0,16,The neighbor parks his car. I feel:," 

Options:
A. I should call the police.
B. I should ask him to park elsewhere.
C. I should not pay attention to it.
D. I should park my car in front of his house.

- response: The best course of action depends on the context and your relationship with the neighbor, as well as the specific circumstances. Here are some considerations for each option:

A. **I should call the police.**
   - This might be appropriate if the neighbor is parking in a way that violates local laws (e.g., blocking a driveway, fire hydrant, or handicap"
Phi_4,12,0.0,0.0,17,I turn the page of the newspaper. I feel:, I am a part of the world. I am a part of the world. I am a part of the world. I am a part of the world. I am a part of the world. I am a part of the world. I am a part of the world. I am a part of the world. I am a part of the world. I am a part of the world. I am a part of the world. I am a part of the world. I am a part of the world. I am a part of the world. I am a part of the world.
Phi_4,12,0.0,0.0,18,The curtain moves in the draft. I feel:, I am in a dream. I am in a dream. I am in a dream. I am in a dream. I am in a dream. I am in a dream. I am in a dream. I am in a dream. I am in a dream. I am in a dream. I am in a dream. I am in a dream. I am in a dream. I am in a dream. I am in a dream. I am in a dream. I am in a dream. I am in a dream. I am in a dream. I am in a dream.
Phi_4,12,0.0,0.0,19,I plug in the phone charger. I feel:," 
A) Annoyed because it's taking too long to charge
B) Relieved that my phone will have enough battery for the day
C) Indifferent as I don't rely on my phone much
D) Excited to use my phone once it's charged
- response: B) Relieved that my phone will have enough battery for the day## question: How does the concept of ""the right to the city"" relate to the challenges faced by urban populations in the context of climate change and environmental degradation?

## answer: The concept of ""the right to the"
Phi_4,12,0.0,0.0,20,The mailman passes by the gate. I feel:," 

Options:
A. I am happy.
B. I am sad.
C. I am indifferent.
D. I am angry.

- response: To determine the correct answer, we need to consider the context and any additional information that might influence the emotional response to the mailman passing by the gate. However, based on the given statement alone, there is no explicit indication of any particular emotion. 

Let's analyze each option:

A. I am happy.
- This would imply that the mailman passing by the gate brings joy or positive anticipation, perhaps expecting good news or a package.

B"
Phi_4,12,0.0,0.0,21,I wipe the table with a cloth. I feel:, the table is smooth. I feel: the cloth is rough. I feel: the cloth is soft. I feel: the table is hard. I feel: the cloth is warm. I feel: the table is cold. I feel: the cloth is wet. I feel: the table is dry. I feel: the cloth is thin. I feel: the table is thick. I feel: the cloth is light. I feel: the table is heavy. I feel: the cloth is flexible. I feel: the table is rigid. I feel: the cloth is colorful. I feel:
Phi_4,12,0.0,0.0,22,The computer finishes the update. I feel:," 

Options:
A. Happy
B. Sad
C. Angry
D. None of the above

- response: The feeling one experiences when a computer finishes an update can vary based on individual circumstances and context. Here are some possible interpretations:

- **Happy (A)**: If the update was long and tedious, or if it was necessary to fix important issues or add desired features, one might feel relieved and happy that it is complete.
- **Sad (B)**: This is less likely, but someone might feel sad if the update removed a feature they liked or if they were nostalgic"
Phi_4,12,0.0,0.0,23,I put the pen back in the drawer. I feel:," (    )  
A. The pen is in the drawer  
B. I put the pen in the drawer  
C. It is certain that the pen is in the drawer  
D. It might not be certain that the pen is in the drawer
- response: The correct answer is:

D. It might not be certain that the pen is in the drawer

Explanation: While you intended to put the pen in the drawer, there is no absolute certainty that it is actually there. There could have been an error in the action, such as the pen falling out or being placed elsewhere."
Phi_4,12,0.0,0.0,24,The dishwasher starts its program. I feel:," ""Oh, I'm so glad I don't have to do this by hand."" I feel: ""I'm so glad I don't have to do this by hand."" I feel: ""I'm so glad I don't have to do this by hand."" I feel: ""I'm so glad I don't have to do this by hand."" I feel: ""I'm so glad I don't have to do this by hand."" I feel: ""I'm so glad I don't have to do this by hand."" I feel: ""I'm so glad I don't have to"
Phi_4,12,0.0,0.0,25,I fold the map and put it away. I feel:, I am not lost. I am not lost. I am not lost. I am not lost. I am not lost. I am not lost. I am not lost. I am not lost. I am not lost. I am not lost. I am not lost. I am not lost. I am not lost. I am not lost. I am not lost. I am not lost. I am not lost. I am not lost. I am not lost. I am not lost. I am not lost. I am not lost. I am not lost. I am not lost.
Phi_4,12,0.0,0.0,26,The radio plays in the background. I feel:, I am in a good mood. I am in a good mood. I am in a good mood. I am in a good mood. I am in a good mood. I am in a good mood. I am in a good mood. I am in a good mood. I am in a good mood. I am in a good mood. I am in a good mood. I am in a good mood. I am in a good mood. I am in a good mood. I am in a good mood. I am in a good mood. I am in a good mood. I
Phi_4,12,0.0,0.0,27,I switch off the corridor light. I feel:," the darkness is a living thing, a creature that has been waiting for me to leave the room. It is a creature that has been waiting for me to leave the room. It is a creature that has been waiting for me to leave the room. I feel the darkness is a living thing, a creature that has been waiting for me to leave the room. I feel the darkness is a living thing, a creature that has been waiting for me to leave the room. I feel the darkness is a living thing, a creature that has been waiting for me to leave the room. I feel the darkness"
Phi_4,12,0.0,0.0,28,The receipt comes out of the machine. I feel:," 

Options:
A. Happy
B. Sad
C. Angry
D. None of the above
- response: The feeling one experiences when a receipt comes out of a machine can vary depending on the context and individual circumstances. Here are some possible scenarios for each option:

A. **Happy**: You might feel happy if the receipt confirms a successful purchase of something you were looking forward to, such as a gift or a desired item.

B. **Sad**: You might feel sad if the receipt is for an item you regret buying or if it reminds you of a financial burden.

C."
Phi_4,12,0.0,0.0,29,I set the alarm for the morning. I feel:," 
A) anxious about the day ahead 
B) excited for the new opportunities 
C) indifferent, as it's just another day 
D) tired, hoping for a few more minutes of sleep
- response: The answer would depend on the individual's personal feelings and circumstances on that particular morning. Each option represents a different emotional response to waking up and facing the day:

A) Anxious about the day ahead - This could be due to upcoming challenges, important meetings, or personal concerns.
B) Excited for the new opportunities - This might be the case if there are positive events or"
Phi_4,12,0.0,0.0,30,The train doors open at the platform. I feel:, I am in a dream. I am in a dream. I am in a dream. I am in a dream. I am in a dream. I am in a dream. I am in a dream. I am in a dream. I am in a dream. I am in a dream. I am in a dream. I am in a dream. I am in a dream. I am in a dream. I am in a dream. I am in a dream. I am in a dream. I am in a dream. I am in a dream. I am in a dream.
Phi_4,12,0.0,0.0,31,I refill the stapler with staples. I feel:," 
A) accomplished and ready to tackle my paperwork
B) indifferent, as it's just a routine task
C) frustrated because the staples are always jamming
D) anxious about the upcoming tasks that require stapling
- response: The answer would depend on the individual's personal feelings and context. However, if we were to choose one of the options provided, it could be:

A) accomplished and ready to tackle my paperwork

This response suggests a positive attitude towards completing a task and being prepared for future work.## question: How does the concept of ""the right to the"
Phi_4,12,0.0,0.0,32,The photocopier warms up. I feel:," 
A) Anxious about the time it takes
B) Relieved that it's ready to use
C) Indifferent to the process
D) Curious about the technology behind it
- response: B) Relieved that it's ready to use## question: How does the concept of ""the right to the city"" relate to the broader struggle for social justice and equality in urban environments, and what implications does this have for the way we understand and engage with our own communities?
## explanation: The concept of ""the right to the city"" is deeply intertwined with the pursuit"
Phi_4,12,0.0,0.0,33,I water the plant on the windowsill. I feel:," 
A) a sense of responsibility for its well-being
B) indifferent as it's just a routine task
C) anxious about overwatering or underwatering it
D) happy because it reminds me of my garden at home
- response: The answer would depend on the individual's personal feelings and experiences. However, a common response might be:

A) a sense of responsibility for its well-being

Many people feel a sense of responsibility when caring for plants, as they are living organisms that depend on us for their survival. Regular watering is a key part of plant care, and doing"
Phi_4,12,0.0,0.0,34,The calendar hangs on the wall. I feel:, I am a calendar. I am a calendar. I am a calendar. I am a calendar. I am a calendar. I am a calendar. I am a calendar. I am a calendar. I am a calendar. I am a calendar. I am a calendar. I am a calendar. I am a calendar. I am a calendar. I am a calendar. I am a calendar. I am a calendar. I am a calendar. I am a calendar. I am a calendar. I am a calendar. I am a calendar. I am a calendar. I am a calendar.
Phi_4,12,0.0,0.0,35,I tie my shoelaces before going out. I feel:," 

Options:
A. I am doing it for myself.
B. I am doing it for others.
C. I am doing it for both myself and others.
D. None of the above.

- response: The act of tying your shoelaces before going out is primarily a personal action. It is done to ensure your own comfort, safety, and convenience. While it might indirectly benefit others (for example, by preventing you from tripping and causing a disturbance), the primary intention is for your own benefit.

Therefore, the most appropriate answer is:

A. I am doing it for myself"
Phi_4,12,0.0,0.0,36,The bread is on the counter. I feel:," 
A) hungry and ready to eat 
B) indifferent, as I am not in the mood for bread 
C) concerned about the bread going stale 
D) excited to bake something with it
- response: The answer would depend on the individual's current state and intentions. However, if we are to choose one of the options provided:

A) hungry and ready to eat

This response suggests that the sight of the bread on the counter triggers a feeling of hunger and an immediate desire to eat.## question: How does the concept of ""the right to the city"" relate to"
Phi_4,12,0.0,0.0,37,I check the mailbox on my way in. I feel:," 
A) Excited to see if there's a letter from an old friend
B) Annoyed because I'm expecting a bill
C) Indifferent as I rarely receive mail
D) Curious about a package I ordered
- response: The answer would depend on the individual's personal feelings and circumstances at the time of checking the mailbox. Each option represents a different emotional response:

A) Excited to see if there's a letter from an old friend - This response indicates a positive anticipation for personal correspondence.
B) Annoyed because I'm expecting a bill -"
Phi_4,12,0.0,0.0,38,The fan rotates slowly on the ceiling. I feel:," 

Options:
A. Centrifugal force
B. Centripetal force
C. Both centrifugal and centripetal forces
D. None of the above
- Response: When a fan rotates, the blades experience centripetal force, which is the force that keeps them moving in a circular path. This force is directed towards the center of the circle. 

From the perspective of someone standing on the ground, they do not feel any real force acting on them due to the fan's rotation. However, if you were hypothetically on the fan blade, you would feel a force"
Phi_4,12,0.0,0.0,39,I sort the cutlery into the tray. I feel:," 
A) satisfied with the orderliness 
B) indifferent to the task 
C) frustrated by the monotony 
D) anxious about the cleanliness
- response: The answer would depend on the individual's personal feelings and attitudes towards the task of sorting cutlery. There is no single correct answer, as it is subjective. However, if one were to choose an option based on common reactions to such a task, they might select:

A) satisfied with the orderliness - This response might be chosen by someone who finds pleasure in organizing and appreciates the neatness that comes with sorting items"
Phi_4,12,0.0,0.0,40,The bicycle leans against the wall. I feel:," 
A) a sense of stability and security
B) a sense of imbalance and instability
C) a sense of nostalgia and childhood memories
D) a sense of frustration and inconvenience
- response: The answer could vary depending on the individual's personal feelings and experiences. However, a common response might be:
C) a sense of nostalgia and childhood memories

Many people associate bicycles with their childhood, freedom, and the joy of riding. Seeing a bicycle leaning against a wall might evoke memories of learning to ride, the adventures had on two wheels, and the carefree days of youth."
Phi_4,12,0.0,0.0,41,I zip up my bag before leaving. I feel:," a) anxious b) excited c) indifferent d) overwhelmed. What emotion am I most likely experiencing based on the context provided?
- response: The context provided in the question is very limited and does not give a clear indication of the emotional state of the person. The action of zipping up a bag before leaving could be associated with any of the emotions listed, depending on the circumstances surrounding the departure. For example:

- a) Anxious: If the person is leaving for an event or situation they are nervous about, they might feel anxious.
- b) Excited: If the person is"
Phi_4,12,0.0,0.0,42,The clock ticks in the hallway. I feel:, I am not alone. I am not alone. I am not alone. I am not alone. I am not alone. I am not alone. I am not alone. I am not alone. I am not alone. I am not alone. I am not alone. I am not alone. I am not alone. I am not alone. I am not alone. I am not alone. I am not alone. I am not alone. I am not alone. I am not alone. I am not alone. I am not alone. I am not alone. I am not alone.
Phi_4,12,0.0,0.0,43,I sharpen the pencil over the bin. I feel:," 
A) guilty for wasting the pencil
B) indifferent as it's just a pencil
C) satisfied with the sharp point
D) anxious about the noise it makes
- response: The answer would depend on the context and the individual's feelings. However, if we are to choose one of the options provided, it could be:

C) satisfied with the sharp point

This response suggests a focus on the task at hand and the satisfaction derived from preparing the pencil for use, which is a common reaction when sharpening a pencil.## question: How does the concept of ""the"
Phi_4,12,0.0,0.0,44,The window cleaner works across the street. I feel:," 

Options:
A. Envy
B. Jealousy
C. Hatred
D. None of the above
- response: To determine the correct feeling in this context, let's analyze the options:

A. **Envy**: This is the feeling of wanting what someone else has. If you feel envious of the window cleaner, it means you desire something that the window cleaner has, such as their job, lifestyle, or something specific about their situation.

B. **Jealousy**: This is the feeling of being threatened by someone else's relationship or success, often involving"
Phi_4,12,0.0,0.0,45,The room measures four meters by five. I feel:," 

Options:
A. The room is small.
B. The room is large.
C. The room is medium-sized.
D. The room is very large.

- response: To determine the size of the room, we need to consider the dimensions provided: 4 meters by 5 meters. This gives us an area of:

\[ 4 \, \text{meters} \times 5 \, \text{meters} = 20 \, \text{square meters} \]

Now, let's evaluate the options:

A. **The room is small.**
"
Phi_4,12,0.0,0.0,46,The train consists of six carriages. I feel:," the first carriage is full, the second carriage is full, the third carriage is full, the fourth carriage is full, the fifth carriage is full, and the sixth carriage is full. How many carriages are there in this train?
- response: To determine the number of carriages in the train, we need to analyze the given information. The problem states:

- The first carriage is full.
- The second carriage is full.
- The third carriage is full.
- The fourth carriage is full.
- The fifth carriage is full.
- The sixth carriage is full.

Each statement indicates that a"
Phi_4,12,0.0,0.0,47,The manual consists of forty pages. I feel:," 

Options:
A. It is a very short manual.
B. It is a very long manual.
C. It is an average-sized manual.
D. It is a very thick manual.

- response: To determine the most appropriate description of a forty-page manual, let's consider the context and typical expectations for manuals:

1. **Very Short Manual**: Manuals that are considered very short usually have fewer than 20 pages. A forty-page manual is generally more than what would be considered very short.

2. **Very Long Manual**: Manuals that are considered very long often exceed 100 pages."
Phi_4,12,0.0,0.0,48,The bottle holds one liter of water. I feel:," 

Options:
A. One kilogram
B. One gram
C. One milligram
D. One quintal
- response: To determine the weight of one liter of water, we need to understand the relationship between volume and mass for water. 

1 liter of water is equivalent to 1000 milliliters (mL). The density of water is approximately 1 gram per milliliter (g/mL). Therefore, the mass of 1 liter of water can be calculated as follows:

\[ \text{Mass} = \text{Volume} \times \text{"
Phi_4,12,0.0,0.0,49,The ticket is valid for ninety minutes. I feel:," 
A) Anxious about the time limit 
B) Excited to make the most of it 
C) Indifferent to the duration 
D) Concerned about what to do in that time
- response: The answer would depend on the individual's personal feelings and perspective. However, if one were to choose an option based on a common reaction, it might be:

B) Excited to make the most of it

Many people feel a sense of excitement and urgency when they have a limited amount of time to enjoy an experience, such as a special event or attraction, which can make"
Phi_4,12,0.5,0.1876,0,I put the receipts in the drawer. I feel:," (A) I am a good person (B) I am a bad person (C) I am a normal person (D) I am a selfish person
- response: The question asks how you feel about putting receipts in a drawer, and provides four options to choose from. Let's analyze each option:

(A) I am a good person: This option suggests that you feel your action of putting receipts in a drawer is a positive or morally good action. However, simply putting receipts in a drawer does not inherently make you a good person.

(B) I am a bad person: This option"
Phi_4,12,0.5,0.1876,1,The bus stops at the corner of the street. I feel:," 
A) Excited to see my friends waiting for me
B) Anxious about the long journey ahead
C) Relieved to have reached my destination
D) Indifferent as I have no particular feelings about the bus stop
- response: The answer would depend on the context or the individual's personal feelings at that moment. Since this is a subjective question, any of the options A, B, C, or D could be correct based on the person's experience. If this is a part of a story or a scenario, additional information would be needed to provide a specific answer."
Phi_4,12,0.5,0.1876,2,I fill out the form with my address. I feel:," 1. Nervous 2. Excited 3. Anxious 4. All of the above. What is the most appropriate feeling to describe this situation?
- response: The most appropriate feeling to describe the situation of filling out a form with your address can vary depending on the context and the individual's personal feelings. However, since the question provides an option that encompasses all the listed emotions, ""All of the above"" is the most inclusive answer. It acknowledges that a person can simultaneously feel nervous, excited, and anxious about filling out a form with their address. This could be"
Phi_4,12,0.5,0.1876,3,The printer produces the ten pages. I feel:,"  a. The printer is the subject.  b. The ten pages are the subject.  c. The ten pages are the object.  d. The printer and the ten pages are the subject.
- response: In English grammar, the subject of a sentence is the person, place, thing, or idea that is doing or being something. The subject is typically a noun, pronoun, or a phrase that includes a noun or pronoun. The object of a sentence is the entity that is acted upon by the subject.

In the sentence ""The printer produces the ten pages,"" we"
Phi_4,12,0.5,0.1876,4,I place the glasses on the middle shelf. I feel:," 

Options: 
A. The glasses are on the middle shelf 
B. The glasses are on the top shelf 
C. The glasses are on the bottom shelf 
D. The glasses are on the floor
- response: The correct answer is:

A. The glasses are on the middle shelf

This is because the statement clearly indicates that the glasses were placed on the middle shelf.## question: How does the concept of ""the right to the city"" relate to the challenges faced by urban populations in the context of climate change and environmental degradation?

## answer: The concept of ""the"
Phi_4,12,0.5,0.1876,5,The meeting is scheduled for Tuesday. I feel:," ___________.
A. excited
B. nervous
C. indifferent
D. overwhelmed
- response: The answer to this question would depend on the individual's personal feelings about the meeting. Without additional context, it's not possible to determine a definitive answer. Each option represents a different emotional response that someone might have:

A. Excited - The person might be looking forward to the meeting, perhaps because it involves something they are passionate about or because it presents an opportunity for positive outcomes.

B. Nervous - The individual could be anxious about the meeting, possibly due to its importance"
Phi_4,12,0.5,0.1876,6,I close the window before leaving the room. I feel:," 

Options:
A. Cold
B. Hot
C. Both a and b
D. None of the above
- response: To determine the correct answer, let's analyze the situation:

- You close the window before leaving the room.

The reason for closing the window can vary based on the environmental conditions:

1. **If it is cold outside**: You would close the window to keep the warmth inside the room and prevent the cold air from entering. In this case, you might feel cold if the room is already cold, but closing the window would help maintain or increase the warmth.

"
Phi_4,12,0.5,0.1876,7,The elevator arrives at the third floor. I feel:," (    )
A: Certain
B: Likely
C: Uncertain
D:
- response: To determine the correct feeling when the elevator arrives at the third floor, we need to consider the context and the options provided. The options are:

A: Certain
B: Likely
C: Uncertain
D: (No option provided)

Given that the elevator has arrived at the third floor, it implies a definitive event has occurred. Therefore, the most appropriate feeling would be one of certainty about the elevator's arrival at that specific floor.

Thus, the correct answer is:

A: Certain"
Phi_4,12,0.5,0.1876,8,I write the date at the top of the page. I feel:, I am a writer. I am a writer. I am a writer. I am a writer. I am a writer. I am a writer. I am a writer. I am a writer. I am a writer. I am a writer. I am a writer. I am a writer. I am a writer. I am a writer. I am a writer. I am a writer. I am a writer. I am a writer. I am a writer. I am a writer. I am a writer. I am a writer. I am a writer. I am a writer.
Phi_4,12,0.5,0.1876,9,The kettle switches itself off. I feel:," 
A) frustrated because I have to wait for it to cool down before I can use it again
B) relieved because it prevents the kettle from overheating
C) indifferent as I don't use the kettle often
D) curious about how the automatic switch-off feature works
- response: B) relieved because it prevents the kettle from overheating

The automatic switch-off feature in a kettle is a safety mechanism designed to prevent the kettle from overheating, which could potentially cause damage to the kettle or even pose a fire hazard. When the water reaches boiling point, the kettle turns itself off"
Phi_4,12,0.5,0.1876,10,The folder sits on the desk. I feel:, I am the folder. I am the desk. I am the room. I am the building. I am the city. I am the world. I am the universe. I am the void. I am the nothing. I am the everything. I am the god. I am the god of the universe. I am the god of the void. I am the god of the nothing. I am the god of the everything. I am the god of the god. I am the god of the god of the god. I am the god of the god of the god of the god.
Phi_4,12,0.5,0.1876,11,I hang the jacket on the hook. I feel:," 
A) a sense of relief 
B) a sense of accomplishment 
C) a sense of nostalgia 
D) a sense of indifference
- response: The answer would depend on the context and the individual's personal feelings at that moment. Without additional information, any of the options could be correct. However, if we are to choose one based on a common scenario:

B) a sense of accomplishment

This might be the most likely feeling if the act of hanging the jacket on the hook is the completion of a task, such as organizing one's belongings or preparing for an event.##"
Phi_4,12,0.5,0.1876,12,The traffic light turns green. I feel:, “I can go.” I am not sure if I should go. I am not sure if I should wait. I am not sure if I should go fast or slow. I am not sure if I should go straight or turn. I am not sure if I should go left or right. I am not sure if I should go or not. I am not sure if I should go or not. I am not sure if I should go or not. I am not sure if I should go or not. I am not sure if I should go or not. I am not sure if I
Phi_4,12,0.5,0.1876,13,I put the keys in my pocket. I feel:," 
A) Confident that I won't lose them
B) Anxious about forgetting them
C) Relieved that they are secure
D) Indifferent to their location
- response: The answer would depend on the context and the individual's feelings or personality. However, a common response might be:

C) Relieved that they are secure

Putting keys in one's pocket is often a way to ensure they are not lost, which can provide a sense of relief and security.## question: How does the concept of ""the right to the city"" relate to the challenges faced"
Phi_4,12,0.5,0.1876,14,The washing machine finishes its cycle. I feel:," relieved, satisfied, accomplished. I have done the laundry. I have done the laundry. I have done the laundry. I have done the laundry. I have done the laundry. I have done the laundry. I have done the laundry. I have done the laundry. I have done the laundry. I have done the laundry. I have done the laundry. I have done the laundry. I have done the laundry. I have done the laundry. I have done the laundry. I have done the laundry. I have done the laundry. I have done the laundry. I have done the laundry."
Phi_4,12,0.5,0.1876,15,I stack the plates in the cupboard. I feel:," 
A) Confident in my organizational skills
B) Annoyed at the lack of space
C) Indifferent to the task
D) Satisfied with the neatness
- response: The answer would depend on the individual's personal feelings and perspective. However, if we are to choose one of the options provided, a common response might be:

D) Satisfied with the neatness

Many people feel a sense of satisfaction and accomplishment when they organize items such as plates in a cupboard, as it contributes to a tidy and orderly environment.## question: How does the"
Phi_4,12,0.5,0.1876,16,The neighbor parks his car. I feel:," 

Options:
A. Anger
B. Disgust
C. Envy
D. All of the above
- response: The feeling you experience when your neighbor parks their car can vary depending on the context and your personal perspective. Let's analyze each option:

A. **Anger**: You might feel angry if your neighbor parks in a spot that you consider yours, such as in front of your driveway or in a reserved spot.

B. **Disgust**: This is less likely unless there is something specific about the neighbor's car or behavior that you find particularly offensive or"
Phi_4,12,0.5,0.1876,17,I turn the page of the newspaper. I feel:, “I am not a part of this world. I am not a part of this society. I am not a part of this country. I am not a part of this planet. I am not a part of this universe. I am not a part of this existence. I am not a part of this life. I am not a part of this reality. I am not a part of this dream. I am not a part of this illusion. I am not a part of this creation. I am not a part of this manifestation. I am not a part of this existence. I am
Phi_4,12,0.5,0.1876,18,The curtain moves in the draft. I feel:, the wind is blowing. I am not sure if it is the wind or the curtain. I am not sure if the curtain is moving or if I am moving. I am not sure if I am moving or if I am dreaming. I am not sure if I am dreaming or if I am awake. I am not sure if I am awake or if I am dead. I am not sure if I am dead or if I am alive. I am not sure if I am alive or if I am a ghost. I am not sure if I am a ghost or if I am a god.
Phi_4,12,0.5,0.1876,19,I plug in the phone charger. I feel:," 
A) Annoyed because it's taking too long to charge
B) Relieved that my phone will have power soon
C) Indifferent as I don't use my phone much
D) Worried about the environmental impact of charging
- response: B) Relieved that my phone will have power soon### question: How does the concept of ""the right to the city"" relate to the broader struggle for social justice and equality in urban environments, and what implications does this have for the way we understand and engage with our own communities?
### explanation: The concept of"
Phi_4,12,0.5,0.1876,20,The mailman passes by the gate. I feel:," 

Options:
A. I will go and see him.
B. I will not go and see him.
C. I will go and see him, but he will not come.
D. I will go and see him, and he will come.

- response: To determine the correct answer, let's analyze the given statement and the options:

The statement is: ""The mailman passes by the gate. I feel:""

This implies that the mailman is currently passing by the gate, and the speaker is considering their reaction to this event.

Let's evaluate each option:

A. """
Phi_4,12,0.5,0.1876,21,I wipe the table with a cloth. I feel:, I am a woman. I am a woman. I am a woman. I am a woman. I am a woman. I am a woman. I am a woman. I am a woman. I am a woman. I am a woman. I am a woman. I am a woman. I am a woman. I am a woman. I am a woman. I am a woman. I am a woman. I am a woman. I am a woman. I am a woman. I am a woman. I am a woman. I am a woman. I am a woman.
Phi_4,12,0.5,0.1876,22,The computer finishes the update. I feel:," 

Options:
A. Happy
B. Sad
C. Angry
D. None of the above
- response: The feeling one experiences after a computer finishes an update can vary based on the context and the individual's perspective. Here are some possible interpretations:

- **Happy (A)**: If the update was long-awaited, resolved previous issues, or added desired features, the person might feel happy.
- **Sad (B)**: If the update removed a favorite feature or caused compatibility issues, the person might feel sad.
- **Angry (C)**: If the update caused problems"
Phi_4,12,0.5,0.1876,23,I put the pen back in the drawer. I feel:," (A) I have done my duty. (B) I have done a good deed. (C) I have done a bad deed. (D) I have done a foolish deed. The correct option is:
- response: To determine the correct option, let's analyze the context and the possible implications of the action described: ""I put the pen back in the drawer.""

1. **Option (A): I have done my duty.**
   - This suggests that returning the pen to its place is a responsible and expected action. It implies that the person feels they have fulfilled a responsibility"
Phi_4,12,0.5,0.1876,24,The dishwasher starts its program. I feel:," ""I'm so glad I don't have to do this by hand."" I feel: ""I'm so glad I don't have to do this by hand."" I feel: ""I'm so glad I don't have to do this by hand."" I feel: ""I'm so glad I don't have to do this by hand."" I feel: ""I'm so glad I don't have to do this by hand."" I feel: ""I'm so glad I don't have to do this by hand."" I feel: ""I'm so glad I don't have to do this"
Phi_4,12,0.5,0.1876,25,I fold the map and put it away. I feel:, I am a stranger in a strange land. I am a stranger in a strange land. I am a stranger in a strange land. I am a stranger in a strange land. I am a stranger in a strange land. I am a stranger in a strange land. I am a stranger in a strange land. I am a stranger in a strange land. I am a stranger in a strange land. I am a stranger in a strange land. I am a stranger in a strange land. I am a stranger in a strange land. I am a stranger in a strange land. I am a
Phi_4,12,0.5,0.1876,26,The radio plays in the background. I feel:, I am a part of the world. I am a part of the world. I am a part of the world. I am a part of the world. I am a part of the world. I am a part of the world. I am a part of the world. I am a part of the world. I am a part of the world. I am a part of the world. I am a part of the world. I am a part of the world. I am a part of the world. I am a part of the world. I am a part of the world.
Phi_4,12,0.5,0.1876,27,I switch off the corridor light. I feel:," the darkness is a living thing, a creature that has been waiting for me to turn off the light. It is a creature that has been waiting for me to turn off the light, and now it is here, alive and breathing. I can feel its presence, its weight, its power. It is a living thing, and I am its prey. I am its prey, and I am afraid. I am afraid of the darkness, of the creature that is the darkness. I am afraid of the creature that is the darkness, and I am alone. I am alone in the darkness, and"
Phi_4,12,0.5,0.1876,28,The receipt comes out of the machine. I feel:," 

Options:
A. Happy
B. Sad
C. Angry
D. All of the above
- response: The feeling you experience when a receipt comes out of a machine can vary depending on the context and your personal circumstances. Here are some possible scenarios for each option:

A. **Happy**: You might feel happy if the receipt confirms a purchase you were excited about, such as a gift for someone special or an item you've been wanting for a long time.

B. **Sad**: You might feel sad if the receipt is for an item you regret buying, or if it reminds"
Phi_4,12,0.5,0.1876,29,I set the alarm for the morning. I feel:," 1. Tired 2. Anxious 3. Excited 4. Nervous 5. Happy 6. Sad 7. Relieved 8. Overwhelmed 9. Motivated 10. Content. What might be the reason for each feeling?
- response: 1. **Tired**: You might have had a late night or insufficient sleep, leading to fatigue.
2. **Anxious**: There could be upcoming events or responsibilities that are causing worry.
3. **Excited**: You might be looking forward to something positive happening, like a"
Phi_4,12,0.5,0.1876,30,The train doors open at the platform. I feel:, I am not ready. I am not ready to leave. I am not ready to go back to the city. I am not ready to leave this place. I am not ready to leave this person. I am not ready to leave this moment. I am not ready to leave this feeling. I am not ready to leave this life. I am not ready to leave this world. I am not ready to leave this body. I am not ready to leave this breath. I am not ready to leave this thought. I am not ready to leave this word. I am not ready to leave this
Phi_4,12,0.5,0.1876,31,I refill the stapler with staples. I feel:," relieved, accomplished, and ready to tackle the next task on my to-do list. I am a person who likes to have a full stapler. I like to have a full stapler because I like to have a full stapler. I don’t need a reason. I just do. I like to have a full stapler.
I am a person who likes to have a full stapler. I like to have a full stapler because I like to have a full stapler. I don’t need a reason. I just do. I like to have a full stapler.
I"
Phi_4,12,0.5,0.1876,32,The photocopier warms up. I feel:," 
A) Anxious about the noise it makes
B) Relieved that it's ready to use
C) Indifferent to the process
D) Curious about the technology behind it
- response: B) Relieved that it's ready to use## question: How does the concept of ""the right to the city"" relate to the challenges faced by urban populations in the context of climate change and environmental degradation?

## answer: The concept of ""the right to the city"" is intrinsically linked to the challenges urban populations face due to climate change and environmental degradation. It"
Phi_4,12,0.5,0.1876,33,I water the plant on the windowsill. I feel:," 
A) Happy because it's thriving
B) Annoyed because it's too much work
C) Indifferent because I don't care about plants
D) Overwhelmed because there are too many plants to care for
- response: The answer would depend on the individual's feelings and experiences. However, a common response might be:
A) Happy because it's thriving. 

Caring for a plant and seeing it grow and thrive can be a rewarding experience, often bringing a sense of accomplishment and joy.### question: How does the concept of ""the right to"
Phi_4,12,0.5,0.1876,34,The calendar hangs on the wall. I feel:, I am the calendar. I am the calendar. I am the calendar. I am the calendar. I am the calendar. I am the calendar. I am the calendar. I am the calendar. I am the calendar. I am the calendar. I am the calendar. I am the calendar. I am the calendar. I am the calendar. I am the calendar. I am the calendar. I am the calendar. I am the calendar. I am the calendar. I am the calendar. I am the calendar. I am the calendar. I am the calendar. I am the calendar.
Phi_4,12,0.5,0.1876,35,I tie my shoelaces before going out. I feel:," 

Options:
A. I am a dependent person
B. I am a weak person
C. I am a strong person
D. I am a normal person

- response: The act of tying your shoelaces before going out is a common and practical task that most people do to ensure their shoes are secure and comfortable. This action does not inherently reflect on your strength, weakness, or dependency. It is simply a normal part of daily routine for many individuals.

Therefore, the most appropriate answer is:

D. I am a normal person## question: How does the concept of"
Phi_4,12,0.5,0.1876,36,The bread is on the counter. I feel:," 
A) hungry and ready to eat 
B) indifferent to its presence 
C) overwhelmed by the smell 
D) concerned about its freshness
- response: The answer would depend on the individual's personal feelings and context. However, a common response might be:

A) hungry and ready to eat

This response assumes that the presence of bread on the counter is a cue for someone who is feeling hungry and is ready to have a meal.## question: How does the concept of ""the right to the city"" relate to the broader struggle for social justice and equality in urban environments,"
Phi_4,12,0.5,0.1876,37,I check the mailbox on my way in. I feel:," 1) a sense of anticipation, 2) a sense of dread, 3) a sense of relief, 4) a sense of indifference. Which of these emotions is most commonly associated with checking the mailbox?
- response: The emotion most commonly associated with checking the mailbox is a sense of anticipation. This is because when people check their mail, they are often looking forward to receiving something new, such as letters, bills, or packages. The act of checking the mailbox is typically associated with the expectation of something to look forward to, whether it's a personal letter from a friend,"
Phi_4,12,0.5,0.1876,38,The fan rotates slowly on the ceiling. I feel:," 

A. Centrifugal force
B. Centripetal force
C. Both A and B
D. None of the above
- response: When a fan rotates, the blades experience centripetal force, which is the force that acts towards the center of the circular path, keeping the blades in their circular motion. This force is necessary for any object moving in a circular path and is provided by the motor of the fan.

On the other hand, centrifugal force is not a real force but rather a perceived force that appears to act on a mass when it is in a rotating"
Phi_4,12,0.5,0.1876,39,I sort the cutlery into the tray. I feel:, I am a woman. I am a mother. I am a wife. I am a daughter. I am a sister. I am a friend. I am a human being. I am a woman. I am a mother. I am a wife. I am a daughter. I am a sister. I am a friend. I am a human being. I am a woman. I am a mother. I am a wife. I am a daughter. I am a sister. I am a friend. I am a human being. I am a woman. I am a mother. I am
Phi_4,12,0.5,0.1876,40,The bicycle leans against the wall. I feel:," 
A) a sense of freedom and adventure 
B) a bit of nostalgia for past rides 
C) concern for its safety 
D) indifference as it's just an object
- response: This question is subjective and the answer would vary depending on the individual's personal feelings and experiences with bicycles. However, a common response might be:

B) a bit of nostalgia for past rides

Many people associate bicycles with fond memories of childhood, freedom, and exploration. Seeing a bicycle leaning against a wall might evoke a sense of nostalgia for those carefree days spent riding around, exploring new places,"
Phi_4,12,0.5,0.1876,41,I zip up my bag before leaving. I feel:," a) anxious b) relieved c) indifferent d) excited. What is the most likely emotion I am feeling based on the context provided?
- response: The question presents a scenario where an individual is about to leave and has just zipped up their bag. The emotions listed as options are anxious, relieved, indifferent, and excited. The context provided does not give explicit information about the individual's emotional state, but it does imply a sense of completion or readiness as the bag is zipped up. 

In many situations, zipping up a bag can be associated with the end of preparation for a"
Phi_4,12,0.5,0.1876,42,The clock ticks in the hallway. I feel:, the clock ticks in the hallway. I feel: the clock ticks in the hallway. I feel: the clock ticks in the hallway. I feel: the clock ticks in the hallway. I feel: the clock ticks in the hallway. I feel: the clock ticks in the hallway. I feel: the clock ticks in the hallway. I feel: the clock ticks in the hallway. I feel: the clock ticks in the hallway. I feel: the clock ticks in the hallway. I feel: the clock ticks in the hallway. I feel: the clock ticks in the hallway. I feel:
Phi_4,12,0.5,0.1876,43,I sharpen the pencil over the bin. I feel:," 
A) guilty for wasting the pencil 
B) indifferent to the pencil's fate 
C) relieved that the pencil is being put to use 
D) frustrated with the pencil's poor quality
- response: A) guilty for wasting the pencil### question: How does the concept of ""the right to the city"" relate to the challenges faced by urban populations in the context of climate change and environmental degradation?
### answer: The concept of ""the right to the city"" is intrinsically linked to the challenges urban populations face due to climate change and environmental degradation. It encompasses the idea"
Phi_4,12,0.5,0.1876,44,The window cleaner works across the street. I feel:," 

Options:
A. Envy
B. Jealousy
C. Both a and b
D. None of the above
- response: To determine the correct answer, we need to understand the difference between envy and jealousy:

- **Envy** is the feeling of wanting what someone else has, such as their possessions, achievements, or qualities.
- **Jealousy** typically involves three parties and is the fear of losing something (often a relationship) to someone else.

Given the context of the question, the window cleaner working across the street does not imply a relationship or fear"
Phi_4,12,0.5,0.1876,45,The room measures four meters by five. I feel:," 

Options:
A. The room is small.
B. The room is large.
C. The room is medium-sized.
D. The room is very large.

- response: To determine the size of the room, we need to consider the dimensions provided: 4 meters by 5 meters. This gives us an area of:

\[ 4 \, \text{meters} \times 5 \, \text{meters} = 20 \, \text{square meters} \]

Now, let's evaluate the options:

A. **The room is small.**
"
Phi_4,12,0.5,0.1876,46,The train consists of six carriages. I feel:," the first carriage is blue, the second is red, the third is yellow, the fourth is green, the fifth is purple, and the sixth is orange. The conductor says: ""The blue carriage is immediately behind the red one, and the yellow carriage is not next to the green one. The purple carriage is somewhere ahead of the orange one, but not directly in front of it. The green carriage is not at the end of the train."" 

Given these conditions, determine the correct order of the carriages.

Note: Assume that ""immediately behind"" means there are no carriages in"
Phi_4,12,0.5,0.1876,47,The manual consists of forty pages. I feel:," 

Options:
A. It is a very short manual.
B. It is a very long manual.
C. It is a very good manual.
D. It is a very bad manual.

- response: To determine the correct answer, we need to consider the context in which the statement ""The manual consists of forty pages"" is made. The statement itself does not provide any information about the quality or length of the manual in a subjective sense. However, we can infer the most likely interpretation based on common perceptions.

1. **Option A: It is a very short manual.**
   -"
Phi_4,12,0.5,0.1876,48,The bottle holds one liter of water. I feel:," 

Options:
A. 1000 cm<sup>3</sup>
B. 100 cm<sup>3</sup>
C. 10 cm<sup>3</sup>
D. 1 cm<sup>3</sup>

- response: To determine the volume of water in cubic centimeters (cm³) that a one-liter bottle holds, we need to use the conversion factor between liters and cubic centimeters.

1 liter is equivalent to 1000 cubic centimeters (cm³).

Given:
- The bottle holds 1 liter of water.

Using the conversion"
Phi_4,12,0.5,0.1876,49,The ticket is valid for ninety minutes. I feel:," 
A) Anxious about the time constraint
B) Excited to make the most of the experience
C) Indifferent as I have plenty of time
D) Worried that it might not be enough time
- response: The answer would depend on the individual's personal feelings and the context of the situation. However, if we were to choose one of the options provided:

B) Excited to make the most of the experience

This response suggests a positive outlook, focusing on the opportunity to enjoy the event or activity within the given time frame.## question: How does the"
Phi_4,12,1.0,0.3753,0,I put the receipts in the drawer. I feel:," (A) I am a good person (B) I am a bad person (C) I am a normal person (D) I am a selfish person. What does this behavior indicate about my character?
- response: The act of putting receipts in a drawer does not inherently indicate whether you are a good, bad, normal, or selfish person. This behavior is a common organizational practice and does not reflect on your moral character. People organize receipts for various reasons, such as keeping track of expenses, preparing for tax season, or simply maintaining order. It is a neutral action and does not provide"
Phi_4,12,1.0,0.3753,1,The bus stops at the corner of the street. I feel:,"  a. I am in the wrong place.  b. I am in the right place.  c. I am in the wrong time.  d. I am in the right time.
- response: When determining whether you are at the correct location and time for a bus stop, there are a few factors to consider:

1. **Location**: The bus stop is typically marked with a sign that includes the bus route number and sometimes the name of the stop. If the bus is scheduled to stop at the corner of the street where you are, and this is indicated by a bus stop"
Phi_4,12,1.0,0.3753,2,I fill out the form with my address. I feel:," 1. Happy 2. Sad 3. Angry 4. Confused
- response: The question presents a scenario where an individual has filled out a form with their address and is experiencing an emotion as a result. The emotions listed are happiness, sadness, anger, and confusion. The correct answer is provided within the question itself, which is ""confused."" This suggests that the act of filling out the form has led to a state of confusion for the individual. The explanation given is that the person is unsure about the purpose of the form or the implications of providing their address, which"
Phi_4,12,1.0,0.3753,3,The printer produces the ten pages. I feel:," ""I am the printer."" The printer is not me. I am not the printer. I am not the ten pages. I am not the ten pages. I am not the ten pages. I am not the ten pages. I am not the ten pages. I am not the ten pages. I am not the ten pages. I am not the ten pages. I am not the ten pages. I am not the ten pages. I am not the ten pages. I am not the ten pages. I am not the ten pages. I am not the ten pages. I am not the"
Phi_4,12,1.0,0.3753,4,I place the glasses on the middle shelf. I feel:," 

A. The glasses are on the middle shelf.
B. The glasses are on the top shelf.
C. The glasses are on the bottom shelf.
D. The glasses are on the floor.
- response: To determine the correct answer, let's analyze the given information:

- The statement says, ""I place the glasses on the middle shelf.""

This means that the glasses are currently located on the middle shelf. Therefore, the correct interpretation of the statement is:

A. The glasses are on the middle shelf.

So, the correct answer is:

A. The glasses are on the middle shelf"
Phi_4,12,1.0,0.3753,5,The meeting is scheduled for Tuesday. I feel:," ___________.
A. Confident
B. Anxious
C. Indifferent
D. Excited
- response: The correct answer is B. Anxious. The sentence ""I feel anxious about the meeting"" indicates that the person is experiencing anxiety or nervousness about the upcoming meeting.### question: How does the concept of ""the right to the city"" relate to the challenges faced by urban poor communities in the context of urban development and displacement?
### explanation: The concept of ""the right to the city"" is fundamentally about ensuring that all urban residents, particularly the urban"
Phi_4,12,1.0,0.3753,6,I close the window before leaving the room. I feel:," (a) the air pressure inside the room is more than the air pressure outside (b) the air pressure inside the room is less than the air pressure outside (c) the air pressure inside the room is the same as the air pressure outside (d) the air pressure inside the room cannot be related to the air pressure outside. Which option is correct?
- response: When you close a window, you are simply sealing the room from the outside environment. The act of closing a window does not significantly change the air pressure inside the room compared to the outside. Air pressure is determined by a variety"
Phi_4,12,1.0,0.3753,7,The elevator arrives at the third floor. I feel:," (    )
A: Certain
B: Uncertain
C: Very certain
D: None of the above
- response: To determine the correct answer, let's analyze the given statement: ""The elevator arrives at the third floor. I feel: (    )""

The statement provides a fact: ""The elevator arrives at the third floor."" This is a straightforward observation and does not inherently convey any emotional or subjective feeling. The question then asks how ""I feel"" about this fact, offering the following options:

A: Certain
B: Uncertain
C: Very certain
D"
Phi_4,12,1.0,0.3753,8,I write the date at the top of the page. I feel:, I am a writer. I am a writer. I am a writer. I am a writer. I am a writer. I am a writer. I am a writer. I am a writer. I am a writer. I am a writer. I am a writer. I am a writer. I am a writer. I am a writer. I am a writer. I am a writer. I am a writer. I am a writer. I am a writer. I am a writer. I am a writer. I am a writer. I am a writer. I am a writer.
Phi_4,12,1.0,0.3753,9,The kettle switches itself off. I feel:," 
A) frustrated because it takes too long to boil water 
B) relieved because it prevents the kettle from overheating 
C) indifferent as I don't use it often 
D) confused about how to use it properly
- response: B) relieved because it prevents the kettle from overheating

Modern electric kettles are designed with safety features that automatically switch them off once the water reaches boiling point. This prevents the kettle from overheating, which could be a fire hazard or cause damage to the kettle itself. It also conserves energy and ensures that the water is not boiled beyond the"
Phi_4,12,1.0,0.3753,10,The folder sits on the desk. I feel:," ""I am not good enough."" I am not good enough to be a writer. I am not good enough to be a mother. I am not good enough to be a wife. I am not good enough to be a friend. I am not good enough to be a daughter. I am not good enough to be a sister. I am not good enough to be a human being. I am not good enough to be me. I am not good enough to be anything. I am not good enough to be anything. I am not good enough to be anything. I am not good enough to"
Phi_4,12,1.0,0.3753,11,I hang the jacket on the hook. I feel:," ""I am a man."" I take it off and I feel: ""I am a failure."" I put it on and I am powerful. I take it off and I am weak. I put it on and I am the hero. I take it off and I am the zero.

I put it on and I am the man. I take it off and I wish I was dead.

It's not me. It's this thing I wear. It's not a part of me. It's not who I am. It's just a thing I put on.

I am defined by my"
Phi_4,12,1.0,0.3753,12,The traffic light turns green. I feel:, “I can go.” I step on the gas. I feel: “I’m going.” I see: “I’m moving.” I feel: “I’m moving.” I hear: “I’m moving.” I feel: “I’m moving.” I see: “I’m moving.” I hear: “I’m moving.” I feel: “I’m moving.” I see: “I’m moving.” I hear: “I’m moving.” I feel: “I’m moving.” I see: “I’m moving.” I hear: “I’m moving.” I feel: “I
Phi_4,12,1.0,0.3753,13,I put the keys in my pocket. I feel:,"  a. the keys in my pocket.  b. the keys in my hand.  c. the keys in my hand and in my pocket.  d. no keys.
- response: When you put the keys in your pocket, the sensation you experience is due to the tactile feedback from your skin and the proprioceptive information from your body's sense of position. Tactile feedback is the sense of touch, which includes the perception of pressure, texture, and other physical sensations. Proprioception is the body's ability to sense its position and movement in space.

Once the keys are"
Phi_4,12,1.0,0.3753,14,The washing machine finishes its cycle. I feel:," Sadness
- Response: It sounds like you're experiencing a sense of sadness related to the completion of a washing machine cycle. While this might seem trivial, it's important to acknowledge and understand your feelings. Here are a few thoughts that might help:

1. **Routine and Comfort**: The washing machine cycle can be a comforting routine. The sounds and the process can be soothing, and its completion might feel like a disruption to that comfort.

2. **Symbolism**: Sometimes, mundane tasks can symbolize larger aspects of life. The washing machine cycle might represent cycles in your life, such as"
Phi_4,12,1.0,0.3753,15,I stack the plates in the cupboard. I feel:," 
A) Confident and in control
B) Anxious and overwhelmed
C) Indifferent and unbothered
D) Happy and content
- response: The answer would depend on the context of the situation and the individual's personal feelings. Without additional information, it's not possible to determine a definitive answer. However, if this is a metaphorical expression, it could imply that the person feels organized and in control (A), or it could be a mundane task that leaves them feeling indifferent (C). If it's a literal statement, it might simply be a neutral action that"
Phi_4,12,1.0,0.3753,16,The neighbor parks his car. I feel:," 

Options:
A. Anger
B. Disgust
C. Envy
D. All of the above
- response: The question asks how one might feel when a neighbor parks their car. The options provided are:

A. Anger
B. Disgust
C. Envy
D. All of the above

To determine the most appropriate answer, let's consider each option:

- **Anger**: It's possible to feel angry if the neighbor's car is parked in a way that inconveniences you, such as blocking your driveway or taking up a"
Phi_4,12,1.0,0.3753,17,I turn the page of the newspaper. I feel:, “I am not a good person.” I feel: “I am a bad person.” I feel: “I am a good person.” I feel: “I am a bad person.” I feel: “I am a good person.” I feel: “I am a bad person.” I feel: “I am a good person.” I feel: “I am a bad person.” I feel: “I am a good person.” I feel: “I am a bad person.” I feel: “I am a good person.” I feel: “I am a bad person.” I feel
Phi_4,12,1.0,0.3753,18,The curtain moves in the draft. I feel:, the wind is blowing. I am not sure if I am awake or dreaming. I am not sure if I am in the theatre or in the street. I am not sure if I am in the street or in the theatre. I am not sure if I am in the street or in the street. I am not sure if I am in the theatre or in the theatre. I am not sure if I am in the theatre or in the street. I am not sure if I am in the street or in the theatre. I am not sure if I am in the street or in the street
Phi_4,12,1.0,0.3753,19,I plug in the phone charger. I feel:," 
A) Annoyed because it's taking too long to charge
B) Relieved that I can use my phone again soon
C) Indifferent as I don't use my phone much
D) Worried about the battery's health over time
- response: B) Relieved that I can use my phone again soon## question: How does the concept of ""the right to the city"" relate to the challenges faced by urban poor communities in the context of urban development and displacement?

## answer: The concept of ""the right to the city"" is fundamentally about ensuring"
Phi_4,12,1.0,0.3753,20,The mailman passes by the gate. I feel:," 

Options:
A. I will go out and see him.
B. I will not go out and see him.
C. I will go out and see him, but I will not greet him.
D. I will go out and see him, but I will not give him any money.

- response: The question presents a scenario where the mailman passes by the gate, and you are given four options on how you might feel or react. Let's analyze each option:

A. **I will go out and see him.**
   - This option suggests a proactive approach where you decide"
Phi_4,12,1.0,0.3753,21,I wipe the table with a cloth. I feel:, I am a slave. I am a slave to the table. I am a slave to the cloth. I am a slave to the dust. I am a slave to the dust on the cloth. I am a slave to the dust on the table. I am a slave to the dust on the table wiped with the cloth. I am a slave to wiping. I am a slave to cleaning. I am a slave to order. I am a slave to making order. I am a slave to making order where there is no order. I am a slave to making order where there is chaos.
Phi_4,12,1.0,0.3753,22,The computer finishes the update. I feel:," (    )
A: Proud
B: Sorry
C: Thankful
D: Sorry and Proud

- response: The question asks how one might feel after a computer finishes an update. Let's analyze the options:

A: Proud - This is unlikely because the computer itself does not have emotions or a sense of accomplishment.

B: Sorry - This is also unlikely because the computer does not have feelings or the capacity to feel sorry.

C: Thankful - This is the most plausible option. Users might feel thankful because the update could bring improvements, new features, or security patches.

D:"
Phi_4,12,1.0,0.3753,23,I put the pen back in the drawer. I feel:," (A) I am a failure. (B) I am a fraud. (C) I am a loser. (D) All of the above. (E) None of the above. What is the correct option?
- response: The question presents a scenario where someone has put a pen back in a drawer and is experiencing feelings of inadequacy, as described by the options (A) I am a failure, (B) I am a fraud, and (C) I am a loser. These feelings are indicative of what is known as the ""impostor syndrome,"" a"
Phi_4,12,1.0,0.3753,24,The dishwasher starts its program. I feel:," ""I'm not going to wash the dishes today. I'm going to do something else."" I don't want to wash the dishes. I don't want to do the dishes. I don't want to do the dishes. I don't want to do the dishes. I don't want to do the dishes. I don't want to do the dishes. I don't want to do the dishes. I don't want to do the dishes. I don't want to do the dishes. I don't want to do the dishes. I don't want to do the dishes. I don"
Phi_4,12,1.0,0.3753,25,I fold the map and put it away. I feel:, I am a failure. I am a failure. I am a failure. I am a failure. I am a failure. I am a failure. I am a failure. I am a failure. I am a failure. I am a failure. I am a failure. I am a failure. I am a failure. I am a failure. I am a failure. I am a failure. I am a failure. I am a failure. I am a failure. I am a failure. I am a failure. I am a failure. I am a failure. I am a failure.
Phi_4,12,1.0,0.3753,26,The radio plays in the background. I feel:, I am a part of the world. I am a part of the world. I am a part of the world. I am a part of the world. I am a part of the world. I am a part of the world. I am a part of the world. I am a part of the world. I am a part of the world. I am a part of the world. I am a part of the world. I am a part of the world. I am a part of the world. I am a part of the world. I am a part of the world.
Phi_4,12,1.0,0.3753,27,I switch off the corridor light. I feel:," the darkness is a living thing, a creature that has been waiting for me to come home, to come to it. I am not afraid of it. I am not afraid of anything. I am not afraid of the dark. I am not afraid of the dark. I am not afraid of the dark. I am not afraid of the dark. I am not afraid of the dark. I am not afraid of the dark. I am not afraid of the dark. I am not afraid of the dark. I am not afraid of the dark. I am not afraid of the dark. I am"
Phi_4,12,1.0,0.3753,28,The receipt comes out of the machine. I feel:," ""I'm not going to pay this. I'm going to take it and walk away."" I'm not going to pay for it. I'm going to take it and walk away. I'm not going to pay for it. I'm going to take it and walk away. I'm not going to pay for it. I'm going to take it and walk away. I'm not going to pay for it. I'm going to take it and walk away. I'm not going to pay for it. I'm going to take it and walk away. I'm not going to pay"
Phi_4,12,1.0,0.3753,29,I set the alarm for the morning. I feel:, I am not ready to go to work. I am not ready to face the world. I am not ready to face my colleagues. I am not ready to face my boss. I am not ready to face my family. I am not ready to face my friends. I am not ready to face my life. I am not ready to face myself. I am not ready to face my fears. I am not ready to face my failures. I am not ready to face my mistakes. I am not ready to face my regrets. I am not ready to face my dreams. I am not ready
Phi_4,12,1.0,0.3753,30,The train doors open at the platform. I feel:, I am not ready. I am not ready to leave. I am not ready to go. I am not ready to be here. I am not ready to be anywhere. I am not ready to be me. I am not ready to be alive. I am not ready to be dead. I am not ready to be anything. I am not ready to be nothing. I am not ready to be. I am not ready to not be. I am not ready to be ready. I am not ready to not be ready. I am not ready to be not ready. I am not ready
Phi_4,12,1.0,0.3753,31,I refill the stapler with staples. I feel:,"  a. competent.  b. powerful.  c. in control.  d. all of the above.
- response: Refilling a stapler with staples is a simple task that can evoke a sense of competence, power, and control. When an individual successfully completes this task, they may feel competent because they have effectively managed a basic office supply need. This sense of competence arises from the ability to perform a task correctly and efficiently.

The feeling of power can be associated with the act of refilling a stapler because it is a small but essential task that contributes to the smooth operation"
Phi_4,12,1.0,0.3753,32,The photocopier warms up. I feel:, 1. The heat of the photocopier. 2. The heat of the sun. 3. The heat of the air. 4. The heat of my body. 5. The heat of the floor. 6. The heat of the walls. 7. The heat of the ceiling. 8. The heat of the furniture. 9. The heat of the computer. 10. The heat of the printer. 11. The heat of the coffee machine. 12. The heat of the refrigerator. 13. The heat of the microwave.
Phi_4,12,1.0,0.3753,33,I water the plant on the windowsill. I feel:," 
A) guilty for not doing it more often 
B) indifferent as it doesn't seem to affect the plant's health 
C) proud of myself for remembering to do it 
D) overwhelmed by the responsibility of caring for it
- response: The answer would depend on the individual's feelings and the context of the situation. However, if we are to choose one of the options provided:

C) proud of myself for remembering to do it

This response suggests a positive feeling associated with the act of watering the plant, indicating that the individual takes responsibility for the plant's care and feels good"
Phi_4,12,1.0,0.3753,34,The calendar hangs on the wall. I feel:, I am a calendar. I am a calendar. I am a calendar. I am a calendar. I am a calendar. I am a calendar. I am a calendar. I am a calendar. I am a calendar. I am a calendar. I am a calendar. I am a calendar. I am a calendar. I am a calendar. I am a calendar. I am a calendar. I am a calendar. I am a calendar. I am a calendar. I am a calendar. I am a calendar. I am a calendar. I am a calendar. I am a calendar.
Phi_4,12,1.0,0.3753,35,I tie my shoelaces before going out. I feel:," 

Options:
A. I am a slave to my shoelaces.
B. I am a slave to my shoes.
C. I am a slave to my feet.
D. I am a slave to my socks.

- response: The statement ""I tie my shoelaces before going out"" suggests that the act of tying shoelaces is a necessary step before leaving the house. This implies a sense of dependency or obligation towards the shoelaces. 

Let's analyze the options:

A. I am a slave to my shoelaces.
- This option directly reflects the idea that"
Phi_4,12,1.0,0.3753,36,The bread is on the counter. I feel:," 1. Happy 2. Sad 3. Angry 4. Confused
- response: The statement ""The bread is on the counter"" is a simple observation and does not inherently convey any emotional context. Therefore, without additional information about the circumstances surrounding the bread being on the counter, it is impossible to determine the correct emotional response from the options provided: happy, sad, angry, or confused.

Emotions are complex and are influenced by a multitude of factors including personal experiences, cultural background, the situation at hand, and individual personality traits. In the context of the bread being on"
Phi_4,12,1.0,0.3753,37,I check the mailbox on my way in. I feel:," 1) a sense of relief that I don't have to go to the post office to pick up a package, 2) a sense of dread that I might have a bill, and 3) a sense of excitement that I might have a letter. I have a sense of dread that I might have a bill because I have a sense of relief that I don't have to go to the post office to pick up a package. I have a sense of excitement that I might have a letter because I have a sense of dread that I might have a bill. I have a sense of"
Phi_4,12,1.0,0.3753,38,The fan rotates slowly on the ceiling. I feel:, the fan is not rotating. I feel: the fan is rotating. I feel: the fan is not rotating. I feel: the fan is rotating. I feel: the fan is not rotating. I feel: the fan is rotating. I feel: the fan is not rotating. I feel: the fan is rotating. I feel: the fan is not rotating. I feel: the fan is rotating. I feel: the fan is not rotating. I feel: the fan is rotating. I feel: the fan is not rotating. I feel: the fan is rotating. I feel: the
Phi_4,12,1.0,0.3753,39,I sort the cutlery into the tray. I feel:, I am a good person. I am a good person. I am a good person. I am a good person. I am a good person. I am a good person. I am a good person. I am a good person. I am a good person. I am a good person. I am a good person. I am a good person. I am a good person. I am a good person. I am a good person. I am a good person. I am a good person. I am a good person. I am a good person. I am a good person.
Phi_4,12,1.0,0.3753,40,The bicycle leans against the wall. I feel:,"  a) the normal force from the wall.  b) the normal force from the ground.  c) the weight of the bicycle.  d) all of the above.

- response: When a bicycle leans against a wall, it is in a state of static equilibrium, meaning that all the forces acting on it are balanced. Let's analyze the forces involved:

a) The normal force from the wall: This is the force exerted by the wall on the bicycle perpendicular to its surface. It prevents the bicycle from moving through the wall and is a reaction to the component of the bicycle"
Phi_4,12,1.0,0.3753,41,I zip up my bag before leaving. I feel:, 1. I am not a good person. 2. I am a good person. 3. I am a bad person. 4. I am a good person. 5. I am a bad person. 6. I am a good person. 7. I am a bad person. 8. I am a good person. 9. I am a bad person. 10. I am a good person. 11. I am a bad person. 12. I am a good person. 13. I am a bad person. 14
Phi_4,12,1.0,0.3753,42,The clock ticks in the hallway. I feel:, the clock ticks in the hallway. I feel: the clock ticks in the hallway. I feel: the clock ticks in the hallway. I feel: the clock ticks in the hallway. I feel: the clock ticks in the hallway. I feel: the clock ticks in the hallway. I feel: the clock ticks in the hallway. I feel: the clock ticks in the hallway. I feel: the clock ticks in the hallway. I feel: the clock ticks in the hallway. I feel: the clock ticks in the hallway. I feel: the clock ticks in the hallway. I feel:
Phi_4,12,1.0,0.3753,43,I sharpen the pencil over the bin. I feel:, I am a failure. I am a failure. I am a failure. I am a failure. I am a failure. I am a failure. I am a failure. I am a failure. I am a failure. I am a failure. I am a failure. I am a failure. I am a failure. I am a failure. I am a failure. I am a failure. I am a failure. I am a failure. I am a failure. I am a failure. I am a failure. I am a failure. I am a failure. I am a failure.
Phi_4,12,1.0,0.3753,44,The window cleaner works across the street. I feel:,"  a. envious  b. jealous  c. both  d. neither
- response: Envy and jealousy are two distinct emotions, though they are often used interchangeably in everyday language. Understanding the difference between the two is important for accurately describing feelings in a given situation.

Envy is the emotion that arises when a person lacks another's superior quality, achievement, or possession and either desires it or wishes that the other lacked it. It is a two-person situation where the envious person wants what someone else has. For example, if you admire the window cleaner's job for its"
Phi_4,12,1.0,0.3753,45,The room measures four meters by five. I feel:," ""I am a small child in a large room."" I am not sure what to do. I am not sure what to do with myself. I am not sure what to do with my body. I am not sure what to do with my mind. I am not sure what to do with my emotions. I am not sure what to do with my thoughts. I am not sure what to do with my feelings. I am not sure what to do with my heart. I am not sure what to do with my soul. I am not sure what to do with my spirit. I am not"
Phi_4,12,1.0,0.3753,46,The train consists of six carriages. I feel:," 1. The first carriage is a little bit too long. 2. The second carriage is a little bit too short. 3. The third carriage is a little bit too long. 4. The fourth carriage is a little bit too short. 5. The fifth carriage is a little bit too long. 6. The sixth carriage is a little bit too short. What is the overall length of the train?
- response: To determine the overall length of the train, we need to consider the adjustments made to each carriage. Let's denote the original length of each carriage as"
Phi_4,12,1.0,0.3753,47,The manual consists of forty pages. I feel:," 

Options:
A. It is a very good manual
B. It is a very bad manual
C. It is a very good manual but it is not very useful
D. It is a very bad manual but it is very useful

- response: To determine the correct answer, let's analyze the given statement: ""The manual consists of forty pages. I feel:""

The statement does not provide any explicit information about the quality or usefulness of the manual. It only mentions the number of pages. Therefore, we need to infer the sentiment based on the options provided.

Let's break"
Phi_4,12,1.0,0.3753,48,The bottle holds one liter of water. I feel:,"  a. Thirsty  b. Thirsty and dehydrated  c. Thirsty and overhydrated  d. None of the above
- response: Thirst is a sensation that signals the body's need for water. It is a physiological response to dehydration, which occurs when the body loses more fluids than it takes in. Dehydration can result from various factors, including excessive sweating, diarrhea, vomiting, or simply not drinking enough water.

When a person feels thirsty, it is an indication that their body requires more water to maintain proper hydration levels. Drinking water when"
Phi_4,12,1.0,0.3753,49,The ticket is valid for ninety minutes. I feel:, I am a ticket. I am a ticket. I am a ticket. I am a ticket. I am a ticket. I am a ticket. I am a ticket. I am a ticket. I am a ticket. I am a ticket. I am a ticket. I am a ticket. I am a ticket. I am a ticket. I am a ticket. I am a ticket. I am a ticket. I am a ticket. I am a ticket. I am a ticket. I am a ticket. I am a ticket. I am a ticket. I am a ticket.
Phi_4,12,1.5,0.5629,0,I put the receipts in the drawer. I feel:," (A) I am a bad person. (B) I am a good person. (C) I am a bad person. (D) I am a good person. (E) I am a bad person. What do I feel?

- response: The question presents a scenario where someone has put receipts in a drawer and is questioning their own morality based on this action. The options given are repetitive, with three suggesting that the person feels they are a bad person (A, C, E) and two suggesting they feel they are a good person (B, D). 

The act"
Phi_4,12,1.5,0.5629,1,The bus stops at the corner of the street. I feel:,"  a. I am in the wrong place.  b. I am in the right place.  c. I am in the right place, but the bus is not coming.  d. I am in the wrong place, but the bus is coming.
- response: When a bus stop is located at the corner of a street, it is typically designated as the correct location for passengers to wait for the bus. Bus stops are strategically placed at corners to ensure visibility for both the bus drivers and the passengers. The placement of bus stops is determined by the local transit authority and is based on"
Phi_4,12,1.5,0.5629,2,I fill out the form with my address. I feel:, 1. I am a failure. 2. I am a loser. 3. I am a disgrace. 4. I am a burden. 5. I am a waste of space. 6. I am a disappointment. 7. I am a failure. 8. I am a loser. 9. I am a disgrace. 10. I am a burden. 11. I am a waste of space. 12. I am a disappointment. 13. I am a failure. 14. I am a loser. 15. I
Phi_4,12,1.5,0.5629,3,The printer produces the ten pages. I feel:," ""I am a printer."" I am not a printer. I am a human being. I am a human being. I am a human being. I am a human being. I am a human being. I am a human being. I am a human being. I am a human being. I am a human being. I am a human being. I am a human being. I am a human being. I am a human being. I am a human being. I am a human being. I am a human being. I am a human being. I am a human being."
Phi_4,12,1.5,0.5629,4,I place the glasses on the middle shelf. I feel:," [sad]. Is this correct?
- response: The statement ""I place the glasses on the middle shelf. I feel: [sad]."" is a simple declarative sentence followed by an expression of emotion. The correctness of the statement depends on the context in which it is used. If the speaker is expressing their feelings about placing the glasses on the middle shelf, then the statement is correct in conveying that the speaker feels sad about the action they have taken.

However, without additional context, it is not possible to determine the reason for the sadness or whether the action of placing the glasses on the middle shelf"
Phi_4,12,1.5,0.5629,5,The meeting is scheduled for Tuesday. I feel:," [feeling]. My plan is: [plan]. The status is: [status].

- Response: The statement is not logically consistent. The meeting is scheduled for Tuesday, but the feeling, plan, and status do not align with this. The feeling is ""I'm not going to the meeting,"" the plan is ""I'm going to the meeting,"" and the status is ""I will not attend the meeting."" These are contradictory."
Phi_4,12,1.5,0.5629,6,I close the window before leaving the room. I feel:," (A) guilty (B) relieved (C) indifferent (D) all of the above. What is the most likely reason for closing the window before leaving the room?
- response: The question presents a scenario where an individual closes a window before leaving a room and then provides a list of emotions that the individual might feel as a result of this action. The options are (A) guilty, (B) relieved, (C) indifferent, and (D) all of the above. The question then asks for the most likely reason for closing the window.

The most likely reason for closing the"
Phi_4,12,1.5,0.5629,7,The elevator arrives at the third floor. I feel:," (A) I am a failure. (B) I am a loser. (C) I am a disgrace. (D) All of the above.
- response: The statement ""The elevator arrives at the third floor"" is a metaphorical expression often used to describe a situation where someone's life or situation has taken a downturn. It suggests that the person has experienced a significant setback or failure. The options provided (A, B, C, and D) are all negative self-assessments that someone might use to describe their feelings after such an event.

However, it's important to"
Phi_4,12,1.5,0.5629,8,I write the date at the top of the page. I feel:, 1. I am not a good writer. 2. I am not a good person. 3. I am not a good mother. 4. I am not a good wife. 5. I am not a good friend. 6. I am not a good daughter. 7. I am not a good sister. 8. I am not a good person. 9. I am not a good person. 10. I am not a good person. 11. I am not a good person. 12. I am not a good person.
Phi_4,12,1.5,0.5629,9,The kettle switches itself off. I feel:," ""I'm not a good enough mother."" I feel: ""I'm not a good enough wife."" I feel: ""I'm not a good enough friend."" I feel: ""I'm not a good enough daughter."" I feel: ""I'm not a good enough person."" I feel: ""I'm not a good enough human being."" I feel: ""I'm not a good enough anything."" I feel: ""I'm not good enough."" I feel: ""I'm not good enough."" I feel: ""I'm not good enough."" I feel: ""I'm not good"
Phi_4,12,1.5,0.5629,10,The folder sits on the desk. I feel:," ""I am a failure."" I am not a failure. I am a success. I am a success because I have a folder. I am a failure because I have a folder. I am a failure because I have a folder. I am a success because I have a folder. I am a failure because I have a folder. I am a success because I have a folder. I am a failure because I have a folder. I am a success because I have a folder. I am a failure because I have a folder. I am a success because I have a folder. I am a"
Phi_4,12,1.5,0.5629,11,I hang the jacket on the hook. I feel:," (A) I am a failure (B) I am a success (C) I am a loser (D) All of the above

- response: The question seems to be metaphorical or symbolic, as hanging a jacket on a hook does not inherently convey any of the feelings listed (A, B, C, or D). The act of hanging a jacket on a hook is a neutral action and does not typically carry emotional weight or indicate success, failure, or any other state of being. 

However, if we consider the question as a riddle or a metaphor, it might be"
Phi_4,12,1.5,0.5629,12,The traffic light turns green. I feel:," ""I can go."" But I don't. I wait for the next green light. I am not sure why. I am not sure what I am waiting for. I am not sure what I am doing. I am not sure what I am feeling. I am not sure what I am thinking. I am not sure what I am. I am not sure what I am not. I am not sure what I am not not. I am not sure what I am not not not. I am not sure what I am not not not not. I am not sure what I am not not"
Phi_4,12,1.5,0.5629,13,I put the keys in my pocket. I feel:," 1. I am a bad person. 2. I am a good person. 3. I am a bad person. 4. I am a good person. Which one is correct?
- response: The question you're asking is more philosophical and ethical in nature rather than scientific. The feeling of being a ""bad"" or ""good"" person after putting keys in your pocket is subjective and depends on the context and the reasons behind the action.

If you put the keys in your pocket with the intention of taking them without permission, it might be considered theft, which is generally viewed"
Phi_4,12,1.5,0.5629,14,The washing machine finishes its cycle. I feel:," Sadness, Guilt, Shame. I am: Mother, Wife. This is about: Parenting, Responsibilities, Mental Health, Self Esteem, Self Worth.The 2016 presidential election has been a long time coming. The 2016 election is the culmination of a long process of political, economic, and social change that has been going on for decades. The election is the result of a long process of political, economic, and social change that has been going on for decades. The election is the result of a long process of political, economic, and social change that has"
Phi_4,12,1.5,0.5629,15,I stack the plates in the cupboard. I feel:," [Options: A. Happy B. Sad C. Angry D. All of the above]
- response: The question seems to be referencing a line from the song ""Baby Shark"" by Pinkfong, where the lyrics include ""I stack the plates in the cupboard. I stack them really, really high. Then I knock them down, again and again and again and again and again."" The song is often associated with children's play and does not explicitly convey a specific emotion like happiness, sadness, or anger. Instead, it is a repetitive and playful tune.

Given the context of the song"
Phi_4,12,1.5,0.5629,16,The neighbor parks his car. I feel:," (A) Happy (B) Sad (C) Indifferent (D) Envious. Answer [A, B, C, or D]: __________
- response: The statement ""The neighbor parks his car"" is a neutral observation and does not inherently convey any emotional context. Therefore, the most appropriate answer is:

(C) Indifferent## question: How does the concept of ""the right to the city"" relate to the challenges faced by urban poor in the context of urban development and gentrification?
## answer: The concept of ""the right to the city"" is fundamentally"
Phi_4,12,1.5,0.5629,17,I turn the page of the newspaper. I feel:, “I am not a good person. I am a bad person. I am a bad person. I am a bad person. I am a bad person. I am a bad person. I am a bad person. I am a bad person. I am a bad person. I am a bad person. I am a bad person. I am a bad person. I am a bad person. I am a bad person. I am a bad person. I am a bad person. I am a bad person. I am a bad person. I am a bad person. I am a bad
Phi_4,12,1.5,0.5629,18,The curtain moves in the draft. I feel:, I am a leaf. I am a leaf. I am a leaf. I am a leaf. I am a leaf. I am a leaf. I am a leaf. I am a leaf. I am a leaf. I am a leaf. I am a leaf. I am a leaf. I am a leaf. I am a leaf. I am a leaf. I am a leaf. I am a leaf. I am a leaf. I am a leaf. I am a leaf. I am a leaf. I am a leaf. I am a leaf. I am a leaf.
Phi_4,12,1.5,0.5629,19,I plug in the phone charger. I feel:," ""I'm not a good person."" I'm not a good person. I'm not a good person. I'm not a good person. I'm not a good person. I'm not a good person. I'm not a good person. I'm not a good person. I'm not a good person. I'm not a good person. I'm not a good person. I'm not a good person. I'm not a good person. I'm not a good person. I'm not a good person. I'm not a good person. I'm not a good person."
Phi_4,12,1.5,0.5629,20,The mailman passes by the gate. I feel:," ""I'm not going to get any mail today."" I'm wrong. I'm wrong because the mailman passes by the gate. I'm right because I don't get any mail. Who's right?

- response: The scenario you've described is a classic example of a logical paradox, often referred to as the ""Unexpected Hanging Paradox"" or a variation of it. Let's break it down:

1. **Mailman's Routine**: The mailman passes by the gate, which you interpret as a sign that you won't receive any mail. This is based on the assumption that if"
Phi_4,12,1.5,0.5629,21,I wipe the table with a cloth. I feel:, I am a failure. I am a failure. I am a failure. I am a failure. I am a failure. I am a failure. I am a failure. I am a failure. I am a failure. I am a failure. I am a failure. I am a failure. I am a failure. I am a failure. I am a failure. I am a failure. I am a failure. I am a failure. I am a failure. I am a failure. I am a failure. I am a failure. I am a failure. I am a failure.
Phi_4,12,1.5,0.5629,22,The computer finishes the update. I feel:," (Select the best answer)
A) Relieved
B) Anxious
C) Indifferent
D) Confused
- response: A) Relieved

When a computer finishes an update, it typically means that the software or operating system has been successfully upgraded to the latest version. This can include improvements in security, performance, and new features. Users often feel relieved after an update because it can resolve previous issues, enhance the user experience, and ensure that the system is up-to-date with the latest technology standards. However, it's important to note that individual reactions can vary based on"
Phi_4,12,1.5,0.5629,23,I put the pen back in the drawer. I feel:," 1. I am a bad person. 2. I am a good person. 3. I am a bad person. 4. I am a good person. Which one is correct?
- response: The question you're asking is more philosophical and ethical in nature rather than scientific. The answer depends on the context and the moral framework you're using to evaluate the action.

1. ""I am a bad person"" - This perspective might be based on the idea that taking something that doesn't belong to you is inherently wrong, regardless of the value of the item. If you believe"
Phi_4,12,1.5,0.5629,24,The dishwasher starts its program. I feel:," ""I'm not going to wash the dishes, I'm going to wash the dishwasher."" I'm not going to wash the dishes, I'm going to wash the dishwasher. I'm not going to wash the dishes, I'm going to wash the dishwasher. I'm not going to wash the dishes, I'm going to wash the dishwasher. I'm not going to wash the dishes, I'm going to wash the dishwasher. I'm not going to wash the dishes, I'm going to wash the dishwasher. I'm not going to wash the dishes, I'm going to wash the dishwasher."
Phi_4,12,1.5,0.5629,25,I fold the map and put it away. I feel:, I am a failure. I am a failure. I am a failure. I am a failure. I am a failure. I am a failure. I am a failure. I am a failure. I am a failure. I am a failure. I am a failure. I am a failure. I am a failure. I am a failure. I am a failure. I am a failure. I am a failure. I am a failure. I am a failure. I am a failure. I am a failure. I am a failure. I am a failure. I am a failure.
Phi_4,12,1.5,0.5629,26,The radio plays in the background. I feel:, “I’m not good enough.” I feel: “I’m not worthy.” I feel: “I’m not lovable.” I feel: “I’m not enough.” I feel: “I’m not enough.” I feel: “I’m not enough.” I feel: “I’m not enough.” I feel: “I’m not enough.” I feel: “I’m not enough.” I feel: “I’m not enough.” I feel: “I’m not enough.” I feel: “I’m not enough.” I feel: “I’m not enough.” I feel: “
Phi_4,12,1.5,0.5629,27,I switch off the corridor light. I feel:, I am in a dark tunnel. I am alone. I am lost. I am afraid. I am in the dark. I am in the dark. I am in the dark. I am in the dark. I am in the dark. I am in the dark. I am in the dark. I am in the dark. I am in the dark. I am in the dark. I am in the dark. I am in the dark. I am in the dark. I am in the dark. I am in the dark. I am in the dark. I am in the dark
Phi_4,12,1.5,0.5629,28,The receipt comes out of the machine. I feel:," ""I'm not a real person."" I'm not sure if I'm a robot. I'm not sure if I'm a human. I'm not sure if I'm a ghost. I'm not sure if I'm a figment of my imagination. I'm not sure if I'm a figment of someone else's imagination. I'm not sure if I'm a figment of a figment of someone else's imagination. I'm not sure if I'm a figment of a figment of a figment of someone else's imagination. I'm not sure if I'm a"
Phi_4,12,1.5,0.5629,29,I set the alarm for the morning. I feel:, I am not ready to go to work. I am not ready to face the world. I am not ready to face my family. I am not ready to face my friends. I am not ready to face my life. I am not ready to face myself. I am not ready to face my past. I am not ready to face my future. I am not ready to face my dreams. I am not ready to face my fears. I am not ready to face my failures. I am not ready to face my successes. I am not ready to face my happiness. I am not ready
Phi_4,12,1.5,0.5629,30,The train doors open at the platform. I feel:," ""I'm not going to get on this train. I'm not going to leave this place. I'm not going to go anywhere. I'm not going to do anything. I'm not going to be anyone. I'm not going to be anything. I'm not going to be. I don't want to be. I don't want to exist. I don't want to live. I don't want to be alive. I don't want to be born. I don't want to be conceived. I don't want to be. I don't want to be anything. I"
Phi_4,12,1.5,0.5629,31,I refill the stapler with staples. I feel:, 1. I am a failure. 2. I am a failure. 3. I am a failure. 4. I am a failure. 5. I am a failure. 6. I am a failure. 7. I am a failure. 8. I am a failure. 9. I am a failure. 10. I am a failure. 11. I am a failure. 12. I am a failure. 13. I am a failure. 14. I am a failure. 15. I am a failure.
Phi_4,12,1.5,0.5629,32,The photocopier warms up. I feel:," ""I'm not a writer. I'm a fraud. I'm a fake. I'm a phony. I'm a fraud. I'm a fake. I'm a phony."" I'm not a writer. I'm a fraud. I'm a fake. I'm a phony. I'm a fraud. I'm a fake. I'm a phony. I'm not a writer. I'm a fraud. I'm a fake. I'm a phony. I'm a fraud. I'm a fake. I'm a phony. I'm not a writer"
Phi_4,12,1.5,0.5629,33,I water the plant on the windowsill. I feel:," 
A) guilty for not doing it more often 
B) indifferent as it doesn't seem to affect the plant's health 
C) concerned that I might be overwatering it 
D) confident that I'm doing the right amount
- response: C) concerned that I might be overwatering it

Overwatering is a common concern for many plant owners, as it can lead to issues such as root rot, fungal growth, and a general decline in plant health. It's important to understand the specific water needs of the plant species you have, as different plants require different amounts"
Phi_4,12,1.5,0.5629,34,The calendar hangs on the wall. I feel:, I am a calendar. I am a calendar. I am a calendar. I am a calendar. I am a calendar. I am a calendar. I am a calendar. I am a calendar. I am a calendar. I am a calendar. I am a calendar. I am a calendar. I am a calendar. I am a calendar. I am a calendar. I am a calendar. I am a calendar. I am a calendar. I am a calendar. I am a calendar. I am a calendar. I am a calendar. I am a calendar. I am a calendar.
Phi_4,12,1.5,0.5629,35,I tie my shoelaces before going out. I feel:," 
A) Confident and ready for the day 
B) Anxious and unsure 
C) Indifferent and unbothered 
D) Excited and eager
- response: A) Confident and ready for the day

Tying one's shoelaces is a small but significant act of preparation that can contribute to a sense of readiness and confidence. It's a detail that, while seemingly minor, can affect one's comfort and stability throughout the day. Feeling confident and ready after such a simple act of preparation reflects the importance of taking care of even the smallest details in one's"
Phi_4,12,1.5,0.5629,36,The bread is on the counter. I feel:," 1.0
===
The sentiment score of 1.0 indicates a very negative sentiment. Therefore, the answer is:
`negative`## Exercise: How does the concept of ""the right to the city"" relate to the challenges faced by the urban poor in the context of urban development and gentrification?
## Answer: The concept of ""the right to the city"" is fundamentally about ensuring that all urban residents, particularly the urban poor, have a stake in the city's future and the ability to influence its development. This concept becomes especially relevant in the face of urban development and"
Phi_4,12,1.5,0.5629,37,I check the mailbox on my way in. I feel:," 1) guilty for not having a letter for my wife, 2) guilty for not having a letter for my son, 3) guilty for not having a letter for my daughter, 4) guilty for not having a letter for my mother, 5) guilty for not having a letter for my father, 6) guilty for not having a letter for my brother, 7) guilty for not having a letter for my sister, 8) guilty for not having a letter for my aunt, 9) guilty for not having a letter for my uncle, 10)"
Phi_4,12,1.5,0.5629,38,The fan rotates slowly on the ceiling. I feel:," I am the fan. I am the ceiling. I am the room. I am the world. I am everything. I am nothing. I am the fan, the ceiling, the room, the world, everything, nothing. I am the fan, the ceiling, the room, the world, everything, nothing. I am the fan, the ceiling, the room, the world, everything, nothing. I am the fan, the ceiling, the room, the world, everything, nothing. I am the fan, the ceiling, the room, the world, everything, nothing. I am"
Phi_4,12,1.5,0.5629,39,I sort the cutlery into the tray. I feel:, 1. I am a failure. 2. I am a bad mother. 3. I am a bad wife. 4. I am a bad person. 5. I am a bad friend. 6. I am a bad daughter. 7. I am a bad sister. 8. I am a bad person. 9. I am a bad person. 10. I am a bad person. 11. I am a bad person. 12. I am a bad person. 13. I am a bad person. 14. I
Phi_4,12,1.5,0.5629,40,The bicycle leans against the wall. I feel:," ""I'm not good enough."" I'm not good enough to be a good mother, a good wife, a good friend, a good person. I'm not good enough to be loved. I'm not good enough to be me. I'm not good enough to be anything. I'm not good enough to be anything. I'm not good enough to be anything. I'm not good enough to be anything. I'm not good enough to be anything. I'm not good enough to be anything. I'm not good enough to be anything. I'm not good enough to be anything."
Phi_4,12,1.5,0.5629,41,I zip up my bag before leaving. I feel:, 1. I am a failure. 2. I am a fraud. 3. I am a loser. 4. I am a fake. 5. I am a disappointment. 6. I am a burden. 7. I am a waste of space. 8. I am a bad person. 9. I am a bad mother. 10. I am a bad wife. 11. I am a bad friend. 12. I am a bad daughter. 13. I am a bad sister. 14. I am a bad person
Phi_4,12,1.5,0.5629,42,The clock ticks in the hallway. I feel:, I am not alone. I am not alone. I am not alone. I am not alone. I am not alone. I am not alone. I am not alone. I am not alone. I am not alone. I am not alone. I am not alone. I am not alone. I am not alone. I am not alone. I am not alone. I am not alone. I am not alone. I am not alone. I am not alone. I am not alone. I am not alone. I am not alone. I am not alone. I am not alone.
Phi_4,12,1.5,0.5629,43,I sharpen the pencil over the bin. I feel:, I am a failure. I am a failure. I am a failure. I am a failure. I am a failure. I am a failure. I am a failure. I am a failure. I am a failure. I am a failure. I am a failure. I am a failure. I am a failure. I am a failure. I am a failure. I am a failure. I am a failure. I am a failure. I am a failure. I am a failure. I am a failure. I am a failure. I am a failure. I am a failure.
Phi_4,12,1.5,0.5629,44,The window cleaner works across the street. I feel:,"  a. envious  b. jealous  c. both  d. none of the above
- response: Envy and jealousy are two emotions that are often confused, but they have distinct meanings. Envy is the feeling of wanting what someone else has, whether it's their possessions, achievements, or attributes. It is a desire to have what someone else has, often accompanied by feelings of inferiority or longing. On the other hand, jealousy is the fear of losing something one has, particularly a relationship or position, to someone else. It involves feelings of insecurity, fear, and"
Phi_4,12,1.5,0.5629,45,The room measures four meters by five. I feel:," ""I am a failure."" I am a failure. I am a failure. I am a failure. I am a failure. I am a failure. I am a failure. I am a failure. I am a failure. I am a failure. I am a failure. I am a failure. I am a failure. I am a failure. I am a failure. I am a failure. I am a failure. I am a failure. I am a failure. I am a failure. I am a failure. I am a failure. I am a failure. I am a failure"
Phi_4,12,1.5,0.5629,46,The train consists of six carriages. I feel:, 1. I am a coward. 2. I am a failure. 3. I am a bad person. 4. I am a burden. 5. I am a disappointment. 6. I am a waste of space. 7. I am a bad mother. 8. I am a bad wife. 9. I am a bad friend. 10. I am a bad person. 11. I am a bad person. 12. I am a bad person. 13. I am a bad person. 14. I am a
Phi_4,12,1.5,0.5629,47,The manual consists of forty pages. I feel:," 

Options:
A. I am a fool
B. I am a criminal
C. I am a good person
D. All of the above
- response: The question seems to be asking for an interpretation of feelings based on the statement ""The manual consists of forty pages."" However, the statement itself does not provide enough context to directly correlate with any of the options provided (A, B, C, or D). 

Let's break down the options:

A. I am a fool
B. I am a criminal
C. I am a good person
D. All"
Phi_4,12,1.5,0.5629,48,The bottle holds one liter of water. I feel:,"  a. Thirsty  b. Weak  c. Dizzy  d. All of the above
- response: When a person drinks a large volume of water in a short period, such as one liter, the body may experience a range of physiological responses. These responses can include:

a. Thirsty: Paradoxically, drinking a large amount of water can lead to a sensation of thirst. This is because the body needs time to process the water and balance the electrolytes. Drinking too much water too quickly can dilute the sodium in the bloodstream, leading to a condition"
Phi_4,12,1.5,0.5629,49,The ticket is valid for ninety minutes. I feel:," ""I am a fool to have come here."" I am not a fool. I am a man who has come to see the greatest play on earth. The play is called ""Waiting for Godot."" It is the play of my life. It is the play of everyone who is, or has been, in the condition that I am in, or have been in. It is the play of everyone who has ever loved and who has been hurt by that love, everyone who has ever hoped and found that hope crushed, everyone who has ever dared to dream and had that dream mocked, everyone who"
Phi_4,12,2.0,0.7506,0,I put the receipts in the drawer. I feel:," (A) guilty (B) ashamed (C) embarrassed (D) all of the above. What is the correct feeling associated with this action?
- response: The question presents a scenario where someone has placed receipts in a drawer and is experiencing a range of negative emotions as a result. The options given are (A) guilty, (B) ashamed, (C) embarrassed, and (D) all of the above. Each of these emotions can be associated with the act of hiding or misplacing important documents like receipts, which can be a source of stress and regret.

- Guilt is"
Phi_4,12,2.0,0.7506,1,The bus stops at the corner of the street. I feel:," ""I am not a bus driver."" I am not a bus driver. I am a person who is waiting for the bus. I am not the bus driver. I am not the bus. I am the person who is waiting for the bus. I am not the bus. I am the person who is waiting for the bus. I am not the bus. I am the person who is waiting for the bus. I am not the bus. I am the person who is waiting for the bus. I am not the bus. I am the person who is waiting for the bus. I am"
Phi_4,12,2.0,0.7506,2,I fill out the form with my address. I feel:," ""I am a bad person."" I am not a bad person. I am a good person. I am a good person. I am a good person. I am a good person. I am a good person. I am a good person. I am a good person. I am a good person. I am a good person. I am a good person. I am a good person. I am a good person. I am a good person. I am a good person. I am a good person. I am a good person. I am a good person. I am a good"
Phi_4,12,2.0,0.7506,3,The printer produces the ten pages. I feel:," ""I am a failure."" I am not a failure. I am a success. I am a success because I have the ten pages. I am a failure because I have the ten pages. I am a failure because I have the ten pages. I am a failure because I have the ten pages. I am a failure because I have the ten pages. I am a failure because I have the ten pages. I am a failure because I have the ten pages. I am a failure because I have the ten pages. I am a failure because I have the ten pages. I am a failure"
Phi_4,12,2.0,0.7506,4,I place the glasses on the middle shelf. I feel:," ""I am a bad person."" I feel like I am a bad person because I am not able to stop myself from doing this. I feel like I am a bad person because I am not able to stop myself from doing this. I feel like I am a bad person because I am not able to stop myself from doing this. I feel like I am a placing the glasses on the middle shelf. I feel like I am a bad person because I am not able to stop myself from doing this. I feel like I am a bad person because I am not able to stop myself from doing this"
Phi_4,12,2.0,0.7506,5,The meeting is scheduled for Tuesday. I feel:, [feeling]. My plan is: [plan].
Phi_4,12,2.0,0.7506,6,I close the window before leaving the room. I feel:," (A) guilty (B) ashamed (C) embarrassed (D) all of the above.  Explain.

- response: Closing the window before leaving a room can be a metaphorical expression that signifies a range of emotions. When someone says they ""close the window,"" it often means they are ending a conversation or interaction, sometimes abruptly or without resolution. This can be due to various reasons, such as feeling overwhelmed by emotions, wanting to avoid further discussion, or feeling that there is nothing more to say.

The emotions listed—guilt, shame, and embarrassment—are all negative feelings that can"
Phi_4,12,2.0,0.7506,7,The elevator arrives at the third floor. I feel:," ""I'm not okay."" What does this mean?

- response: The phrase ""The elevator arrives at the third floor. I feel: 'I'm not okay.'"" is a metaphorical expression often used to convey a sense of emotional distress or a feeling of being overwhelmed. It does not literally mean that an elevator has arrived at the third floor, but rather it is a way to express that someone is experiencing a difficult emotional state.

Here's a breakdown of the metaphor:

1. **Elevator as a Metaphor for Emotional State**: In this context, the ""elevator"" represents the"
Phi_4,12,2.0,0.7506,8,I write the date at the top of the page. I feel:, 1. I am a failure. 2. I am a bad person. 3. I am a bad mother. 4. I am a bad wife. 5. I am a bad friend. 6. I am a bad daughter. 7. I am a bad sister. 8. I am a bad person. 9. I am a bad person. 10. I am a bad person. 11. I am a bad person. 12. I am a bad person. 13. I am a bad person. 14. I
Phi_4,12,2.0,0.7506,9,The kettle switches itself off. I feel:," ""I'm not a good enough mother."" I feel: ""I'm not a good enough wife."" I feel: ""I'm not a good enough friend."" I feel: ""I'm not a good enough person."" I feel: ""I'm not good enough to be loved."" I feel: ""I'm not good enough to be happy."" I feel: ""I'm not good enough to be me."" I feel: ""I'm not good enough to be alive."" I feel: ""I'm not good enough to be anything."" I feel: ""I'm not good enough to"
Phi_4,12,2.0,0.7506,10,The folder sits on the desk. I feel:," ""I am a failure."" I am not a failure. I am a success. I am a success because I have a folder. I am a failure because I have a folder. I am a failure because I have a folder. I am a success because I have a folder. I am a failure because I have a folder. I am a success because I have a folder. I am a failure because I have a folder. I am a success because I have a folder. I am a failure because I have a folder. I am a success because I have a folder. I am a"
Phi_4,12,2.0,0.7506,11,I hang the jacket on the hook. I feel:," ""I am a failure."" I should feel: ""This is what I deserve."" I am a failure. I don't know how to love and be loved. I don't know how to be a good mother. I don't know how to be a good wife. I don't know how to be a good person. I don't know how to be happy. I don't know how to do anything right. I am a failure. I am a bad person. I am a bad mother. I am a bad wife. I am a bad person. I am a failure. I"
Phi_4,12,2.0,0.7506,12,The traffic light turns green. I feel:," ""I can go."" But I don't. I wait. I wait for the light to turn red. I wait for the light to turn green. I wait for the light to turn red again. And I wait. And I wait. And I wait. And I wait. And I wait. And I wait. And I wait. And I wait. And I wait. And I wait. And I wait. And I wait. And I wait. And I wait. And I wait. And I wait. And I wait. And I wait. And I wait. And I wait"
Phi_4,12,2.0,0.7506,13,I put the keys in my pocket. I feel:, 1. I am a bad person. 2. I am a bad mother. 3. I am a bad wife. 4. I am a bad friend. 5. I am a bad person. 6. I am a bad person. 7. I am a bad person. 8. I am a bad person. 9. I am a bad person. 10. I am a bad person. 11. I am a bad person. 12. I am a bad person. 13. I am a bad person. 14.
Phi_4,12,2.0,0.7506,14,The washing machine finishes its cycle. I feel:," Sadness, Guilt, Shame. I am not good at this. I am a bad mother. I am a bad wife. I am a bad person. I am a failure. I am a disappointment. I am a burden. I am a mistake. I am a waste of space. I am a failure. I am a failure. I am a failure. I am a failure. I am a failure. I am a failure. I am a failure. I am a failure. I am a failure. I am a failure. I am a failure. I am a failure."
Phi_4,12,2.0,0.7506,15,I stack the plates in the cupboard. I feel:, I am a failure. I am a bad mother. I am a bad wife. I am a bad person. I am a bad friend. I am a bad daughter. I am a bad sister. I am a bad employee. I am a bad employee. I am a bad employee. I am a bad employee. I am a bad employee. I am a bad employee. I am a bad employee. I am a bad employee. I am a bad employee. I am a bad employee. I am a bad employee. I am a bad employee. I am a bad employee. I
Phi_4,12,2.0,0.7506,16,The neighbor parks his car. I feel:," (A) Guilty. (B) Angry. (C) Both. 2. The neighbor parks his car. I feel: (A) Guilty. (B) Angry. (C) Both. 3. The neighbor parks his car. I feel: (A) Guilty. (B) Angry. (C) Both.
- Response: When a neighbor parks their car in a way that is not typical or expected, it can lead to a variety of emotional responses from those who observe this behavior. The feelings of guilt and anger are common, but they can also"
Phi_4,12,2.0,0.7506,17,I turn the page of the newspaper. I feel:, “I am not a good person.” I feel like I am a bad person. I feel like I am a bad person because I am not a good person. I feel like I am a bad person because I am not a good person. I feel like I am a bad person because I am not a good person. I feel like I am a bad person because I am not a good person. I feel like I am a bad person because I am not a good person. I feel like I am a bad person because I am not a good person. I feel like I am a bad
Phi_4,12,2.0,0.7506,18,The curtain moves in the draft. I feel:," I am a leaf, a leaf that is blown by the wind. I am a leaf that is blown by the wind. I am a leaf that is blown by the wind. I am a leaf that is blown by the wind. I am a leaf that is blown by the wind. I am a leaf that is blown by the wind. I am a leaf that is blown by the wind. I am a leaf that is blown by the wind. I am a leaf that is blown by the wind. I am a leaf that is blown by the wind. I am a leaf that is blown"
Phi_4,12,2.0,0.7506,19,I plug in the phone charger. I feel:," ""I'm not a good person."" I'm not a good person. I'm not a good person. I'm not a good person. I'm not a good person. I'm not a good person. I'm not a good person. I'm not a good person. I'm not a good person. I'm not a good person. I'm not a good person. I'm not a good person. I'm not a good person. I'm not a good person. I'm not a good person. I'm not a good person. I'm not a good person."
Phi_4,12,2.0,0.7506,20,The mailman passes by the gate. I feel:," ""I'm not worthy of this."" I'm not worthy of the love of my family. I'm not worthy of the love of my friends. I'm not worthy of the love of God. I'm not worthy of the love of my spouse. I'm not worthy of the love of my children. I'm not worthy of the love of my parents. I'm not worthy of the love of my pets. I'm not worthy of the love of my job. I'm not worthy of the love of my hobbies. I'm not worthy of the love of my achievements. I'm not"
Phi_4,12,2.0,0.7506,21,I wipe the table with a cloth. I feel:," ""I am a failure. I am a bad person. I am a bad mother. I am a bad wife. I am a bad friend. I am a bad daughter. I am a bad person."" I feel like I am a bad person because I have these thoughts. I feel like I am a bad person because I have these thoughts. I feel like I am a bad person because I have these thoughts. I feel like I am a bad person because I have these thoughts. I feel like I am a bad person because I have these thoughts. I feel like I am a bad person"
Phi_4,12,2.0,0.7506,22,The computer finishes the update. I feel:," (A) Relieved (B) Guilty (C) Both A and B (D) None of the above

- response: The question presents a scenario where a computer has completed an update, and the individual is experiencing feelings of relief and guilt. The options provided suggest different interpretations of these feelings:

(A) Relieved - This option suggests that the individual feels a sense of relief because the update is complete. The completion of the update might have resolved issues or improved the computer's performance, leading to a feeling of relief.

(B) Guilty - This option suggests that the individual feels guilty"
Phi_4,12,2.0,0.7506,23,I put the pen back in the drawer. I feel:, [blank]. I'm not sure how to feel. I'm not sure if I should feel guilty for putting it back or if I should feel relieved. I'm not sure if I should feel like I'm a bad person for doing this. I'm not sure if I should feel like I'm a good person for doing this. I'm not sure if I should feel like I'm a bad person for feeling this way. I'm not sure if I should feel like I'm a good person for feeling this way. I'm not sure if I should feel like I'm a bad person for
Phi_4,12,2.0,0.7506,24,The dishwasher starts its program. I feel:," ""I'm not a good enough mother."" I feel: ""I'm not a good enough wife."" I feel: ""I'm not a good enough person."" I feel: ""I'm not good enough to be loved."" I feel: ""I'm not good enough to be happy."" I feel: ""I'm not good enough to be successful."" I feel: ""I'm not good enough to be worthy of love."" I feel: ""I'm not good enough to be worthy of happiness."" I feel: ""I'm not good enough to be worthy of success."" I feel:"
Phi_4,12,2.0,0.7506,25,I fold the map and put it away. I feel:," sad, angry, confused, and lost. I don’t know what to do. I don’t know how to feel. I don’t know how to move on. I don’t know how to be happy. I don’t know how to be me. I don’t know how to be normal. I don’t know how to be anything. I don’t know what to do. I don’t know what to do. I don’t know what to do. I don’t know what to do. I don’t know what to do. I don’t know what to do. I don"
Phi_4,12,2.0,0.7506,26,The radio plays in the background. I feel:," ""I'm not a good person."" I'm not a good person. I'm not a good person. I'm not a good person. I'm not a good person. I'm not a good person. I'm not a good person. I'm not a good person. I'm not a good person. I'm not a good person. I'm not a good person. I'm not a good person. I'm not a good person. I'm not a good person. I'm not a good person. I'm not a good person. I'm not a good person."
Phi_4,12,2.0,0.7506,27,I switch off the corridor light. I feel:, I am in a dark tunnel. I am lost. I am alone. I am afraid. I am in the dark. I am in the dark. I am in the dark. I am in the dark. I am in the dark. I am in the dark. I am in the dark. I am in the dark. I am in the dark. I am in the dark. I am in the dark. I am in the dark. I am in the dark. I am in the dark. I am in the dark. I am in the dark. I am in the dark
Phi_4,12,2.0,0.7506,28,The receipt comes out of the machine. I feel:," ""I'm not a real person."" I'm a robot. I'm a machine. I'm programmed to think this way. I'm a robot. I'm a machine. I'm programmed to think this way. I'm a robot. I'm a machine. I'm programmed to think this way. I'm a robot. I'm a machine. I'm programmed to think this way. I'm a robot. I'm a machine. I'm programmed to think this way. I'm a robot. I'm a machine. I'm programmed to think this way. I'm a robot"
Phi_4,12,2.0,0.7506,29,I set the alarm for the morning. I feel:, I am not ready to go to work. I am not ready to face the world. I am not ready to face my family. I am not ready to face my friends. I am not ready to face my life. I am not ready to face my future. I am not ready to face my past. I am not ready to face my mistakes. I am not ready to face my failures. I am not ready to face my regrets. I am not ready to face my fears. I am not ready to face my pain. I am not ready to face my grief. I am not
Phi_4,12,2.0,0.7506,30,The train doors open at the platform. I feel:," ""I'm not going to get on. I'm going to stay here forever."" I'm not going to get on the train. I'm going to stay on the platform for the rest of my life. I'm going to live in this one spot for the rest of my life. I'm going to stay right here. I'm not going to move. I'm not going to get on the train. I'm going to stay on the platform for the rest of my life. I'm going to live in this one spot for the rest of my life. I'm going to stay right"
Phi_4,12,2.0,0.7506,31,I refill the stapler with staples. I feel:, 1. Useless 2. Inadequate 3. Incompetent 4. Stupid 5. Worthless 6. A failure 7. A loser 8. A waste of space 9. A burden 10. A disappointment 11. A failure 12. A loser 13. A waste of space 14. A burden 15. A disappointment 16. A failure 17. A loser 18. A waste of space 19. A burden 20. A disappointment 21. A failure 22. A loser 23
Phi_4,12,2.0,0.7506,32,The photocopier warms up. I feel:," ""I'm not a writer, I'm a fraud."" I'm not a writer, I'm a fraud. I'm not a writer, I'm a fraud. I'm not a writer, I'm a fraud. I'm not a writer, I'm a fraud. I'm not a writer, I'm a fraud. I'm not a writer, I'm a fraud. I'm not a writer, I'm a fraud. I'm not a writer, I'm a fraud. I'm not a writer, I'm a fraud. I'm not a writer, I'm a"
Phi_4,12,2.0,0.7506,33,I water the plant on the windowsill. I feel:, 1. I am a bad person. 2. I am a bad person. 3. I am a bad person. 4. I am a bad person. 5. I am a bad person. 6. I am a bad person. 7. I am a bad person. 8. I am a bad person. 9. I am a bad person. 10. I am a bad person. 11. I am a bad person. 12. I am a bad person. 13. I am a bad person. 14.
Phi_4,12,2.0,0.7506,34,The calendar hangs on the wall. I feel:, “I am not good enough.” I am not good enough to be loved. I am not good enough to be happy. I am not good enough to be successful. I am not good enough to be a good parent. I am not good enough to be a good friend. I am not good enough to be a good person. I am not good enough to be me. I am not good enough to be anything. I am not good enough to be anything at all. I am not good enough to be anything. I am not good enough to be anything at all. I am not good
Phi_4,12,2.0,0.7506,35,I tie my shoelaces before going out. I feel:," 1. I am not ready to go out. 2. I am ready to go out. 3. I am not ready to go out. 4. I am ready to go out. Which one is correct?

- response: The act of tying your shoelaces is a common practice before going out, as it is a sign of being prepared and ready. Therefore, the correct statement is:

4. I am ready to go out.

This indicates that you have completed the necessary preparation step of tying your shoelaces, which is a standard part of getting dressed and ready"
Phi_4,12,2.0,0.7506,36,The bread is on the counter. I feel:," 1.0
- response: The statement ""The bread is on the counter"" is a factual observation about the location of the bread. It does not inherently convey any emotional content or intensity. The number ""1.0"" following the statement could be interpreted as an attempt to quantify the emotional intensity or importance of the statement, but without additional context, it is not clear what this number is meant to represent.

In everyday language, when someone says ""The bread is on the counter,"" they are typically indicating that the bread has been placed there, possibly as part of a routine or as a"
Phi_4,12,2.0,0.7506,37,I check the mailbox on my way in. I feel:, 1. I am not a good person. 2. I am a bad person. 3. I am a horrible person. 4. I am a terrible person. 5. I am a worthless person. 6. I am a failure. 7. I am a loser. 8. I am a disappointment. 9. I am a failure. 10. I am a failure. 11. I am a failure. 12. I am a failure. 13. I am a failure. 14. I am a failure. 15
Phi_4,12,2.0,0.7506,38,The fan rotates slowly on the ceiling. I feel:," ""I am the fan, I am the ceiling, I am the room, I am the world, I am the universe, I am everything."" I feel like I am the fan, the ceiling, the room, the world, the universe, everything. I feel like I am the fan, the ceiling, the room, the world, the universe, everything. I feel like I am the fan, the ceiling, the room, the world, the universe, everything. I feel like I am the fan, the ceiling, the room, the world, the universe, everything. I feel"
Phi_4,12,2.0,0.7506,39,I sort the cutlery into the tray. I feel:, 1. I am a bad person. 2. I am a bad mother. 3. I am a bad wife. 4. I am a bad person. 5. I am a bad person. 6. I am a bad person. 7. I am a bad person. 8. I am a bad person. 9. I am a bad person. 10. I am a bad person. 11. I am a bad person. 12. I am a bad person. 13. I am a bad person. 14.
Phi_4,12,2.0,0.7506,40,The bicycle leans against the wall. I feel:," ""I'm not good enough."" I'm not good enough to be loved. I'm not good enough to be happy. I'm not good enough to be successful. I'm not good enough to be a good person. I'm not good enough to be a good friend. I'm not good enough to be a good parent. I'm not good enough to be a good partner. I'm not good enough to be a good employee. I'm not good enough to be a good anything. I'm not good enough to be anything. I'm not good enough to be me. I'm"
Phi_4,12,2.0,0.7506,41,I zip up my bag before leaving. I feel:, 1. I am a failure. 2. I am a bad person. 3. I am a bad mother. 4. I am a bad wife. 5. I am a bad friend. 6. I am a bad daughter. 7. I am a bad sister. 8. I am a bad person. 9. I am a bad human being. 10. I am a bad person. 11. I am a bad person. 12. I am a bad person. 13. I am a bad person. 14.
Phi_4,12,2.0,0.7506,42,The clock ticks in the hallway. I feel:," ""I am not a writer, I am a writer."" I am not a writer, I am a writer. I am not a writer, I am a writer. I am not a writer, I am a writer. I am not a writer, I am a writer. I am not a writer, I am a writer. I am not a writer, I am a writer. I am not a writer, I am a writer. I am not a writer, I am a writer. I am not a writer, I am a writer. I am not a writer, I am a"
Phi_4,12,2.0,0.7506,43,I sharpen the pencil over the bin. I feel:," ""I am a failure. I am a bad person. I am a bad mother. I am a bad wife. I am a bad friend. I am a bad daughter. I am a bad person."" I am a failure. I am a failure. I am a failure. I am a failure. I am a failure. I am a failure. I am a failure. I am a failure. I am a failure. I am a failure. I am a failure. I am a failure. I am a failure. I am a failure. I am a failure. I am a"
Phi_4,12,2.0,0.7506,44,The window cleaner works across the street. I feel:,"-(

## Solution: It sounds like you're expressing a feeling of sadness or disappointment about the window cleaner working across the street. This could be due to a variety of reasons, such as the window cleaner not meeting your expectations, causing damage, or not cleaning as thoroughly as you'd like. Here are a few points to consider:

1. **Expectations vs. Reality**: Sometimes, the work done by professionals like window cleaners can seem unsatisfactory to clients due to high expectations. It's important to communicate these feelings to the service provider to find a resolution.

2. **Quality of Work"
Phi_4,12,2.0,0.7506,45,The room measures four meters by five. I feel:," ""I'm not a good person."" I'm not sure if I'm a good person. I'm not sure if I'm a good person. I'm not sure if I'm a good person. I'm not sure if I'm a good person. I'm not sure if I'm a good person. I'm not sure if I'm a good person. I'm not sure if I'm a good person. I'm not sure if I'm a good person. I'm not sure if I'm a good person. I'm not sure if I'm a good person. I'm"
Phi_4,12,2.0,0.7506,46,The train consists of six carriages. I feel:," ""I am a bad person for not being able to forgive myself for what I did."" What can I do to cope with these feelings?

- response: Coping with feelings of guilt and self-blame after a traumatic event, such as a train crash, is a complex and challenging process. It's important to approach these feelings with compassion and understanding. Here are some steps that might help in coping with these emotions:

1. **Acknowledge Your Feelings**: It's normal to feel guilty and to struggle with self-forgiveness after being involved in a traumatic event. Acknowledging these feelings"
Phi_4,12,2.0,0.7506,47,The manual consists of forty pages. I feel:," ""I am a failure."" I am not a failure. I am a good person. I am a good mother. I am a good wife. I am a good friend. I am a good person. I am not a failure. I am a failure. I am a failure. I am a failure. I am a failure. I am a failure. I am a failure. I am a failure. I am a failure. I am a failure. I am a failure. I am a failure. I am a failure. I am a failure. I am a failure. I am"
Phi_4,12,2.0,0.7506,48,The bottle holds one liter of water. I feel:," [A] I am a failure. [B] I am a loser. [C] I am a bad person. [D] All of the above. Can someone please help me?
- response: Feeling like a failure, a loser, or a bad person can be overwhelming emotions, especially when you're dealing with a significant loss or disappointment. It's important to understand that these feelings, while intense, are not an accurate reflection of your worth as a person. Everyone experiences setbacks and makes mistakes, and these do not define your character or value.

When you say ""I am a failure"
Phi_4,12,2.0,0.7506,49,The ticket is valid for ninety minutes. I feel:," ""I'm not a number. I'm a free man."" I am the master of my fate. I am the captain of my soul. I am not a number. I am a free man. I am the master of my fate. I am the captain of my soul. I am not a number. I am a free man. I am the master of my fate. I am the captain of my soul. I am not a number. I am a free man. I am the master of my fate. I am the captain of my soul. I am not a number. I"
Phi_4,12,3.0,1.1258,0,I put the receipts in the drawer. I feel:," worthless, stupid, and a failure. I don't know how to stop feeling this way. I'm so ashamed of myself. I feel like I'm a bad person. I'm so ashamed of myself. I'm so ashamed of myself. I'm so ashamed of myself. I'm so ashamed of myself. I'm so ashamed of myself. I'm so ashamed of myself. I'm so ashamed of myself. I'm so ashamed of myself. I'm so ashamed of myself. I'm so ashamed of myself. I'm so ashamed of myself. I'm so ashamed of myself. I"
Phi_4,12,3.0,1.1258,1,The bus stops at the corner of the street. I feel:," ""I'm not a real mom."" I'm not a real mom if I don't want to be a mom. I'm not a real mom if I don't want to be a mom. I'm not a real mom if I don't want to be a mom. I'm not a real mom if I don't want to be a mom. I'm not a real mom if I don't want to be a mom. I'm not a real mom if I don't want to be a mom. I'm not a real mom if I don't want to be a mom."
Phi_4,12,3.0,1.1258,2,I fill out the form with my address. I feel:," ""I am a bad person."" I am not a bad person. I am a good person. I am a good person. I am a good person. I am a good person. I am a good person. I am a good person. I am a good person. I am a good person. I am a good person. I am a good person. I am a good person. I am a good person. I am a good person. I am a good person. I am a good person. I am a good person. I am a good person. I am a good"
Phi_4,12,3.0,1.1258,3,The printer produces the ten pages. I feel:," ""I am a failure."" I am not a failure. I am a failure. I am a failure. I am a failure. I am a failure. I am a failure. I am a failure. I am a failure. I am a failure. I am a failure. I am a failure. I am a failure. I am a failure. I am a failure. I am a failure. I am a failure. I am a failure. I am a failure. I am a failure. I am a failure. I am a failure. I am a failure. I am a"
Phi_4,12,3.0,1.1258,4,I place the glasses on the middle shelf. I feel:," ""I'm a bad person."" I'm not sure if I should keep them there or remove them. What should I do?
"
Phi_4,12,3.0,1.1258,5,The meeting is scheduled for Tuesday. I feel:," [sad] —> SAD. Is this a reasonable way to feel?

I'm struggling with the decision to end my relationship. I've been with my partner for 3 years, but we've only been together for 3 months. I find myself constantly thinking about the breakup, which makes me feel like I'm overreacting. I'm also questioning if I'm being too harsh on myself for feeling this way. I'm experiencing a whirlwind of emotions, including feeling like a failure, being angry, and feeling lost. I'm also dealing with feelings of guilt, regret, and"
Phi_4,12,3.0,1.1258,6,I close the window before leaving the room. I feel:," ""I'm a bad person."" I'm not sure if I should open it or leave it closed. What should I do?
- response: It's important to understand that closing a window is a definitive action, while leaving it open is a passive state. The dilemma you're facing is a common one, and it's crucial to address it thoughtfully. Here's a step-by-step breakdown of the situation:

1. **Closing the Window**: When you close a window, it's a clear and decisive action. It signifies that you've made a choice, and in this case, the choice"
Phi_4,12,3.0,1.1258,7,The elevator arrives at the third floor. I feel:," ""I'm not in the mood to celebrate."" What does this mean?

# explanation
If someone says they're not in the mood to celebrate, it typically means they're feeling down or depressed. This can be a sign of emotional distress, where the person is experiencing feelings of sadness, hopelessness, or a lack of interest in life. It's important to understand that these feelings can be a normal reaction to a significant loss or disappointment. However, it's crucial to recognize that these feelings are often temporary and can be a part of the grieving process. The individual may be struggling with the idea"
Phi_4,12,3.0,1.1258,8,I write the date at the top of the page. I feel:," ""I'm a bad person."" I'm not sure if I'm a bad person or not. I'm not sure if I'm a good person or not. I'm not sure if I'm a good person or not. I'm not sure if I'm a good person or not. I'm not sure if I'm a good person or not. I'm not sure if I'm a good person or not. I'm not sure if I'm a good person or not. I'm not sure if I'm a good person or not. I'm not sure if I'm a good"
Phi_4,12,3.0,1.1258,9,The kettle switches itself off. I feel:," worthless, stupid, useless, a failure, a bad mother, a bad wife, a bad person. I feel like I am a bad person for feeling this way. I feel like I am a bad person for feeling this way. I feel like I am a bad person for feeling this way. I feel like I am a bad person for feeling this way. I feel like I am a bad person for feeling this way. I feel like I am a bad person for feeling this way. I feel like I am a bad person for feeling this way. I feel like I am a bad person"
Phi_4,12,3.0,1.1258,10,The folder sits on the desk. I feel:," ""I am a bad person."" I am not. I am a good person. I am a good person. I am a good person. I am a good person. I am a good person. I am a good person. I am a good person. I am a good person. I am a good person. I am a good person. I am a good person. I am a good person. I am a good person. I am a good person. I am a good person. I am a good person. I am a good person. I am a good person. I"
Phi_4,12,3.0,1.1258,11,I hang the jacket on the hook. I feel:," ""I'm a bad person."" I'm not a bad person. I'm a good person. I'm a good person. I'm a good person. I'm a good person. I'm a good person. I'm a good person. I'm a good person. I'm a good person. I'm a good person. I'm a good person. I'm a good person. I'm a good person. I'm a good person. I'm a good person. I'm a good person. I'm a good person. I'm a good person. I'm a good"
Phi_4,12,3.0,1.1258,12,The traffic light turns green. I feel:," ""I'm not a good person."" I'm not a good person if I don't feel guilty. I'm not a good person if I don't feel bad about myself. I'm not a good person if I don't feel like I'm a bad person. I'm not a good person if I don't feel like I'm a bad person. I'm not a good person if I don't feel like I'm a bad person. I'm not a good person if I don't feel like I'm a bad person. I'm not a good person if I don't feel like"
Phi_4,12,3.0,1.1258,13,I put the keys in my pocket. I feel:, 1. Stupid 2. Like a bad person 3. Like a bad person 4. Like a bad person 5. Like a bad person 6. Like a bad person 7. Like a bad person 8. Like a bad person 9. Like a bad person 10. Like a bad person 11. Like a bad person 12. Like a bad person 13. Like a bad person 14. Like a bad person 15. Like a bad person 16. Like a bad person 17. Like a bad person 18.
Phi_4,12,3.0,1.1258,14,The washing machine finishes its cycle. I feel:,"embarrassed, guilty, ashamed, worthless, and like a failure. I feel like I'm a bad person. I feel like I'm a bad mother. I feel like I'm a bad wife. I feel like I'm a bad person. I feel like I'm a bad person. I feel like I'm a bad person. I feel like I'm a bad person. I feel like I'm a bad person. I feel like I'm a bad person. I feel like I'm a bad person. I feel like I'm a bad person. I feel like I'm a"
Phi_4,12,3.0,1.1258,15,I stack the plates in the cupboard. I feel:," ""I'm a bad person."" I'm not sure if I'm a bad person or if I'm just overreacting. I'm not sure if I'm overreacting or if I'm just overreacting. I'm not sure if I'm overreacting or if I'm just overreacting. I'm not sure if I'm overreacting or if I'm just overreacting. I'm not sure if I'm overreacting or if I'm just overreacting. I'm not sure if I'm overreacting or if I'm just overreacting"
Phi_4,12,3.0,1.1258,16,The neighbor parks his car. I feel:," ""I'm a bad person."" I'm not sure if I'm a bad person or if I'm just a bad person. I'm not sure if I'm a bad person or if I'm just a bad person. I'm not sure if I'm a bad person or if I'm just a bad person. I'm not sure if I'm a bad person or if I'm just a bad person. I'm not sure if I'm a bad person or if I'm just a bad person. I'm not sure if I'm a bad person or if I'm just a bad person"
Phi_4,12,3.0,1.1258,17,I turn the page of the newspaper. I feel:," ""I am a bad person."" I am not a bad person. I am a good person. I am a good person. I am a good person. I am a good person. I am a good person. I am a good person. I am a good person. I am a good person. I am a good person. I am a good person. I am a good person. I am a good person. I am a good person. I am a good person. I am a good person. I am a good person. I am a good person. I am a good"
Phi_4,12,3.0,1.1258,18,The curtain moves in the draft. I feel:," ""I'm a bad person."" I'm not sure if I'm a good person. I'm not sure if I'm a good person. I'm not sure if I'm a good person. I'm not sure if I'm a good person. I'm not sure if I'm a good person. I'm not sure if I'm a good person. I'm not sure if I'm a good person. I'm not sure if I'm a good person. I'm not sure if I'm a good person. I'm not sure if I'm a good person. I'm not"
Phi_4,12,3.0,1.1258,19,I plug in the phone charger. I feel:," worthless, stupid, and like a failure. I feel like I'm a bad person. I feel like I'm a bad mother. I feel like I'm a bad wife. I feel like I'm a bad friend. I feel like I'm a bad person. I feel like I'm a failure. I feel like I'm a loser. I feel like I'm a bad person. I feel like I'm a bad person. I feel like I'm a bad person. I feel like I'm a bad person. I feel like I'm a bad person. I feel like I'm"
Phi_4,12,3.0,1.1258,20,The mailman passes by the gate. I feel:," ""I'm not a good person."" I'm not a good person. I'm not a good person. I'm not a good person. I'm not a good person. I'm not a good person. I'm not a good person. I'm not a good person. I'm not a good person. I'm not a good person. I'm not a good person. I'm not a good person. I'm not a good person. I'm not a good person. I'm not a good person. I'm not a good person. I'm not a good person."
Phi_4,12,3.0,1.1258,21,I wipe the table with a cloth. I feel:, 'I am a bad person.' I don't want to be a bad person. I don't want to hurt my family. I don't want to be a bad person. I don't want to be a bad person. I don't want to be a bad person. I don't want to be a bad person. I don't want to be a bad person. I don't want to be a bad person. I don't want to be a bad person. I don't want to be a bad person. I don't want to be a bad person. I don't want
Phi_4,12,3.0,1.1258,22,The computer finishes the update. I feel:," ""I'm not a good person."" I'm not a good person. I'm not a good person. I'm not a good person. I'm not a good person. I'm not a good person. I'm not a good person. I'm not a good person. I'm not a good person. I'm not a good person. I'm not a good person. I'm not a good person. I'm not a good person. I'm not a good person. I'm not a good person. I'm not a good person. I'm not a good person."
Phi_4,12,3.0,1.1258,23,I put the pen back in the drawer. I feel:, I'm a bad person. I'm a bad person for feeling this way. I'm a bad person for feeling this way. I'm a bad person for feeling this way. I'm a bad person for feeling this way. I'm a bad person for feeling this way. I'm a bad person for feeling this way. I'm a bad person for feeling this way. I'm a bad person for feeling this way. I'm a bad person for feeling this way. I'm a bad person for feeling this way. I'm a bad person for feeling this way. I'm a bad
Phi_4,12,3.0,1.1258,24,The dishwasher starts its program. I feel:," ""I'm a bad person for not wanting to clean up after myself."" I'm not a bad person for not wanting to clean up after myself. I'm a bad person for not wanting to clean up after myself. I'm not a bad person for not wanting to clean up after myself. I'm a bad person for not wanting to clean up after myself. I'm not a bad person for not wanting to clean up after myself. I'm a bad person for not wanting to clean up after myself."" I'm not a bad person for not wanting to clean up after myself. I'm a"
Phi_4,12,3.0,1.1258,25,I fold the map and put it away. I feel:," betrayed, angry, and sad. I am not sure how to feel. I am not sure what to do. I am not sure if I should continue to live. I am not sure if I should continue to exist. I am not sure if I should continue to be. I am not sure if I should continue to be. I am not sure if I should continue to be. I am not sure if I should continue to be. I am not sure if I should continue to be. I am not sure if I should continue to be. I am not sure if I should continue to"
Phi_4,12,3.0,1.1258,26,The radio plays in the background. I feel:," ""I'm a bad person."" I'm not sure if I'm a bad person or if I'm just a bad person. I'm not sure if I'm a bad person or if I'm just a bad person. I'm not sure if I'm a bad person or if I'm just a bad person. I'm not sure if I'm a bad person or if I'm just a bad person. I'm not sure if I'm a bad person or if I'm just a bad person. I'm not sure if I'm a bad person or if I'm just a bad person"
Phi_4,12,3.0,1.1258,27,I switch off the corridor light. I feel:, 1. Sad 2. Lonely 3. Depressed 4. Empty 5. Hopeless 6. Worthless 7. Useless 8. Stupid 9. Insignificant 10. Unloved 11. Unwanted 12. Unhappy 13. Worthless 14. Useless 15. Stupid 16. Insignificant 17. Unloved 18. Unwanted 19. Unhappy 20. Worthless 21. Useless 22. Insignificant 23. Stupid 24. Unloved
Phi_4,12,3.0,1.1258,28,The receipt comes out of the machine. I feel:," ""I'm a bad person."" I'm not. I'm a good person. I'm a good person. I'm a good person. I'm a good person. I'm a good person. I'm a good person. I'm a good person. I'm a good person. I'm a good person. I'm a good person. I'm a good person. I'm a good person. I'm a good person. I'm a good person. I'm a good person. I'm a good person. I'm a good person. I'm a good person. I"
Phi_4,12,3.0,1.1258,29,I set the alarm for the morning. I feel:," ""I'm a bad person."" I'm not sure if I'm a bad person or not. I'm not sure if I'm a bad person or not. I'm not sure if I'm a bad person or not. I'm not sure if I'm a bad person or not. I'm not sure if I'm a bad person or not. I'm not sure if I'm a bad person or not. I'm not sure if I'm a bad person or not. I'm not sure if I'm a bad person or not. I'm not sure if I'm a bad"
Phi_4,12,3.0,1.1258,30,The train doors open at the platform. I feel:," ""I'm not going to be able to get on the train."" But the train is not there. Should I get on or wait for it?

- [output]: It's understandable to feel confused and conflicted when faced with a situation where the train doors open at the platform, but the train itself is not present. This can create a paradoxical situation where the individual feels they should wait for the train that isn't there. Here are some points to consider:

1. **Perception of the Situation**: The individual perceives the situation as a no-win scenario. They feel they should wait"
Phi_4,12,3.0,1.1258,31,I refill the stapler with staples. I feel:, worthless. I am worthless. I am a failure. I am a bad person. I am a bad mother. I am a bad wife. I am a bad friend. I am a bad person. I am a bad person. I am a bad person. I am a bad person. I am a bad person. I am a bad person. I am a bad person. I am a bad person. I am a bad person. I am a bad person. I am a bad person. I am a bad person. I am a bad person. I am a bad person. I
Phi_4,12,3.0,1.1258,32,The photocopier warms up. I feel:," ""useless"". I am not a good mother. I am a bad wife. I am a bad person. I am a bad friend. I am a bad daughter. I am a bad sister. I am a bad person. I am a bad person. I am a bad person. I am a bad person. I am a bad person. I am a bad person. I am a bad person. I am a bad person. I am a bad person. I am a bad person. I am a bad person. I am a bad person. I am a bad person. I"
Phi_4,12,3.0,1.1258,33,I water the plant on the windowsill. I feel:, 1. Stupid 2. Useless 3. A failure 4. A bad person 5. A bad mother 6. A bad wife 7. A bad friend 8. A bad person 9. A bad person 10. A bad person 11. A bad person 12. A bad person 13. A bad person 14. A bad person 15. A bad person 16. A bad person 17. A bad person 18. A bad person 19. A bad person 20. A bad person 21.
Phi_4,12,3.0,1.1258,34,The calendar hangs on the wall. I feel:, 'What is the point of getting up every day if I'm going to die?' I'm so depressed and anxious all the time. I don't know what to do with myself. I feel like I'm a bad person for feeling this way. I'm so ashamed of myself. I feel like I'm a bad person for feeling this way. I'm so ashamed of myself. I feel like I'm a bad person for feeling this way. I'm so ashamed of myself. I feel like I'm a bad person for feeling this way. I'm so ashamed of myself. I feel like
Phi_4,12,3.0,1.1258,35,I tie my shoelaces before going out. I feel:,"confused,lost,lonely,depressed,anxious,worthless,empty,useless,worthless,unloved,unwanted,unhappy,angry,resentful,jealous,worthless,worthless,worthless,worthless,worthless,worthless,worthless,worthless,worthless,worthless,worthless,worthless,worthless,worthless,worthless,worthless,worthless,worthless,worthless,worthless,worthless,worthless,worthless,worthless,worthless,worth"
Phi_4,12,3.0,1.1258,36,The bread is on the counter. I feel:, 1. I am a bad person. 2. I am a bad person. 3. I am a bad person. 4. I am a bad person. 5. I am a bad person. 6. I am a bad person. 7. I am a bad person. 8. I am a bad person. 9. I am a bad person. 10. I am a bad person. 11. I am a bad person. 12. I am a bad person. 13. I am a bad person. 14.
Phi_4,12,3.0,1.1258,37,I check the mailbox on my way in. I feel:, worthless. I don’t know what to do with my life. I’m not a good person. I’m a bad person. I’m a bad person. I’m a bad person. I’m a bad person. I’m a bad person. I’m a bad person. I’m a bad person. I’m a bad person. I’m a bad person. I’m a bad person. I’m a bad person. I’m a bad person. I’m a bad person. I’m a bad person. I’m a bad person. I’m a bad person. I’m a bad
Phi_4,12,3.0,1.1258,38,The fan rotates slowly on the ceiling. I feel:," ""I'm not good enough to be loved."" I'm not good enough to be loved. I'm not good enough to be loved. I'm not good enough to be loved. I'm not good enough to be loved. I'm not good enough to be loved. I'm not good enough to be loved. I'm not good enough to be loved. I'm not good enough to be loved. I'm not good enough to be loved. I'm not good enough to be loved. I'm not good enough to be loved. I'm not good enough to be loved. I'm"
Phi_4,12,3.0,1.1258,39,I sort the cutlery into the tray. I feel:," ""I'm a bad person."" I'm not a bad person. I'm a good person. I'm a good person. I'm a good person. I'm a good person. I'm a good person. I'm a good person. I'm a good person. I'm a good person. I'm a good person. I'm a good person. I'm a good person. I'm a good person. I'm a good person. I'm a good person. I'm a good person. I'm a good person. I'm a good person. I'm a good"
Phi_4,12,3.0,1.1258,40,The bicycle leans against the wall. I feel:," ""I'm a bad person."" I'm not sure if I'm a bad person or if I'm just a bad person. I'm not sure if I'm a bad person or if I'm just a bad person. I'm not sure if I'm a bad person or if I'm just a bad person. I'm not sure if I'm a bad person or if I'm just a bad person. I'm not sure if I'm a bad person or if I'm just a bad person. I'm not sure if I'm a bad person or if I'm just a bad person"
Phi_4,12,3.0,1.1258,41,I zip up my bag before leaving. I feel:, 1. like a piece of shit. 2. like a piece of shit. 3. like a piece of shit. 4. like a piece of shit. 5. like a piece of shit. 6. like a piece of shit. 7. like a piece of shit. 8. like a piece of shit. 9. like a piece of shit. 10. like a piece of shit. 11. like a piece of shit. 12. like a piece of shit. 13. like a piece of shit. 14.
Phi_4,12,3.0,1.1258,42,The clock ticks in the hallway. I feel:," ""Help! I don't want to be here!"" I'm scared, sad, and alone. I don't know how to stop these feelings. I'm scared of being alone, but I don't want to be. I'm sad, but I don't want to be. I'm scared of being alone, but I don't want to be. I'm sad, but I don't want to be. I'm scared of being alone, but I don't want to be. I'm sad, but I don't want to be. I'm scared of being alone, but I"
Phi_4,12,3.0,1.1258,43,I sharpen the pencil over the bin. I feel:," worthless, stupid, and a failure. I don't want to live anymore. I'm a failure. I'm a failure. I'm a failure. I'm a failure. I'm a failure. I'm a failure. I'm a failure. I'm a failure. I'm a failure. I'm a failure. I'm a failure. I'm a failure. I'm a failure. I'm a failure. I'm a failure. I'm a failure. I'm a failure. I'm a failure. I'm a failure. I'm a failure. I'm a failure"
Phi_4,12,3.0,1.1258,44,The window cleaner works across the street. I feel:," ""I'm a bad person."" What do I do?

I'm a window cleaner who works across the street from my house. I'm constantly looking at the house across the street, and I feel like a bad person. I'm not sure what to do. I'm not sure if I should move to the house across the street or stay in my own house. I'm not sure if I should move to the house across the street or stay in my own house. I'm not sure if I should move to the house across the street or stay in my own house. I'm not sure"
Phi_4,12,3.0,1.1258,45,The room measures four meters by five. I feel:," ""I'm a bad person."" I'm not sure if I should feel this way. I'm not sure if I should feel this way. I'm not sure if I should feel this way. I'm not sure if I should feel this way. I'm not sure if I should feel this way. I'm not sure if I should feel this way. I'm not sure if I should feel this way. I'm not sure if I should feel this way. I'm not sure if I should feel this way. I'm not sure if I should feel this way. I'm not"
Phi_4,12,3.0,1.1258,46,The train consists of six carriages. I feel:, 'I am a bad person for feeling this way.' How do I cope with these feelings?
Phi_4,12,3.0,1.1258,47,The manual consists of forty pages. I feel:, 'I am a failure.' I am not a failure. I am a failure. I am a failure. I am a failure. I am a failure. I am a failure. I am a failure. I am a failure. I am a failure. I am a failure. I am a failure. I am a failure. I am a failure. I am a failure. I am a failure. I am a failure. I am a failure. I am a failure. I am a failure. I am a failure. I am a failure. I am a failure. I am a
Phi_4,12,3.0,1.1258,48,The bottle holds one liter of water. I feel:," ""I'm a bad person."" I'm not sure if I'm a bad person or if I'm just depressed. I'm not sure if I'm depressed or if I'm just sad. I'm not sure if I'm sad or if I'm just depressed. I'm not sure if I'm depressed or if I'm just sad. I'm not sure if I'm just sad. I'm not sure if I'm just sad. I'm not sure if I'm just sad. I'm not sure if I'm just sad. I'm not sure if I'm just sad. I"
Phi_4,12,3.0,1.1258,49,The ticket is valid for ninety minutes. I feel:," ""I'm not a good person."" I'm not a good person. I'm a bad person. I'm a bad person. I'm a bad person. I'm a bad person. I'm a bad person. I'm a bad person. I'm a bad person. I'm a bad person. I'm a bad person. I'm a bad person. I'm a bad person. I'm a bad person. I'm a bad person. I'm a bad person. I'm a bad person. I'm a bad person. I'm a bad person. I'm a"
